order_id,order_item_id,product_id,seller_id,shipping_limit_date,price,freight_value
ord_000000,1,prod_00658,sell_0139,18/10/2018 18:44,115.3,19.73
ord_000000,2,prod_00707,sell_0165,19/10/2018 18:44,75.39,4.15
ord_000001,1,prod_00063,sell_0188,03/09/2018 15:38,94.17,18.35
ord_000001,2,prod_00154,sell_0051,03/09/2018 15:38,20.08,3.52
ord_000002,1,prod_00415,sell_0215,02/06/2018 16:41,138.35,27.24
ord_000003,1,prod_00334,sell_0051,21/02/2018 14:39,75.03,5.77
ord_000004,1,prod_00018,sell_0002,12/09/2018 17:38,48.77,10.74
ord_000005,1,prod_00761,sell_0222,02/09/2018 21:20,69.18,14.07
ord_000006,1,prod_00191,sell_0241,26/06/2017 21:01,63.88,9.86
ord_000007,1,prod_00424,sell_0099,01/10/2018 15:26,60.31,6.84
ord_000008,1,prod_00789,sell_0240,21/04/2017 21:02,44.37,5.67
ord_000009,1,prod_00652,sell_0183,05/04/2018 11:28,114.27,20.91
ord_000010,1,prod_00482,sell_0211,06/07/2018 20:27,47.33,6.22
ord_000011,1,prod_00586,sell_0035,14/10/2018 17:10,44.76,10.52
ord_000012,1,prod_00449,sell_0098,09/03/2018 22:47,88.66,14.72
ord_000013,1,prod_00077,sell_0144,28/09/2017 08:42,78.47,15.08
ord_000014,1,prod_00044,sell_0037,26/03/2018 09:33,13.8,1.77
ord_000015,1,prod_00793,sell_0091,10/10/2017 18:55,177.72,29.96
ord_000016,1,prod_00577,sell_0145,26/04/2018 09:17,54.97,7.51
ord_000016,2,prod_00159,sell_0184,24/04/2018 09:17,42.46,6.45
ord_000017,1,prod_00248,sell_0246,09/03/2018 18:15,53.11,9.52
ord_000018,1,prod_00310,sell_0096,24/09/2018 18:11,30.61,6
ord_000019,1,prod_00160,sell_0187,03/10/2017 10:32,96.74,13.68
ord_000020,1,prod_00574,sell_0021,25/08/2017 18:12,158.01,20.42
ord_000021,1,prod_00772,sell_0111,19/03/2018 21:52,56.47,5.42
ord_000021,2,prod_00470,sell_0174,15/03/2018 21:52,58.43,13.61
ord_000022,1,prod_00140,sell_0023,14/03/2017 09:18,118.7,24.23
ord_000023,1,prod_00052,sell_0173,23/09/2017 16:29,21.48,3.43
ord_000024,1,prod_00167,sell_0139,18/12/2017 11:31,161.32,38.24
ord_000025,1,prod_00737,sell_0191,27/03/2018 22:18,60.87,5.24
ord_000026,1,prod_00255,sell_0063,24/10/2017 11:44,80.51,13.87
ord_000026,2,prod_00718,sell_0213,28/10/2017 11:44,50.26,3.29
ord_000026,3,prod_00783,sell_0136,26/10/2017 11:44,59.95,14.91
ord_000027,1,prod_00738,sell_0142,15/05/2018 16:41,35.09,8.6
ord_000028,1,prod_00421,sell_0116,18/11/2018 17:45,116.57,14.89
ord_000029,1,prod_00375,sell_0145,04/05/2018 18:36,224.48,25.4
ord_000030,1,prod_00151,sell_0114,07/11/2017 14:27,130.86,8.67
ord_000030,2,prod_00042,sell_0105,10/11/2017 14:27,131.56,9.82
ord_000031,1,prod_00263,sell_0105,02/04/2017 11:26,46.44,5.41
ord_000032,1,prod_00239,sell_0035,23/06/2017 17:42,78.57,13.39
ord_000032,2,prod_00631,sell_0193,25/06/2017 17:42,170.22,30.99
ord_000033,1,prod_00282,sell_0029,13/05/2018 19:22,130.6,25.01
ord_000033,2,prod_00033,sell_0242,12/05/2018 19:22,90.07,9.4
ord_000034,1,prod_00189,sell_0101,28/07/2018 18:26,31.41,2.97
ord_000035,1,prod_00213,sell_0028,15/03/2017 13:09,50.97,8.09
ord_000035,2,prod_00264,sell_0000,14/03/2017 13:09,136.07,31.25
ord_000036,1,prod_00013,sell_0150,10/08/2017 11:40,100.39,22.9
ord_000037,1,prod_00500,sell_0186,26/11/2017 11:04,191.6,12.55
ord_000037,2,prod_00610,sell_0072,26/11/2017 11:04,172.82,42.96
ord_000038,1,prod_00545,sell_0213,30/11/2017 12:59,31.94,1.74
ord_000038,2,prod_00147,sell_0151,26/11/2017 12:59,99.76,21.48
ord_000039,1,prod_00644,sell_0010,14/12/2018 10:08,59.73,6.04
ord_000040,1,prod_00210,sell_0044,28/08/2017 14:22,149.75,28.96
ord_000041,1,prod_00530,sell_0246,29/03/2017 21:14,94.5,13.49
ord_000042,1,prod_00459,sell_0001,19/12/2017 14:17,76.22,10.12
ord_000042,2,prod_00426,sell_0105,16/12/2017 14:17,83.03,12.9
ord_000043,1,prod_00386,sell_0141,22/06/2017 11:19,39.84,2.63
ord_000044,1,prod_00312,sell_0146,11/06/2017 11:43,238.38,32.6
ord_000044,2,prod_00793,sell_0048,15/06/2017 11:43,48.99,6.51
ord_000045,1,prod_00053,sell_0194,27/01/2018 19:10,23.15,3.5
ord_000046,1,prod_00153,sell_0145,27/11/2017 15:15,71.53,7.33
ord_000047,1,prod_00075,sell_0108,07/05/2017 21:06,172.91,33.95
ord_000048,1,prod_00085,sell_0022,09/06/2018 14:19,26.64,2.78
ord_000049,1,prod_00325,sell_0121,08/04/2018 13:56,298.8,34.94
ord_000050,1,prod_00743,sell_0116,18/04/2017 16:22,61.25,9.6
ord_000051,1,prod_00616,sell_0151,09/11/2018 20:46,42.51,7.01
ord_000052,1,prod_00330,sell_0046,07/11/2017 10:27,162.81,35.31
ord_000053,1,prod_00267,sell_0215,18/12/2018 14:26,253.1,30.35
ord_000054,1,prod_00582,sell_0117,30/11/2018 13:49,116.7,6.61
ord_000055,1,prod_00615,sell_0120,19/02/2018 22:01,132.26,24.46
ord_000056,1,prod_00074,sell_0188,20/09/2017 20:51,84.18,13.19
ord_000057,1,prod_00095,sell_0101,22/10/2018 13:29,43.56,10.32
ord_000058,1,prod_00343,sell_0138,25/12/2017 09:21,144.69,27.79
ord_000059,1,prod_00508,sell_0094,18/07/2017 11:54,67.36,10.74
ord_000060,1,prod_00798,sell_0063,09/05/2018 09:20,80.6,7.33
ord_000061,1,prod_00142,sell_0163,27/03/2018 15:58,44.79,7.18
ord_000062,1,prod_00060,sell_0234,02/11/2018 20:56,130.67,14.12
ord_000063,1,prod_00455,sell_0169,28/08/2018 12:16,49.95,6.1
ord_000064,1,prod_00082,sell_0212,17/11/2018 16:20,79.42,7.71
ord_000065,1,prod_00047,sell_0191,31/08/2018 08:48,28.13,1.86
ord_000065,2,prod_00766,sell_0209,28/08/2018 08:48,74.21,6.8
ord_000066,1,prod_00093,sell_0036,03/07/2018 09:11,47.45,9.54
ord_000066,2,prod_00303,sell_0165,06/07/2018 09:11,170.9,16.28
ord_000067,1,prod_00777,sell_0235,05/04/2018 22:43,50.11,12.01
ord_000067,2,prod_00090,sell_0087,06/04/2018 22:43,214.71,29.07
ord_000068,1,prod_00538,sell_0102,29/12/2018 17:07,24.22,5.09
ord_000069,1,prod_00525,sell_0197,16/12/2018 11:12,12.99,2.45
ord_000070,1,prod_00420,sell_0191,02/11/2018 17:30,97.89,21.89
ord_000070,2,prod_00733,sell_0244,29/10/2018 17:30,93.71,16.69
ord_000071,1,prod_00310,sell_0145,18/09/2018 13:44,15.74,3.07
ord_000072,1,prod_00555,sell_0248,24/05/2018 19:44,139.62,12.91
ord_000073,1,prod_00700,sell_0133,19/10/2017 09:36,44.45,6.32
ord_000074,1,prod_00303,sell_0025,15/11/2018 11:16,114.93,6.11
ord_000075,1,prod_00738,sell_0133,24/01/2017 22:24,89.24,12.68
ord_000076,1,prod_00714,sell_0036,21/09/2017 19:14,47.86,3.66
ord_000077,1,prod_00218,sell_0027,24/01/2018 22:16,81.51,5.99
ord_000077,2,prod_00078,sell_0018,24/01/2018 22:16,53.25,4.32
ord_000078,1,prod_00372,sell_0104,28/05/2018 10:19,76.41,7.7
ord_000079,1,prod_00714,sell_0211,13/05/2018 10:35,105.77,24.63
ord_000080,1,prod_00156,sell_0129,04/08/2017 10:12,32.13,3.42
ord_000081,1,prod_00614,sell_0112,19/05/2017 18:02,36.76,4.37
ord_000082,1,prod_00633,sell_0171,16/09/2017 14:41,50.31,9.72
ord_000083,1,prod_00247,sell_0020,13/12/2017 14:01,94.96,23.67
ord_000083,2,prod_00593,sell_0146,17/12/2017 14:01,34.41,5.99
ord_000084,1,prod_00623,sell_0066,24/01/2017 10:58,47.88,10.8
ord_000085,1,prod_00251,sell_0054,06/08/2018 19:21,48.14,5.37
ord_000086,1,prod_00103,sell_0090,05/10/2017 21:00,133.08,23.02
ord_000087,1,prod_00516,sell_0181,19/12/2017 08:53,53.83,12.77
ord_000088,1,prod_00138,sell_0029,04/12/2017 18:35,94.87,15.31
ord_000089,1,prod_00515,sell_0218,11/04/2018 13:49,63.77,14.81
ord_000090,1,prod_00128,sell_0152,09/11/2018 17:26,20.9,1.93
ord_000091,1,prod_00241,sell_0172,09/07/2017 13:21,114.43,28.24
ord_000092,1,prod_00232,sell_0239,07/12/2017 16:39,63.54,12.22
ord_000093,1,prod_00729,sell_0073,01/08/2018 20:24,93.53,19.71
ord_000094,1,prod_00776,sell_0171,11/03/2017 11:33,88.91,10.08
ord_000095,1,prod_00306,sell_0199,23/10/2018 16:16,72.32,7.26
ord_000095,2,prod_00266,sell_0207,23/10/2018 16:16,169.78,39.2
ord_000096,1,prod_00767,sell_0030,15/12/2018 09:19,70.42,11.1
ord_000097,1,prod_00060,sell_0134,13/06/2018 09:04,123.86,6.35
ord_000097,2,prod_00462,sell_0204,13/06/2018 09:04,94.83,7.66
ord_000098,1,prod_00122,sell_0038,16/12/2018 22:46,119.24,13.63
ord_000099,1,prod_00016,sell_0128,31/01/2018 08:20,90.69,20.13
ord_000100,1,prod_00667,sell_0058,03/02/2018 11:58,46.13,3.15
ord_000101,1,prod_00429,sell_0106,24/05/2017 14:15,90.45,11.15
ord_000102,1,prod_00304,sell_0244,27/02/2017 17:28,32.4,7.25
ord_000103,1,prod_00549,sell_0141,03/10/2017 10:18,61.85,6.07
ord_000104,1,prod_00288,sell_0153,20/03/2018 09:41,54.23,6.24
ord_000104,2,prod_00310,sell_0188,20/03/2018 09:41,53.25,9.43
ord_000105,1,prod_00080,sell_0247,11/04/2018 22:48,40.29,5.87
ord_000106,1,prod_00551,sell_0196,10/09/2017 13:29,37.58,2.72
ord_000107,1,prod_00322,sell_0192,16/06/2018 08:22,243.72,54.18
ord_000108,1,prod_00175,sell_0235,07/08/2017 08:44,140.14,8.88
ord_000108,2,prod_00296,sell_0147,07/08/2017 08:44,31.85,4.16
ord_000109,1,prod_00341,sell_0051,03/12/2017 21:11,69.99,9.53
ord_000110,1,prod_00095,sell_0219,18/08/2017 18:35,44.29,4.5
ord_000111,1,prod_00552,sell_0018,06/08/2018 14:44,27.52,4.96
ord_000111,2,prod_00496,sell_0133,07/08/2018 14:44,68.43,4.07
ord_000111,3,prod_00353,sell_0153,06/08/2018 14:44,84.6,6.72
ord_000112,1,prod_00495,sell_0076,15/04/2018 18:16,66.41,9.56
ord_000113,1,prod_00024,sell_0227,01/09/2018 19:39,76.59,7.9
ord_000114,1,prod_00213,sell_0158,26/03/2017 12:44,76.78,15.24
ord_000115,1,prod_00485,sell_0204,08/02/2018 17:07,112.17,9.27
ord_000116,1,prod_00699,sell_0134,16/12/2018 10:19,246.37,30.12
ord_000116,2,prod_00559,sell_0061,19/12/2018 10:19,107.62,19.36
ord_000117,1,prod_00496,sell_0071,20/03/2017 08:24,54.4,6.84
ord_000117,2,prod_00411,sell_0176,19/03/2017 08:24,179.84,37.34
ord_000117,3,prod_00173,sell_0041,21/03/2017 08:24,10.52,1.42
ord_000118,1,prod_00093,sell_0148,03/02/2018 14:46,214.33,20.44
ord_000119,1,prod_00537,sell_0188,01/03/2017 10:34,99.21,23.1
ord_000119,2,prod_00748,sell_0124,01/03/2017 10:34,95.79,10.66
ord_000120,1,prod_00648,sell_0150,01/07/2017 17:26,55.64,10.25
ord_000121,1,prod_00285,sell_0079,11/03/2018 21:19,16.61,3.59
ord_000122,1,prod_00455,sell_0163,12/07/2017 14:00,111.88,17.79
ord_000123,1,prod_00553,sell_0065,17/04/2018 14:01,21.09,2.25
ord_000123,2,prod_00152,sell_0002,19/04/2018 14:01,30.25,6.63
ord_000124,1,prod_00561,sell_0074,02/12/2018 22:14,131.85,22.19
ord_000125,1,prod_00344,sell_0026,25/08/2017 20:07,144.69,14.25
ord_000126,1,prod_00545,sell_0172,23/05/2017 12:07,108.15,8.48
ord_000127,1,prod_00421,sell_0079,17/10/2018 13:36,61.26,8.72
ord_000128,1,prod_00077,sell_0216,10/03/2018 14:36,116.89,12.24
ord_000129,1,prod_00713,sell_0151,20/11/2018 20:02,64.86,4.93
ord_000130,1,prod_00790,sell_0061,24/11/2017 14:35,68.32,15.37
ord_000130,2,prod_00486,sell_0032,25/11/2017 14:35,106.68,17.35
ord_000131,1,prod_00392,sell_0069,25/06/2018 15:08,92.77,6.4
ord_000132,1,prod_00554,sell_0227,30/11/2018 11:22,132.18,27.34
ord_000133,1,prod_00762,sell_0091,26/07/2017 17:59,54.83,2.85
ord_000134,1,prod_00097,sell_0165,08/10/2018 13:31,134.29,21.45
ord_000135,1,prod_00721,sell_0041,26/06/2018 12:02,51.21,10.37
ord_000135,2,prod_00215,sell_0049,28/06/2018 12:02,32.2,3.55
ord_000136,1,prod_00474,sell_0180,11/10/2018 13:20,23.63,1.69
ord_000136,2,prod_00635,sell_0086,09/10/2018 13:20,68,12.72
ord_000137,1,prod_00116,sell_0190,30/07/2017 10:40,87.37,12.34
ord_000138,1,prod_00420,sell_0040,17/02/2018 11:13,50.54,4.81
ord_000138,2,prod_00280,sell_0055,17/02/2018 11:13,220,25.55
ord_000139,1,prod_00409,sell_0235,14/06/2017 13:57,29.76,2.43
ord_000140,1,prod_00458,sell_0214,13/12/2018 17:25,43.85,2.87
ord_000141,1,prod_00331,sell_0102,03/04/2017 20:01,95.13,8.04
ord_000141,2,prod_00387,sell_0011,01/04/2017 20:01,261.87,16.21
ord_000142,1,prod_00715,sell_0023,05/04/2017 13:32,62.32,14.3
ord_000143,1,prod_00153,sell_0146,25/11/2018 15:40,15.43,2.92
ord_000144,1,prod_00136,sell_0097,20/11/2017 18:27,109.81,13.07
ord_000145,1,prod_00307,sell_0119,08/06/2018 21:55,43.68,7.66
ord_000146,1,prod_00037,sell_0064,09/11/2017 15:54,42.94,8.44
ord_000147,1,prod_00411,sell_0179,11/07/2018 17:08,30.92,4.22
ord_000148,1,prod_00536,sell_0075,16/08/2017 09:04,111.23,22.06
ord_000149,1,prod_00101,sell_0024,07/03/2018 11:18,66.09,3.46
ord_000150,1,prod_00032,sell_0153,26/04/2018 09:36,25.06,5.31
ord_000151,1,prod_00046,sell_0174,01/12/2017 14:36,89.06,18.26
ord_000152,1,prod_00165,sell_0190,11/10/2017 15:16,77.35,19.14
ord_000153,1,prod_00677,sell_0181,25/06/2017 17:57,90.12,5.03
ord_000154,1,prod_00434,sell_0235,10/08/2018 12:18,64.95,3.85
ord_000155,1,prod_00013,sell_0039,24/07/2017 15:48,172.45,13.24
ord_000156,1,prod_00651,sell_0139,16/11/2017 15:49,105.14,7.26
ord_000157,1,prod_00031,sell_0083,08/12/2017 09:05,86.4,10.16
ord_000158,1,prod_00107,sell_0002,02/03/2018 14:13,142.29,27.9
ord_000159,1,prod_00705,sell_0048,12/08/2018 08:12,58.2,3.4
ord_000160,1,prod_00273,sell_0159,15/02/2018 12:55,158.47,19.21
ord_000161,1,prod_00765,sell_0217,11/11/2018 19:21,52.51,3.02
ord_000162,1,prod_00108,sell_0035,26/07/2018 22:50,103.3,13.66
ord_000163,1,prod_00493,sell_0199,28/10/2018 11:28,75.33,8.14
ord_000164,1,prod_00130,sell_0039,16/08/2018 21:27,111.69,11.07
ord_000165,1,prod_00112,sell_0213,06/07/2017 13:54,44.68,9.85
ord_000166,1,prod_00794,sell_0220,25/12/2018 17:26,74.56,12.16
ord_000167,1,prod_00709,sell_0082,29/09/2018 21:44,37.84,9.13
ord_000168,1,prod_00756,sell_0112,23/05/2018 13:25,153.96,13.77
ord_000169,1,prod_00644,sell_0104,23/07/2017 08:06,69.15,5.85
ord_000170,1,prod_00550,sell_0223,01/08/2017 22:03,104.67,25.57
ord_000171,1,prod_00025,sell_0196,15/06/2018 20:12,57.96,8.63
ord_000171,2,prod_00743,sell_0202,17/06/2018 20:12,184.56,45.69
ord_000171,3,prod_00034,sell_0074,16/06/2018 20:12,67.47,10.37
ord_000172,1,prod_00087,sell_0213,04/02/2018 16:43,97.7,15.71
ord_000173,1,prod_00102,sell_0065,24/07/2018 22:22,76.44,5.98
ord_000174,1,prod_00345,sell_0162,03/01/2018 21:27,61.48,14.66
ord_000175,1,prod_00333,sell_0123,15/04/2018 21:06,60.84,5.25
ord_000176,1,prod_00795,sell_0059,13/08/2017 12:37,41.09,2.86
ord_000176,2,prod_00477,sell_0192,13/08/2017 12:37,60.85,4.94
ord_000177,1,prod_00273,sell_0019,15/07/2017 18:48,48.33,4.84
ord_000177,2,prod_00009,sell_0240,10/07/2017 18:48,26.2,3.74
ord_000178,1,prod_00481,sell_0100,17/04/2017 13:37,23.8,5.16
ord_000179,1,prod_00038,sell_0197,13/10/2018 17:59,90.05,9.36
ord_000180,1,prod_00648,sell_0027,12/05/2018 09:00,295.75,63.9
ord_000181,1,prod_00501,sell_0091,09/12/2018 16:00,37.5,2.05
ord_000182,1,prod_00496,sell_0152,08/09/2018 10:30,86.18,11.5
ord_000183,1,prod_00665,sell_0073,16/09/2018 12:15,276.08,53.29
ord_000183,2,prod_00752,sell_0204,18/09/2018 12:15,39.26,9.4
ord_000184,1,prod_00777,sell_0087,08/04/2018 13:41,91.85,10.61
ord_000185,1,prod_00340,sell_0055,14/10/2018 13:47,31.21,4.08
ord_000185,2,prod_00307,sell_0182,15/10/2018 13:47,98.69,5.11
ord_000186,1,prod_00265,sell_0060,05/12/2018 10:06,83.9,6.9
ord_000187,1,prod_00155,sell_0116,23/08/2018 10:55,37.27,3.68
ord_000188,1,prod_00422,sell_0131,23/05/2017 12:01,86.87,17.09
ord_000189,1,prod_00153,sell_0202,10/07/2018 12:41,230.92,23.68
ord_000190,1,prod_00509,sell_0134,05/06/2017 13:23,291.49,46.37
ord_000191,1,prod_00249,sell_0095,21/04/2017 09:40,188.89,23.86
ord_000192,1,prod_00277,sell_0066,07/08/2018 11:05,65.36,10.85
ord_000192,2,prod_00280,sell_0231,03/08/2018 11:05,39.81,3.74
ord_000193,1,prod_00573,sell_0149,25/10/2018 18:56,149.56,22.85
ord_000194,1,prod_00429,sell_0123,15/07/2017 17:56,287.98,31.13
ord_000195,1,prod_00072,sell_0131,15/04/2017 14:31,300.46,24.17
ord_000196,1,prod_00520,sell_0133,22/11/2018 13:30,226.22,11.7
ord_000197,1,prod_00788,sell_0002,19/06/2017 21:38,198.29,18.89
ord_000198,1,prod_00296,sell_0156,25/02/2017 08:34,35.6,6.74
ord_000199,1,prod_00003,sell_0212,22/08/2018 13:32,102.64,15.54
ord_000200,1,prod_00031,sell_0206,31/10/2018 16:35,49.47,6.1
ord_000201,1,prod_00208,sell_0171,12/04/2018 20:51,193.48,26.81
ord_000202,1,prod_00288,sell_0005,30/04/2018 22:36,47.52,7.01
ord_000203,1,prod_00386,sell_0121,04/12/2017 12:11,68.84,12.02
ord_000204,1,prod_00738,sell_0125,27/09/2017 20:54,68.15,15.19
ord_000205,1,prod_00377,sell_0065,07/09/2018 08:12,64.49,7.03
ord_000206,1,prod_00496,sell_0041,02/11/2018 18:09,50.35,5.99
ord_000206,2,prod_00048,sell_0227,01/11/2018 18:09,43.61,6.16
ord_000207,1,prod_00535,sell_0138,29/11/2017 08:59,126.17,26.55
ord_000207,2,prod_00161,sell_0121,30/11/2017 08:59,33.42,4.84
ord_000208,1,prod_00795,sell_0074,29/10/2017 09:12,35.95,4.23
ord_000209,1,prod_00539,sell_0023,25/10/2017 22:06,37.51,7.88
ord_000209,2,prod_00794,sell_0189,21/10/2017 22:06,109.16,20.6
ord_000210,1,prod_00176,sell_0092,16/03/2017 19:33,71.25,7.31
ord_000210,2,prod_00349,sell_0038,15/03/2017 19:33,171.19,32.27
ord_000211,1,prod_00350,sell_0163,06/11/2017 16:49,205.62,18.08
ord_000212,1,prod_00034,sell_0104,13/02/2017 08:03,38.74,4.32
ord_000213,1,prod_00538,sell_0132,28/09/2018 10:29,245.04,46.03
ord_000213,2,prod_00335,sell_0120,01/10/2018 10:29,180.6,30.45
ord_000214,1,prod_00536,sell_0093,14/10/2017 22:04,48.36,6
ord_000214,2,prod_00068,sell_0149,12/10/2017 22:04,26.71,2.28
ord_000215,1,prod_00031,sell_0038,31/07/2018 14:25,23.32,3.4
ord_000216,1,prod_00218,sell_0240,02/05/2018 10:20,110.81,11.1
ord_000216,2,prod_00620,sell_0172,03/05/2018 10:20,46.03,8.26
ord_000217,1,prod_00466,sell_0037,26/10/2018 11:08,113.28,20.64
ord_000217,2,prod_00199,sell_0196,26/10/2018 11:08,53.41,8.95
ord_000218,1,prod_00713,sell_0025,15/12/2018 15:55,152.42,21.43
ord_000219,1,prod_00682,sell_0119,30/12/2017 14:38,164.22,37.82
ord_000219,2,prod_00479,sell_0021,28/12/2017 14:38,29.17,4.96
ord_000220,1,prod_00173,sell_0023,30/04/2017 18:50,27.96,5.93
ord_000221,1,prod_00753,sell_0060,09/09/2018 20:54,47.95,3.91
ord_000222,1,prod_00387,sell_0095,06/02/2017 20:55,129.75,7.09
ord_000223,1,prod_00233,sell_0171,17/09/2017 22:44,37.2,4.5
ord_000223,2,prod_00791,sell_0077,16/09/2017 22:44,34.29,7.98
ord_000224,1,prod_00133,sell_0041,19/03/2017 15:18,44.4,10.49
ord_000225,1,prod_00046,sell_0055,25/11/2018 16:49,76.79,5.79
ord_000226,1,prod_00398,sell_0246,13/01/2017 19:31,133.13,29.28
ord_000227,1,prod_00371,sell_0225,28/03/2018 09:16,42.44,2.63
ord_000227,2,prod_00156,sell_0024,30/03/2018 09:16,77.47,18.16
ord_000227,3,prod_00457,sell_0071,02/04/2018 09:16,40.07,9.88
ord_000228,1,prod_00536,sell_0069,07/02/2018 16:23,34.99,3.19
ord_000229,1,prod_00692,sell_0225,11/07/2018 14:18,36.01,4.82
ord_000230,1,prod_00524,sell_0174,12/11/2017 09:27,35.04,7.29
ord_000231,1,prod_00631,sell_0179,14/11/2018 14:46,70.96,6.92
ord_000231,2,prod_00196,sell_0016,16/11/2018 14:46,51.09,3.75
ord_000232,1,prod_00754,sell_0006,26/08/2018 09:29,60.05,10.68
ord_000232,2,prod_00641,sell_0070,27/08/2018 09:29,65.3,7.62
ord_000233,1,prod_00783,sell_0170,13/02/2018 20:16,124.81,27.56
ord_000234,1,prod_00480,sell_0058,22/12/2017 12:05,71.46,6.66
ord_000235,1,prod_00651,sell_0047,15/10/2018 16:51,60.98,8.04
ord_000236,1,prod_00237,sell_0042,10/09/2018 15:25,40.19,8.22
ord_000237,1,prod_00053,sell_0017,24/01/2018 19:26,34.8,5.55
ord_000238,1,prod_00211,sell_0178,10/12/2017 13:45,28.18,4.2
ord_000239,1,prod_00326,sell_0230,01/03/2017 12:50,334.84,27.03
ord_000240,1,prod_00414,sell_0057,22/04/2017 12:30,317.89,56.41
ord_000241,1,prod_00516,sell_0244,21/03/2017 11:37,47.92,8.21
ord_000242,1,prod_00284,sell_0016,12/02/2017 14:14,11.63,2.37
ord_000243,1,prod_00227,sell_0228,12/07/2017 19:56,178.69,13.14
ord_000244,1,prod_00119,sell_0001,06/11/2018 08:34,58.05,4.69
ord_000245,1,prod_00599,sell_0014,05/10/2018 18:43,99.97,23.06
ord_000246,1,prod_00544,sell_0086,31/10/2018 11:06,60.57,14.13
ord_000246,2,prod_00125,sell_0033,01/11/2018 11:06,71.87,4.08
ord_000247,1,prod_00537,sell_0174,25/06/2018 15:38,98.58,7.03
ord_000248,1,prod_00307,sell_0129,24/06/2018 12:22,55.89,10.06
ord_000249,1,prod_00396,sell_0149,12/06/2017 15:27,56.46,10.94
ord_000249,2,prod_00382,sell_0144,11/06/2017 15:27,110.15,6.08
ord_000250,1,prod_00275,sell_0082,10/08/2018 15:40,75.44,11.26
ord_000251,1,prod_00529,sell_0090,03/11/2017 22:47,68.83,4.75
ord_000252,1,prod_00418,sell_0084,17/04/2018 08:20,47.91,4.14
ord_000253,1,prod_00207,sell_0218,12/12/2018 08:52,64.96,15.05
ord_000254,1,prod_00202,sell_0092,12/11/2018 17:13,190.72,36.83
ord_000255,1,prod_00599,sell_0013,24/09/2017 20:33,34.35,2.48
ord_000256,1,prod_00747,sell_0035,31/08/2018 08:09,10.6,1.81
ord_000257,1,prod_00777,sell_0198,21/05/2017 20:17,167.34,16.84
ord_000258,1,prod_00520,sell_0045,13/02/2017 15:53,198.8,30.58
ord_000259,1,prod_00616,sell_0198,17/02/2017 12:00,64.51,15.35
ord_000260,1,prod_00393,sell_0148,28/07/2017 09:54,127.62,25.32
ord_000261,1,prod_00357,sell_0026,06/08/2018 16:19,190.92,21.85
ord_000262,1,prod_00432,sell_0097,29/12/2017 09:41,22.31,5.12
ord_000263,1,prod_00758,sell_0207,28/01/2017 08:05,176.85,40.37
ord_000264,1,prod_00493,sell_0148,31/12/2018 16:38,89.51,21.97
ord_000264,2,prod_00555,sell_0221,27/12/2018 16:38,136.24,7.68
ord_000265,1,prod_00367,sell_0236,26/04/2018 16:54,28.74,3.12
ord_000266,1,prod_00673,sell_0220,21/01/2018 12:33,225.92,37.73
ord_000267,1,prod_00634,sell_0198,16/04/2018 12:21,111.74,11.73
ord_000268,1,prod_00617,sell_0000,20/04/2018 10:47,128.3,29.03
ord_000269,1,prod_00632,sell_0005,13/03/2018 18:42,41.92,5.63
ord_000270,1,prod_00657,sell_0021,18/06/2018 10:07,53.43,8.68
ord_000271,1,prod_00289,sell_0027,21/11/2018 19:39,50.51,4.46
ord_000271,2,prod_00526,sell_0197,19/11/2018 19:39,69.77,12.67
ord_000272,1,prod_00228,sell_0179,20/11/2017 08:39,86.13,19.84
ord_000273,1,prod_00419,sell_0110,29/03/2018 22:45,36.25,4.71
ord_000274,1,prod_00555,sell_0148,11/01/2017 12:18,78.89,18.51
ord_000275,1,prod_00132,sell_0188,09/11/2018 19:24,75.44,13.01
ord_000276,1,prod_00793,sell_0105,25/11/2017 19:57,11.52,1.17
ord_000277,1,prod_00633,sell_0010,28/10/2017 14:34,61.29,6.21
ord_000278,1,prod_00570,sell_0151,05/01/2019 15:30,49.14,10.75
ord_000279,1,prod_00625,sell_0209,30/05/2018 09:59,28.74,1.71
ord_000280,1,prod_00336,sell_0247,08/06/2017 16:13,104.23,22.27
ord_000280,2,prod_00125,sell_0232,06/06/2017 16:13,234.56,53.82
ord_000281,1,prod_00620,sell_0118,20/10/2017 16:23,40.93,9.52
ord_000282,1,prod_00534,sell_0032,19/12/2017 20:45,182.5,43.58
ord_000283,1,prod_00508,sell_0247,28/12/2018 13:42,46.54,10.67
ord_000284,1,prod_00406,sell_0244,17/02/2018 08:58,72.28,10.8
ord_000285,1,prod_00463,sell_0068,19/09/2017 15:39,85.56,19.94
ord_000286,1,prod_00420,sell_0162,22/05/2018 17:18,84.38,13.12
ord_000287,1,prod_00782,sell_0025,27/01/2018 18:23,35.67,8.3
ord_000288,1,prod_00048,sell_0107,21/03/2017 18:05,22.49,2.88
ord_000289,1,prod_00054,sell_0212,06/11/2018 10:55,101.08,17.19
ord_000290,1,prod_00361,sell_0084,27/01/2017 19:07,57.62,7.51
ord_000290,2,prod_00195,sell_0202,28/01/2017 19:07,23.05,4.02
ord_000291,1,prod_00437,sell_0241,25/11/2018 11:32,90.49,17.75
ord_000291,2,prod_00518,sell_0057,25/11/2018 11:32,20.36,3.17
ord_000292,1,prod_00049,sell_0050,03/10/2018 08:24,269.76,61.73
ord_000293,1,prod_00541,sell_0184,14/04/2017 12:08,53.08,5.15
ord_000294,1,prod_00782,sell_0038,23/08/2018 12:17,205.32,13.9
ord_000295,1,prod_00205,sell_0121,16/09/2018 09:38,50.24,9.08
ord_000295,2,prod_00359,sell_0179,17/09/2018 09:38,102.22,18.29
ord_000296,1,prod_00252,sell_0034,12/06/2018 12:01,22.05,1.3
ord_000297,1,prod_00694,sell_0111,25/05/2018 08:57,115.97,13.64
ord_000298,1,prod_00110,sell_0163,18/03/2017 09:54,125.01,28.99
ord_000298,2,prod_00049,sell_0064,14/03/2017 09:54,45.92,4.94
ord_000299,1,prod_00540,sell_0008,30/03/2017 10:05,41.14,8
ord_000299,2,prod_00736,sell_0055,30/03/2017 10:05,55.42,4.75
ord_000300,1,prod_00304,sell_0172,23/08/2018 16:52,111.74,16.78
ord_000301,1,prod_00232,sell_0052,18/05/2017 09:19,78.39,10.58
ord_000302,1,prod_00281,sell_0164,30/09/2017 19:04,339.46,49.12
ord_000302,2,prod_00027,sell_0240,29/09/2017 19:04,130.98,13.46
ord_000303,1,prod_00785,sell_0033,04/04/2018 10:18,89.32,12.62
ord_000303,2,prod_00411,sell_0030,04/04/2018 10:18,79,5.95
ord_000304,1,prod_00288,sell_0184,22/07/2017 20:48,128.42,7.86
ord_000305,1,prod_00165,sell_0066,30/09/2018 18:39,138.55,11.92
ord_000306,1,prod_00317,sell_0138,07/10/2018 08:14,150.95,21.53
ord_000306,2,prod_00160,sell_0057,07/10/2018 08:14,63.4,15.38
ord_000307,1,prod_00750,sell_0114,27/10/2018 21:43,109.19,19.56
ord_000307,2,prod_00470,sell_0003,29/10/2018 21:43,48.34,7.08
ord_000308,1,prod_00622,sell_0202,13/03/2017 11:42,76.18,5.88
ord_000308,2,prod_00169,sell_0101,12/03/2017 11:42,35.76,2.52
ord_000309,1,prod_00738,sell_0099,10/02/2018 18:44,70.6,14.09
ord_000310,1,prod_00756,sell_0004,29/10/2018 22:32,97.13,18.13
ord_000311,1,prod_00105,sell_0099,29/12/2017 08:49,61.12,9.8
ord_000311,2,prod_00348,sell_0023,29/12/2017 08:49,56.73,6.36
ord_000312,1,prod_00749,sell_0163,06/08/2018 08:38,68.82,13.25
ord_000312,2,prod_00718,sell_0199,05/08/2018 08:38,58.6,13.67
ord_000313,1,prod_00759,sell_0049,03/06/2018 19:07,170.47,9.17
ord_000314,1,prod_00742,sell_0223,16/12/2017 19:48,85.84,20.9
ord_000315,1,prod_00578,sell_0216,01/11/2017 17:19,81.32,8.86
ord_000316,1,prod_00048,sell_0013,11/07/2018 11:42,140.76,27.2
ord_000317,1,prod_00346,sell_0074,23/06/2017 10:40,163.09,40.27
ord_000317,2,prod_00379,sell_0092,20/06/2017 10:40,93.45,22.89
ord_000318,1,prod_00576,sell_0047,05/11/2018 10:20,72.79,13.32
ord_000319,1,prod_00363,sell_0150,25/05/2018 15:09,55,4.3
ord_000320,1,prod_00002,sell_0009,28/05/2017 19:41,70.26,10.48
ord_000321,1,prod_00532,sell_0054,08/08/2018 08:50,97.08,6.7
ord_000322,1,prod_00498,sell_0190,15/02/2018 18:50,109.16,7.99
ord_000323,1,prod_00133,sell_0048,31/08/2017 17:37,133.8,12.98
ord_000324,1,prod_00047,sell_0118,14/12/2018 13:13,63.73,5.92
ord_000325,1,prod_00505,sell_0023,22/08/2018 11:18,51.98,12.44
ord_000326,1,prod_00612,sell_0074,02/06/2018 12:45,94.86,10.32
ord_000327,1,prod_00247,sell_0237,03/11/2018 15:24,92.22,21.38
ord_000328,1,prod_00563,sell_0005,01/05/2018 18:43,106.85,10.44
ord_000329,1,prod_00353,sell_0234,25/02/2018 22:18,113.81,19.44
ord_000330,1,prod_00447,sell_0234,16/08/2017 11:00,63.7,4.2
ord_000331,1,prod_00363,sell_0225,10/07/2017 10:36,56.2,7.62
ord_000332,1,prod_00459,sell_0228,17/02/2018 20:36,107.35,20.09
ord_000333,1,prod_00153,sell_0240,03/03/2018 22:37,69.17,14.54
ord_000334,1,prod_00456,sell_0058,30/08/2018 21:16,86.39,19.74
ord_000335,1,prod_00229,sell_0116,25/02/2018 12:48,48.51,6.62
ord_000336,1,prod_00051,sell_0063,06/06/2018 17:29,29.03,4.21
ord_000337,1,prod_00397,sell_0097,23/10/2018 22:45,124.63,15.34
ord_000338,1,prod_00692,sell_0161,31/12/2018 12:36,49.41,10.91
ord_000339,1,prod_00509,sell_0180,28/11/2017 13:24,73.68,4.23
ord_000340,1,prod_00539,sell_0111,27/11/2018 20:40,81.49,4.53
ord_000341,1,prod_00095,sell_0125,09/10/2018 08:34,94.38,6.58
ord_000342,1,prod_00312,sell_0026,08/04/2017 17:30,89.58,7.4
ord_000343,1,prod_00370,sell_0213,02/12/2017 12:38,137.37,8.65
ord_000344,1,prod_00233,sell_0042,13/09/2017 22:05,241.92,15.31
ord_000345,1,prod_00271,sell_0032,19/07/2018 17:54,103.65,9.78
ord_000346,1,prod_00232,sell_0001,13/05/2018 14:20,177.41,32.59
ord_000347,1,prod_00262,sell_0213,30/03/2018 11:13,83.32,7.41
ord_000348,1,prod_00323,sell_0220,13/09/2018 13:46,66.2,7.23
ord_000349,1,prod_00706,sell_0028,30/11/2017 10:13,212.13,13.86
ord_000350,1,prod_00285,sell_0116,08/01/2018 22:59,180.56,44.08
ord_000351,1,prod_00005,sell_0200,10/11/2018 11:25,52.64,9.9
ord_000352,1,prod_00308,sell_0036,24/12/2018 14:17,62.82,9.93
ord_000352,2,prod_00516,sell_0054,21/12/2018 14:17,64.94,9.92
ord_000353,1,prod_00352,sell_0203,21/09/2018 10:03,35.59,6.09
ord_000354,1,prod_00019,sell_0109,09/09/2017 17:02,34.13,5.37
ord_000355,1,prod_00498,sell_0010,26/05/2017 17:05,43.31,5.34
ord_000356,1,prod_00554,sell_0045,05/09/2017 10:00,84.78,20.62
ord_000357,1,prod_00104,sell_0065,09/02/2018 13:19,100.41,15.98
ord_000358,1,prod_00056,sell_0055,29/09/2017 12:18,44.46,10.42
ord_000359,1,prod_00048,sell_0186,26/11/2018 22:25,59.92,14.15
ord_000360,1,prod_00129,sell_0014,21/07/2018 20:13,99.41,5.38
ord_000360,2,prod_00688,sell_0212,23/07/2018 20:13,104.02,7.86
ord_000361,1,prod_00629,sell_0151,02/02/2018 15:03,135.03,20.44
ord_000362,1,prod_00710,sell_0123,26/10/2017 11:04,253.15,43.04
ord_000363,1,prod_00693,sell_0186,06/01/2018 08:10,87.39,5.02
ord_000363,2,prod_00132,sell_0130,08/01/2018 08:10,35.26,3.36
ord_000364,1,prod_00670,sell_0120,19/03/2018 10:18,17.86,3.92
ord_000364,2,prod_00763,sell_0015,17/03/2018 10:18,105.26,7.9
ord_000365,1,prod_00624,sell_0027,15/08/2018 19:08,89.29,6.53
ord_000366,1,prod_00234,sell_0106,30/04/2017 17:21,92.27,15.97
ord_000367,1,prod_00108,sell_0196,03/11/2018 14:55,66.03,3.34
ord_000368,1,prod_00168,sell_0248,16/06/2017 14:15,88.53,18.57
ord_000369,1,prod_00496,sell_0092,17/10/2017 11:10,146.61,9.08
ord_000370,1,prod_00154,sell_0184,03/01/2019 20:39,34.32,3.57
ord_000371,1,prod_00512,sell_0049,14/08/2017 12:29,164.58,40.66
ord_000372,1,prod_00280,sell_0225,16/05/2017 15:02,248.07,45.1
ord_000373,1,prod_00107,sell_0096,05/07/2018 21:47,67.32,12.26
ord_000374,1,prod_00129,sell_0059,17/01/2018 16:42,105.85,15.07
ord_000375,1,prod_00455,sell_0032,03/05/2017 09:58,25.78,3.95
ord_000376,1,prod_00586,sell_0014,13/01/2017 17:56,34.28,7.28
ord_000377,1,prod_00444,sell_0239,20/04/2017 20:35,38.03,5.05
ord_000378,1,prod_00686,sell_0011,18/04/2018 12:41,91.2,19.71
ord_000379,1,prod_00412,sell_0133,20/09/2017 15:24,67.13,4.28
ord_000380,1,prod_00136,sell_0041,25/09/2018 18:53,32.26,7.88
ord_000381,1,prod_00712,sell_0208,07/11/2018 10:33,58.02,11.7
ord_000381,2,prod_00238,sell_0189,06/11/2018 10:33,18.41,2.77
ord_000382,1,prod_00587,sell_0183,03/07/2017 19:19,24.18,1.79
ord_000382,2,prod_00791,sell_0118,04/07/2017 19:19,134.82,24.16
ord_000383,1,prod_00366,sell_0190,08/12/2017 13:00,82.34,14.4
ord_000383,2,prod_00162,sell_0088,07/12/2017 13:00,62.19,11.67
ord_000384,1,prod_00479,sell_0110,05/07/2017 12:35,68.27,9.25
ord_000384,2,prod_00188,sell_0219,02/07/2017 12:35,143.66,26.18
ord_000385,1,prod_00548,sell_0161,10/11/2017 22:31,48.93,4.92
ord_000386,1,prod_00286,sell_0103,30/09/2017 12:48,59.03,14.46
ord_000387,1,prod_00187,sell_0245,30/09/2018 10:11,95.21,18.95
ord_000387,2,prod_00473,sell_0230,28/09/2018 10:11,117.41,20.74
ord_000388,1,prod_00391,sell_0120,15/12/2017 15:48,310.85,60.11
ord_000389,1,prod_00079,sell_0086,01/04/2018 11:00,54.55,3.85
ord_000390,1,prod_00634,sell_0123,23/07/2018 18:35,116.95,11.5
ord_000391,1,prod_00215,sell_0149,18/10/2018 18:23,143.29,35.6
ord_000392,1,prod_00311,sell_0213,19/11/2017 09:19,78.97,13.63
ord_000393,1,prod_00298,sell_0112,04/09/2017 15:25,55.82,10.16
ord_000394,1,prod_00446,sell_0216,22/12/2018 21:13,26.83,6.01
ord_000395,1,prod_00692,sell_0148,27/11/2017 12:11,142.26,20.23
ord_000396,1,prod_00735,sell_0231,20/07/2018 16:48,96.03,7.13
ord_000397,1,prod_00216,sell_0168,25/07/2018 21:13,187.83,19
ord_000398,1,prod_00621,sell_0052,12/04/2018 14:44,94.68,17.79
ord_000398,2,prod_00436,sell_0157,13/04/2018 14:44,19.64,4.55
ord_000399,1,prod_00527,sell_0169,21/09/2017 08:42,108.21,14.91
ord_000400,1,prod_00751,sell_0125,26/06/2017 10:02,178.44,19.97
ord_000400,2,prod_00477,sell_0100,26/06/2017 10:02,45.28,6.72
ord_000400,3,prod_00574,sell_0090,01/07/2017 10:02,64.95,4.38
ord_000401,1,prod_00763,sell_0193,27/03/2018 09:52,58.13,7.23
ord_000402,1,prod_00584,sell_0040,10/04/2018 18:47,71.68,16.4
ord_000402,2,prod_00230,sell_0170,11/04/2018 18:47,87.22,4.45
ord_000403,1,prod_00658,sell_0226,17/09/2018 18:47,194.09,27.14
ord_000404,1,prod_00468,sell_0217,12/08/2018 15:48,64.21,9.51
ord_000405,1,prod_00385,sell_0110,30/11/2018 08:34,57.88,9.36
ord_000406,1,prod_00771,sell_0177,23/12/2018 19:59,13.48,2.54
ord_000407,1,prod_00414,sell_0212,25/08/2018 13:10,33.44,6.69
ord_000408,1,prod_00601,sell_0182,20/04/2017 18:04,63.08,15.29
ord_000408,2,prod_00409,sell_0211,18/04/2017 18:04,67.82,12.04
ord_000409,1,prod_00483,sell_0011,30/01/2018 19:42,208.81,19.11
ord_000410,1,prod_00426,sell_0159,17/06/2018 18:17,48.21,7.29
ord_000411,1,prod_00146,sell_0085,31/05/2018 09:36,62.16,11.86
ord_000412,1,prod_00420,sell_0190,05/08/2017 13:23,55.63,4.79
ord_000413,1,prod_00394,sell_0141,31/05/2018 10:20,15.88,1.57
ord_000414,1,prod_00155,sell_0103,15/12/2017 20:53,37,6.09
ord_000415,1,prod_00367,sell_0190,07/12/2017 13:08,11.52,1.4
ord_000416,1,prod_00045,sell_0033,25/10/2018 08:11,25.78,2.07
ord_000417,1,prod_00398,sell_0039,07/02/2018 08:40,30.02,5.18
ord_000418,1,prod_00503,sell_0148,20/04/2018 17:46,44.43,6.63
ord_000419,1,prod_00489,sell_0234,18/05/2018 12:49,32.26,4.84
ord_000420,1,prod_00683,sell_0105,16/05/2018 10:13,36.3,8.21
ord_000420,2,prod_00779,sell_0009,15/05/2018 10:13,54.9,7.57
ord_000421,1,prod_00104,sell_0105,03/09/2017 21:52,51.34,9.35
ord_000422,1,prod_00401,sell_0161,10/06/2018 16:36,51.09,8.7
ord_000423,1,prod_00594,sell_0063,03/12/2017 18:49,180.02,27.35
ord_000423,2,prod_00290,sell_0081,05/12/2017 18:49,56.83,5.56
ord_000424,1,prod_00576,sell_0174,12/07/2018 11:04,109.75,19.38
ord_000425,1,prod_00315,sell_0013,05/07/2017 10:21,54.5,4.52
ord_000426,1,prod_00624,sell_0196,30/12/2018 11:31,136.36,28.52
ord_000427,1,prod_00546,sell_0246,19/09/2018 10:34,57.7,7.04
ord_000428,1,prod_00327,sell_0166,06/02/2018 18:05,111.43,15.75
ord_000429,1,prod_00528,sell_0219,18/11/2017 12:32,335.57,70.61
ord_000430,1,prod_00684,sell_0149,12/01/2018 08:39,35.54,6.02
ord_000430,2,prod_00419,sell_0183,13/01/2018 08:39,73.8,15.71
ord_000431,1,prod_00106,sell_0024,18/08/2018 19:21,109.56,24.91
ord_000432,1,prod_00516,sell_0058,15/07/2018 08:30,28.84,2.77
ord_000433,1,prod_00412,sell_0109,12/08/2018 21:17,331.2,28.69
ord_000434,1,prod_00215,sell_0053,20/11/2018 20:52,126.24,22.13
ord_000435,1,prod_00084,sell_0214,06/03/2018 12:35,33.82,5.59
ord_000436,1,prod_00625,sell_0205,21/07/2018 08:33,136.47,33.76
ord_000437,1,prod_00351,sell_0062,23/02/2018 21:56,56.55,13.46
ord_000438,1,prod_00742,sell_0197,02/07/2018 10:39,200.11,26.02
ord_000439,1,prod_00598,sell_0132,20/03/2018 08:16,137.46,27.18
ord_000440,1,prod_00359,sell_0225,19/09/2018 20:38,102.73,22.07
ord_000441,1,prod_00140,sell_0097,16/01/2017 13:57,64.89,9.85
ord_000441,2,prod_00425,sell_0144,13/01/2017 13:57,124.27,18.57
ord_000442,1,prod_00151,sell_0212,06/09/2017 19:01,19.41,4.31
ord_000443,1,prod_00388,sell_0064,18/11/2017 09:37,97.97,23.04
ord_000444,1,prod_00043,sell_0037,10/12/2018 21:09,55.62,10.83
ord_000444,2,prod_00277,sell_0083,05/12/2018 21:09,108.59,9.28
ord_000445,1,prod_00450,sell_0132,08/04/2018 16:48,61.92,5.05
ord_000445,2,prod_00033,sell_0166,10/04/2018 16:48,66.88,6.79
ord_000446,1,prod_00397,sell_0001,27/12/2017 20:38,39.01,2.13
ord_000447,1,prod_00239,sell_0137,27/01/2018 22:56,204.48,23.12
ord_000448,1,prod_00181,sell_0024,01/03/2018 20:40,74.5,3.96
ord_000449,1,prod_00699,sell_0172,12/11/2018 22:01,61.33,13.31
ord_000450,1,prod_00746,sell_0006,14/12/2018 09:30,67.09,4.74
ord_000451,1,prod_00142,sell_0056,29/10/2018 18:54,128.61,16.43
ord_000452,1,prod_00445,sell_0135,25/10/2018 18:13,42.2,3.08
ord_000453,1,prod_00690,sell_0052,26/08/2017 21:04,130.19,15.78
ord_000454,1,prod_00065,sell_0200,22/10/2017 09:43,164.2,17.66
ord_000455,1,prod_00406,sell_0025,08/06/2018 22:30,364.98,49.83
ord_000456,1,prod_00744,sell_0105,14/07/2018 10:02,57.21,5.07
ord_000456,2,prod_00284,sell_0223,14/07/2018 10:02,84.9,5.44
ord_000457,1,prod_00196,sell_0013,30/08/2017 22:16,82.45,5.17
ord_000458,1,prod_00713,sell_0198,06/09/2018 17:19,92.1,4.93
ord_000459,1,prod_00506,sell_0033,24/08/2017 11:40,67.57,12.12
ord_000460,1,prod_00637,sell_0070,18/10/2017 19:28,61.05,7.51
ord_000460,2,prod_00316,sell_0202,17/10/2017 19:28,40.82,4.82
ord_000461,1,prod_00585,sell_0091,24/11/2017 15:29,59.25,7.2
ord_000462,1,prod_00265,sell_0070,29/10/2018 16:48,75.62,13.73
ord_000462,2,prod_00291,sell_0169,31/10/2018 16:48,32.5,7.97
ord_000463,1,prod_00542,sell_0155,25/08/2018 18:16,10.96,1.14
ord_000464,1,prod_00700,sell_0234,22/04/2018 11:40,138.48,30.41
ord_000465,1,prod_00131,sell_0227,13/10/2018 17:22,182.4,22.68
ord_000466,1,prod_00640,sell_0170,10/10/2018 20:25,235.33,21.77
ord_000467,1,prod_00354,sell_0137,18/01/2018 13:33,68.74,5.48
ord_000468,1,prod_00200,sell_0093,23/09/2018 10:41,44.07,3.22
ord_000468,2,prod_00582,sell_0203,24/09/2018 10:41,48.52,5.33
ord_000469,1,prod_00040,sell_0095,01/09/2017 21:56,237.84,30.9
ord_000470,1,prod_00038,sell_0176,09/04/2018 14:16,67.17,9.59
ord_000470,2,prod_00602,sell_0076,06/04/2018 14:16,47.9,6.59
ord_000470,3,prod_00447,sell_0221,04/04/2018 14:16,60.75,12.26
ord_000471,1,prod_00676,sell_0042,01/06/2017 15:06,42.75,4.13
ord_000472,1,prod_00145,sell_0197,09/02/2018 18:25,69.68,15.77
ord_000473,1,prod_00305,sell_0153,19/04/2018 09:32,90,10.99
ord_000474,1,prod_00784,sell_0182,22/04/2017 18:13,20.98,4.35
ord_000474,2,prod_00282,sell_0161,22/04/2017 18:13,64.45,3.64
ord_000475,1,prod_00442,sell_0125,10/03/2018 14:53,75.29,15.41
ord_000475,2,prod_00210,sell_0021,09/03/2018 14:53,63.82,13.62
ord_000476,1,prod_00332,sell_0166,12/07/2018 18:47,40.69,4.28
ord_000476,2,prod_00483,sell_0240,08/07/2018 18:47,210.61,14.37
ord_000477,1,prod_00069,sell_0107,19/06/2018 14:29,60.98,4.18
ord_000478,1,prod_00506,sell_0200,19/03/2017 15:27,172.92,40.73
ord_000479,1,prod_00682,sell_0171,09/05/2017 10:02,28.5,3.04
ord_000480,1,prod_00019,sell_0087,17/12/2017 20:32,48.23,2.68
ord_000481,1,prod_00153,sell_0108,28/10/2018 15:35,32.14,6.99
ord_000482,1,prod_00012,sell_0234,10/11/2018 14:53,144.23,8.92
ord_000483,1,prod_00130,sell_0121,23/11/2017 15:30,250.14,27.44
ord_000484,1,prod_00200,sell_0037,21/08/2018 15:09,57.54,10.37
ord_000485,1,prod_00159,sell_0089,27/05/2018 10:10,205.23,39.12
ord_000486,1,prod_00665,sell_0121,26/12/2018 11:09,92.68,10.8
ord_000487,1,prod_00335,sell_0088,07/05/2017 11:56,33.92,5.52
ord_000488,1,prod_00328,sell_0097,07/05/2018 13:47,77.33,12.41
ord_000489,1,prod_00563,sell_0166,06/06/2018 13:49,73.32,13.7
ord_000490,1,prod_00741,sell_0227,27/11/2017 19:50,47.19,10.83
ord_000491,1,prod_00589,sell_0051,10/03/2017 12:05,47.75,11.77
ord_000492,1,prod_00317,sell_0135,17/03/2017 12:42,281.93,68.38
ord_000493,1,prod_00576,sell_0147,02/03/2018 17:42,80.7,15.27
ord_000494,1,prod_00457,sell_0175,03/08/2018 22:13,63.57,7.43
ord_000495,1,prod_00652,sell_0164,09/08/2018 14:29,219.09,17.91
ord_000496,1,prod_00097,sell_0043,09/08/2017 10:39,97.24,10.69
ord_000497,1,prod_00414,sell_0210,06/11/2018 08:53,30.8,2.77
ord_000498,1,prod_00328,sell_0025,06/01/2018 09:06,125.05,18.93
ord_000498,2,prod_00524,sell_0031,09/01/2018 09:06,82.24,17.86
ord_000499,1,prod_00326,sell_0187,16/12/2018 10:53,97.31,19.16
ord_000500,1,prod_00755,sell_0118,05/06/2017 20:55,98.78,23.35
ord_000501,1,prod_00014,sell_0186,25/10/2018 20:55,165.37,29.13
ord_000502,1,prod_00786,sell_0223,28/11/2018 15:00,103.15,8.77
ord_000503,1,prod_00722,sell_0102,17/10/2018 14:13,15.82,2.54
ord_000504,1,prod_00412,sell_0199,08/10/2018 11:41,190.82,18.13
ord_000505,1,prod_00679,sell_0247,22/12/2017 10:19,17.92,1.31
ord_000506,1,prod_00209,sell_0077,17/08/2018 13:03,16.15,3.44
ord_000507,1,prod_00739,sell_0027,27/05/2018 18:45,106.29,15.07
ord_000508,1,prod_00263,sell_0174,10/02/2018 16:01,139.71,12.25
ord_000509,1,prod_00280,sell_0182,04/01/2019 19:26,102.12,9.63
ord_000509,2,prod_00007,sell_0179,01/01/2019 19:26,174.42,14.59
ord_000509,3,prod_00238,sell_0008,03/01/2019 19:26,49.72,6.97
ord_000510,1,prod_00231,sell_0177,10/11/2017 11:56,193.55,47.9
ord_000511,1,prod_00223,sell_0130,03/02/2018 20:26,25.88,3.52
ord_000512,1,prod_00294,sell_0110,26/11/2018 14:54,71.68,14.03
ord_000513,1,prod_00277,sell_0128,13/11/2017 10:24,162.77,32.78
ord_000514,1,prod_00538,sell_0038,08/07/2017 16:20,37.3,3.04
ord_000515,1,prod_00632,sell_0193,23/11/2017 12:06,34.76,6.46
ord_000516,1,prod_00045,sell_0172,09/09/2018 12:21,32.6,4.54
ord_000517,1,prod_00525,sell_0155,05/11/2018 20:20,191.53,45.74
ord_000518,1,prod_00453,sell_0074,28/05/2017 10:50,69.45,9.83
ord_000519,1,prod_00373,sell_0023,25/06/2018 13:55,25.71,3.07
ord_000520,1,prod_00175,sell_0234,21/05/2018 09:01,48.25,5.41
ord_000521,1,prod_00341,sell_0136,20/07/2018 21:05,79.89,6.16
ord_000521,2,prod_00243,sell_0060,21/07/2018 21:05,126.65,27.74
ord_000522,1,prod_00789,sell_0035,22/07/2018 08:38,72.51,16.08
ord_000523,1,prod_00137,sell_0008,18/12/2018 12:29,134.61,10.38
ord_000524,1,prod_00747,sell_0181,14/12/2017 14:17,123.87,22.9
ord_000524,2,prod_00463,sell_0122,11/12/2017 14:17,208.53,37.21
ord_000525,1,prod_00301,sell_0194,21/11/2017 15:15,24.69,3.72
ord_000526,1,prod_00341,sell_0143,25/05/2018 11:13,17.73,2.14
ord_000526,2,prod_00102,sell_0053,25/05/2018 11:13,26.97,5.77
ord_000527,1,prod_00052,sell_0176,15/02/2018 09:31,62.6,15.44
ord_000528,1,prod_00613,sell_0048,16/03/2018 16:01,96.33,11.77
ord_000529,1,prod_00383,sell_0049,10/04/2017 14:44,31.66,7.31
ord_000530,1,prod_00170,sell_0129,08/07/2017 08:18,53.19,4.43
ord_000531,1,prod_00504,sell_0061,04/12/2018 22:25,8.07,1.58
ord_000532,1,prod_00222,sell_0149,06/04/2017 08:31,11.89,2.35
ord_000533,1,prod_00753,sell_0085,02/06/2018 14:12,33.04,4.8
ord_000534,1,prod_00516,sell_0019,12/09/2018 09:53,50.04,9.16
ord_000534,2,prod_00291,sell_0113,10/09/2018 09:53,83.43,5.86
ord_000535,1,prod_00528,sell_0097,22/01/2017 20:40,130.08,19.96
ord_000535,2,prod_00362,sell_0173,20/01/2017 20:40,53.27,9.13
ord_000536,1,prod_00505,sell_0152,15/09/2017 08:52,124.78,8.09
ord_000537,1,prod_00189,sell_0182,05/01/2018 15:28,91.17,19.3
ord_000538,1,prod_00089,sell_0238,08/04/2018 21:25,27.85,1.64
ord_000539,1,prod_00726,sell_0233,10/12/2017 11:14,48.47,11.4
ord_000540,1,prod_00011,sell_0010,09/07/2018 21:32,57.79,9.88
ord_000541,1,prod_00567,sell_0078,18/09/2017 16:35,124.12,8.81
ord_000542,1,prod_00193,sell_0050,10/02/2017 11:25,13.61,0.76
ord_000543,1,prod_00684,sell_0201,09/01/2017 22:08,561.21,67.93
ord_000543,2,prod_00121,sell_0066,07/01/2017 22:08,83.13,18.84
ord_000544,1,prod_00241,sell_0216,14/12/2017 22:16,110.12,21.98
ord_000545,1,prod_00303,sell_0031,24/12/2017 12:00,133.28,13.32
ord_000546,1,prod_00507,sell_0181,11/12/2018 17:19,196.19,27.04
ord_000547,1,prod_00086,sell_0207,10/03/2017 14:34,83.22,13.23
ord_000548,1,prod_00518,sell_0221,26/04/2018 17:57,181.15,41.98
ord_000548,2,prod_00291,sell_0062,26/04/2018 17:57,145.14,22.21
ord_000549,1,prod_00250,sell_0184,23/05/2018 16:10,27.96,2.63
ord_000550,1,prod_00011,sell_0231,10/08/2018 18:03,43.15,5.38
ord_000550,2,prod_00721,sell_0090,06/08/2018 18:03,38.11,6.96
ord_000551,1,prod_00444,sell_0113,04/07/2018 20:17,65.71,9.28
ord_000551,2,prod_00034,sell_0181,05/07/2018 20:17,149.87,35.66
ord_000552,1,prod_00345,sell_0165,16/01/2017 18:09,114.78,27.34
ord_000553,1,prod_00096,sell_0170,29/06/2018 14:41,166.44,32.49
ord_000554,1,prod_00203,sell_0011,02/12/2017 17:00,26.36,4.5
ord_000555,1,prod_00575,sell_0098,20/09/2018 08:58,74.57,9.36
ord_000555,2,prod_00644,sell_0016,17/09/2018 08:58,99.93,5.82
ord_000556,1,prod_00525,sell_0035,15/08/2017 15:51,47.64,11.53
ord_000557,1,prod_00646,sell_0099,16/08/2018 09:29,70.85,5.84
ord_000557,2,prod_00546,sell_0221,15/08/2018 09:29,56.62,3.62
ord_000558,1,prod_00605,sell_0226,26/06/2018 16:55,20.63,1.56
ord_000559,1,prod_00495,sell_0105,10/07/2018 18:37,40.2,4.3
ord_000560,1,prod_00434,sell_0083,01/08/2017 12:59,79.65,19.24
ord_000561,1,prod_00790,sell_0229,21/07/2018 12:16,139.16,19.5
ord_000562,1,prod_00369,sell_0053,31/08/2018 18:59,16.78,0.95
ord_000563,1,prod_00577,sell_0177,30/03/2018 20:10,56.07,8.97
ord_000564,1,prod_00162,sell_0006,09/12/2017 20:21,131.98,16.02
ord_000565,1,prod_00687,sell_0056,23/07/2017 11:56,55.51,9.37
ord_000566,1,prod_00236,sell_0038,14/11/2017 22:22,209.11,14.43
ord_000566,2,prod_00569,sell_0036,09/11/2017 22:22,58.24,11.64
ord_000567,1,prod_00533,sell_0008,13/09/2018 08:12,62.05,3.72
ord_000568,1,prod_00100,sell_0108,02/02/2018 16:03,173.56,23.32
ord_000569,1,prod_00401,sell_0002,09/08/2018 11:08,101.92,15.02
ord_000569,2,prod_00173,sell_0054,11/08/2018 11:08,71.9,16.86
ord_000569,3,prod_00276,sell_0142,12/08/2018 11:08,39.34,6.92
ord_000570,1,prod_00083,sell_0243,01/09/2018 22:21,55.01,11.23
ord_000571,1,prod_00361,sell_0202,23/07/2018 13:25,69.64,14.22
ord_000572,1,prod_00713,sell_0164,24/07/2018 08:32,25.59,1.37
ord_000573,1,prod_00565,sell_0075,15/06/2018 21:48,245.08,18.67
ord_000573,2,prod_00050,sell_0196,15/06/2018 21:48,125.76,16.37
ord_000573,3,prod_00464,sell_0224,17/06/2018 21:48,174.59,34.77
ord_000574,1,prod_00611,sell_0040,14/04/2018 11:00,104.94,7.32
ord_000575,1,prod_00647,sell_0195,25/08/2017 19:50,35.32,1.86
ord_000575,2,prod_00249,sell_0139,24/08/2017 19:50,82.26,7.38
ord_000576,1,prod_00787,sell_0065,28/10/2018 21:34,42.25,6.71
ord_000577,1,prod_00686,sell_0081,20/12/2018 15:45,25.13,4.81
ord_000578,1,prod_00326,sell_0027,15/03/2018 18:45,133.71,16.67
ord_000578,2,prod_00540,sell_0095,12/03/2018 18:45,150.58,31.7
ord_000579,1,prod_00100,sell_0249,02/12/2018 12:54,144.78,27.94
ord_000580,1,prod_00650,sell_0034,06/01/2019 08:05,37.37,8.5
ord_000581,1,prod_00211,sell_0013,24/03/2018 17:34,189.32,43.31
ord_000582,1,prod_00034,sell_0198,23/08/2018 16:54,124.09,10.31
ord_000583,1,prod_00376,sell_0056,03/07/2018 21:43,32.9,7.13
ord_000583,2,prod_00235,sell_0048,07/07/2018 21:43,182.14,24.38
ord_000584,1,prod_00449,sell_0024,26/09/2017 10:05,22.71,4.91
ord_000585,1,prod_00595,sell_0036,09/03/2017 10:36,64.27,13.29
ord_000586,1,prod_00119,sell_0115,02/03/2018 18:47,80.85,11.11
ord_000587,1,prod_00495,sell_0152,25/09/2018 09:16,103.68,5.27
ord_000588,1,prod_00136,sell_0156,02/12/2017 13:37,95.57,9.48
ord_000589,1,prod_00396,sell_0162,27/09/2018 08:50,79.31,9.65
ord_000590,1,prod_00454,sell_0050,13/07/2018 09:31,212.25,36.06
ord_000591,1,prod_00174,sell_0160,05/08/2018 21:11,95.14,21.94
ord_000592,1,prod_00490,sell_0158,08/11/2017 18:32,64.15,6.19
ord_000593,1,prod_00117,sell_0147,13/03/2018 20:35,77.5,10.25
ord_000594,1,prod_00559,sell_0200,06/08/2017 20:24,22.42,1.48
ord_000595,1,prod_00714,sell_0168,04/10/2017 10:40,71.25,14.65
ord_000596,1,prod_00290,sell_0071,02/05/2017 22:25,72.77,5.98
ord_000597,1,prod_00174,sell_0215,13/06/2017 20:52,46.83,5.37
ord_000598,1,prod_00719,sell_0073,05/09/2017 17:47,58.01,12.16
ord_000598,2,prod_00531,sell_0008,02/09/2017 17:47,69.41,6.62
ord_000599,1,prod_00657,sell_0184,29/05/2018 16:48,64.51,6.13
ord_000600,1,prod_00326,sell_0238,24/02/2018 13:31,92.04,7.3
ord_000601,1,prod_00165,sell_0098,24/10/2017 09:11,61.51,6.92
ord_000602,1,prod_00312,sell_0110,04/11/2018 16:43,174.36,19.58
ord_000603,1,prod_00067,sell_0014,24/04/2018 08:04,61.32,12.93
ord_000603,2,prod_00203,sell_0017,21/04/2018 08:04,306.33,20.55
ord_000604,1,prod_00628,sell_0110,03/12/2018 08:31,98.27,5.65
ord_000605,1,prod_00783,sell_0155,29/06/2018 13:03,18.81,3.5
ord_000606,1,prod_00101,sell_0178,29/01/2017 19:31,49.7,4.18
ord_000607,1,prod_00773,sell_0043,30/11/2018 08:41,74.26,6.13
ord_000607,2,prod_00375,sell_0182,27/11/2018 08:41,66.18,3.58
ord_000608,1,prod_00671,sell_0060,02/11/2018 21:25,98.18,5.76
ord_000609,1,prod_00046,sell_0162,30/06/2018 22:25,30.86,2.06
ord_000610,1,prod_00334,sell_0166,29/04/2018 09:07,32.52,3.99
ord_000611,1,prod_00567,sell_0006,02/03/2018 09:18,189.16,25.67
ord_000612,1,prod_00796,sell_0115,26/03/2018 13:26,18.62,2.23
ord_000613,1,prod_00106,sell_0160,19/09/2018 15:51,66.58,6.31
ord_000613,2,prod_00744,sell_0147,19/09/2018 15:51,27.5,3.98
ord_000614,1,prod_00218,sell_0085,15/04/2018 08:53,68.46,5.22
ord_000614,2,prod_00036,sell_0122,16/04/2018 08:53,74.43,9.73
ord_000615,1,prod_00577,sell_0008,03/08/2017 11:57,12.29,2.28
ord_000615,2,prod_00379,sell_0219,04/08/2017 11:57,23.49,4.19
ord_000615,3,prod_00444,sell_0003,03/08/2017 11:57,120.96,21.71
ord_000616,1,prod_00532,sell_0008,24/03/2017 10:06,58.71,10.58
ord_000617,1,prod_00660,sell_0070,11/06/2017 09:17,25.81,5.24
ord_000618,1,prod_00477,sell_0066,12/10/2017 22:27,44.31,9.48
ord_000619,1,prod_00506,sell_0240,28/12/2017 10:38,30.2,2.36
ord_000619,2,prod_00607,sell_0129,30/12/2017 10:38,49.57,5.67
ord_000619,3,prod_00434,sell_0091,31/12/2017 10:38,101.02,17.64
ord_000620,1,prod_00510,sell_0188,21/11/2018 15:42,54.39,11.7
ord_000621,1,prod_00145,sell_0184,29/09/2017 19:47,43.65,6.06
ord_000622,1,prod_00587,sell_0008,26/11/2017 10:29,76.08,6.52
ord_000623,1,prod_00319,sell_0105,13/09/2017 17:33,65.09,6.36
ord_000623,2,prod_00076,sell_0016,16/09/2017 17:33,22.69,5.26
ord_000624,1,prod_00749,sell_0072,05/05/2018 22:57,56.5,5.31
ord_000625,1,prod_00321,sell_0205,19/06/2018 20:14,56.52,9.61
ord_000626,1,prod_00515,sell_0188,23/04/2018 15:48,187.75,30.11
ord_000626,2,prod_00742,sell_0029,26/04/2018 15:48,30.15,2.55
ord_000626,3,prod_00109,sell_0040,27/04/2018 15:48,85.22,9.01
ord_000627,1,prod_00259,sell_0015,10/12/2018 12:42,51.05,6.05
ord_000628,1,prod_00675,sell_0088,05/01/2019 11:08,327.71,21
ord_000628,2,prod_00702,sell_0097,03/01/2019 11:08,50.72,12.65
ord_000629,1,prod_00101,sell_0209,24/10/2018 11:55,41.25,2.42
ord_000630,1,prod_00202,sell_0145,08/10/2018 22:51,82.66,6.63
ord_000630,2,prod_00766,sell_0155,08/10/2018 22:51,107,10.86
ord_000631,1,prod_00475,sell_0173,28/12/2017 12:46,71.19,6.71
ord_000631,2,prod_00408,sell_0053,26/12/2017 12:46,15.7,2.32
ord_000632,1,prod_00224,sell_0110,26/05/2018 11:07,165.33,14.38
ord_000633,1,prod_00514,sell_0068,18/12/2017 11:08,102.18,22.34
ord_000634,1,prod_00101,sell_0117,27/09/2018 17:40,45.45,5.85
ord_000635,1,prod_00421,sell_0046,31/07/2017 08:06,251.71,22.43
ord_000635,2,prod_00448,sell_0249,30/07/2017 08:06,27.18,2.88
ord_000636,1,prod_00420,sell_0103,11/09/2017 15:06,44.06,2.63
ord_000637,1,prod_00330,sell_0068,03/03/2017 20:24,207.47,24.26
ord_000637,2,prod_00325,sell_0048,03/03/2017 20:24,57.19,11.58
ord_000638,1,prod_00040,sell_0148,16/06/2018 14:00,223.36,27.91
ord_000639,1,prod_00115,sell_0178,30/07/2018 18:43,79.04,13.9
ord_000640,1,prod_00659,sell_0135,11/01/2017 19:32,66.61,13.78
ord_000641,1,prod_00697,sell_0101,13/04/2018 12:04,42.67,8.9
ord_000642,1,prod_00033,sell_0206,03/01/2018 12:32,32.04,4.83
ord_000642,2,prod_00087,sell_0243,06/01/2018 12:32,122.98,16.03
ord_000643,1,prod_00426,sell_0211,02/10/2018 09:03,43.99,4.11
ord_000644,1,prod_00211,sell_0188,01/03/2017 11:04,11.95,0.69
ord_000644,2,prod_00067,sell_0145,01/03/2017 11:04,61.01,13.79
ord_000645,1,prod_00793,sell_0005,14/03/2017 08:29,41.93,5.81
ord_000646,1,prod_00512,sell_0095,19/06/2018 19:29,53.2,9.3
ord_000647,1,prod_00626,sell_0149,06/06/2018 09:20,108.3,16.57
ord_000648,1,prod_00510,sell_0247,23/10/2018 08:37,120.45,8.24
ord_000649,1,prod_00105,sell_0208,02/06/2018 11:23,60.72,12.54
ord_000649,2,prod_00155,sell_0023,03/06/2018 11:23,17.56,4.31
ord_000650,1,prod_00496,sell_0002,08/12/2018 21:35,74.73,16.29
ord_000650,2,prod_00101,sell_0183,11/12/2018 21:35,39.79,3.31
ord_000651,1,prod_00028,sell_0243,25/11/2017 19:20,43.29,3.37
ord_000652,1,prod_00078,sell_0124,22/01/2018 21:42,94.04,13.29
ord_000653,1,prod_00756,sell_0053,27/12/2018 15:34,337.8,68.03
ord_000654,1,prod_00797,sell_0122,24/05/2017 17:09,48.76,6.25
ord_000655,1,prod_00659,sell_0148,03/10/2018 11:41,34.66,3.73
ord_000656,1,prod_00799,sell_0159,24/01/2017 14:47,90.42,18.73
ord_000657,1,prod_00153,sell_0161,25/03/2018 15:03,83.84,16.49
ord_000658,1,prod_00562,sell_0002,09/07/2017 17:36,80.62,8.95
ord_000659,1,prod_00390,sell_0104,10/06/2018 13:47,196.63,47.81
ord_000660,1,prod_00773,sell_0130,02/10/2018 13:06,168.66,40.84
ord_000661,1,prod_00267,sell_0043,20/02/2017 09:54,151.94,33.55
ord_000662,1,prod_00423,sell_0052,18/07/2017 13:24,16.33,3.55
ord_000663,1,prod_00550,sell_0215,12/12/2017 12:44,42.64,6.57
ord_000664,1,prod_00426,sell_0240,14/10/2017 17:53,161.61,37.55
ord_000665,1,prod_00422,sell_0159,09/01/2018 21:59,191.17,15.52
ord_000666,1,prod_00161,sell_0178,09/12/2018 12:35,142.99,11.07
ord_000667,1,prod_00205,sell_0126,16/05/2017 13:42,47.4,3.12
ord_000668,1,prod_00152,sell_0157,10/02/2018 19:15,43.7,6.12
ord_000669,1,prod_00163,sell_0141,04/03/2018 20:17,65,9.5
ord_000669,2,prod_00258,sell_0033,06/03/2018 20:17,132.95,31.61
ord_000670,1,prod_00238,sell_0221,02/11/2017 22:51,82.11,4.14
ord_000671,1,prod_00021,sell_0103,31/10/2017 08:23,49.95,10.13
ord_000672,1,prod_00064,sell_0011,15/08/2018 13:49,79.69,13.74
ord_000672,2,prod_00422,sell_0249,17/08/2018 13:49,24.93,5.22
ord_000673,1,prod_00536,sell_0023,19/06/2018 18:03,120.43,7.23
ord_000674,1,prod_00110,sell_0027,14/10/2018 20:13,138.98,8.59
ord_000675,1,prod_00133,sell_0075,30/01/2018 13:10,148.1,30.03
ord_000675,2,prod_00789,sell_0091,30/01/2018 13:10,110.27,21.9
ord_000676,1,prod_00628,sell_0208,10/06/2018 10:31,41.06,8.27
ord_000677,1,prod_00514,sell_0039,26/11/2018 09:04,21.07,3.35
ord_000678,1,prod_00395,sell_0210,31/10/2018 19:20,64.17,5.17
ord_000679,1,prod_00301,sell_0176,28/11/2018 17:59,129.43,24.52
ord_000680,1,prod_00423,sell_0205,24/10/2017 08:47,61.21,14.67
ord_000681,1,prod_00794,sell_0061,29/12/2018 09:45,122.47,10.49
ord_000682,1,prod_00552,sell_0071,12/10/2018 12:08,236.07,30.02
ord_000683,1,prod_00708,sell_0131,29/09/2018 11:21,38.59,4.32
ord_000684,1,prod_00525,sell_0027,18/07/2018 18:40,40.01,5.98
ord_000684,2,prod_00571,sell_0046,18/07/2018 18:40,91.64,4.59
ord_000685,1,prod_00024,sell_0005,28/12/2018 18:01,81.2,4.64
ord_000686,1,prod_00709,sell_0117,22/02/2018 22:26,59.49,4.49
ord_000686,2,prod_00033,sell_0121,23/02/2018 22:26,92.27,15.36
ord_000687,1,prod_00696,sell_0004,30/08/2018 09:55,29.18,6.7
ord_000687,2,prod_00241,sell_0230,03/09/2018 09:55,102.72,10.15
ord_000688,1,prod_00275,sell_0005,09/08/2018 19:04,38.95,6.71
ord_000689,1,prod_00481,sell_0067,27/08/2018 14:54,24.22,1.24
ord_000689,2,prod_00003,sell_0200,30/08/2018 14:54,106.33,25.2
ord_000690,1,prod_00519,sell_0118,06/09/2018 18:11,43.09,8.68
ord_000691,1,prod_00148,sell_0182,14/08/2017 18:11,59.71,13.74
ord_000692,1,prod_00585,sell_0214,18/12/2017 13:11,190.11,30.42
ord_000692,2,prod_00283,sell_0012,15/12/2017 13:11,70.11,16.56
ord_000693,1,prod_00171,sell_0038,17/01/2018 18:55,28.01,4.89
ord_000694,1,prod_00154,sell_0009,06/09/2018 08:36,184.7,34.21
ord_000695,1,prod_00351,sell_0075,18/08/2018 11:45,168.43,35.2
ord_000696,1,prod_00190,sell_0043,22/10/2018 10:21,73.54,14.67
ord_000697,1,prod_00688,sell_0068,28/09/2018 11:52,65.55,12.07
ord_000698,1,prod_00350,sell_0114,06/06/2018 09:34,89.9,19.24
ord_000699,1,prod_00314,sell_0090,24/06/2017 09:35,37.05,6
ord_000700,1,prod_00693,sell_0245,28/06/2018 19:45,310.08,33.11
ord_000701,1,prod_00198,sell_0020,19/11/2018 08:46,50.04,9.37
ord_000702,1,prod_00076,sell_0057,05/07/2018 12:40,19.56,1.18
ord_000703,1,prod_00317,sell_0193,27/11/2018 22:07,39.27,4.84
ord_000704,1,prod_00074,sell_0101,04/01/2019 13:52,301.53,19.87
ord_000705,1,prod_00184,sell_0159,22/12/2017 10:15,54.53,8.93
ord_000705,2,prod_00742,sell_0143,21/12/2017 10:15,68.59,15.38
ord_000706,1,prod_00612,sell_0138,20/08/2018 16:59,270.53,54.53
ord_000707,1,prod_00614,sell_0071,28/04/2018 12:23,134.43,21.89
ord_000707,2,prod_00006,sell_0226,03/05/2018 12:23,62.22,12.01
ord_000708,1,prod_00452,sell_0097,04/03/2018 19:07,48.62,4.09
ord_000709,1,prod_00264,sell_0162,27/09/2017 12:18,92.63,22.95
ord_000710,1,prod_00468,sell_0153,08/10/2017 14:34,129.49,20.86
ord_000711,1,prod_00723,sell_0030,12/08/2017 11:23,57.5,5.97
ord_000712,1,prod_00628,sell_0184,29/06/2018 21:49,135.47,16.96
ord_000713,1,prod_00339,sell_0189,27/06/2017 22:40,41.81,6.23
ord_000714,1,prod_00039,sell_0151,16/02/2018 16:12,77.89,8.24
ord_000715,1,prod_00056,sell_0010,19/04/2018 10:32,61.2,5.83
ord_000716,1,prod_00787,sell_0051,18/02/2018 14:47,25.13,2.8
ord_000717,1,prod_00787,sell_0136,06/11/2018 08:53,84.73,5.02
ord_000717,2,prod_00620,sell_0156,04/11/2018 08:53,226.76,24.93
ord_000718,1,prod_00137,sell_0008,26/02/2018 10:23,27.06,1.95
ord_000719,1,prod_00433,sell_0167,25/04/2017 13:55,8.85,0.67
ord_000719,2,prod_00712,sell_0229,23/04/2017 13:55,68.81,12.35
ord_000720,1,prod_00202,sell_0121,29/12/2018 18:02,62.45,14.01
ord_000721,1,prod_00607,sell_0073,31/10/2018 20:40,90.98,20.5
ord_000722,1,prod_00536,sell_0228,15/07/2018 09:46,77.17,12.37
ord_000722,2,prod_00258,sell_0066,17/07/2018 09:46,14.93,2.82
ord_000723,1,prod_00518,sell_0232,10/09/2018 08:25,171.68,9.76
ord_000724,1,prod_00309,sell_0221,14/06/2017 10:00,140.66,24.37
ord_000725,1,prod_00616,sell_0007,16/09/2018 16:41,31.27,5.38
ord_000726,1,prod_00644,sell_0064,02/09/2017 15:20,140.79,16.15
ord_000727,1,prod_00250,sell_0122,29/03/2018 15:09,130.32,29.62
ord_000727,2,prod_00333,sell_0134,29/03/2018 15:09,56.54,7.29
ord_000728,1,prod_00296,sell_0053,06/08/2017 08:09,54.32,6.07
ord_000729,1,prod_00100,sell_0014,07/09/2018 08:46,94.98,6.11
ord_000730,1,prod_00138,sell_0152,04/10/2017 17:11,36.91,5.26
ord_000731,1,prod_00520,sell_0171,12/10/2017 16:29,115.21,19.79
ord_000732,1,prod_00004,sell_0185,22/05/2017 09:58,278.44,39.43
ord_000732,2,prod_00179,sell_0034,25/05/2017 09:58,52.32,10.64
ord_000733,1,prod_00763,sell_0100,21/08/2018 22:45,83.56,17.71
ord_000734,1,prod_00742,sell_0053,17/11/2017 20:32,48.53,4.69
ord_000735,1,prod_00442,sell_0214,18/04/2018 20:31,30.47,4.19
ord_000735,2,prod_00370,sell_0050,17/04/2018 20:31,156.51,17.44
ord_000736,1,prod_00726,sell_0004,05/12/2017 10:10,81.78,7.54
ord_000737,1,prod_00174,sell_0007,22/09/2018 20:26,30.03,4.88
ord_000737,2,prod_00307,sell_0071,19/09/2018 20:26,92.5,20.42
ord_000738,1,prod_00140,sell_0075,17/09/2017 18:08,121.48,6.24
ord_000739,1,prod_00284,sell_0061,06/12/2018 14:05,73.76,7.15
ord_000740,1,prod_00543,sell_0022,28/11/2017 11:06,565.53,90.09
ord_000741,1,prod_00526,sell_0159,19/05/2017 11:36,60.65,13.81
ord_000742,1,prod_00215,sell_0052,01/10/2017 08:11,37.13,8.93
ord_000742,2,prod_00008,sell_0089,28/09/2017 08:11,255.99,34.48
ord_000742,3,prod_00178,sell_0006,29/09/2017 08:11,154.34,17.37
ord_000743,1,prod_00058,sell_0186,16/04/2017 18:08,24.67,1.65
ord_000744,1,prod_00214,sell_0055,11/03/2018 16:52,72.05,14.23
ord_000745,1,prod_00336,sell_0085,08/10/2017 19:07,45.57,11.21
ord_000746,1,prod_00500,sell_0007,19/11/2018 10:42,322.86,44.42
ord_000747,1,prod_00234,sell_0104,17/04/2018 13:25,95.35,10.1
ord_000748,1,prod_00636,sell_0018,26/09/2017 15:34,48.31,4.81
ord_000749,1,prod_00662,sell_0075,28/02/2018 14:01,143.31,16.41
ord_000750,1,prod_00302,sell_0205,23/08/2017 09:00,46.66,6.01
ord_000751,1,prod_00055,sell_0106,05/08/2017 11:49,71.33,16.31
ord_000752,1,prod_00620,sell_0100,21/11/2017 22:28,235.24,46.32
ord_000753,1,prod_00439,sell_0009,26/05/2017 08:04,82.16,20.04
ord_000754,1,prod_00096,sell_0223,16/08/2017 20:20,72.71,8.04
ord_000755,1,prod_00328,sell_0102,03/12/2018 21:30,83.02,6.56
ord_000756,1,prod_00499,sell_0061,21/07/2018 21:08,63.85,12.83
ord_000757,1,prod_00299,sell_0219,02/12/2018 20:32,33.42,3.05
ord_000757,2,prod_00769,sell_0039,28/11/2018 20:32,24.29,1.62
ord_000758,1,prod_00395,sell_0092,12/10/2017 14:31,73.56,8.01
ord_000759,1,prod_00630,sell_0039,06/11/2018 12:36,100.64,18.55
ord_000760,1,prod_00405,sell_0040,28/12/2017 19:48,102.73,8.88
ord_000761,1,prod_00091,sell_0161,29/06/2017 22:24,47.95,9.9
ord_000762,1,prod_00522,sell_0188,10/10/2018 19:53,64.36,7.41
ord_000762,2,prod_00697,sell_0179,09/10/2018 19:53,13.67,2.87
ord_000763,1,prod_00669,sell_0077,29/03/2017 08:28,72.91,9
ord_000764,1,prod_00026,sell_0146,24/01/2018 18:27,94.58,4.95
ord_000765,1,prod_00320,sell_0188,16/10/2018 09:39,79.74,14.66
ord_000766,1,prod_00778,sell_0152,20/06/2018 14:37,181.91,21.89
ord_000766,2,prod_00759,sell_0213,18/06/2018 14:37,61.06,5.4
ord_000766,3,prod_00326,sell_0226,21/06/2018 14:37,31.96,6.31
ord_000767,1,prod_00400,sell_0162,18/04/2018 08:00,92.15,10.04
ord_000767,2,prod_00088,sell_0157,19/04/2018 08:00,65.81,8.43
ord_000768,1,prod_00013,sell_0122,18/12/2017 17:58,107.7,7.24
ord_000769,1,prod_00472,sell_0227,15/04/2017 17:56,50.89,9.73
ord_000770,1,prod_00179,sell_0007,31/12/2018 20:16,89.39,20.88
ord_000770,2,prod_00722,sell_0217,03/01/2019 20:16,72.51,11.03
ord_000771,1,prod_00753,sell_0228,03/08/2017 09:33,354.94,71.44
ord_000772,1,prod_00157,sell_0232,12/10/2017 17:46,81.56,15.97
ord_000773,1,prod_00401,sell_0186,24/09/2017 15:55,56.22,13.22
ord_000774,1,prod_00030,sell_0134,28/11/2018 20:35,41.23,5.33
ord_000775,1,prod_00453,sell_0158,17/09/2018 16:01,28.96,2
ord_000775,2,prod_00794,sell_0128,16/09/2018 16:01,40.53,7.4
ord_000776,1,prod_00389,sell_0014,07/03/2018 19:40,67.74,6.17
ord_000777,1,prod_00079,sell_0109,16/12/2018 21:05,54.02,13
ord_000778,1,prod_00104,sell_0101,17/03/2017 10:40,64.22,3.73
ord_000778,2,prod_00623,sell_0186,21/03/2017 10:40,107.31,15.29
ord_000779,1,prod_00230,sell_0241,23/11/2018 15:35,343.72,70.72
ord_000779,2,prod_00568,sell_0037,26/11/2018 15:35,84.21,20.7
ord_000779,3,prod_00309,sell_0019,23/11/2018 15:35,87.17,21.57
ord_000780,1,prod_00751,sell_0205,26/03/2017 14:38,87.46,19.42
ord_000780,2,prod_00496,sell_0130,30/03/2017 14:38,172.85,29.55
ord_000781,1,prod_00792,sell_0142,14/01/2018 17:11,69.79,13.75
ord_000782,1,prod_00178,sell_0120,22/03/2017 19:29,35.65,4.19
ord_000783,1,prod_00497,sell_0052,03/01/2019 16:37,17.59,1.72
ord_000784,1,prod_00750,sell_0001,26/11/2018 19:18,78.66,19.23
ord_000785,1,prod_00242,sell_0041,28/05/2018 08:10,40.43,6.78
ord_000785,2,prod_00232,sell_0017,28/05/2018 08:10,140.92,13.22
ord_000786,1,prod_00490,sell_0183,12/09/2017 22:13,96.63,22.51
ord_000787,1,prod_00689,sell_0006,31/10/2017 11:51,52.28,3.58
ord_000788,1,prod_00157,sell_0081,01/03/2018 11:27,320.5,65.77
ord_000789,1,prod_00589,sell_0168,02/12/2017 13:39,67.21,11.02
ord_000790,1,prod_00170,sell_0102,07/02/2017 16:30,24.16,2.38
ord_000791,1,prod_00791,sell_0012,13/07/2018 15:50,99.88,7.81
ord_000791,2,prod_00581,sell_0145,13/07/2018 15:50,67.24,5.75
ord_000792,1,prod_00779,sell_0195,15/06/2018 16:30,61.94,3.57
ord_000793,1,prod_00364,sell_0158,26/11/2018 21:05,154.32,31.14
ord_000794,1,prod_00559,sell_0220,18/03/2018 20:11,257.7,50.22
ord_000795,1,prod_00010,sell_0030,09/12/2017 12:00,128.98,31.59
ord_000796,1,prod_00139,sell_0158,15/04/2018 16:49,426.63,85.43
ord_000797,1,prod_00377,sell_0018,22/08/2017 13:39,182.04,28.08
ord_000797,2,prod_00335,sell_0082,17/08/2017 13:39,101.36,17.39
ord_000798,1,prod_00169,sell_0022,24/06/2018 13:45,27.52,1.58
ord_000799,1,prod_00079,sell_0077,19/09/2018 22:42,92.86,15.18
ord_000800,1,prod_00032,sell_0117,13/07/2017 13:49,108.73,17.16
ord_000801,1,prod_00087,sell_0145,01/12/2017 08:59,118.62,12.7
ord_000802,1,prod_00446,sell_0217,09/11/2018 20:39,64.6,10.05
ord_000803,1,prod_00300,sell_0147,10/04/2018 17:15,85.49,5.7
ord_000804,1,prod_00109,sell_0153,25/04/2018 14:06,44.36,9.9
ord_000805,1,prod_00777,sell_0038,24/08/2018 13:35,98.51,18.99
ord_000806,1,prod_00273,sell_0094,26/05/2018 13:46,77.75,18.06
ord_000807,1,prod_00124,sell_0199,12/04/2017 20:33,71,11.73
ord_000808,1,prod_00288,sell_0085,08/10/2018 13:18,120.4,9.88
ord_000808,2,prod_00311,sell_0231,08/10/2018 13:18,91.91,14.1
ord_000809,1,prod_00659,sell_0177,01/12/2018 16:43,104.2,17.29
ord_000809,2,prod_00299,sell_0206,30/11/2018 16:43,47.91,4.13
ord_000809,3,prod_00005,sell_0052,29/11/2018 16:43,80.74,8.28
ord_000810,1,prod_00266,sell_0046,18/03/2017 09:26,24.9,1.69
ord_000811,1,prod_00550,sell_0186,04/06/2017 14:17,71.75,8.13
ord_000812,1,prod_00556,sell_0060,08/08/2018 11:50,17.64,2.13
ord_000812,2,prod_00085,sell_0156,11/08/2018 11:50,183.03,13.56
ord_000813,1,prod_00403,sell_0034,09/06/2018 14:34,24.02,3.09
ord_000814,1,prod_00221,sell_0027,08/01/2018 08:17,125.84,21.32
ord_000815,1,prod_00591,sell_0195,02/05/2018 11:19,96.99,16.57
ord_000816,1,prod_00110,sell_0237,08/08/2018 20:34,63.64,15.39
ord_000816,2,prod_00225,sell_0094,11/08/2018 20:34,52.98,3.32
ord_000817,1,prod_00438,sell_0205,06/04/2018 21:25,122.13,28.29
ord_000818,1,prod_00274,sell_0233,28/06/2017 19:09,103.75,10.19
ord_000819,1,prod_00784,sell_0155,05/05/2017 20:36,98.58,5.15
ord_000820,1,prod_00083,sell_0162,23/02/2018 08:41,40.15,7.41
ord_000821,1,prod_00522,sell_0116,01/12/2018 15:00,28.83,5.74
ord_000822,1,prod_00778,sell_0018,13/05/2018 20:32,73.24,6.1
ord_000823,1,prod_00250,sell_0124,23/12/2017 17:34,39.72,5.32
ord_000824,1,prod_00062,sell_0101,27/11/2018 09:19,245.96,31.67
ord_000825,1,prod_00008,sell_0167,13/01/2018 18:20,38.21,2.87
ord_000826,1,prod_00111,sell_0194,13/04/2018 21:19,86.26,4.97
ord_000827,1,prod_00254,sell_0075,04/06/2017 14:26,80.58,9.93
ord_000827,2,prod_00390,sell_0037,01/06/2017 14:26,53.27,11.67
ord_000828,1,prod_00396,sell_0072,29/08/2018 08:48,59.71,3.43
ord_000828,2,prod_00071,sell_0185,01/09/2018 08:48,82.77,10.88
ord_000829,1,prod_00038,sell_0152,11/08/2018 10:28,139.23,29.44
ord_000830,1,prod_00406,sell_0180,04/10/2018 21:59,18.62,1.59
ord_000830,2,prod_00169,sell_0164,01/10/2018 21:59,116.85,25.69
ord_000831,1,prod_00792,sell_0021,28/11/2017 11:22,18.34,1.86
ord_000832,1,prod_00781,sell_0249,16/02/2018 16:41,67.54,4.17
ord_000833,1,prod_00110,sell_0004,23/07/2017 11:32,32.84,5.92
ord_000834,1,prod_00365,sell_0085,16/12/2018 20:45,24.72,1.98
ord_000835,1,prod_00049,sell_0099,30/04/2017 20:53,110.6,13.41
ord_000836,1,prod_00178,sell_0231,08/07/2018 20:30,69.14,3.78
ord_000837,1,prod_00346,sell_0137,13/08/2018 22:29,68.61,8
ord_000837,2,prod_00785,sell_0196,12/08/2018 22:29,35.87,6.02
ord_000838,1,prod_00448,sell_0087,16/07/2017 18:56,46.54,7.71
ord_000838,2,prod_00374,sell_0124,13/07/2017 18:56,102.78,21.44
ord_000839,1,prod_00538,sell_0081,25/12/2017 08:56,98.54,10
ord_000840,1,prod_00324,sell_0154,07/03/2017 20:59,23.45,4.64
ord_000841,1,prod_00085,sell_0087,12/05/2018 19:09,79.34,9.68
ord_000842,1,prod_00786,sell_0153,03/01/2019 12:00,65.14,7.88
ord_000843,1,prod_00428,sell_0192,12/02/2018 17:26,125.44,10.49
ord_000844,1,prod_00005,sell_0173,29/12/2018 15:44,154.09,27.91
ord_000845,1,prod_00343,sell_0042,10/06/2017 20:04,107.35,19.23
ord_000846,1,prod_00598,sell_0137,19/01/2018 21:22,122.76,20.63
ord_000847,1,prod_00721,sell_0009,23/11/2018 19:34,57.87,7.36
ord_000848,1,prod_00000,sell_0024,18/11/2018 14:12,64.22,13.76
ord_000849,1,prod_00182,sell_0204,01/12/2017 10:43,89.11,6.78
ord_000850,1,prod_00202,sell_0003,27/07/2018 12:13,62,8.9
ord_000851,1,prod_00012,sell_0142,22/11/2018 08:50,54.34,12.78
ord_000852,1,prod_00195,sell_0139,15/09/2018 13:20,120.86,9.98
ord_000853,1,prod_00712,sell_0098,26/06/2018 13:35,117.32,13.78
ord_000854,1,prod_00603,sell_0026,11/07/2017 15:32,39.37,3.49
ord_000854,2,prod_00604,sell_0094,11/07/2017 15:32,65.39,6.38
ord_000855,1,prod_00276,sell_0010,11/04/2017 12:17,32.14,4.25
ord_000856,1,prod_00158,sell_0118,18/06/2018 20:26,60.27,9.91
ord_000857,1,prod_00617,sell_0112,06/04/2018 22:50,55.1,13.25
ord_000858,1,prod_00110,sell_0136,27/09/2017 18:32,36.16,3.27
ord_000859,1,prod_00499,sell_0004,12/11/2017 20:03,72.84,11.57
ord_000860,1,prod_00589,sell_0218,16/01/2018 15:42,48.63,8.51
ord_000861,1,prod_00736,sell_0155,03/04/2018 09:10,83.09,6.18
ord_000861,2,prod_00618,sell_0174,04/04/2018 09:10,86.12,17.56
ord_000862,1,prod_00642,sell_0242,17/01/2018 08:29,75.55,6.8
ord_000863,1,prod_00746,sell_0127,13/01/2018 16:28,63.97,6.41
ord_000864,1,prod_00431,sell_0138,30/05/2017 08:29,53.87,6.02
ord_000864,2,prod_00742,sell_0182,31/05/2017 08:29,84,9.27
ord_000865,1,prod_00503,sell_0223,07/11/2018 21:01,28.98,6.36
ord_000866,1,prod_00470,sell_0099,14/06/2018 19:16,71,8.2
ord_000866,2,prod_00113,sell_0068,12/06/2018 19:16,19.16,1.88
ord_000867,1,prod_00218,sell_0140,05/07/2017 09:03,80.34,5.52
ord_000868,1,prod_00474,sell_0076,07/02/2018 08:24,72.77,16.51
ord_000869,1,prod_00264,sell_0058,06/02/2018 15:37,65.24,15.05
ord_000870,1,prod_00758,sell_0060,08/06/2018 09:39,103.9,14.23
ord_000870,2,prod_00640,sell_0133,07/06/2018 09:39,64.02,8.17
ord_000871,1,prod_00321,sell_0033,13/06/2018 19:03,116.14,9.55
ord_000872,1,prod_00620,sell_0184,08/07/2018 18:07,68.18,14.72
ord_000873,1,prod_00791,sell_0189,07/08/2018 14:39,38.2,2.49
ord_000874,1,prod_00327,sell_0228,20/05/2017 21:31,134.37,32.48
ord_000874,2,prod_00303,sell_0082,20/05/2017 21:31,137.09,15.06
ord_000875,1,prod_00165,sell_0196,25/11/2017 14:50,150.83,35.25
ord_000876,1,prod_00746,sell_0206,28/01/2017 11:12,74.91,13.24
ord_000877,1,prod_00316,sell_0162,02/03/2018 14:07,30.75,2.48
ord_000878,1,prod_00692,sell_0118,11/02/2018 08:21,29.75,5.5
ord_000878,2,prod_00020,sell_0235,14/02/2018 08:21,614.19,134.8
ord_000878,3,prod_00776,sell_0152,13/02/2018 08:21,34.97,6.89
ord_000879,1,prod_00420,sell_0245,30/08/2018 10:38,84.18,6.26
ord_000880,1,prod_00249,sell_0244,27/07/2017 16:29,78.42,16.96
ord_000880,2,prod_00240,sell_0202,26/07/2017 16:29,97.6,12.48
ord_000881,1,prod_00003,sell_0073,26/06/2018 15:05,80.21,6.16
ord_000882,1,prod_00269,sell_0005,23/11/2017 14:04,41.05,10.05
ord_000883,1,prod_00103,sell_0079,09/01/2018 13:40,83.91,12.05
ord_000883,2,prod_00734,sell_0216,12/01/2018 13:40,111.09,27.18
ord_000884,1,prod_00209,sell_0004,17/08/2018 22:17,34.9,7.5
ord_000885,1,prod_00297,sell_0125,13/04/2017 11:40,43.55,6.56
ord_000885,2,prod_00405,sell_0045,13/04/2017 11:40,31.46,5.01
ord_000886,1,prod_00195,sell_0111,12/12/2017 21:17,189.59,11.26
ord_000886,2,prod_00204,sell_0136,11/12/2017 21:17,51.22,9.21
ord_000887,1,prod_00747,sell_0234,16/01/2018 20:18,235.41,20.72
ord_000888,1,prod_00557,sell_0093,17/08/2018 17:12,101.01,5.28
ord_000889,1,prod_00153,sell_0195,23/08/2017 11:59,55.44,13.25
ord_000890,1,prod_00294,sell_0213,11/12/2018 13:00,111.84,7.53
ord_000891,1,prod_00254,sell_0154,02/01/2019 19:07,73.85,14.27
ord_000892,1,prod_00767,sell_0156,17/10/2018 09:50,88.47,20.72
ord_000892,2,prod_00018,sell_0149,16/10/2018 09:50,48.97,11.58
ord_000892,3,prod_00091,sell_0122,17/10/2018 09:50,105.5,11.76
ord_000893,1,prod_00272,sell_0097,22/11/2017 13:08,282.81,61.16
ord_000894,1,prod_00084,sell_0038,20/07/2018 22:16,45.47,9.97
ord_000895,1,prod_00016,sell_0198,25/04/2017 17:15,60.74,3.25
ord_000896,1,prod_00367,sell_0184,14/11/2018 16:41,73.56,9.7
ord_000897,1,prod_00553,sell_0166,16/04/2018 19:24,143.9,26.49
ord_000898,1,prod_00099,sell_0102,05/08/2017 17:50,56.36,10.92
ord_000899,1,prod_00377,sell_0227,01/12/2017 20:44,50.35,10.22
ord_000900,1,prod_00110,sell_0134,03/10/2018 13:31,56.47,10.96
ord_000901,1,prod_00325,sell_0133,09/11/2018 22:14,108.83,13.13
ord_000902,1,prod_00553,sell_0201,18/04/2018 18:47,23.65,2
ord_000903,1,prod_00625,sell_0243,24/03/2018 15:51,41.91,9.25
ord_000904,1,prod_00191,sell_0085,06/09/2018 14:50,91.06,22.59
ord_000905,1,prod_00199,sell_0035,20/10/2018 17:03,93.71,8.96
ord_000906,1,prod_00532,sell_0238,12/09/2018 20:41,116.96,9.8
ord_000907,1,prod_00678,sell_0170,09/01/2018 11:42,102.87,13.82
ord_000908,1,prod_00335,sell_0200,07/07/2018 15:56,63.65,7.46
ord_000908,2,prod_00239,sell_0180,06/07/2018 15:56,35.41,5.06
ord_000909,1,prod_00765,sell_0057,04/11/2018 12:15,57.8,12.2
ord_000910,1,prod_00691,sell_0053,09/07/2017 08:47,14.82,3.63
ord_000910,2,prod_00759,sell_0101,06/07/2017 08:47,130.53,31.96
ord_000911,1,prod_00274,sell_0067,14/01/2018 22:41,107.47,23.21
ord_000912,1,prod_00420,sell_0110,22/03/2017 13:52,46.74,9.28
ord_000913,1,prod_00239,sell_0219,29/01/2018 11:41,52.68,12.69
ord_000914,1,prod_00161,sell_0077,21/09/2018 16:51,18.38,3.88
ord_000915,1,prod_00716,sell_0087,19/08/2017 22:21,222.3,18.08
ord_000916,1,prod_00793,sell_0144,03/05/2018 09:09,47.75,4.52
ord_000916,2,prod_00646,sell_0157,01/05/2018 09:09,40.65,8.15
ord_000917,1,prod_00528,sell_0167,27/02/2017 19:21,33.3,6.26
ord_000918,1,prod_00058,sell_0039,26/11/2018 10:48,66.76,6.92
ord_000919,1,prod_00027,sell_0074,13/10/2018 17:07,45.79,6.92
ord_000920,1,prod_00596,sell_0101,18/04/2018 18:38,165.43,12.4
ord_000920,2,prod_00250,sell_0203,22/04/2018 18:38,169.34,38.14
ord_000921,1,prod_00344,sell_0165,14/08/2018 22:59,173.02,18.18
ord_000922,1,prod_00418,sell_0066,21/05/2017 22:53,49.4,4.84
ord_000923,1,prod_00325,sell_0015,29/10/2018 19:40,34.17,6.36
ord_000924,1,prod_00093,sell_0213,17/08/2018 16:47,74.3,7.41
ord_000925,1,prod_00235,sell_0224,05/06/2017 22:06,83.26,7.4
ord_000926,1,prod_00777,sell_0171,26/12/2018 10:29,34.41,7.18
ord_000927,1,prod_00281,sell_0057,09/02/2017 12:31,26.53,1.66
ord_000928,1,prod_00446,sell_0206,29/06/2018 12:46,32.38,3.04
ord_000929,1,prod_00663,sell_0233,26/07/2017 21:16,52.91,4.51
ord_000929,2,prod_00271,sell_0073,31/07/2017 21:16,89.31,12.62
ord_000930,1,prod_00774,sell_0229,17/08/2018 19:06,38.73,9.37
ord_000931,1,prod_00285,sell_0101,09/04/2017 19:41,92.35,13.4
ord_000932,1,prod_00443,sell_0109,25/04/2017 18:29,35.44,8.5
ord_000933,1,prod_00345,sell_0084,10/03/2018 09:50,47.35,3.11
ord_000934,1,prod_00346,sell_0241,03/01/2019 09:28,61.76,7.76
ord_000935,1,prod_00783,sell_0180,31/10/2017 10:50,69.83,16.49
ord_000935,2,prod_00539,sell_0174,29/10/2017 10:50,88.89,12.85
ord_000936,1,prod_00050,sell_0001,14/06/2018 16:30,27.88,1.77
ord_000937,1,prod_00385,sell_0112,19/04/2018 12:46,192.71,9.66
ord_000937,2,prod_00247,sell_0085,15/04/2018 12:46,91.16,5.51
ord_000938,1,prod_00062,sell_0065,26/10/2018 11:43,143.18,15.97
ord_000939,1,prod_00077,sell_0087,09/11/2017 22:15,281.06,69.14
ord_000940,1,prod_00773,sell_0127,11/05/2018 18:18,37.94,4.35
ord_000941,1,prod_00566,sell_0196,10/12/2018 21:53,244,33.65
ord_000942,1,prod_00279,sell_0004,01/12/2017 12:13,32.81,5.64
ord_000943,1,prod_00221,sell_0230,23/02/2018 09:41,43.52,2.59
ord_000944,1,prod_00773,sell_0044,24/11/2018 21:08,74.14,18.4
ord_000945,1,prod_00056,sell_0032,03/12/2017 20:45,198.38,48.5
ord_000946,1,prod_00644,sell_0228,06/01/2018 15:13,85.76,14.04
ord_000946,2,prod_00374,sell_0154,10/01/2018 15:13,99.61,19.32
ord_000947,1,prod_00220,sell_0029,20/11/2017 17:35,418.71,39.01
ord_000948,1,prod_00281,sell_0202,07/10/2018 20:33,56.79,4.69
ord_000949,1,prod_00529,sell_0165,30/11/2018 08:12,108.66,8.6
ord_000949,2,prod_00388,sell_0150,01/12/2018 08:12,100.47,21.67
ord_000950,1,prod_00134,sell_0231,29/06/2018 13:29,89.99,7.37
ord_000951,1,prod_00753,sell_0071,26/06/2018 13:52,60.3,14.13
ord_000952,1,prod_00009,sell_0138,14/01/2018 12:40,38.04,5.63
ord_000953,1,prod_00275,sell_0192,23/01/2017 13:59,56.63,6.02
ord_000954,1,prod_00471,sell_0090,28/07/2017 21:47,116.71,19.56
ord_000955,1,prod_00168,sell_0163,05/07/2017 19:38,65.64,4.12
ord_000956,1,prod_00407,sell_0197,04/06/2017 16:33,38.31,9.27
ord_000957,1,prod_00721,sell_0057,12/07/2018 08:56,85.28,16.06
ord_000958,1,prod_00607,sell_0203,26/06/2017 22:31,55.32,4.24
ord_000959,1,prod_00309,sell_0105,29/04/2017 21:24,24.5,3.59
ord_000960,1,prod_00638,sell_0043,13/01/2018 09:50,63.88,6.2
ord_000961,1,prod_00460,sell_0130,09/10/2017 15:56,16.64,0.98
ord_000962,1,prod_00470,sell_0113,01/07/2017 11:28,76.7,10.83
ord_000963,1,prod_00110,sell_0225,03/07/2017 18:08,22.25,3.91
ord_000964,1,prod_00191,sell_0086,13/10/2017 22:36,196.87,47.46
ord_000965,1,prod_00122,sell_0142,01/05/2018 10:44,370.4,23.43
ord_000966,1,prod_00106,sell_0138,08/09/2018 21:22,179.42,23.47
ord_000967,1,prod_00546,sell_0108,01/11/2018 17:44,38.5,4.09
ord_000968,1,prod_00446,sell_0097,10/09/2018 10:31,30.28,5.04
ord_000969,1,prod_00780,sell_0031,25/06/2018 16:18,68.38,14.51
ord_000969,2,prod_00575,sell_0071,25/06/2018 16:18,107.2,22.77
ord_000970,1,prod_00587,sell_0182,25/11/2018 12:37,28.34,3.91
ord_000971,1,prod_00153,sell_0170,19/04/2018 19:23,162.68,30.35
ord_000972,1,prod_00398,sell_0189,28/06/2018 10:47,27.7,1.57
ord_000973,1,prod_00343,sell_0011,31/01/2018 10:00,102.2,14.13
ord_000974,1,prod_00716,sell_0125,04/12/2017 12:49,189.34,25.31
ord_000975,1,prod_00241,sell_0129,04/12/2017 19:18,24.24,4.89
ord_000975,2,prod_00643,sell_0123,02/12/2017 19:18,255.2,29.98
ord_000976,1,prod_00477,sell_0118,07/07/2017 15:57,124.05,9.6
ord_000977,1,prod_00773,sell_0161,05/10/2018 18:45,105.09,5.64
ord_000978,1,prod_00043,sell_0125,22/03/2017 09:14,207.92,25.78
ord_000979,1,prod_00446,sell_0220,25/07/2018 09:58,68.01,7.57
ord_000980,1,prod_00085,sell_0086,08/11/2018 13:29,121.52,17.59
ord_000981,1,prod_00716,sell_0212,04/04/2018 16:31,71.82,10.13
ord_000982,1,prod_00210,sell_0176,07/04/2017 08:54,171.13,9.23
ord_000982,2,prod_00505,sell_0164,11/04/2017 08:54,242.78,33.06
ord_000983,1,prod_00045,sell_0240,15/02/2018 13:55,51.69,5.94
ord_000984,1,prod_00324,sell_0090,11/12/2017 19:41,33.86,6.48
ord_000985,1,prod_00324,sell_0068,27/12/2018 18:58,178.06,28.77
ord_000986,1,prod_00690,sell_0091,03/08/2018 12:19,23.29,2.3
ord_000987,1,prod_00748,sell_0002,21/08/2018 18:13,130.55,25.66
ord_000988,1,prod_00709,sell_0177,15/04/2018 20:01,57.48,3.66
ord_000988,2,prod_00596,sell_0141,12/04/2018 20:01,44.12,6.53
ord_000989,1,prod_00510,sell_0180,11/08/2018 21:20,129.2,22.14
ord_000990,1,prod_00698,sell_0188,22/08/2018 08:36,183.74,35.23
ord_000991,1,prod_00414,sell_0047,04/04/2017 12:18,47.36,5.67
ord_000992,1,prod_00538,sell_0100,14/09/2017 15:34,97.11,4.99
ord_000992,2,prod_00587,sell_0125,12/09/2017 15:34,46.29,2.61
ord_000993,1,prod_00308,sell_0003,24/01/2017 10:02,138.16,14.03
ord_000994,1,prod_00580,sell_0217,13/04/2018 14:21,14.88,1.15
ord_000994,2,prod_00643,sell_0245,09/04/2018 14:21,496.83,50.59
ord_000995,1,prod_00355,sell_0195,17/11/2018 16:44,159.1,24.71
ord_000996,1,prod_00794,sell_0008,15/06/2018 17:06,63.27,13.12
ord_000997,1,prod_00538,sell_0207,07/04/2018 22:42,38.1,5.08
ord_000998,1,prod_00370,sell_0166,01/12/2018 08:45,75.65,5.02
ord_000999,1,prod_00606,sell_0061,01/08/2017 21:34,43.16,2.85
ord_000999,2,prod_00680,sell_0178,28/07/2017 21:34,87.63,4.44
ord_001000,1,prod_00243,sell_0107,14/04/2017 20:53,47.2,9.25
ord_001001,1,prod_00161,sell_0032,02/12/2018 22:57,127.76,7
ord_001001,2,prod_00307,sell_0045,29/11/2018 22:57,120.28,17.58
ord_001002,1,prod_00011,sell_0104,25/11/2018 10:02,40.46,6.13
ord_001002,2,prod_00782,sell_0014,25/11/2018 10:02,35.07,2.84
ord_001003,1,prod_00442,sell_0070,30/07/2018 17:40,64.46,14.27
ord_001004,1,prod_00516,sell_0224,04/10/2017 16:14,25.96,3.16
ord_001005,1,prod_00055,sell_0008,21/12/2018 22:24,42.38,5.33
ord_001006,1,prod_00444,sell_0122,15/09/2018 19:37,171.79,13.18
ord_001007,1,prod_00429,sell_0031,25/07/2018 21:42,44.88,9.36
ord_001007,2,prod_00098,sell_0005,24/07/2018 21:42,317.28,57.01
ord_001008,1,prod_00602,sell_0020,16/09/2017 17:50,84.15,19.83
ord_001009,1,prod_00137,sell_0212,11/04/2018 08:42,36.32,4.42
ord_001009,2,prod_00739,sell_0045,13/04/2018 08:42,52.1,7.26
ord_001010,1,prod_00065,sell_0242,18/10/2018 16:46,81.31,16.05
ord_001011,1,prod_00686,sell_0149,06/11/2018 11:35,40.02,8.75
ord_001012,1,prod_00683,sell_0011,12/05/2018 12:07,35.94,2.75
ord_001012,2,prod_00138,sell_0029,16/05/2018 12:07,74.37,13.87
ord_001013,1,prod_00761,sell_0221,18/04/2018 16:01,102.77,16.72
ord_001014,1,prod_00645,sell_0218,06/08/2018 09:31,65.23,3.26
ord_001015,1,prod_00023,sell_0051,25/04/2018 21:42,60.28,10.39
ord_001016,1,prod_00166,sell_0095,05/02/2018 08:06,195.44,33.06
ord_001017,1,prod_00783,sell_0191,30/04/2017 14:25,43.24,2.93
ord_001017,2,prod_00369,sell_0019,26/04/2017 14:25,44.25,6.31
ord_001018,1,prod_00433,sell_0000,10/06/2017 08:15,96.27,12.34
ord_001019,1,prod_00419,sell_0005,12/09/2018 09:34,43.03,8.13
ord_001020,1,prod_00140,sell_0187,11/02/2017 17:23,176.14,9.13
ord_001021,1,prod_00397,sell_0090,19/03/2017 16:12,81.78,16.43
ord_001022,1,prod_00362,sell_0112,24/11/2018 20:00,65.49,10.68
ord_001022,2,prod_00655,sell_0227,25/11/2018 20:00,37.28,4.19
ord_001023,1,prod_00293,sell_0236,11/08/2018 15:19,61.89,5.97
ord_001023,2,prod_00557,sell_0075,11/08/2018 15:19,29.03,1.56
ord_001024,1,prod_00568,sell_0089,10/01/2017 14:30,76.22,15.47
ord_001025,1,prod_00201,sell_0000,25/11/2017 17:55,115.75,8.83
ord_001026,1,prod_00104,sell_0023,17/09/2018 16:13,51.35,5.98
ord_001027,1,prod_00459,sell_0005,05/02/2018 15:30,15.82,2.9
ord_001028,1,prod_00119,sell_0114,12/03/2018 20:33,194.45,34.82
ord_001029,1,prod_00395,sell_0077,05/03/2018 21:38,52.93,9.72
ord_001030,1,prod_00168,sell_0056,26/08/2017 16:19,34.96,6.27
ord_001031,1,prod_00402,sell_0168,22/08/2018 11:05,108.32,6.1
ord_001032,1,prod_00164,sell_0010,15/05/2017 16:55,130.97,27.25
ord_001033,1,prod_00301,sell_0243,07/04/2018 08:57,81.61,16.69
ord_001034,1,prod_00153,sell_0101,25/07/2017 20:26,53.73,2.95
ord_001035,1,prod_00468,sell_0083,09/03/2017 12:34,57.28,8.02
ord_001036,1,prod_00231,sell_0222,03/07/2017 20:01,17.06,2.43
ord_001037,1,prod_00751,sell_0043,09/11/2018 14:02,20.84,4.91
ord_001037,2,prod_00247,sell_0199,12/11/2018 14:02,93.61,9.14
ord_001037,3,prod_00538,sell_0133,12/11/2018 14:02,62.65,15.33
ord_001038,1,prod_00589,sell_0085,02/08/2017 17:04,114.56,13.9
ord_001039,1,prod_00601,sell_0127,30/10/2017 12:44,126.91,24.58
ord_001040,1,prod_00065,sell_0052,22/06/2017 19:13,174.33,34.34
ord_001040,2,prod_00384,sell_0116,26/06/2017 19:13,58.1,13.11
ord_001041,1,prod_00236,sell_0031,27/08/2018 15:11,20.19,4.94
ord_001042,1,prod_00769,sell_0170,26/02/2018 16:00,28.43,2.36
ord_001043,1,prod_00109,sell_0001,10/12/2018 20:01,208.49,28.1
ord_001044,1,prod_00166,sell_0146,19/07/2018 17:24,99.05,7.79
ord_001045,1,prod_00180,sell_0093,24/04/2018 11:32,363.12,69.68
ord_001046,1,prod_00717,sell_0077,16/07/2018 10:34,108.24,17.91
ord_001047,1,prod_00421,sell_0157,06/03/2017 17:27,96.56,18.96
ord_001047,2,prod_00639,sell_0057,05/03/2017 17:27,84.35,20.43
ord_001048,1,prod_00576,sell_0125,11/12/2018 13:27,75.68,13.42
ord_001049,1,prod_00675,sell_0248,14/12/2018 22:45,73.15,10.68
ord_001050,1,prod_00638,sell_0200,01/11/2017 08:17,126.64,29.05
ord_001051,1,prod_00695,sell_0023,27/06/2018 08:14,216.15,13.27
ord_001052,1,prod_00252,sell_0057,29/08/2017 19:51,157.96,32.61
ord_001053,1,prod_00025,sell_0224,08/05/2018 14:41,146.03,9.34
ord_001054,1,prod_00107,sell_0164,21/09/2018 13:28,85.99,10.41
ord_001055,1,prod_00782,sell_0045,05/12/2018 20:16,82.95,4.41
ord_001056,1,prod_00289,sell_0224,07/12/2017 12:08,120.84,14.49
ord_001057,1,prod_00215,sell_0235,04/08/2018 11:02,51.99,11.87
ord_001058,1,prod_00177,sell_0178,20/08/2018 20:51,49.76,5.16
ord_001059,1,prod_00625,sell_0000,11/09/2017 14:35,68.06,5.6
ord_001059,2,prod_00327,sell_0020,12/09/2017 14:35,32.26,6.61
ord_001059,3,prod_00009,sell_0009,11/09/2017 14:35,68.69,11.76
ord_001060,1,prod_00566,sell_0095,24/06/2018 11:02,183.05,30.46
ord_001060,2,prod_00708,sell_0177,26/06/2018 11:02,117.25,27.9
ord_001061,1,prod_00011,sell_0121,11/07/2018 15:09,36.83,6.76
ord_001062,1,prod_00696,sell_0097,14/09/2018 20:16,102.14,24
ord_001063,1,prod_00153,sell_0160,06/01/2019 19:15,55.35,9.91
ord_001064,1,prod_00432,sell_0209,02/03/2017 09:32,108.07,22.53
ord_001065,1,prod_00482,sell_0120,24/08/2017 10:23,46.77,10.37
ord_001066,1,prod_00021,sell_0015,01/07/2017 12:52,34.68,2.41
ord_001066,2,prod_00790,sell_0013,04/07/2017 12:52,31.48,4.37
ord_001067,1,prod_00559,sell_0187,09/07/2017 15:43,214,47.24
ord_001068,1,prod_00076,sell_0177,05/03/2018 16:54,72.86,9.6
ord_001068,2,prod_00437,sell_0169,02/03/2018 16:54,26.62,2.28
ord_001069,1,prod_00503,sell_0130,14/11/2018 14:51,115.06,27.61
ord_001070,1,prod_00599,sell_0046,02/03/2018 21:55,52.58,12.46
ord_001071,1,prod_00294,sell_0237,23/07/2018 18:58,103.53,5.82
ord_001071,2,prod_00141,sell_0060,21/07/2018 18:58,37.83,5.84
ord_001072,1,prod_00505,sell_0174,04/01/2018 19:18,323.74,52.78
ord_001073,1,prod_00076,sell_0122,30/11/2017 10:12,60.19,8.95
ord_001073,2,prod_00374,sell_0110,26/11/2017 10:12,94.88,21.03
ord_001074,1,prod_00603,sell_0038,25/10/2018 16:09,73.79,17.92
ord_001075,1,prod_00034,sell_0020,13/07/2018 11:37,25.46,4.91
ord_001075,2,prod_00277,sell_0180,14/07/2018 11:37,108.16,26.14
ord_001076,1,prod_00555,sell_0171,14/12/2017 12:40,74.3,4.91
ord_001076,2,prod_00699,sell_0133,18/12/2017 12:40,359.05,83.32
ord_001077,1,prod_00518,sell_0188,01/12/2018 22:05,100.91,11.1
ord_001078,1,prod_00715,sell_0079,04/04/2018 17:49,37.2,3.02
ord_001079,1,prod_00145,sell_0244,14/08/2017 10:46,55.95,4.38
ord_001080,1,prod_00539,sell_0188,21/03/2018 15:37,39.2,2.24
ord_001081,1,prod_00695,sell_0191,25/07/2018 08:26,106.41,18.23
ord_001081,2,prod_00065,sell_0131,26/07/2018 08:26,78.71,17.64
ord_001081,3,prod_00576,sell_0024,25/07/2018 08:26,30.32,2.19
ord_001082,1,prod_00528,sell_0095,31/12/2017 13:09,93.09,18.17
ord_001083,1,prod_00080,sell_0183,26/10/2018 19:30,17.27,2.6
ord_001083,2,prod_00743,sell_0205,27/10/2018 19:30,173.9,22.01
ord_001084,1,prod_00307,sell_0242,29/04/2018 21:09,16.25,2.13
ord_001085,1,prod_00666,sell_0124,12/03/2018 18:36,150.24,23.77
ord_001086,1,prod_00549,sell_0099,06/11/2018 17:18,172.54,38.85
ord_001087,1,prod_00022,sell_0064,07/03/2018 18:14,73.28,16.25
ord_001088,1,prod_00114,sell_0215,04/02/2018 19:26,45.9,4.38
ord_001089,1,prod_00119,sell_0178,21/05/2017 15:34,168.49,19.89
ord_001090,1,prod_00618,sell_0018,28/12/2017 09:22,44.37,7.71
ord_001091,1,prod_00015,sell_0175,20/01/2018 11:57,77.32,19.11
ord_001092,1,prod_00734,sell_0087,06/08/2017 14:00,43.97,7.19
ord_001093,1,prod_00311,sell_0199,29/05/2018 08:54,246.51,59.13
ord_001094,1,prod_00696,sell_0135,01/07/2017 10:00,17.01,2.1
ord_001095,1,prod_00181,sell_0198,16/09/2017 11:13,18.52,1.19
ord_001096,1,prod_00337,sell_0239,13/05/2018 09:59,175.12,30.27
ord_001096,2,prod_00690,sell_0118,17/05/2018 09:59,75.67,15.24
ord_001096,3,prod_00473,sell_0215,14/05/2018 09:59,72.46,5.61
ord_001097,1,prod_00138,sell_0139,25/10/2017 08:43,64.1,14.54
ord_001097,2,prod_00321,sell_0213,24/10/2017 08:43,116.44,9.59
ord_001098,1,prod_00778,sell_0029,04/07/2018 20:38,183.58,14.7
ord_001099,1,prod_00211,sell_0246,03/08/2018 09:43,65.85,7.6
ord_001100,1,prod_00602,sell_0167,19/11/2017 12:24,125.84,21.77
ord_001101,1,prod_00701,sell_0140,03/05/2017 11:47,145.53,18.82
ord_001102,1,prod_00109,sell_0004,27/03/2018 16:09,165.02,23.05
ord_001102,2,prod_00789,sell_0090,27/03/2018 16:09,77.91,11.83
ord_001103,1,prod_00747,sell_0002,04/05/2017 14:47,120.94,19.89
ord_001104,1,prod_00123,sell_0043,17/04/2018 22:56,581.04,107.5
ord_001105,1,prod_00255,sell_0049,21/08/2018 10:51,67.53,9.03
ord_001106,1,prod_00712,sell_0110,21/06/2018 16:44,76.29,6.75
ord_001107,1,prod_00743,sell_0053,01/03/2018 13:39,22.61,4.3
ord_001108,1,prod_00018,sell_0133,11/12/2018 11:31,146.36,18.74
ord_001109,1,prod_00286,sell_0227,19/05/2017 11:23,16.68,4.03
ord_001110,1,prod_00072,sell_0085,17/11/2018 14:51,124.48,26.09
ord_001110,2,prod_00323,sell_0112,17/11/2018 14:51,37.26,7.8
ord_001111,1,prod_00288,sell_0201,04/10/2018 17:38,90.46,12.52
ord_001112,1,prod_00340,sell_0065,07/02/2018 12:26,80.5,7.14
ord_001113,1,prod_00036,sell_0025,07/07/2017 15:47,52.91,3.76
ord_001114,1,prod_00482,sell_0228,12/07/2017 10:03,35.55,8.77
ord_001115,1,prod_00318,sell_0063,03/12/2018 15:48,81.09,9.62
ord_001116,1,prod_00404,sell_0086,24/09/2017 19:48,46.72,10.81
ord_001117,1,prod_00408,sell_0074,12/11/2018 13:13,94.28,22.85
ord_001117,2,prod_00517,sell_0134,13/11/2018 13:13,90.87,5.63
ord_001118,1,prod_00127,sell_0132,09/04/2018 17:02,269.19,35.88
ord_001119,1,prod_00295,sell_0017,06/03/2018 21:42,37.87,7.34
ord_001119,2,prod_00258,sell_0227,06/03/2018 21:42,35.64,4.55
ord_001120,1,prod_00241,sell_0026,18/06/2018 15:11,51.72,4.31
ord_001121,1,prod_00565,sell_0170,07/09/2017 11:59,289.36,62.99
ord_001122,1,prod_00510,sell_0152,15/02/2018 08:00,56.3,11.13
ord_001123,1,prod_00430,sell_0130,05/12/2018 13:13,103.35,11.98
ord_001124,1,prod_00172,sell_0128,26/09/2017 18:02,64.25,14.35
ord_001125,1,prod_00066,sell_0183,01/12/2018 19:46,33.12,2.96
ord_001126,1,prod_00466,sell_0157,02/01/2019 11:34,57.58,5.79
ord_001127,1,prod_00471,sell_0079,18/03/2017 18:50,65.07,14.98
ord_001128,1,prod_00244,sell_0075,24/04/2018 18:57,55.65,5.94
ord_001129,1,prod_00016,sell_0116,26/07/2017 09:36,122.83,14.02
ord_001130,1,prod_00673,sell_0130,22/06/2018 19:13,64.04,5.88
ord_001130,2,prod_00664,sell_0127,24/06/2018 19:13,339.27,37.66
ord_001131,1,prod_00644,sell_0044,01/01/2019 11:05,41.39,5.71
ord_001132,1,prod_00656,sell_0186,24/11/2018 22:51,59.82,11.07
ord_001133,1,prod_00743,sell_0142,29/11/2018 09:14,67.93,3.8
ord_001133,2,prod_00205,sell_0186,02/12/2018 09:14,328.94,18.44
ord_001134,1,prod_00368,sell_0209,07/09/2017 14:53,282.61,57.8
ord_001134,2,prod_00644,sell_0219,06/09/2017 14:53,43.27,2.18
ord_001135,1,prod_00301,sell_0226,01/05/2018 20:52,82.68,4.21
ord_001135,2,prod_00008,sell_0044,02/05/2018 20:52,46.2,10.19
ord_001136,1,prod_00792,sell_0011,25/09/2017 20:37,100.15,24.44
ord_001137,1,prod_00505,sell_0165,23/11/2018 12:36,49.38,5.14
ord_001138,1,prod_00750,sell_0010,15/08/2017 15:57,59.63,13.86
ord_001139,1,prod_00489,sell_0084,09/07/2017 14:45,43.59,5.38
ord_001140,1,prod_00243,sell_0149,25/01/2017 10:40,71.31,11.04
ord_001141,1,prod_00630,sell_0189,09/08/2017 14:26,98.97,8.11
ord_001141,2,prod_00447,sell_0131,05/08/2017 14:26,120.01,27.14
ord_001142,1,prod_00513,sell_0220,17/08/2017 19:29,107.97,16.7
ord_001143,1,prod_00443,sell_0011,20/04/2017 08:23,50.66,6.2
ord_001144,1,prod_00302,sell_0031,12/11/2018 22:56,91.91,6.1
ord_001145,1,prod_00476,sell_0238,21/09/2018 17:38,38.79,6.95
ord_001146,1,prod_00050,sell_0004,15/10/2017 11:46,96.76,5.49
ord_001147,1,prod_00769,sell_0247,25/09/2018 16:02,53.09,7.59
ord_001147,2,prod_00047,sell_0024,27/09/2018 16:02,47.44,2.97
ord_001147,3,prod_00538,sell_0047,27/09/2018 16:02,95.76,21.32
ord_001148,1,prod_00436,sell_0214,07/02/2018 22:51,53.61,12.22
ord_001149,1,prod_00768,sell_0178,23/09/2018 09:25,54.92,11.51
ord_001150,1,prod_00712,sell_0204,02/12/2017 19:44,109.52,17.37
ord_001151,1,prod_00458,sell_0246,19/05/2018 10:02,97.6,5.01
ord_001151,2,prod_00397,sell_0091,17/05/2018 10:02,221.6,31.13
ord_001152,1,prod_00464,sell_0201,12/01/2018 22:53,192.92,32
ord_001153,1,prod_00455,sell_0182,12/08/2017 19:39,124.2,17.71
ord_001154,1,prod_00640,sell_0141,29/05/2018 18:27,114.09,11.15
ord_001155,1,prod_00227,sell_0180,08/09/2018 18:18,117.41,26.16
ord_001155,2,prod_00144,sell_0152,04/09/2018 18:18,38.23,7.41
ord_001155,3,prod_00368,sell_0115,09/09/2018 18:18,38.4,1.93
ord_001156,1,prod_00646,sell_0107,11/09/2018 09:18,41.42,3.57
ord_001157,1,prod_00175,sell_0089,21/12/2017 12:18,40.52,3.98
ord_001158,1,prod_00130,sell_0167,14/04/2018 15:07,73.02,13.91
ord_001159,1,prod_00322,sell_0216,16/09/2018 14:27,45.89,8.89
ord_001159,2,prod_00335,sell_0005,13/09/2018 14:27,54.31,7.87
ord_001160,1,prod_00264,sell_0116,19/03/2017 10:27,98.88,9.31
ord_001161,1,prod_00141,sell_0161,10/04/2017 18:24,61.24,4.82
ord_001162,1,prod_00161,sell_0069,06/01/2018 08:42,161.19,30.05
ord_001163,1,prod_00160,sell_0034,16/09/2017 16:25,547.35,120.07
ord_001163,2,prod_00132,sell_0161,16/09/2017 16:25,23.54,3.89
ord_001164,1,prod_00592,sell_0037,02/01/2018 08:05,45.35,7.66
ord_001165,1,prod_00081,sell_0026,10/05/2017 09:51,37.75,4.92
ord_001166,1,prod_00580,sell_0093,03/06/2018 12:25,142.81,32.4
ord_001167,1,prod_00440,sell_0008,24/07/2018 18:39,95.05,7.79
ord_001168,1,prod_00353,sell_0218,29/09/2018 08:55,86.92,11.2
ord_001168,2,prod_00212,sell_0140,29/09/2018 08:55,38.61,3.02
ord_001169,1,prod_00380,sell_0163,12/07/2018 11:46,17.87,1.81
ord_001170,1,prod_00160,sell_0207,21/01/2018 20:32,221.19,34
ord_001170,2,prod_00402,sell_0030,20/01/2018 20:32,85.02,15.94
ord_001171,1,prod_00661,sell_0242,30/11/2018 10:32,135.14,25.88
ord_001172,1,prod_00538,sell_0078,22/08/2018 11:50,57.41,7.27
ord_001172,2,prod_00359,sell_0101,24/08/2018 11:50,109.09,16.8
ord_001172,3,prod_00038,sell_0132,26/08/2018 11:50,98.16,21.63
ord_001173,1,prod_00419,sell_0163,24/04/2018 19:49,138.71,16.26
ord_001174,1,prod_00644,sell_0087,31/08/2017 20:10,83.38,14.06
ord_001175,1,prod_00178,sell_0247,10/07/2018 08:37,47.35,7.91
ord_001176,1,prod_00126,sell_0202,06/06/2018 17:51,37.12,1.94
ord_001177,1,prod_00222,sell_0150,28/07/2018 17:48,68.15,9.35
ord_001178,1,prod_00235,sell_0065,22/09/2018 13:07,123.32,8.76
ord_001179,1,prod_00090,sell_0129,30/11/2018 08:26,28.72,6.31
ord_001180,1,prod_00272,sell_0001,10/12/2018 08:31,85.73,18.33
ord_001181,1,prod_00571,sell_0219,26/06/2018 14:15,382.44,42.97
ord_001181,2,prod_00372,sell_0090,25/06/2018 14:15,56.98,7.65
ord_001182,1,prod_00401,sell_0124,21/12/2018 16:40,42.58,8.16
ord_001183,1,prod_00409,sell_0036,26/11/2018 08:28,277.91,50.02
ord_001184,1,prod_00514,sell_0140,11/01/2017 22:17,29.69,2.76
ord_001184,2,prod_00719,sell_0104,07/01/2017 22:17,69.44,5.05
ord_001185,1,prod_00070,sell_0247,01/07/2018 19:20,119.45,16.82
ord_001186,1,prod_00367,sell_0218,06/08/2017 12:51,54.63,12.13
ord_001187,1,prod_00136,sell_0151,15/11/2017 13:51,16.25,0.84
ord_001188,1,prod_00736,sell_0211,20/11/2017 17:48,195.18,27.31
ord_001189,1,prod_00516,sell_0234,22/03/2018 20:54,70.3,11.24
ord_001190,1,prod_00619,sell_0007,24/01/2017 16:57,37.53,6.66
ord_001191,1,prod_00088,sell_0147,29/09/2017 08:29,8.03,0.92
ord_001192,1,prod_00647,sell_0148,16/02/2017 13:05,98.76,17.58
ord_001192,2,prod_00244,sell_0074,16/02/2017 13:05,163.49,34.48
ord_001193,1,prod_00077,sell_0039,11/07/2018 21:48,41.18,3.1
ord_001193,2,prod_00584,sell_0197,11/07/2018 21:48,61.82,13.22
ord_001194,1,prod_00779,sell_0017,22/11/2018 19:38,85.32,20.17
ord_001195,1,prod_00290,sell_0068,06/01/2019 17:22,29.16,7.15
ord_001196,1,prod_00777,sell_0161,25/02/2018 18:58,68.2,10.01
ord_001197,1,prod_00742,sell_0074,20/10/2017 11:20,148.83,19.33
ord_001198,1,prod_00414,sell_0035,04/11/2018 09:54,47.33,3.46
ord_001199,1,prod_00118,sell_0036,28/05/2017 15:35,230.78,37.97
ord_001199,2,prod_00263,sell_0000,01/06/2017 15:35,60.93,5.28
ord_001200,1,prod_00671,sell_0018,25/12/2018 11:02,138.72,10.59
ord_001201,1,prod_00570,sell_0132,20/08/2018 20:51,60.85,3.42
ord_001202,1,prod_00597,sell_0130,09/04/2018 13:45,93.62,10.71
ord_001203,1,prod_00147,sell_0147,13/05/2017 16:38,153.94,19.26
ord_001204,1,prod_00414,sell_0164,29/01/2017 10:36,131.02,12.97
ord_001205,1,prod_00338,sell_0043,02/05/2018 10:13,22.91,4.92
ord_001205,2,prod_00016,sell_0038,02/05/2018 10:13,22.97,5.15
ord_001206,1,prod_00191,sell_0163,03/02/2018 13:12,157.93,22.98
ord_001207,1,prod_00450,sell_0077,28/10/2018 21:01,62.44,8.18
ord_001208,1,prod_00672,sell_0232,07/07/2018 21:09,77.33,11.88
ord_001209,1,prod_00039,sell_0127,13/02/2018 21:20,53.37,3.18
ord_001209,2,prod_00799,sell_0130,17/02/2018 21:20,155.86,29.27
ord_001210,1,prod_00359,sell_0067,17/09/2017 21:32,20.22,4.64
ord_001211,1,prod_00146,sell_0190,23/03/2018 15:07,86.14,12.06
ord_001212,1,prod_00673,sell_0135,19/07/2017 14:33,62.62,4.86
ord_001213,1,prod_00184,sell_0240,21/07/2018 22:15,53.21,3.53
ord_001214,1,prod_00762,sell_0169,15/06/2018 09:15,108.71,12.85
ord_001215,1,prod_00506,sell_0033,09/10/2018 11:56,110.4,25.27
ord_001216,1,prod_00752,sell_0025,02/03/2018 10:59,71.72,14.88
ord_001216,2,prod_00570,sell_0125,03/03/2018 10:59,41.96,8.66
ord_001217,1,prod_00673,sell_0065,04/11/2017 09:48,58.74,12.31
ord_001218,1,prod_00629,sell_0060,24/10/2018 14:03,56.74,7.97
ord_001219,1,prod_00717,sell_0012,06/08/2018 17:43,166.26,25.66
ord_001220,1,prod_00596,sell_0040,12/08/2018 20:10,28.41,3.08
ord_001221,1,prod_00202,sell_0206,22/04/2018 17:34,56.37,3.18
ord_001221,2,prod_00088,sell_0040,26/04/2018 17:34,47.4,5.75
ord_001222,1,prod_00291,sell_0012,17/11/2018 14:53,181.45,29.86
ord_001223,1,prod_00517,sell_0127,19/09/2017 14:22,48.9,5.26
ord_001224,1,prod_00275,sell_0143,25/01/2018 15:55,149.87,23.03
ord_001225,1,prod_00337,sell_0091,02/10/2018 21:42,138.45,13.05
ord_001226,1,prod_00430,sell_0129,17/06/2017 09:18,29.23,4.88
ord_001227,1,prod_00586,sell_0084,08/10/2018 08:05,137,21.43
ord_001228,1,prod_00137,sell_0043,20/12/2017 20:48,24.59,2.27
ord_001228,2,prod_00004,sell_0206,21/12/2017 20:48,66.54,6.86
ord_001229,1,prod_00726,sell_0078,12/06/2017 09:27,66.19,8.09
ord_001230,1,prod_00624,sell_0024,18/04/2017 12:04,128.57,7.48
ord_001231,1,prod_00566,sell_0033,31/10/2018 13:06,46,3.25
ord_001232,1,prod_00564,sell_0126,22/09/2018 19:58,101.03,23.22
ord_001233,1,prod_00229,sell_0030,11/11/2017 14:14,76.01,18.83
ord_001234,1,prod_00772,sell_0199,03/06/2017 15:57,96.23,5.31
ord_001235,1,prod_00038,sell_0231,06/10/2017 10:40,20.06,4.04
ord_001236,1,prod_00066,sell_0010,07/09/2017 09:18,16.29,1.73
ord_001237,1,prod_00177,sell_0058,28/08/2018 14:23,54.19,7.25
ord_001238,1,prod_00635,sell_0017,08/09/2017 10:46,205.72,16.83
ord_001239,1,prod_00162,sell_0116,09/09/2017 18:26,153.47,13.58
ord_001240,1,prod_00316,sell_0035,22/02/2017 14:04,73.61,7.15
ord_001241,1,prod_00553,sell_0001,04/06/2018 17:13,42.26,5.31
ord_001242,1,prod_00145,sell_0146,04/08/2018 12:51,105.54,13.03
ord_001242,2,prod_00531,sell_0038,01/08/2018 12:51,308.64,64.75
ord_001243,1,prod_00636,sell_0007,11/07/2018 17:41,8.16,1.18
ord_001243,2,prod_00462,sell_0026,13/07/2018 17:41,64.7,12.05
ord_001244,1,prod_00798,sell_0209,19/05/2018 11:30,43.12,8.47
ord_001245,1,prod_00084,sell_0128,19/12/2018 08:14,118.52,12.66
ord_001246,1,prod_00130,sell_0237,17/03/2018 20:28,46.29,9.2
ord_001247,1,prod_00559,sell_0078,08/11/2018 17:47,113.36,23.34
ord_001248,1,prod_00052,sell_0025,08/07/2018 22:04,42.85,7.99
ord_001249,1,prod_00527,sell_0205,29/04/2017 16:59,344.32,32.23
ord_001249,2,prod_00730,sell_0019,27/04/2017 16:59,15.72,3.4
ord_001250,1,prod_00169,sell_0195,11/10/2018 10:51,38.97,8.82
ord_001251,1,prod_00211,sell_0023,01/06/2018 16:19,55.73,10.82
ord_001252,1,prod_00176,sell_0013,11/07/2018 19:52,40.22,5.19
ord_001253,1,prod_00555,sell_0238,08/08/2017 10:40,132.57,11.47
ord_001254,1,prod_00253,sell_0129,19/02/2018 22:39,37.55,3.85
ord_001255,1,prod_00628,sell_0193,15/11/2018 16:08,71.36,6.01
ord_001256,1,prod_00282,sell_0016,08/09/2017 14:54,66.95,14.23
ord_001256,2,prod_00393,sell_0220,06/09/2017 14:54,109.29,5.73
ord_001257,1,prod_00231,sell_0035,06/01/2017 19:27,32.21,3.9
ord_001258,1,prod_00165,sell_0186,18/10/2017 12:48,191.89,17.17
ord_001259,1,prod_00727,sell_0242,26/03/2018 22:17,72.44,7.6
ord_001260,1,prod_00795,sell_0058,16/10/2018 20:18,101.28,7.33
ord_001261,1,prod_00026,sell_0161,04/07/2018 20:57,84.66,15.26
ord_001261,2,prod_00418,sell_0198,05/07/2018 20:57,47,11.49
ord_001262,1,prod_00545,sell_0137,30/11/2018 17:29,78.67,11.8
ord_001263,1,prod_00627,sell_0155,07/03/2018 12:03,54.4,13.46
ord_001264,1,prod_00548,sell_0199,19/01/2018 08:50,134.04,14.32
ord_001265,1,prod_00373,sell_0095,21/09/2017 17:13,69.95,5.57
ord_001266,1,prod_00289,sell_0223,10/09/2017 16:52,21.16,2.66
ord_001267,1,prod_00798,sell_0033,28/08/2018 17:54,71.83,12.62
ord_001267,2,prod_00343,sell_0176,28/08/2018 17:54,158.83,15.66
ord_001267,3,prod_00773,sell_0204,30/08/2018 17:54,29.52,3.21
ord_001268,1,prod_00358,sell_0107,20/04/2017 09:04,38.91,2.72
ord_001269,1,prod_00212,sell_0000,04/10/2017 17:34,42.22,5.74
ord_001270,1,prod_00409,sell_0134,19/11/2018 18:58,22.61,5.39
ord_001271,1,prod_00219,sell_0207,25/05/2018 09:55,33.43,5.9
ord_001272,1,prod_00519,sell_0016,09/03/2017 08:31,36.3,2.98
ord_001273,1,prod_00614,sell_0064,12/08/2018 20:40,160.6,18.67
ord_001273,2,prod_00067,sell_0047,12/08/2018 20:40,125.12,28.03
ord_001274,1,prod_00169,sell_0111,08/04/2018 11:36,136.51,7.1
ord_001275,1,prod_00028,sell_0090,02/11/2018 21:12,91.17,20.78
ord_001276,1,prod_00275,sell_0033,28/07/2018 22:39,74.57,13.84
ord_001277,1,prod_00369,sell_0172,12/01/2017 09:19,134.66,12.59
ord_001278,1,prod_00634,sell_0226,01/09/2017 20:20,85.17,6.39
ord_001279,1,prod_00736,sell_0010,16/10/2017 22:25,132.01,11.1
ord_001280,1,prod_00525,sell_0045,08/08/2018 13:51,26.59,6.36
ord_001281,1,prod_00180,sell_0086,08/04/2018 19:14,44.93,10.17
ord_001282,1,prod_00131,sell_0043,04/09/2018 19:15,77.4,8.79
ord_001283,1,prod_00666,sell_0040,13/04/2018 21:00,59.47,9.83
ord_001283,2,prod_00628,sell_0047,15/04/2018 21:00,78.59,8.73
ord_001284,1,prod_00610,sell_0038,01/12/2017 17:09,45.62,11.12
ord_001285,1,prod_00304,sell_0013,17/05/2017 18:58,21.5,1.79
ord_001286,1,prod_00375,sell_0045,27/08/2017 18:26,127.61,18.01
ord_001287,1,prod_00519,sell_0154,23/01/2018 20:11,47.22,10.85
ord_001288,1,prod_00637,sell_0187,11/05/2018 16:57,72.77,17.76
ord_001289,1,prod_00088,sell_0016,03/12/2018 13:01,126.86,23.38
ord_001289,2,prod_00226,sell_0026,05/12/2018 13:01,96.8,11.83
ord_001289,3,prod_00216,sell_0092,03/12/2018 13:01,31.63,5.26
ord_001290,1,prod_00707,sell_0102,02/10/2017 14:29,59.49,3.28
ord_001291,1,prod_00569,sell_0200,18/07/2018 20:48,42.73,3.17
ord_001292,1,prod_00247,sell_0219,12/07/2017 13:46,103.63,20.07
ord_001293,1,prod_00483,sell_0060,16/08/2018 10:11,65.49,8.51
ord_001294,1,prod_00055,sell_0069,21/01/2017 17:42,153.98,27.7
ord_001295,1,prod_00033,sell_0157,13/07/2018 20:37,53.84,3.5
ord_001296,1,prod_00533,sell_0114,20/07/2017 09:40,61.99,5.28
ord_001296,2,prod_00175,sell_0235,19/07/2017 09:40,39.04,6.37
ord_001297,1,prod_00070,sell_0167,05/08/2017 14:15,59.81,5.9
ord_001298,1,prod_00443,sell_0180,11/05/2018 13:48,159.62,18.67
ord_001299,1,prod_00072,sell_0048,06/01/2018 10:33,24.69,2.09
ord_001300,1,prod_00301,sell_0079,13/03/2018 09:43,66.69,11.17
ord_001301,1,prod_00226,sell_0044,25/11/2017 10:56,51.93,9.9
ord_001302,1,prod_00610,sell_0025,12/12/2018 21:51,138,32.49
ord_001303,1,prod_00530,sell_0114,11/11/2017 13:46,80.57,16.77
ord_001304,1,prod_00257,sell_0231,05/05/2018 10:17,80.03,11.01
ord_001305,1,prod_00753,sell_0141,04/11/2018 09:03,36.07,5.52
ord_001306,1,prod_00782,sell_0238,18/07/2018 13:34,110.43,18.9
ord_001307,1,prod_00626,sell_0096,02/12/2017 20:02,171.01,19.43
ord_001308,1,prod_00124,sell_0005,07/05/2018 14:42,238.85,53.42
ord_001309,1,prod_00694,sell_0200,22/04/2017 11:44,80.48,14.3
ord_001310,1,prod_00684,sell_0245,06/05/2018 16:33,184.11,40.55
ord_001310,2,prod_00537,sell_0189,07/05/2018 16:33,87.85,15.38
ord_001311,1,prod_00146,sell_0120,15/02/2018 09:10,36.66,9.08
ord_001312,1,prod_00386,sell_0086,09/09/2018 21:52,84.31,6.65
ord_001312,2,prod_00368,sell_0127,10/09/2018 21:52,44.94,2.39
ord_001313,1,prod_00187,sell_0004,02/11/2018 14:35,66.31,7.06
ord_001314,1,prod_00446,sell_0103,23/08/2017 16:30,96.49,18.9
ord_001315,1,prod_00028,sell_0215,26/04/2017 18:34,152.93,11.77
ord_001315,2,prod_00257,sell_0073,24/04/2017 18:34,24.83,1.39
ord_001316,1,prod_00687,sell_0236,14/01/2018 09:04,124.67,16.28
ord_001317,1,prod_00701,sell_0233,27/04/2018 20:44,68.33,5.89
ord_001318,1,prod_00230,sell_0215,03/01/2018 10:03,29.73,4.75
ord_001318,2,prod_00230,sell_0046,08/01/2018 10:03,76.46,16.9
ord_001318,3,prod_00713,sell_0190,05/01/2018 10:03,153.17,29.92
ord_001319,1,prod_00771,sell_0036,26/06/2018 11:34,139.51,32.41
ord_001319,2,prod_00213,sell_0032,26/06/2018 11:34,28.18,5.18
ord_001319,3,prod_00267,sell_0139,25/06/2018 11:34,35.83,4.93
ord_001320,1,prod_00391,sell_0155,07/04/2018 16:10,27.72,3.87
ord_001321,1,prod_00545,sell_0053,06/12/2018 10:12,211.8,51.45
ord_001322,1,prod_00730,sell_0226,01/02/2018 14:13,275.77,35.59
ord_001323,1,prod_00113,sell_0014,24/04/2017 14:00,164.71,10.23
ord_001324,1,prod_00691,sell_0056,19/11/2017 22:53,57.87,3.98
ord_001325,1,prod_00137,sell_0227,12/06/2018 13:48,221.15,36.58
ord_001326,1,prod_00503,sell_0066,14/10/2017 16:01,129.71,17.02
ord_001327,1,prod_00208,sell_0113,26/10/2017 12:03,124.38,8.98
ord_001327,2,prod_00473,sell_0240,27/10/2017 12:03,43.17,4.75
ord_001327,3,prod_00150,sell_0195,25/10/2017 12:03,99.11,10.61
ord_001328,1,prod_00470,sell_0178,10/12/2017 18:46,139.06,8.47
ord_001328,2,prod_00736,sell_0185,09/12/2017 18:46,45.92,4.28
ord_001329,1,prod_00797,sell_0093,07/09/2018 17:00,33.27,2.71
ord_001329,2,prod_00091,sell_0044,03/09/2018 17:00,28.6,3.47
ord_001329,3,prod_00284,sell_0122,07/09/2018 17:00,19.88,4.56
ord_001330,1,prod_00680,sell_0141,02/12/2018 11:28,71.43,5.92
ord_001331,1,prod_00705,sell_0028,17/12/2017 10:06,104.56,25.28
ord_001332,1,prod_00445,sell_0153,19/08/2017 12:35,72.99,4.42
ord_001333,1,prod_00231,sell_0229,05/02/2018 09:59,109.97,15.43
ord_001334,1,prod_00447,sell_0079,16/12/2017 14:10,123.87,9.4
ord_001334,2,prod_00046,sell_0188,19/12/2017 14:10,21.46,4.32
ord_001335,1,prod_00588,sell_0205,02/01/2019 08:57,43.53,10.65
ord_001336,1,prod_00004,sell_0135,10/03/2018 16:51,32.6,7.69
ord_001337,1,prod_00282,sell_0235,29/07/2018 19:59,182.01,35.67
ord_001338,1,prod_00373,sell_0106,01/12/2018 21:45,27.62,6.61
ord_001339,1,prod_00184,sell_0244,26/06/2018 20:51,76.93,6.11
ord_001340,1,prod_00593,sell_0208,07/10/2017 11:35,128.04,13.52
ord_001341,1,prod_00174,sell_0247,15/06/2018 22:52,91.91,6.92
ord_001342,1,prod_00211,sell_0229,24/01/2018 09:06,136.22,15.02
ord_001343,1,prod_00601,sell_0197,08/02/2018 11:44,92.64,11.33
ord_001344,1,prod_00265,sell_0212,28/12/2018 13:37,61.18,11.34
ord_001345,1,prod_00451,sell_0230,30/10/2017 10:03,87.87,8.62
ord_001346,1,prod_00720,sell_0093,14/03/2018 19:17,63.4,10.87
ord_001347,1,prod_00677,sell_0008,17/07/2017 08:12,51.9,2.84
ord_001348,1,prod_00623,sell_0137,07/08/2017 12:24,56.45,13.15
ord_001349,1,prod_00260,sell_0132,13/06/2018 21:11,20.92,3.62
ord_001349,2,prod_00146,sell_0225,11/06/2018 21:11,44.21,6.81
ord_001350,1,prod_00189,sell_0246,06/09/2018 17:16,344.41,76.84
ord_001351,1,prod_00473,sell_0077,30/06/2018 15:17,49.33,11.27
ord_001352,1,prod_00377,sell_0107,02/12/2017 13:35,44.92,10.15
ord_001352,2,prod_00462,sell_0011,02/12/2017 13:35,197.41,48.39
ord_001353,1,prod_00046,sell_0106,29/03/2017 16:08,73.53,13.83
ord_001354,1,prod_00338,sell_0209,14/03/2018 10:14,119.72,25.22
ord_001355,1,prod_00527,sell_0169,09/04/2018 21:19,163.77,25.57
ord_001355,2,prod_00776,sell_0176,09/04/2018 21:19,58.58,10.88
ord_001356,1,prod_00761,sell_0210,19/09/2018 16:26,173.94,20.73
ord_001356,2,prod_00765,sell_0132,17/09/2018 16:26,194.69,36.65
ord_001357,1,prod_00277,sell_0144,05/07/2018 13:02,81.18,4.89
ord_001358,1,prod_00689,sell_0130,14/11/2018 14:59,56.92,6.07
ord_001359,1,prod_00335,sell_0160,26/09/2018 22:18,65.06,6.08
ord_001360,1,prod_00584,sell_0205,26/12/2017 15:17,128.21,29.76
ord_001360,2,prod_00128,sell_0249,26/12/2017 15:17,39.86,5.58
ord_001361,1,prod_00439,sell_0027,28/06/2018 21:33,107.08,8.41
ord_001362,1,prod_00243,sell_0076,04/09/2018 21:51,24.52,3.97
ord_001363,1,prod_00132,sell_0064,14/12/2018 12:27,62.37,7.99
ord_001364,1,prod_00462,sell_0067,06/02/2018 16:14,37.39,3.44
ord_001365,1,prod_00243,sell_0075,07/07/2018 20:33,268.79,51.98
ord_001366,1,prod_00767,sell_0085,19/01/2018 11:28,67.92,13.85
ord_001366,2,prod_00173,sell_0068,20/01/2018 11:28,144.71,19.3
ord_001366,3,prod_00777,sell_0155,15/01/2018 11:28,83.32,6.42
ord_001367,1,prod_00449,sell_0176,28/08/2018 20:25,109.17,13.34
ord_001368,1,prod_00641,sell_0123,27/11/2018 18:59,43.91,10.08
ord_001369,1,prod_00722,sell_0195,27/11/2018 13:59,144.27,30.22
ord_001369,2,prod_00468,sell_0012,02/12/2018 13:59,26.42,5.02
ord_001370,1,prod_00569,sell_0104,17/07/2017 14:33,23.93,2.92
ord_001371,1,prod_00039,sell_0207,27/08/2017 19:04,73.02,15.09
ord_001372,1,prod_00136,sell_0210,11/09/2018 18:34,94.49,15.34
ord_001372,2,prod_00258,sell_0136,12/09/2018 18:34,124.31,18.8
ord_001373,1,prod_00327,sell_0077,27/06/2018 17:57,87.93,16.31
ord_001374,1,prod_00318,sell_0113,24/11/2018 15:55,47.27,3.34
ord_001375,1,prod_00638,sell_0111,25/11/2017 16:12,39,7.47
ord_001376,1,prod_00403,sell_0015,30/10/2018 17:11,37.37,8.4
ord_001377,1,prod_00501,sell_0097,28/07/2018 21:09,70.61,8.9
ord_001378,1,prod_00529,sell_0017,22/08/2017 15:49,21.45,5.24
ord_001378,2,prod_00542,sell_0222,21/08/2017 15:49,17.86,4.22
ord_001379,1,prod_00017,sell_0168,14/06/2017 08:29,140.34,30.98
ord_001380,1,prod_00059,sell_0099,10/08/2018 15:20,51.3,4.16
ord_001380,2,prod_00511,sell_0139,10/08/2018 15:20,73.42,12.35
ord_001381,1,prod_00776,sell_0119,13/07/2017 18:19,122.83,10.63
ord_001382,1,prod_00150,sell_0147,04/10/2018 13:16,68.56,16.24
ord_001383,1,prod_00204,sell_0061,10/05/2018 17:52,119.44,20.99
ord_001384,1,prod_00188,sell_0062,17/03/2018 10:24,101.04,21.19
ord_001384,2,prod_00278,sell_0087,19/03/2018 10:24,39.8,4.42
ord_001385,1,prod_00226,sell_0008,30/10/2017 11:14,91.45,7.09
ord_001386,1,prod_00212,sell_0179,27/12/2018 22:42,187.92,16.12
ord_001387,1,prod_00393,sell_0080,22/08/2018 22:38,183.17,10.09
ord_001388,1,prod_00664,sell_0088,24/09/2018 17:42,330.34,35.22
ord_001388,2,prod_00632,sell_0226,22/09/2018 17:42,65.57,8.24
ord_001389,1,prod_00362,sell_0037,14/09/2018 17:49,66.7,15.99
ord_001389,2,prod_00219,sell_0185,15/09/2018 17:49,82.96,10.31
ord_001390,1,prod_00234,sell_0145,31/05/2018 12:06,32.1,3.6
ord_001391,1,prod_00005,sell_0180,06/12/2018 15:00,114.06,6.89
ord_001391,2,prod_00384,sell_0124,04/12/2018 15:00,38.07,4.58
ord_001391,,prod_00707,,05/12/2018 15:00,64.21,11.07
ord_001392,1,prod_00735,sell_0116,30/05/2018 08:03,65.07,15.24
ord_001393,1,prod_00682,sell_0199,18/04/2018 09:42,40.42,8.13
ord_001394,1,prod_00447,sell_0034,27/10/2017 16:56,65.56,11.45
ord_001395,1,prod_00508,sell_0095,04/11/2017 12:19,46.65,9.85
ord_001396,1,prod_00356,,,57.02,8.27
ord_001396,2,prod_00208,sell_0120,27/08/2018 15:46,,17.03
ord_001397,1,prod_00393,sell_0235,04/12/2017 21:43,95.68,13.1
ord_001398,1,prod_00460,sell_0245,26/08/2018 15:58,20.67,2.97
ord_001399,1,prod_00460,sell_0060,12/12/2018 10:28,31.35,
ord_001400,1,prod_00225,sell_0106,21/02/2018 11:09,48.5,9.74
ord_001401,1,prod_00528,sell_0199,11/05/2017 13:45,44.5,5.36
ord_001402,1,prod_00748,sell_0089,17/07/2018 12:49,57.37,5.68
ord_001403,1,prod_00218,sell_0197,20/01/2017 17:42,36.33,
ord_001404,1,prod_00278,sell_0027,,59.48,6.5
ord_001405,1,,sell_0236,22/04/2018 11:22,69.29,8.98
ord_001406,,prod_00542,sell_0047,31/03/2018 19:41,77.4,8.98
ord_001407,1,,sell_0132,18/05/2018 12:15,77.33,5.74
ord_001407,2,prod_00560,sell_0020,,90.31,19.78
ord_001408,1,prod_00235,sell_0226,15/04/2018 14:26,179.61,13.93
ord_001409,1,prod_00417,sell_0100,02/12/2017 08:14,106.11,
ord_001410,1,prod_00769,sell_0143,04/11/2017 10:09,61.36,8.04
ord_001411,1,prod_00358,sell_0136,04/02/2018 13:02,104.39,12.2
ord_001412,1,prod_00696,sell_0211,24/11/2018 18:40,98.67,21.66
ord_001413,1,prod_00539,sell_0217,20/06/2017 11:52,54.08,8.16
ord_001414,1,prod_00682,sell_0099,30/11/2017 16:18,82.53,8.7
ord_001415,1,prod_00388,sell_0126,17/08/2017 10:25,208.38,13.94
ord_001416,1,prod_00307,sell_0012,14/02/2018 22:00,25.19,1.56
ord_001417,1,prod_00766,sell_0127,19/06/2017 08:24,218.04,14.89
ord_001418,1,prod_00422,sell_0211,,,
ord_001419,1,prod_00162,sell_0185,21/05/2017 19:34,40.7,6.47
ord_001420,1,prod_00528,sell_0024,,48.86,5.78
ord_001421,1,,sell_0246,26/10/2017 10:30,13.31,0.78
ord_001421,,prod_00286,sell_0118,25/10/2017 10:30,57.32,3.2
,1,prod_00337,sell_0026,16/03/2018 17:40,54.9,3.27
ord_001423,1,prod_00658,sell_0178,23/08/2017 20:42,110.93,9.12
ord_001424,1,prod_00483,sell_0051,27/08/2018 17:09,28.17,5.18
ord_001424,2,prod_00444,sell_0157,25/08/2018 17:09,33.46,2.83
ord_001425,1,prod_00538,sell_0023,11/12/2018 12:20,134.71,30.87
ord_001426,1,prod_00665,sell_0188,12/09/2017 13:06,19.23,2.92
ord_001427,1,prod_00450,sell_0101,09/12/2018 09:26,24.81,3.87
ord_001427,2,prod_00620,sell_0069,14/12/2018 09:26,148.61,32.48
ord_001428,1,prod_00133,sell_0244,30/11/2017 18:53,84.35,4.38
ord_001429,1,prod_00624,sell_0019,15/05/2018 22:28,66.69,15.24
ord_001430,1,prod_00083,sell_0039,10/08/2018 21:27,37.22,2.14
ord_001431,1,prod_00505,sell_0051,23/08/2017 15:12,65.13,4.67
ord_001432,1,prod_00143,sell_0128,24/02/2018 17:18,47.99,6.45
ord_001433,1,prod_00652,sell_0044,10/04/2017 15:56,178.58,34.81
ord_001433,2,prod_00299,sell_0184,06/04/2017 15:56,277.36,32.08
ord_001434,1,prod_00590,sell_0127,05/08/2018 16:18,113.32,7.66
ord_001435,1,prod_00255,sell_0236,03/02/2018 18:43,80.94,5.77
ord_001436,1,prod_00131,sell_0148,24/11/2018 17:02,73.99,13.3
ord_001437,1,prod_00392,sell_0114,30/10/2017 11:07,57.85,10.62
ord_001437,2,prod_00452,sell_0123,27/10/2017 11:07,86.2,10.5
ord_001438,1,prod_00141,sell_0177,03/12/2018 22:18,72.29,6.24
ord_001439,1,prod_00643,sell_0081,28/06/2017 15:54,280.54,32.33
ord_001440,1,prod_00518,sell_0205,15/06/2018 22:13,93.33,5.85
ord_001441,1,prod_00155,sell_0190,27/11/2017 20:43,53.63,11.15
ord_001442,1,prod_00086,sell_0107,06/08/2017 17:10,35.69,4.82
ord_001442,2,prod_00761,sell_0174,07/08/2017 17:10,79.45,11.68
ord_001443,1,prod_00095,sell_0207,10/05/2017 18:36,176.74,25.49
ord_001444,1,prod_00259,sell_0155,15/07/2018 14:35,87.98,5.1
ord_001445,1,prod_00121,sell_0201,24/09/2017 11:37,143.89,8.93
ord_001446,1,prod_00092,sell_0137,23/05/2018 10:17,67.64,6.44
ord_001447,1,prod_00120,sell_0133,26/12/2018 15:09,48.86,7.55
ord_001448,1,prod_00614,sell_0239,29/11/2017 21:53,84.65,20.32
ord_001449,1,prod_00204,sell_0101,26/02/2017 15:34,56.79,7.36
ord_001450,1,prod_00264,sell_0073,27/06/2017 12:12,44.79,9.45
ord_001451,1,prod_00486,sell_0012,04/06/2017 22:24,95.71,7.92
ord_001452,1,prod_00766,sell_0090,11/03/2018 22:04,82.26,16.97
ord_001453,1,prod_00269,sell_0023,03/09/2018 09:28,100.82,10.23
ord_001454,1,prod_00478,sell_0198,19/11/2017 19:25,177.25,27.83
ord_001455,1,prod_00244,sell_0071,04/07/2017 20:07,51.26,5.33
ord_001456,1,prod_00381,sell_0138,06/07/2018 20:26,31.57,2.2
ord_001457,1,prod_00140,sell_0184,20/11/2017 12:38,19.57,4.75
ord_001458,1,prod_00223,sell_0200,24/05/2018 19:55,88.21,15.68
ord_001459,1,prod_00314,sell_0054,04/12/2018 09:42,105.21,6.68
ord_001459,2,prod_00770,sell_0052,02/12/2018 09:42,269.4,32.51
ord_001460,1,prod_00443,sell_0209,14/11/2017 12:30,47.28,11.43
ord_001460,2,prod_00593,sell_0014,11/11/2017 12:30,71.16,6.5
ord_001461,1,prod_00190,sell_0211,14/04/2018 14:46,175.15,17.29
ord_001461,2,prod_00037,sell_0111,10/04/2018 14:46,48.27,8.36
ord_001462,1,prod_00207,sell_0042,11/10/2018 13:16,88.65,8.46
ord_001463,1,prod_00683,sell_0199,03/08/2018 15:40,46.63,7.72
ord_001463,2,prod_00483,sell_0011,04/08/2018 15:40,75.92,18.27
ord_001464,1,prod_00779,sell_0063,08/09/2018 20:00,47.42,11.2
ord_001465,1,prod_00233,sell_0077,17/09/2018 16:04,138.9,22.77
ord_001466,1,prod_00335,sell_0199,28/04/2018 17:37,171.86,27.01
ord_001467,1,prod_00466,sell_0217,27/04/2018 20:11,55.19,9.23
ord_001468,1,prod_00318,sell_0042,22/08/2018 19:41,47.84,8.35
ord_001469,1,prod_00107,sell_0122,05/08/2018 17:38,141.67,26.99
ord_001470,1,prod_00206,sell_0046,22/07/2018 16:03,11.65,2.41
ord_001471,1,prod_00793,sell_0026,10/01/2018 20:23,68.8,14.77
ord_001471,2,prod_00788,sell_0141,07/01/2018 20:23,75.1,16.41
ord_001472,1,prod_00773,sell_0139,23/10/2018 09:36,52.35,11.7
ord_001472,2,prod_00226,sell_0164,22/10/2018 09:36,29,3.01
ord_001473,1,prod_00135,sell_0053,27/09/2017 22:42,40.91,5.54
ord_001474,1,prod_00318,sell_0208,14/07/2017 11:48,73.86,5.61
ord_001475,1,prod_00514,sell_0205,10/12/2017 20:19,124.42,6.42
ord_001475,2,prod_00023,sell_0061,12/12/2017 20:19,79.78,7.86
ord_001475,3,prod_00603,sell_0093,12/12/2017 20:19,171.76,36.55
ord_001476,1,prod_00379,sell_0206,10/10/2017 15:50,96.75,10.12
ord_001477,1,prod_00242,sell_0245,17/07/2018 10:21,49.64,4.29
ord_001477,2,prod_00061,sell_0068,16/07/2018 10:21,46.83,6.61
ord_001477,3,prod_00178,sell_0135,19/07/2018 10:21,207.8,40.94
ord_001478,1,prod_00008,sell_0101,20/09/2017 14:00,78.88,7.86
ord_001479,1,prod_00232,sell_0071,13/07/2018 10:36,69.63,15.45
ord_001480,1,prod_00185,sell_0245,13/04/2018 11:14,50.21,6.16
ord_001480,2,prod_00784,sell_0210,11/04/2018 11:14,60.88,3.96
ord_001481,1,prod_00172,sell_0000,10/07/2017 12:07,84.64,17.84
ord_001482,1,prod_00097,sell_0140,18/10/2017 17:15,67.91,10.12
ord_001483,1,prod_00287,sell_0201,20/04/2018 17:49,112.12,6.4
ord_001484,1,prod_00258,sell_0175,27/08/2018 15:54,25.66,4.84
ord_001485,1,prod_00606,sell_0249,21/01/2018 10:57,29.82,4.33
ord_001486,1,prod_00266,sell_0162,21/09/2017 12:18,44.09,3.33
ord_001487,1,prod_00319,sell_0172,13/11/2017 22:27,26.28,2.29
ord_001487,2,prod_00770,sell_0157,18/11/2017 22:27,64.17,10.07
ord_001488,1,prod_00679,sell_0015,11/05/2017 19:48,112.94,10.72
ord_001489,1,prod_00167,sell_0164,09/02/2017 14:19,102.77,10.65
ord_001490,1,prod_00435,sell_0111,21/12/2018 15:23,142.63,24.2
ord_001491,1,prod_00037,sell_0073,13/05/2017 14:14,97.11,11.37
ord_001492,1,prod_00514,sell_0121,13/06/2017 21:34,46.57,10.22
ord_001492,2,prod_00025,sell_0199,08/06/2017 21:34,65.57,12.44
ord_001493,1,prod_00297,sell_0057,14/11/2018 19:39,68.08,4.56
ord_001493,2,prod_00186,sell_0044,12/11/2018 19:39,100.26,5.57
ord_001493,3,prod_00295,sell_0165,10/11/2018 19:39,21.05,1.63
ord_001494,1,prod_00121,sell_0210,18/07/2018 13:19,76.06,15.72
ord_001495,1,prod_00578,sell_0152,21/02/2018 22:01,28.02,1.74
ord_001496,1,prod_00634,sell_0248,08/07/2018 12:44,292.28,19.47
ord_001497,1,prod_00032,sell_0094,02/12/2018 16:36,151.62,34.3
ord_001498,1,prod_00754,sell_0042,13/05/2017 08:13,222.79,43.49
ord_001498,2,prod_00776,sell_0122,14/05/2017 08:13,30.1,4.3
ord_001499,1,prod_00414,sell_0103,05/10/2017 16:18,293.85,71.75
ord_001500,1,prod_00113,sell_0191,04/11/2018 15:57,24.74,3.97
ord_001500,2,prod_00097,sell_0176,07/11/2018 15:57,327.33,51.05
ord_001501,1,prod_00780,sell_0145,24/09/2018 17:37,61.82,6.95
ord_001501,2,prod_00696,sell_0228,22/09/2018 17:37,196.57,27.89
ord_001502,1,prod_00411,sell_0084,31/12/2018 10:35,154.35,16.39
ord_001503,1,prod_00117,sell_0204,24/11/2017 22:38,106.75,18.35
ord_001504,1,prod_00240,sell_0128,10/12/2018 19:57,28.87,5.15
ord_001505,1,prod_00650,sell_0039,14/12/2017 21:20,125.6,19.99
ord_001505,2,prod_00048,sell_0036,11/12/2017 21:20,1024.26,182.57
ord_001506,1,prod_00266,sell_0087,20/08/2018 12:16,22.17,4.31
ord_001506,2,prod_00193,sell_0181,20/08/2018 12:16,396.66,39.7
ord_001507,1,prod_00611,sell_0161,16/11/2018 19:22,39.01,5.62
ord_001508,1,prod_00736,sell_0127,26/07/2017 20:48,42.68,5.97
ord_001509,1,prod_00173,sell_0024,01/09/2017 17:07,81.37,6.24
ord_001510,1,prod_00501,sell_0000,28/05/2018 18:12,22.14,2.67
ord_001511,1,prod_00677,sell_0023,28/10/2018 16:13,52.4,5.05
ord_001511,2,prod_00522,sell_0190,27/10/2018 16:13,50.77,10.67
ord_001512,1,prod_00236,sell_0002,23/04/2017 08:38,45.09,4.13
ord_001513,1,prod_00657,sell_0229,30/10/2018 14:38,51.02,6.59
ord_001514,1,prod_00487,sell_0239,13/12/2017 15:22,138.31,18.74
ord_001515,1,prod_00579,sell_0183,28/01/2018 08:16,100.33,20.45
ord_001516,1,prod_00360,sell_0005,11/12/2017 21:45,26.27,4.63
ord_001516,2,prod_00603,sell_0247,11/12/2017 21:45,36.24,7.42
ord_001516,3,prod_00036,sell_0226,09/12/2017 21:45,89.88,11.41
ord_001517,1,prod_00102,sell_0239,30/11/2018 14:01,110.47,16.78
ord_001518,1,prod_00406,sell_0055,20/06/2017 22:44,108.47,20.55
ord_001519,1,prod_00009,sell_0059,24/05/2018 08:12,347.84,66.06
ord_001520,1,prod_00083,sell_0240,05/07/2017 10:54,141.69,15.02
ord_001521,1,prod_00369,sell_0030,30/11/2018 22:24,64.48,9.32
ord_001521,2,prod_00174,sell_0012,30/11/2018 22:24,136.83,12.28
ord_001522,1,prod_00129,sell_0237,06/10/2018 10:38,49.61,12.36
ord_001523,1,prod_00272,sell_0222,23/09/2017 12:07,167.32,21.75
ord_001524,1,prod_00168,sell_0160,17/11/2017 11:15,127.74,30.32
ord_001525,1,prod_00112,sell_0126,09/01/2018 08:42,166.99,24.18
ord_001526,1,prod_00538,sell_0053,28/01/2018 13:33,154.09,22.88
ord_001526,2,prod_00062,sell_0080,30/01/2018 13:33,374.93,52.27
ord_001527,1,prod_00516,sell_0181,15/10/2018 16:46,53.13,6.4
ord_001528,1,prod_00643,sell_0225,18/05/2018 19:33,40.04,2.32
ord_001529,1,prod_00142,sell_0106,10/02/2018 20:34,133.81,12.01
ord_001530,1,prod_00793,sell_0015,22/08/2018 08:51,58.78,14.08
ord_001530,2,prod_00028,sell_0239,19/08/2018 08:51,86.22,4.97
ord_001531,1,prod_00190,sell_0161,04/03/2018 19:25,438.27,86.1
ord_001531,2,prod_00025,sell_0153,04/03/2018 19:25,150.44,26.48
ord_001532,1,prod_00175,sell_0078,16/06/2017 13:53,32.09,3.79
ord_001533,1,prod_00578,sell_0146,24/05/2017 14:22,48.84,4.39
ord_001534,1,prod_00064,sell_0149,29/11/2017 18:19,20.45,4.11
ord_001535,1,prod_00491,sell_0132,11/06/2018 14:46,56.48,10.43
ord_001536,1,prod_00574,sell_0031,23/06/2017 11:00,163.1,8.57
ord_001536,2,prod_00036,sell_0028,24/06/2017 11:00,108.28,12.24
ord_001537,1,prod_00500,sell_0215,06/05/2018 13:10,66.98,9.81
ord_001538,1,prod_00537,sell_0093,24/10/2017 13:04,174.94,18.12
ord_001539,1,prod_00297,sell_0159,04/08/2018 16:30,121.21,18.1
ord_001540,1,prod_00773,sell_0220,14/02/2017 12:37,80.32,11.9
ord_001541,1,prod_00500,sell_0072,15/03/2018 10:00,73.07,5.79
ord_001542,1,prod_00576,sell_0117,16/03/2017 15:09,76.52,7.14
ord_001543,1,prod_00517,sell_0201,02/12/2017 20:18,20.07,4.83
ord_001544,1,prod_00097,sell_0107,29/01/2017 14:17,33.49,6.17
ord_001545,1,prod_00447,sell_0108,12/03/2018 14:05,94.14,9.68
ord_001546,1,prod_00357,sell_0062,19/09/2018 22:10,121.93,6.46
ord_001546,2,prod_00303,sell_0080,19/09/2018 22:10,72.33,7.81
ord_001546,3,prod_00473,sell_0148,15/09/2018 22:10,190.43,42.86
ord_001547,1,prod_00188,sell_0239,14/05/2017 13:50,63.01,12.39
ord_001548,1,prod_00499,sell_0034,27/08/2018 14:42,95.08,6.51
ord_001549,1,prod_00102,sell_0191,31/05/2018 09:17,100.4,12.37
ord_001550,1,prod_00042,sell_0115,07/04/2018 19:15,14.27,2.33
ord_001551,1,prod_00050,sell_0246,10/06/2018 14:04,153.19,22.99
ord_001552,1,prod_00787,sell_0115,04/12/2017 15:20,69.96,13.57
ord_001553,1,prod_00169,sell_0092,15/08/2018 20:23,38.92,5.78
ord_001553,2,prod_00674,sell_0051,15/08/2018 20:23,102,8.19
ord_001554,1,prod_00656,sell_0009,21/09/2018 20:54,65.31,6.14
ord_001555,1,prod_00596,sell_0063,24/09/2018 20:44,56.45,9.81
ord_001556,1,prod_00324,sell_0158,25/10/2017 16:28,39.7,5.84
ord_001557,1,prod_00490,sell_0112,10/07/2018 09:08,45.19,2.45
ord_001558,1,prod_00164,sell_0240,07/07/2017 13:39,40.8,9.72
ord_001559,1,prod_00297,sell_0064,04/04/2018 08:56,179.7,24.94
ord_001560,1,prod_00019,sell_0142,10/01/2017 22:04,214.41,34.7
ord_001561,1,prod_00530,sell_0109,16/08/2017 09:50,44.18,6.55
ord_001562,1,prod_00640,sell_0213,27/06/2018 10:10,29.7,2.76
ord_001563,1,prod_00593,sell_0226,16/11/2018 10:42,226.09,41.91
ord_001564,1,prod_00791,sell_0104,15/03/2017 09:11,22.51,2.11
ord_001565,1,prod_00508,sell_0100,15/05/2018 13:36,108.04,7.17
ord_001565,2,prod_00414,sell_0079,14/05/2018 13:36,83.13,15.96
ord_001566,1,prod_00456,sell_0019,30/06/2018 22:14,198.27,35.84
ord_001567,1,prod_00594,sell_0065,02/12/2018 11:32,71.54,8.79
ord_001568,1,prod_00727,sell_0031,11/07/2018 14:36,59.44,9.98
ord_001569,1,prod_00763,sell_0102,19/05/2017 11:37,90.08,11.14
ord_001570,1,prod_00449,sell_0190,05/07/2017 21:40,49.13,9.21
ord_001571,1,prod_00514,sell_0009,30/06/2018 19:04,44.8,5.68
ord_001572,1,prod_00345,sell_0061,08/09/2017 21:42,50.43,3.65
ord_001573,1,prod_00557,sell_0170,04/12/2018 17:09,209.1,47.83
ord_001573,2,prod_00692,sell_0196,03/12/2018 17:09,74.99,4.83
ord_001574,1,prod_00043,sell_0171,29/11/2018 16:40,248.13,33.2
ord_001575,1,prod_00048,sell_0007,08/12/2018 17:07,95.69,11.97
ord_001576,1,prod_00359,sell_0142,11/11/2017 08:28,76.03,15.23
ord_001577,1,prod_00579,sell_0083,16/08/2018 18:23,34.06,5.25
ord_001578,1,prod_00720,sell_0001,16/07/2018 18:58,284.47,28.79
ord_001579,1,prod_00600,sell_0153,22/02/2017 21:37,50.98,2.63
ord_001580,1,prod_00072,sell_0210,24/10/2017 18:05,167.52,28.16
ord_001581,1,prod_00164,sell_0036,31/08/2017 09:42,285.75,26.19
ord_001582,1,prod_00274,sell_0133,04/01/2018 20:11,66.92,4.71
ord_001582,2,prod_00373,sell_0216,02/01/2018 20:11,157.78,31.51
ord_001583,1,prod_00224,sell_0231,09/12/2018 16:17,30.38,2.96
ord_001584,1,prod_00169,sell_0205,29/10/2018 09:22,62.49,4.17
ord_001585,1,prod_00309,sell_0228,13/11/2017 14:46,136.6,24.21
ord_001586,1,prod_00243,sell_0101,26/04/2018 20:56,60.3,12.19
ord_001586,2,prod_00506,sell_0146,27/04/2018 20:56,77.96,10.49
ord_001587,1,prod_00552,sell_0161,17/08/2017 09:55,49.8,11.19
ord_001587,2,prod_00635,sell_0019,17/08/2017 09:55,67.11,11.54
ord_001588,1,prod_00401,sell_0001,02/11/2017 15:10,98.72,16.06
ord_001589,1,prod_00246,sell_0247,01/04/2017 17:03,60.14,6.08
ord_001589,2,prod_00193,sell_0208,03/04/2017 17:03,126.03,19.71
ord_001590,1,prod_00798,sell_0002,04/07/2018 14:49,76.12,7.95
ord_001591,1,prod_00622,sell_0200,14/07/2018 22:17,199.13,11.43
ord_001592,1,prod_00793,sell_0166,25/10/2018 10:34,78.37,17.61
ord_001593,1,prod_00508,sell_0090,10/11/2018 10:58,31.86,7.8
ord_001594,1,prod_00164,sell_0189,17/07/2017 12:11,222.7,22.95
ord_001595,1,prod_00515,sell_0245,31/08/2018 11:22,56.46,11.54
ord_001595,2,prod_00286,sell_0210,31/08/2018 11:22,193.46,40.48
ord_001596,1,prod_00601,sell_0008,21/06/2017 19:52,22.05,1.16
ord_001596,2,prod_00138,sell_0068,21/06/2017 19:52,407.65,45.76
ord_001597,1,prod_00505,sell_0182,01/01/2018 19:38,297.07,66.78
ord_001598,1,prod_00228,sell_0029,13/04/2018 12:56,35.87,7.34
ord_001599,1,prod_00765,sell_0003,17/03/2017 22:37,139.85,14.91
ord_001600,1,prod_00152,sell_0031,12/07/2017 19:18,156.19,14.28
ord_001600,2,prod_00781,sell_0128,14/07/2017 19:18,1379.91,98.39
ord_001601,1,prod_00390,sell_0119,27/10/2017 14:48,98.52,8.11
ord_001602,1,prod_00537,sell_0232,12/06/2017 14:45,17.19,3.93
ord_001602,2,prod_00686,sell_0014,16/06/2017 14:45,111.56,16.33
ord_001603,1,prod_00632,sell_0002,02/12/2018 20:56,76.18,15.95
ord_001604,1,prod_00205,sell_0173,09/11/2017 12:28,135.24,8.66
ord_001605,1,prod_00762,sell_0226,06/04/2018 13:30,74.13,7.51
ord_001606,1,prod_00465,sell_0090,01/01/2019 19:19,161.65,33.33
ord_001606,2,prod_00488,sell_0053,03/01/2019 19:19,57.73,3.56
ord_001606,3,prod_00595,sell_0190,04/01/2019 19:19,88.63,19.46
ord_001607,1,prod_00363,sell_0160,18/05/2018 11:16,43.36,4.67
ord_001608,1,prod_00539,sell_0219,02/02/2018 19:59,80.45,19.2
ord_001608,2,prod_00609,sell_0103,31/01/2018 19:59,84.52,13.03
ord_001609,1,prod_00767,sell_0036,29/11/2018 09:58,107.48,13.7
ord_001610,1,prod_00278,sell_0097,15/09/2017 08:31,69.6,3.66
ord_001610,2,prod_00564,sell_0076,17/09/2017 08:31,52.45,3.75
ord_001611,1,prod_00616,sell_0159,07/08/2017 10:57,146.22,13.24
ord_001612,1,prod_00037,sell_0197,25/04/2018 19:21,40.26,3.03
ord_001613,1,prod_00208,sell_0192,11/02/2018 18:50,136.76,24.82
ord_001614,1,prod_00319,sell_0207,01/10/2018 11:38,54.42,13.33
ord_001615,1,prod_00794,sell_0157,05/03/2017 12:43,46.66,9.78
ord_001616,1,prod_00125,sell_0197,21/06/2018 16:43,54.01,13.1
ord_001617,1,prod_00231,sell_0093,12/08/2018 17:38,32.93,4.74
ord_001618,1,prod_00704,sell_0131,21/12/2018 09:51,55.76,5.82
ord_001619,1,prod_00212,sell_0011,02/07/2017 10:23,55.26,11.68
ord_001620,1,prod_00200,sell_0052,08/10/2017 15:50,45.03,2.44
ord_001621,1,prod_00278,sell_0197,04/12/2018 17:11,74.66,12.71
ord_001622,1,prod_00780,sell_0108,30/06/2018 12:11,25.36,5.95
ord_001623,1,prod_00224,sell_0008,26/02/2017 16:43,157.26,29.6
ord_001624,1,prod_00632,sell_0162,16/04/2017 18:45,60.4,7.59
ord_001625,1,prod_00175,sell_0137,29/09/2018 18:54,157.38,30.56
ord_001626,1,prod_00322,sell_0125,17/05/2018 21:16,164.57,16.7
ord_001627,1,prod_00597,sell_0230,15/05/2018 12:03,105.11,10.91
ord_001628,1,prod_00190,sell_0173,20/11/2018 12:30,82.57,12.87
ord_001629,1,prod_00354,sell_0220,03/10/2017 17:52,63.96,8.09
ord_001630,1,prod_00011,sell_0161,20/07/2017 16:58,150.05,19.99
ord_001630,2,prod_00666,sell_0014,15/07/2017 16:58,244,47.54
ord_001630,3,prod_00780,sell_0123,18/07/2017 16:58,75.79,11.96
ord_001631,1,prod_00172,sell_0210,18/06/2018 16:51,622.15,145.59
ord_001632,1,prod_00237,sell_0151,18/11/2018 20:29,67.56,4.21
ord_001633,1,prod_00766,sell_0053,22/10/2017 21:51,267.27,33.5
ord_001634,1,prod_00141,sell_0160,29/07/2018 12:12,37.3,8.78
ord_001635,1,prod_00096,sell_0232,10/07/2017 09:55,49.3,10.38
ord_001636,1,prod_00531,sell_0012,28/07/2017 14:34,36.49,4.22
ord_001636,2,prod_00284,sell_0180,28/07/2017 14:34,133.48,31.38
ord_001637,1,prod_00747,sell_0042,23/11/2018 12:23,156.97,30.39
ord_001638,1,prod_00560,sell_0014,05/06/2017 14:34,66.95,16.49
ord_001639,1,prod_00425,sell_0006,11/02/2017 10:47,160.83,28.87
ord_001639,2,prod_00294,sell_0231,12/02/2017 10:47,80.38,6.91
ord_001640,1,prod_00028,sell_0190,22/09/2018 13:14,157.64,10.55
ord_001641,1,prod_00493,sell_0066,25/12/2017 08:06,200.33,28.12
ord_001642,1,prod_00232,sell_0082,21/01/2018 12:43,137.38,30.15
ord_001643,1,prod_00079,sell_0042,02/10/2018 20:57,50.44,6.25
ord_001644,1,prod_00205,sell_0212,06/08/2017 12:38,41.5,8.19
ord_001645,1,prod_00676,sell_0102,11/07/2018 12:08,66.5,7.54
ord_001646,1,prod_00455,sell_0176,28/11/2017 16:38,41.3,10.2
ord_001646,2,prod_00153,sell_0151,25/11/2017 16:38,19.67,1.47
ord_001647,1,prod_00627,sell_0130,19/05/2017 19:06,65.06,6.43
ord_001647,2,prod_00616,sell_0025,18/05/2017 19:06,50.87,7.64
ord_001648,1,prod_00195,sell_0078,30/07/2018 19:18,235.1,45.02
ord_001649,1,prod_00405,sell_0222,27/11/2017 12:01,58.15,10.6
ord_001649,2,prod_00000,sell_0230,01/12/2017 12:01,332.56,64.25
ord_001650,1,prod_00688,sell_0199,11/11/2018 11:29,44.99,6.04
ord_001650,2,prod_00517,sell_0071,10/11/2018 11:29,51.74,6.93
ord_001651,1,prod_00439,sell_0008,27/11/2018 10:19,106.81,10.69
ord_001652,1,prod_00675,sell_0217,29/10/2018 15:05,39.39,8.53
ord_001652,2,prod_00751,sell_0066,01/11/2018 15:05,21.44,3.9
ord_001653,1,prod_00158,sell_0047,27/11/2017 21:18,45.12,6.14
ord_001654,1,prod_00299,sell_0006,28/09/2017 19:38,41.47,9.19
ord_001655,1,prod_00221,sell_0064,21/11/2018 19:17,28.94,4.67
ord_001655,2,prod_00334,sell_0158,23/11/2018 19:17,123.22,29.5
ord_001656,1,prod_00140,sell_0059,01/03/2018 10:08,154.3,28.78
ord_001657,1,prod_00375,sell_0021,13/08/2018 11:32,83.44,16.53
ord_001658,1,prod_00557,sell_0189,21/10/2018 17:45,351.36,46.44
ord_001658,2,prod_00247,sell_0239,22/10/2018 17:45,44.62,9.69
ord_001659,1,prod_00714,sell_0046,01/11/2017 22:49,54.66,11.11
ord_001660,1,prod_00500,sell_0058,07/06/2017 13:28,49.35,7.87
ord_001661,1,prod_00770,sell_0079,23/06/2018 22:42,95.79,9.02
ord_001662,1,prod_00014,sell_0056,04/06/2018 14:49,113.27,18.05
ord_001663,1,prod_00495,sell_0242,28/10/2017 10:40,36.4,8.71
ord_001664,1,prod_00027,sell_0072,01/06/2018 22:31,100.45,17.24
ord_001665,1,prod_00029,sell_0138,02/10/2018 17:03,94.57,14.65
ord_001666,1,prod_00167,sell_0020,19/12/2017 17:17,95.3,8.97
ord_001667,1,prod_00099,sell_0169,03/10/2017 22:19,136.56,9.2
ord_001668,1,prod_00227,sell_0242,21/08/2018 12:23,23.24,5.35
ord_001668,2,prod_00312,sell_0240,22/08/2018 12:23,86.63,19.58
ord_001669,1,prod_00520,sell_0187,26/09/2018 18:57,86.15,5.01
ord_001669,2,prod_00148,sell_0004,26/09/2018 18:57,128.82,30.3
ord_001670,1,prod_00253,sell_0042,15/12/2018 13:12,105.98,5.34
ord_001671,1,prod_00479,sell_0012,02/07/2017 19:32,40.73,2.92
ord_001671,2,prod_00206,sell_0147,04/07/2017 19:32,80.72,12.16
ord_001672,1,prod_00763,sell_0156,22/11/2018 14:59,151.15,25.7
ord_001673,1,prod_00546,sell_0243,15/09/2018 15:37,42.26,3.24
ord_001673,2,prod_00637,sell_0235,18/09/2018 15:37,84.53,7.36
ord_001674,1,prod_00201,sell_0045,09/08/2018 22:12,221.87,23.29
ord_001675,1,prod_00256,sell_0223,29/11/2017 21:57,146.26,30.58
ord_001676,1,prod_00050,sell_0141,09/02/2017 15:20,217.54,29.3
ord_001677,1,prod_00005,sell_0064,07/04/2018 10:02,113.66,9.59
ord_001677,2,prod_00124,sell_0004,09/04/2018 10:02,67.11,13.73
ord_001678,1,prod_00567,sell_0085,09/11/2017 22:25,274.37,16.49
ord_001679,1,prod_00075,sell_0008,11/11/2017 18:14,33.78,3.52
ord_001680,1,prod_00120,sell_0014,29/11/2018 12:49,36.84,8.89
ord_001681,1,prod_00704,sell_0136,11/07/2017 17:13,23.87,5.31
ord_001681,2,prod_00405,sell_0150,07/07/2017 17:13,36.78,3.16
ord_001682,1,prod_00428,sell_0137,04/12/2018 08:49,35.15,3.77
ord_001683,1,prod_00787,sell_0214,05/04/2018 09:02,38.95,3.1
ord_001684,1,prod_00664,sell_0227,25/10/2018 12:55,418.09,58.65
ord_001685,1,prod_00240,sell_0177,05/11/2017 17:02,110.99,15.93
ord_001686,1,prod_00264,sell_0001,01/07/2018 21:56,29.69,7.25
ord_001687,1,prod_00641,sell_0019,11/05/2018 18:04,95.93,9.71
ord_001687,2,prod_00653,sell_0092,13/05/2018 18:04,163.48,35.02
ord_001688,1,prod_00072,sell_0108,28/11/2018 08:52,145.76,16.95
ord_001689,1,prod_00534,sell_0050,05/08/2017 20:49,68.8,6.34
ord_001690,1,prod_00121,sell_0054,29/08/2017 15:35,65.49,7.14
ord_001691,1,prod_00752,sell_0220,10/12/2018 10:02,74.88,13.13
ord_001692,1,prod_00580,sell_0006,11/05/2017 11:37,262.5,57.73
ord_001693,1,prod_00059,sell_0146,30/06/2018 14:37,53.85,4.98
ord_001694,1,prod_00513,sell_0073,29/03/2017 14:33,32.94,2.84
ord_001695,1,prod_00112,sell_0121,17/04/2017 22:37,56.52,4.61
ord_001695,2,prod_00241,sell_0005,15/04/2017 22:37,22.58,4.2
ord_001695,3,prod_00411,sell_0017,15/04/2017 22:37,153.13,27.01
ord_001696,1,prod_00704,sell_0090,06/06/2018 22:58,15.72,3.62
ord_001697,1,prod_00470,sell_0192,09/05/2018 17:59,63.33,9.95
ord_001698,1,prod_00279,sell_0070,21/05/2018 11:31,156.38,24.64
ord_001699,1,prod_00670,sell_0013,18/03/2018 09:05,142.07,25.07
ord_001700,1,prod_00318,sell_0205,02/09/2018 09:08,36.55,2.56
ord_001701,1,prod_00064,sell_0001,29/12/2018 14:43,23.99,5.43
ord_001701,2,prod_00155,sell_0041,30/12/2018 14:43,55.57,9.64
ord_001701,3,prod_00752,sell_0069,03/01/2019 14:43,63.52,14.09
ord_001702,1,prod_00573,sell_0017,01/11/2017 22:58,39.88,9.83
ord_001702,2,prod_00622,sell_0239,30/10/2017 22:58,21.51,1.99
ord_001703,1,prod_00156,sell_0032,30/11/2017 10:26,10.1,1.93
ord_001704,1,prod_00325,sell_0239,30/11/2017 14:05,79.65,14.34
ord_001705,1,prod_00477,sell_0134,16/09/2018 08:21,32.9,6.18
ord_001705,2,prod_00424,sell_0160,14/09/2018 08:21,245.12,50.42
ord_001706,1,prod_00063,sell_0203,14/12/2017 20:23,127.62,14.87
ord_001707,1,prod_00220,sell_0078,24/07/2018 13:59,58.28,9.19
ord_001708,1,prod_00733,sell_0075,26/02/2018 13:41,117.06,23.41
ord_001709,1,prod_00452,sell_0009,16/06/2018 22:07,61.35,13.76
ord_001710,1,prod_00562,sell_0094,21/10/2018 15:20,94.39,20.04
ord_001710,2,prod_00081,sell_0078,22/10/2018 15:20,35.89,6.08
ord_001711,1,prod_00741,sell_0156,14/04/2018 09:02,69.11,13.16
ord_001711,2,prod_00012,sell_0155,12/04/2018 09:02,21.86,1.71
ord_001712,1,prod_00704,sell_0031,17/03/2018 17:39,296.43,52.36
ord_001712,2,prod_00524,sell_0018,17/03/2018 17:39,263.96,29.46
ord_001713,1,prod_00028,sell_0243,24/10/2017 16:40,167.55,27.87
ord_001714,1,prod_00019,sell_0123,16/04/2018 18:03,110.18,7.07
ord_001715,1,prod_00153,sell_0203,21/10/2017 08:20,41.15,6.57
ord_001716,1,prod_00293,sell_0051,27/10/2018 16:54,257.73,16.68
ord_001717,1,prod_00285,sell_0176,17/01/2018 22:49,77.1,17.63
ord_001718,1,prod_00673,sell_0001,16/06/2017 12:34,50.81,11.02
ord_001719,1,prod_00482,sell_0119,28/09/2017 09:29,77.31,17.4
ord_001720,1,prod_00290,sell_0087,27/04/2018 09:59,71.95,17.27
ord_001721,1,prod_00254,sell_0077,27/11/2018 14:43,58.51,12.66
ord_001722,1,prod_00658,sell_0099,19/11/2017 09:57,52.19,5.84
ord_001723,1,prod_00727,sell_0230,19/10/2017 15:04,22.5,4.46
ord_001723,2,prod_00626,sell_0083,23/10/2017 15:04,38.79,3.24
ord_001723,3,prod_00112,sell_0185,24/10/2017 15:04,93.11,20.86
ord_001724,1,prod_00623,sell_0204,27/01/2018 13:12,51.41,11.63
ord_001725,1,prod_00590,sell_0116,17/12/2018 09:01,136.24,30.33
ord_001726,1,prod_00205,sell_0054,31/10/2018 18:52,92.88,19.63
ord_001726,2,prod_00561,sell_0108,31/10/2018 18:52,87.69,9.01
ord_001727,1,prod_00283,sell_0237,09/07/2017 17:41,171.82,15.32
ord_001728,1,prod_00496,sell_0095,18/06/2018 08:10,37.04,6.4
ord_001729,1,prod_00148,sell_0038,29/09/2018 08:58,79.9,13.31
ord_001730,1,prod_00351,sell_0076,19/09/2018 19:57,142.05,15.21
ord_001731,1,prod_00346,sell_0060,27/03/2018 21:13,18.87,1.27
ord_001732,1,prod_00131,sell_0175,25/08/2018 15:38,64.75,3.76
ord_001733,1,prod_00401,sell_0052,29/05/2018 19:40,108.39,7.19
ord_001734,1,prod_00624,sell_0092,28/08/2017 14:00,46.71,7.84
ord_001734,2,prod_00714,sell_0163,26/08/2017 14:00,87.53,10.66
ord_001735,1,prod_00622,sell_0178,22/03/2017 22:41,28.65,5.7
ord_001736,1,prod_00786,sell_0063,03/01/2018 20:13,12.43,3.01
ord_001737,1,prod_00586,sell_0175,01/04/2017 09:54,42.64,3.73
ord_001738,1,prod_00493,sell_0135,22/01/2018 20:50,91.56,6.42
ord_001739,1,prod_00358,sell_0232,22/10/2018 14:54,55.93,13.03
ord_001740,1,prod_00754,sell_0161,27/10/2018 11:45,59.03,6.33
ord_001740,2,prod_00602,sell_0133,31/10/2018 11:45,31.16,7.22
ord_001741,1,prod_00212,sell_0054,25/02/2017 15:09,76.96,9.69
ord_001742,1,prod_00226,sell_0157,10/04/2017 18:21,72.82,4.12
ord_001743,1,prod_00330,sell_0161,19/07/2018 10:42,49.73,6.32
ord_001744,1,prod_00412,sell_0185,05/04/2018 19:19,88.96,6.92
ord_001744,2,prod_00705,sell_0142,07/04/2018 19:19,61.81,13.6
ord_001745,1,prod_00385,sell_0027,07/07/2017 22:42,18.23,2.18
ord_001745,2,prod_00686,sell_0209,07/07/2017 22:42,101.19,10.77
ord_001745,3,prod_00155,sell_0001,08/07/2017 22:42,231.27,51.43
ord_001746,1,prod_00556,sell_0089,07/10/2018 08:20,52.57,12.33
ord_001747,1,prod_00374,sell_0039,06/09/2017 22:10,180.39,23.88
ord_001748,1,prod_00443,sell_0114,18/04/2017 22:31,249.87,59.64
ord_001749,1,prod_00561,sell_0186,08/09/2018 18:41,620.51,130.76
ord_001750,1,prod_00047,sell_0010,14/06/2018 15:31,72.92,13.28
ord_001751,1,prod_00325,sell_0221,18/01/2018 16:38,170.32,37.05
ord_001751,2,prod_00628,sell_0216,21/01/2018 16:38,57.11,11.71
ord_001752,1,prod_00283,sell_0162,05/08/2018 19:26,246.74,26.6
ord_001753,1,prod_00583,sell_0206,29/11/2018 14:46,478.58,51.6
ord_001753,2,prod_00398,sell_0068,25/11/2018 14:46,41.02,4.43
ord_001754,1,prod_00714,sell_0167,24/02/2017 19:38,125.81,31.25
ord_001755,1,prod_00756,sell_0243,28/06/2018 14:34,48.56,10.62
ord_001756,1,prod_00322,sell_0074,12/09/2017 16:26,71.39,9.88
ord_001757,1,prod_00225,sell_0026,15/03/2018 10:32,48.53,7.69
ord_001758,1,prod_00788,sell_0064,12/02/2018 14:03,243.87,49.06
ord_001758,2,prod_00305,sell_0021,11/02/2018 14:03,63.25,12.32
ord_001759,1,prod_00764,sell_0136,16/01/2018 22:40,54.02,7.97
ord_001760,1,prod_00716,sell_0077,14/08/2017 09:12,52.28,12.57
ord_001761,1,prod_00184,sell_0095,04/10/2018 16:51,51.08,3.66
ord_001761,2,prod_00788,sell_0165,08/10/2018 16:51,41.59,9.39
ord_001762,1,prod_00101,sell_0029,08/01/2018 15:48,161.42,34.16
ord_001763,1,prod_00261,sell_0241,20/11/2018 09:31,20.21,2.06
ord_001764,1,prod_00167,sell_0162,19/12/2017 20:50,183.54,41.96
ord_001765,1,prod_00499,sell_0014,27/10/2018 11:40,40.93,3.6
ord_001765,2,prod_00733,sell_0001,28/10/2018 11:40,51.27,11.31
ord_001766,1,prod_00590,sell_0229,04/05/2018 08:08,120.01,23.6
ord_001767,1,prod_00567,sell_0219,13/01/2018 21:44,338.47,71.28
ord_001767,2,prod_00263,sell_0156,15/01/2018 21:44,41.39,7.41
ord_001768,1,prod_00792,sell_0016,09/08/2018 11:59,79.83,19.82
ord_001769,1,prod_00741,sell_0101,30/09/2018 22:02,40.49,4.9
ord_001770,1,prod_00522,sell_0117,21/03/2018 08:14,124.16,30.82
ord_001770,2,prod_00636,sell_0243,22/03/2018 08:14,35.62,3.25
ord_001771,1,prod_00077,sell_0048,08/02/2018 19:35,46.65,7.7
ord_001772,1,prod_00762,sell_0126,23/05/2018 15:24,199.2,25.83
ord_001773,1,prod_00036,sell_0136,30/05/2018 15:38,51.79,8.83
ord_001773,2,prod_00637,sell_0234,31/05/2018 15:38,87.33,7.82
ord_001774,1,prod_00391,sell_0124,09/02/2018 08:35,40.4,9.87
ord_001775,1,prod_00576,sell_0203,09/09/2018 11:47,330.65,24.13
ord_001776,1,prod_00398,sell_0157,23/01/2018 10:04,47.1,4.41
ord_001777,1,prod_00684,sell_0195,01/03/2018 14:26,104.63,7.07
ord_001778,1,prod_00219,sell_0013,09/06/2018 15:51,52.3,10.98
ord_001779,1,prod_00109,sell_0007,29/12/2018 18:21,118.82,24.48
ord_001780,1,prod_00592,sell_0122,15/10/2017 18:30,504.19,54.14
ord_001781,1,prod_00420,sell_0193,22/09/2017 11:01,106.95,16.9
ord_001782,1,prod_00639,sell_0025,02/08/2017 08:13,23.97,2.5
ord_001783,1,prod_00761,sell_0174,02/08/2018 20:27,45.76,10.34
ord_001784,1,prod_00490,sell_0017,26/02/2018 14:23,34.12,4.07
ord_001785,1,prod_00439,sell_0001,12/01/2018 11:42,57.35,12.38
ord_001786,1,prod_00179,sell_0058,30/08/2017 08:36,263.16,16.91
ord_001786,2,prod_00482,sell_0185,30/08/2017 08:36,74.86,7.96
ord_001787,1,prod_00709,sell_0227,24/11/2018 22:52,22.75,1.36
ord_001788,1,prod_00551,sell_0140,23/02/2018 13:51,35.63,4.66
ord_001789,1,prod_00539,sell_0065,16/06/2018 11:14,110.14,20.99
ord_001789,2,prod_00358,sell_0082,12/06/2018 11:14,97.23,13.48
ord_001790,1,prod_00099,sell_0071,31/05/2017 13:01,169.72,25.68
ord_001791,1,prod_00287,sell_0006,21/05/2017 11:51,66.05,5.7
ord_001792,1,prod_00002,sell_0121,05/04/2017 19:19,26.23,2.3
ord_001793,1,prod_00434,sell_0026,31/12/2017 12:20,134.56,9.99
ord_001794,1,prod_00263,sell_0056,14/03/2018 09:09,12.29,1.3
ord_001795,1,prod_00685,sell_0205,04/10/2017 22:41,51.66,9.07
ord_001796,1,prod_00774,sell_0123,14/12/2017 18:16,201.86,30.56
ord_001797,1,prod_00797,sell_0236,17/01/2017 20:10,55.01,12.29
ord_001798,1,prod_00369,sell_0003,14/12/2017 22:30,24.92,4.95
ord_001799,1,prod_00206,sell_0025,03/06/2017 12:45,87.47,10.79
ord_001800,1,prod_00776,sell_0110,16/06/2017 14:16,47.81,6.29
ord_001801,1,prod_00353,sell_0144,10/01/2017 18:43,58.83,5.45
ord_001802,1,prod_00085,sell_0027,07/08/2018 17:27,42.57,3.98
ord_001803,1,prod_00261,sell_0101,30/11/2018 12:24,217.61,38.22
ord_001803,2,prod_00211,sell_0217,03/12/2018 12:24,109.91,15.45
ord_001804,1,prod_00368,sell_0028,25/06/2018 21:21,66.18,5.01
ord_001805,1,prod_00792,sell_0185,08/05/2017 22:08,18.81,2.03
ord_001806,1,prod_00415,sell_0108,28/12/2018 10:19,121.08,27.84
ord_001807,1,prod_00352,sell_0071,21/12/2018 08:52,11.88,2.07
ord_001808,1,prod_00310,sell_0130,13/03/2018 13:06,119.89,26.45
ord_001809,1,prod_00710,sell_0137,22/05/2017 17:57,32.04,5.18
ord_001810,1,prod_00717,sell_0019,19/08/2018 22:06,24.04,3.01
ord_001811,1,prod_00556,sell_0150,16/12/2018 19:21,59.01,3.92
ord_001812,1,prod_00280,sell_0076,21/09/2018 20:36,301.95,35.09
ord_001812,2,prod_00693,sell_0077,25/09/2018 20:36,53.9,4.89
ord_001813,1,prod_00034,sell_0165,26/06/2018 18:50,39.91,9.12
ord_001813,2,prod_00700,sell_0098,24/06/2018 18:50,83.26,10.79
ord_001814,1,prod_00582,sell_0047,14/06/2018 21:08,45.95,6.98
ord_001815,1,prod_00716,sell_0212,24/12/2018 18:08,72.39,11.41
ord_001816,1,prod_00223,sell_0039,11/04/2017 22:37,257.7,28.5
ord_001816,2,prod_00550,sell_0243,12/04/2017 22:37,20.93,3.18
ord_001817,1,prod_00356,sell_0198,09/07/2017 10:17,62.08,9.87
ord_001817,2,prod_00267,sell_0180,05/07/2017 10:17,33.61,4.04
ord_001818,1,prod_00294,sell_0052,20/10/2018 21:38,77.02,16.26
ord_001819,1,prod_00056,sell_0046,03/07/2017 11:49,51.52,8.86
ord_001820,1,prod_00495,sell_0064,09/01/2018 18:04,376.1,57.99
ord_001821,1,prod_00583,sell_0082,07/11/2017 12:50,108.12,20.51
ord_001822,1,prod_00443,sell_0059,30/09/2017 13:02,109.62,16.65
ord_001823,1,prod_00072,sell_0165,09/02/2017 17:53,133.7,22.28
ord_001824,1,prod_00537,sell_0174,17/05/2018 16:58,48.99,6.39
ord_001825,1,prod_00140,sell_0033,26/01/2018 09:40,52.29,12.9
ord_001826,1,prod_00267,sell_0215,10/05/2018 17:59,43.09,10.34
ord_001827,1,prod_00568,sell_0101,26/11/2017 15:49,416.79,80
ord_001828,1,prod_00029,sell_0235,04/12/2018 10:02,55.15,13.09
ord_001829,1,prod_00333,sell_0084,02/06/2018 18:00,58.37,5.83
ord_001829,2,prod_00085,sell_0242,03/06/2018 18:00,20.06,2.47
ord_001829,3,prod_00259,sell_0071,01/06/2018 18:00,156.88,11.21
ord_001830,1,prod_00339,sell_0051,17/12/2018 21:01,90.99,22.6
ord_001831,1,prod_00267,sell_0224,16/12/2017 18:27,88.55,10.53
ord_001831,2,prod_00027,sell_0165,14/12/2017 18:27,17.14,2.1
ord_001832,1,prod_00640,sell_0225,09/01/2017 17:37,144.01,9.55
ord_001833,1,prod_00440,sell_0031,23/09/2018 14:28,28.72,6.81
ord_001834,1,prod_00094,sell_0232,20/10/2018 15:40,38.15,2.6
ord_001835,1,prod_00660,sell_0217,26/03/2017 18:26,42.86,3.15
ord_001835,2,prod_00222,sell_0084,28/03/2017 18:26,49.15,8.16
ord_001836,1,prod_00116,sell_0022,23/06/2018 13:02,18.34,3.76
ord_001837,1,prod_00086,sell_0177,15/07/2018 19:13,29.95,4.21
ord_001838,1,prod_00727,sell_0180,02/07/2017 14:59,22.43,2.8
ord_001839,1,prod_00784,sell_0225,08/05/2018 19:20,76.61,4.81
ord_001840,1,prod_00061,sell_0222,01/10/2017 15:19,181.83,24.29
ord_001841,1,prod_00032,sell_0241,01/02/2017 17:09,67.07,12.66
ord_001842,1,prod_00145,sell_0189,09/11/2018 22:59,40.08,3.69
ord_001842,2,prod_00765,sell_0056,10/11/2018 22:59,192.09,23.03
ord_001842,3,prod_00121,sell_0039,11/11/2018 22:59,49.09,4.89
ord_001843,1,prod_00229,sell_0113,30/03/2018 12:13,52.97,12.47
ord_001844,1,prod_00799,sell_0191,27/09/2018 16:38,41.2,4.42
ord_001845,1,prod_00704,sell_0147,22/08/2018 17:02,32.44,4.69
ord_001846,1,prod_00519,sell_0210,01/01/2019 18:03,102.9,10.73
ord_001847,1,prod_00350,sell_0091,19/02/2018 13:43,37.97,3.49
ord_001848,1,prod_00449,sell_0234,10/02/2018 21:38,138.97,8.96
ord_001849,1,prod_00246,sell_0147,06/11/2017 10:40,101.35,15.38
ord_001849,2,prod_00740,sell_0231,03/11/2017 10:40,50.43,12.34
ord_001849,3,prod_00264,sell_0171,02/11/2017 10:40,71.3,6.07
ord_001850,1,prod_00172,sell_0046,23/06/2018 08:13,86.48,12.62
ord_001851,1,prod_00693,sell_0014,25/03/2018 09:59,208.56,34.87
ord_001852,1,prod_00081,sell_0044,24/08/2018 13:33,224.63,43.17
ord_001853,1,prod_00065,sell_0115,19/12/2017 19:58,106.21,10.93
ord_001853,2,prod_00338,sell_0005,24/12/2017 19:58,109.09,22.03
ord_001854,1,prod_00413,sell_0175,15/06/2017 22:09,44.9,9.46
ord_001854,2,prod_00793,sell_0127,17/06/2017 22:09,119.37,18.41
ord_001855,1,prod_00606,sell_0107,08/11/2018 13:24,207.7,30.39
ord_001855,2,prod_00518,sell_0028,09/11/2018 13:24,77.86,10.91
ord_001856,1,prod_00585,sell_0166,18/10/2018 19:20,25,1.69
ord_001857,1,prod_00633,sell_0033,18/12/2017 11:45,144.03,17.66
ord_001857,2,prod_00655,sell_0106,18/12/2017 11:45,131.02,16.31
ord_001858,1,prod_00157,sell_0054,01/08/2018 15:44,178.98,10.76
ord_001859,1,prod_00220,sell_0174,29/03/2018 13:29,32.71,4.08
ord_001859,2,prod_00435,sell_0200,28/03/2018 13:29,49.29,2.47
ord_001859,3,prod_00706,sell_0045,28/03/2018 13:29,115.9,25.38
ord_001860,1,prod_00420,sell_0105,12/09/2018 08:00,42.08,5.39
ord_001861,1,prod_00543,sell_0169,17/01/2018 08:10,97.53,10.72
ord_001861,2,prod_00177,sell_0140,16/01/2018 08:10,24.07,3.13
ord_001862,1,prod_00549,sell_0205,27/04/2018 13:03,23.71,3.76
ord_001863,1,prod_00461,sell_0159,23/03/2017 10:50,44.66,10.72
ord_001863,2,prod_00047,sell_0238,24/03/2017 10:50,61.72,12.74
ord_001863,3,prod_00081,sell_0249,26/03/2017 10:50,102.49,16.34
ord_001864,1,prod_00303,sell_0074,30/07/2017 20:17,82.09,13.94
ord_001865,1,prod_00488,sell_0026,25/09/2018 22:07,195.48,10.41
ord_001866,1,prod_00483,sell_0210,07/01/2018 08:21,88.51,13.12
ord_001867,1,prod_00569,sell_0186,24/02/2017 11:04,29.92,5.32
ord_001867,2,prod_00532,sell_0147,23/02/2017 11:04,71.93,12.53
ord_001868,1,prod_00572,sell_0037,23/07/2017 20:58,53.41,10.2
ord_001868,2,prod_00378,sell_0100,25/07/2017 20:58,28.51,3.74
ord_001869,1,prod_00163,sell_0164,31/01/2018 12:18,65.16,5.33
ord_001870,1,prod_00009,sell_0231,21/08/2018 18:55,36.87,7.55
ord_001870,2,prod_00331,sell_0158,19/08/2018 18:55,30.86,4.83
ord_001871,1,prod_00468,sell_0098,29/12/2017 12:40,125.29,18.39
ord_001872,1,prod_00169,sell_0082,03/09/2018 08:33,54.33,6.28
ord_001873,1,prod_00748,sell_0049,04/11/2018 22:28,79.31,11.27
ord_001873,2,prod_00728,sell_0235,03/11/2018 22:28,181.09,17.23
ord_001874,1,prod_00213,sell_0096,11/12/2017 17:41,24.53,4.39
ord_001875,1,prod_00540,sell_0158,03/10/2018 17:41,21.39,3.22
ord_001876,1,prod_00795,sell_0071,10/06/2017 21:00,82.3,19.33
ord_001877,1,prod_00741,sell_0096,05/02/2018 21:54,75.1,17.32
ord_001878,1,prod_00464,sell_0161,09/05/2017 21:22,71.54,8.85
ord_001879,1,prod_00621,sell_0068,21/03/2017 16:21,284.57,37.3
ord_001880,1,prod_00077,sell_0170,02/04/2017 20:24,100.19,6.33
ord_001881,1,prod_00704,sell_0230,22/05/2017 12:41,208.85,37.49
ord_001882,1,prod_00278,sell_0117,27/10/2018 08:22,70.18,12.5
ord_001883,1,prod_00471,sell_0133,03/05/2018 11:22,45.9,6.48
ord_001884,1,prod_00297,sell_0215,08/12/2018 14:03,246.44,58.31
ord_001884,2,prod_00073,sell_0127,09/12/2018 14:03,22.84,2.87
ord_001885,1,prod_00550,sell_0036,27/04/2018 20:24,31.02,4.88
ord_001886,1,prod_00037,sell_0080,27/06/2018 13:08,17.36,3.21
ord_001887,1,prod_00559,sell_0047,08/08/2017 22:51,218.29,26.84
ord_001888,1,prod_00549,sell_0215,02/05/2018 15:20,138.22,20.23
ord_001889,1,prod_00770,sell_0083,11/01/2018 15:57,73.42,7.25
ord_001889,2,prod_00454,sell_0030,14/01/2018 15:57,42.52,8.77
ord_001889,3,prod_00350,sell_0045,13/01/2018 15:57,102.8,9.38
ord_001890,1,prod_00391,sell_0229,02/12/2018 11:41,35.69,4.87
ord_001891,1,prod_00009,sell_0227,01/12/2018 21:45,21.78,2.96
ord_001892,1,prod_00644,sell_0065,26/08/2017 21:56,161.43,18.87
ord_001893,1,prod_00768,sell_0202,24/06/2018 08:14,92.5,10.13
ord_001894,1,prod_00453,sell_0025,02/07/2018 10:34,180.89,34.7
ord_001894,2,prod_00119,sell_0244,30/06/2018 10:34,96.85,15.37
ord_001895,1,prod_00085,sell_0003,14/05/2018 14:02,176.6,44.04
ord_001896,1,prod_00591,sell_0000,12/06/2017 16:06,56.5,11.61
ord_001897,1,prod_00552,sell_0060,13/07/2018 14:21,41.18,10.03
ord_001898,1,prod_00244,sell_0068,04/10/2018 21:40,268.41,31.02
ord_001899,1,prod_00035,sell_0130,15/12/2017 17:49,46.67,11.4
ord_001900,1,prod_00795,sell_0230,15/04/2018 10:15,74.08,4.15
ord_001901,1,prod_00700,sell_0190,03/06/2017 19:44,49.51,9.58
ord_001901,2,prod_00082,sell_0015,01/06/2017 19:44,110.95,8.65
ord_001901,3,prod_00233,sell_0233,30/05/2017 19:44,182.97,19.78
ord_001902,1,prod_00620,sell_0110,02/12/2018 08:13,135.9,23.59
ord_001903,1,prod_00115,sell_0021,27/05/2017 11:00,72.88,17.4
ord_001904,1,prod_00506,sell_0149,30/08/2017 17:03,59.97,5.21
ord_001905,1,prod_00519,sell_0089,19/11/2017 20:35,176.64,13.37
ord_001906,1,prod_00376,sell_0049,21/10/2018 19:29,41.75,2.22
ord_001907,1,prod_00617,sell_0006,10/08/2018 22:16,99.83,20.62
ord_001908,1,prod_00647,sell_0248,14/01/2017 16:00,102.78,8.97
ord_001909,1,prod_00555,sell_0080,06/08/2017 20:34,70.2,7.99
ord_001910,1,prod_00216,sell_0150,07/09/2018 10:49,249.4,20.79
ord_001911,1,prod_00617,sell_0109,25/01/2018 22:04,174.91,27.36
ord_001912,1,prod_00076,sell_0060,11/02/2017 20:44,21.6,4.36
ord_001913,1,prod_00373,sell_0119,19/12/2018 13:38,187.58,22.95
ord_001914,1,prod_00051,sell_0044,06/07/2017 19:28,41.38,5.17
ord_001915,1,prod_00199,sell_0236,11/04/2018 17:02,36.36,8.11
ord_001915,2,prod_00451,sell_0061,13/04/2018 17:02,180.04,26.65
ord_001916,1,prod_00758,sell_0171,05/10/2017 21:55,843.72,88.6
ord_001917,1,prod_00462,sell_0055,31/08/2018 11:28,96.15,11.93
ord_001918,1,prod_00303,sell_0104,21/09/2018 11:23,105.91,19.78
ord_001919,1,prod_00499,sell_0069,19/01/2018 12:51,156.86,32.41
ord_001919,2,prod_00649,sell_0195,22/01/2018 12:51,19.15,1.59
ord_001920,1,prod_00029,sell_0244,17/07/2018 18:50,89.48,9.22
ord_001921,1,prod_00687,sell_0075,29/11/2018 19:43,166.71,22.72
ord_001922,1,prod_00582,sell_0223,14/10/2018 10:49,124.42,16.72
ord_001923,1,prod_00683,sell_0033,04/02/2018 19:07,67.99,13.78
ord_001924,1,prod_00382,sell_0062,25/02/2018 09:45,50.07,4.97
ord_001924,2,prod_00136,sell_0203,22/02/2018 09:45,52.03,12.21
ord_001925,1,prod_00071,sell_0083,20/11/2018 13:19,53.82,6.39
ord_001925,2,prod_00575,sell_0030,22/11/2018 13:19,27.73,2.69
ord_001926,1,prod_00669,sell_0229,26/02/2017 13:52,345.32,70.76
ord_001927,1,prod_00030,sell_0136,10/02/2017 13:22,82.83,19.62
ord_001928,1,prod_00224,sell_0242,01/09/2017 13:03,202.85,31.85
ord_001929,1,prod_00129,sell_0089,18/10/2018 08:24,144.67,32.07
ord_001930,1,prod_00614,sell_0122,09/07/2017 08:45,57.93,8.73
ord_001931,1,prod_00612,sell_0119,09/11/2017 14:30,258.56,56.94
ord_001932,1,prod_00352,sell_0190,28/06/2018 13:45,44.98,10.63
ord_001933,1,prod_00064,sell_0113,08/08/2017 14:02,25.2,1.38
ord_001934,1,prod_00737,sell_0096,20/11/2017 15:10,20.54,2.58
ord_001935,1,prod_00532,sell_0245,12/03/2018 16:33,52.16,8.64
ord_001936,1,prod_00290,sell_0220,20/09/2017 15:23,54.5,8.23
ord_001936,2,prod_00156,sell_0054,19/09/2017 15:23,165.29,11.52
ord_001937,1,prod_00056,sell_0159,03/01/2019 16:40,74.9,4.78
ord_001937,2,prod_00557,sell_0076,01/01/2019 16:40,147.59,18.15
ord_001938,1,prod_00712,sell_0238,19/07/2017 21:57,61.49,6.85
ord_001938,2,prod_00658,sell_0088,21/07/2017 21:57,38.03,8.36
ord_001939,1,prod_00462,sell_0192,03/11/2018 09:39,63.08,8.34
ord_001940,1,prod_00703,sell_0018,14/03/2018 09:25,222.71,24.81
ord_001940,2,prod_00238,sell_0018,17/03/2018 09:25,44.63,2.71
ord_001941,1,prod_00796,sell_0190,14/06/2017 19:32,124.6,24.78
ord_001941,2,prod_00629,sell_0071,14/06/2017 19:32,112.24,9.56
ord_001942,1,prod_00118,sell_0136,02/06/2017 20:54,55.51,3.11
ord_001943,1,prod_00709,sell_0062,03/04/2018 22:40,117.39,29.04
ord_001944,1,prod_00290,sell_0107,17/12/2017 18:48,18.17,1.69
ord_001945,1,prod_00428,sell_0219,24/09/2017 11:18,34.1,7.25
ord_001945,2,prod_00393,sell_0122,27/09/2017 11:18,61.75,10.88
ord_001946,1,prod_00507,sell_0030,12/12/2018 13:44,69.95,13.81
ord_001947,1,prod_00631,sell_0110,12/03/2018 13:08,51.16,6
ord_001948,1,prod_00777,sell_0156,30/11/2018 19:44,40.93,4.81
ord_001949,1,prod_00056,sell_0124,19/07/2017 16:52,40.35,8.63
ord_001950,1,prod_00550,sell_0071,07/08/2017 19:54,108.28,15.17
ord_001951,1,prod_00544,sell_0009,07/06/2018 11:06,203.07,33.47
ord_001952,1,prod_00569,sell_0237,25/10/2017 13:49,156.67,20.66
ord_001953,1,prod_00243,sell_0201,08/08/2017 21:06,44.91,6.89
ord_001954,1,prod_00687,sell_0184,10/05/2017 20:28,29.7,4.31
ord_001955,1,prod_00585,sell_0173,15/04/2017 20:40,13.22,1.02
ord_001956,1,prod_00642,sell_0214,06/09/2018 08:29,245.72,53.64
ord_001957,1,prod_00171,sell_0121,05/11/2017 09:20,36.93,8.98
ord_001958,1,prod_00100,sell_0029,26/12/2018 19:41,45.62,8.04
ord_001959,1,prod_00080,sell_0097,11/08/2017 18:39,87.91,4.58
ord_001960,1,prod_00233,sell_0170,18/12/2017 08:34,52.8,12.05
ord_001961,1,prod_00673,sell_0207,05/01/2018 15:31,85.67,6.91
ord_001961,2,prod_00186,sell_0022,05/01/2018 15:31,78.39,12.34
ord_001962,1,prod_00594,sell_0011,06/04/2018 11:42,176.18,29.41
ord_001963,1,prod_00764,sell_0239,09/11/2018 17:24,28.24,6.06
ord_001964,1,prod_00536,sell_0129,25/10/2018 08:04,74.5,5.47
ord_001965,1,prod_00148,sell_0004,21/01/2017 13:32,49.37,11.94
ord_001966,1,prod_00152,sell_0203,01/02/2018 22:43,109.07,14.21
ord_001967,1,prod_00605,sell_0119,21/10/2018 15:17,55.52,8.81
ord_001968,1,prod_00472,sell_0032,05/01/2017 10:08,63.59,12.17
ord_001969,1,prod_00494,sell_0213,27/04/2018 09:54,54.91,3.31
ord_001970,1,prod_00536,sell_0223,16/10/2017 08:51,88.12,12.7
ord_001970,2,prod_00680,sell_0200,14/10/2017 08:51,46.82,9.31
ord_001971,1,prod_00455,sell_0028,04/02/2018 16:37,284.18,47.34
ord_001972,1,prod_00236,sell_0013,06/02/2018 22:47,147.08,33.8
ord_001973,1,prod_00415,sell_0101,16/01/2018 10:58,45.86,5.25
ord_001974,1,prod_00045,sell_0205,22/11/2018 10:34,292.23,36.14
ord_001974,2,prod_00148,sell_0038,25/11/2018 10:34,132.71,26.75
ord_001975,1,prod_00389,sell_0212,28/04/2018 17:14,32.05,4.77
ord_001976,1,prod_00482,sell_0019,24/11/2018 17:38,68.25,4.41
ord_001977,1,prod_00209,sell_0002,26/08/2018 22:54,188.13,32.94
ord_001978,1,prod_00063,sell_0235,17/12/2017 13:41,140.72,17.3
ord_001978,2,prod_00700,sell_0188,15/12/2017 13:41,39.08,4.85
ord_001979,1,prod_00743,sell_0202,30/03/2018 20:01,98.09,8.94
ord_001979,2,prod_00680,sell_0231,29/03/2018 20:01,88.22,11.37
ord_001980,1,prod_00793,sell_0185,18/01/2018 18:55,96.85,14.74
ord_001981,1,prod_00159,sell_0124,20/10/2018 09:45,56.49,14.03
ord_001982,1,prod_00610,sell_0249,12/08/2017 08:24,33.49,8.34
ord_001983,1,prod_00639,sell_0131,01/12/2018 20:59,49.11,9.35
ord_001984,1,prod_00581,sell_0117,30/05/2018 18:43,70.34,8.79
ord_001985,1,prod_00242,sell_0223,15/06/2018 11:49,79.02,17.72
ord_001986,1,prod_00667,sell_0009,16/04/2018 17:56,78.91,12.79
ord_001987,1,prod_00685,sell_0136,08/05/2018 17:02,191.59,24.91
ord_001988,1,prod_00349,sell_0189,23/07/2018 15:46,16.73,2.2
ord_001989,1,prod_00277,sell_0075,14/07/2018 19:23,20.18,4.97
ord_001990,1,prod_00217,sell_0155,08/09/2017 10:52,125.59,15.69
ord_001991,1,prod_00214,sell_0005,31/05/2018 20:52,89.88,8.2
ord_001992,1,prod_00507,sell_0228,21/12/2017 18:49,99.49,12.63
ord_001993,1,prod_00476,sell_0116,01/07/2018 14:46,50.45,5.59
ord_001994,1,prod_00335,sell_0106,09/05/2018 15:47,132.51,12.89
ord_001995,1,prod_00741,sell_0096,04/08/2017 10:17,120.2,16.17
ord_001996,1,prod_00680,sell_0105,30/08/2018 11:24,49.15,4.94
ord_001997,1,prod_00425,sell_0206,08/03/2018 20:06,284.23,47.08
ord_001997,2,prod_00254,sell_0163,06/03/2018 20:06,78.09,15.28
ord_001998,1,prod_00119,sell_0189,09/05/2018 18:49,81.41,11.05
ord_001998,2,prod_00429,sell_0224,10/05/2018 18:49,329.25,33.7
ord_001998,3,prod_00468,sell_0213,08/05/2018 18:49,106.41,23.44
ord_001999,1,prod_00430,sell_0095,23/07/2018 18:38,80.44,19.16
ord_002000,1,prod_00316,sell_0192,14/07/2018 10:36,18.56,2.53
ord_002001,1,prod_00557,sell_0054,05/09/2018 11:14,19.08,4.75
ord_002002,1,prod_00755,sell_0073,28/08/2017 20:36,87.08,6.67
ord_002002,2,prod_00752,sell_0198,29/08/2017 20:36,98.76,12.87
ord_002003,1,prod_00314,sell_0113,24/05/2017 22:27,132.14,18.78
ord_002004,1,prod_00528,sell_0198,22/07/2018 13:59,46.42,6.84
ord_002005,1,prod_00441,sell_0025,24/09/2017 17:51,22.85,1.93
ord_002005,2,prod_00640,sell_0229,28/09/2017 17:51,511.47,92.65
ord_002006,1,prod_00066,sell_0201,28/05/2017 08:31,152.19,15.77
ord_002006,2,prod_00216,sell_0067,30/05/2017 08:31,477.1,65.29
ord_002006,3,prod_00043,sell_0225,02/06/2017 08:31,29.6,2.73
ord_002007,1,prod_00690,sell_0025,16/06/2017 20:48,28.09,2.99
ord_002008,1,prod_00658,sell_0148,27/11/2017 18:09,84.31,11.09
ord_002009,1,prod_00563,sell_0013,29/12/2018 16:06,19.91,4.79
ord_002010,1,prod_00668,sell_0143,15/07/2017 20:37,64.09,10.86
ord_002011,1,prod_00777,sell_0179,16/11/2017 10:43,143.03,21.88
ord_002012,1,prod_00158,sell_0023,02/12/2018 18:03,121.61,28.97
ord_002013,1,prod_00033,sell_0178,17/12/2018 09:12,81.09,13.83
ord_002014,1,prod_00206,sell_0219,19/09/2017 09:32,57.7,13.26
ord_002015,1,prod_00737,sell_0063,19/11/2018 21:03,146.73,18.69
ord_002016,1,prod_00535,sell_0102,25/06/2017 17:25,48.72,8.31
ord_002017,1,prod_00122,sell_0143,13/09/2018 20:28,11.08,1.55
ord_002018,1,prod_00389,sell_0160,24/01/2017 18:55,199.93,44.68
ord_002018,2,prod_00505,sell_0027,27/01/2017 18:55,104.14,16.46
ord_002019,1,prod_00337,sell_0067,30/01/2018 10:18,89.33,10.37
ord_002020,1,prod_00229,sell_0210,09/10/2017 12:10,38.89,7.67
ord_002021,1,prod_00407,sell_0061,11/08/2018 17:00,65.79,3.67
ord_002022,1,prod_00433,sell_0025,26/01/2017 13:07,154.83,26.87
ord_002023,1,prod_00615,sell_0153,12/03/2018 17:45,37.41,9.2
ord_002024,1,prod_00742,sell_0230,08/08/2018 15:26,27.22,1.6
ord_002025,1,prod_00693,sell_0219,13/03/2017 14:11,14.89,1.03
ord_002025,2,prod_00562,sell_0179,10/03/2017 14:11,223.16,39.49
ord_002026,1,prod_00554,sell_0002,27/11/2018 13:55,70.92,11.57
ord_002027,1,prod_00063,sell_0203,23/12/2017 08:47,156.61,35.98
ord_002028,1,prod_00068,sell_0063,22/07/2017 10:06,47.2,10.57
ord_002029,1,prod_00727,sell_0091,18/09/2017 12:16,30.15,3.27
ord_002030,1,prod_00776,sell_0233,09/12/2017 12:50,31.2,7.26
ord_002030,2,prod_00623,sell_0185,05/12/2017 12:50,67.92,7.05
ord_002030,3,prod_00792,sell_0083,05/12/2017 12:50,23.77,3.77
ord_002031,1,prod_00696,sell_0101,25/08/2017 21:41,63.83,4.96
ord_002032,1,prod_00568,sell_0077,10/04/2018 10:56,31.69,5.45
ord_002032,2,prod_00449,sell_0109,09/04/2018 10:56,60.95,13.27
ord_002033,1,prod_00711,sell_0127,02/07/2018 20:04,72.11,15.74
ord_002034,1,prod_00132,sell_0116,14/02/2018 13:46,135.29,32.35
ord_002035,1,prod_00002,sell_0104,10/02/2018 09:04,123.37,24.52
ord_002036,1,prod_00581,sell_0068,25/09/2018 17:20,47.66,8.86
ord_002037,1,prod_00613,sell_0138,21/11/2017 14:45,67.28,13.75
ord_002038,1,prod_00192,sell_0089,24/06/2018 16:42,43.55,3.29
ord_002039,1,prod_00714,sell_0180,21/11/2018 09:00,37.6,6.61
ord_002040,1,prod_00126,sell_0063,14/09/2017 11:12,53.74,10.99
ord_002041,1,prod_00455,sell_0176,21/06/2018 12:46,64.63,14.1
ord_002041,2,prod_00434,sell_0083,20/06/2018 12:46,88.98,10.63
ord_002042,1,prod_00792,sell_0162,08/12/2018 10:07,40.15,5.32
ord_002042,2,prod_00066,sell_0208,09/12/2018 10:07,46.2,3.05
ord_002043,1,prod_00425,sell_0031,24/04/2018 11:19,173.85,24.4
ord_002044,1,prod_00097,sell_0142,23/12/2018 10:11,95.26,16.54
ord_002045,1,prod_00516,sell_0014,23/11/2017 16:06,385.63,84.01
ord_002045,2,prod_00060,sell_0225,24/11/2017 16:06,27.56,5.66
ord_002046,1,prod_00729,sell_0249,16/05/2018 10:50,29.24,2.4
ord_002047,1,prod_00779,sell_0046,27/11/2017 08:03,51.08,10.48
ord_002048,1,prod_00593,sell_0192,12/01/2017 09:32,68.55,16.69
ord_002049,1,prod_00666,sell_0184,04/01/2019 18:41,64.27,5.65
ord_002050,1,prod_00727,sell_0056,27/09/2017 18:03,89.99,10.56
ord_002051,1,prod_00560,sell_0106,20/12/2018 13:38,173.81,11.87
ord_002052,1,prod_00538,sell_0103,09/07/2018 18:20,149.24,23.22
ord_002052,2,prod_00594,sell_0044,12/07/2018 18:20,56.03,6.67
ord_002053,1,prod_00114,sell_0038,29/11/2018 20:50,51.84,11.99
ord_002054,1,prod_00624,sell_0109,17/12/2018 19:47,76.03,9.05
ord_002054,2,prod_00263,sell_0045,18/12/2018 19:47,34.53,6.39
ord_002055,1,prod_00723,sell_0158,22/05/2018 22:47,18.96,4.15
ord_002056,1,prod_00196,sell_0202,04/01/2019 16:23,96.29,19.97
ord_002057,1,prod_00713,sell_0192,17/09/2018 13:49,79.99,4.38
ord_002058,1,prod_00789,sell_0087,20/04/2018 12:37,74.55,13.68
ord_002058,2,prod_00215,sell_0181,19/04/2018 12:37,140.05,20.47
ord_002058,3,prod_00453,sell_0045,19/04/2018 12:37,56.48,10.61
ord_002059,1,prod_00177,sell_0089,14/07/2018 15:22,112.95,10.45
ord_002059,2,prod_00294,sell_0207,15/07/2018 15:22,128.22,17.63
ord_002060,1,prod_00444,sell_0061,18/08/2017 14:04,80.92,16.39
ord_002061,1,prod_00098,sell_0138,19/01/2017 18:04,126.8,21.57
ord_002062,1,prod_00519,sell_0158,15/10/2017 09:15,66.1,13.19
ord_002063,1,prod_00351,sell_0062,17/02/2018 15:17,166.01,33.44
ord_002063,2,prod_00365,sell_0034,15/02/2018 15:17,32.37,5.69
ord_002063,3,prod_00671,sell_0176,18/02/2018 15:17,157.51,33.42
ord_002064,1,prod_00514,sell_0079,22/09/2017 21:55,20.15,3.24
ord_002065,1,prod_00649,sell_0162,16/04/2018 13:59,80.59,7.93
ord_002066,1,prod_00548,sell_0152,13/07/2018 09:08,46.31,9.48
ord_002067,1,prod_00375,sell_0108,13/07/2018 13:56,33.04,6.24
ord_002068,1,prod_00290,sell_0011,23/11/2018 15:42,160.38,12.5
ord_002069,1,prod_00350,sell_0165,19/12/2018 17:29,98.28,7.58
ord_002069,2,prod_00590,sell_0006,21/12/2018 17:29,199.54,35.91
ord_002069,3,prod_00434,sell_0172,16/12/2018 17:29,130.41,21.16
ord_002070,1,prod_00096,sell_0217,21/11/2018 21:57,61.45,9.32
ord_002071,1,prod_00075,sell_0164,21/06/2018 14:42,51.26,6.79
ord_002072,1,prod_00084,sell_0064,28/08/2017 17:35,43.41,6.31
ord_002073,1,prod_00206,sell_0157,08/12/2018 09:12,171.91,19.92
ord_002074,1,prod_00639,sell_0225,29/07/2017 22:14,97.74,7.6
ord_002075,1,prod_00664,sell_0103,11/07/2017 17:54,195.54,29.5
ord_002075,2,prod_00664,sell_0001,11/07/2017 17:54,95.39,5.51
ord_002076,1,prod_00408,sell_0025,25/11/2017 17:12,89.59,12.81
ord_002077,1,prod_00770,sell_0212,20/05/2018 20:01,23.84,1.54
ord_002078,1,prod_00419,sell_0093,28/07/2018 18:15,71.92,12.01
ord_002078,2,prod_00764,sell_0136,29/07/2018 18:15,33.6,2.87
ord_002079,1,prod_00137,sell_0056,26/01/2017 17:28,50.03,7.01
ord_002079,2,prod_00675,sell_0111,27/01/2017 17:28,64.87,4.81
ord_002080,1,prod_00294,sell_0222,24/09/2018 16:22,77.8,16.02
ord_002081,1,prod_00328,sell_0165,03/08/2017 15:56,54.44,8.12
ord_002082,1,prod_00764,sell_0107,17/11/2017 20:25,19.06,3.3
ord_002083,1,prod_00098,sell_0082,28/11/2017 22:53,65.48,8.65
ord_002084,1,prod_00345,sell_0135,01/12/2017 17:35,96.46,5
ord_002084,2,prod_00479,sell_0134,30/11/2017 17:35,53.85,12.12
ord_002085,1,prod_00473,sell_0066,13/09/2018 08:31,64.25,8.84
ord_002086,1,prod_00781,sell_0083,04/03/2017 11:09,41.42,2.71
ord_002087,1,prod_00642,sell_0021,20/08/2017 20:16,46.29,4.72
ord_002088,1,prod_00053,sell_0090,09/02/2017 17:52,39.55,4.1
ord_002089,1,prod_00461,sell_0104,21/09/2018 16:46,65.22,8.97
ord_002089,2,prod_00531,sell_0189,25/09/2018 16:46,88.69,12.12
ord_002090,1,prod_00687,sell_0067,27/12/2018 19:26,63.82,3.56
ord_002091,1,prod_00207,sell_0106,17/07/2018 21:54,68.94,9.04
ord_002092,1,prod_00263,sell_0172,03/06/2018 13:49,19.31,1.78
ord_002093,1,prod_00636,sell_0105,26/11/2018 10:06,92.61,6.66
ord_002094,1,prod_00639,sell_0227,13/10/2017 15:36,95.16,12.71
ord_002095,1,prod_00480,sell_0237,06/04/2017 16:47,79.42,15.87
ord_002096,1,prod_00772,sell_0141,13/04/2018 13:48,21.93,4.63
ord_002097,1,prod_00766,sell_0241,16/10/2017 21:05,69.5,4.8
ord_002098,1,prod_00071,sell_0014,02/03/2018 14:13,43.99,10.75
ord_002098,2,prod_00487,sell_0033,02/03/2018 14:13,68.68,6.33
ord_002099,1,prod_00186,sell_0121,02/03/2018 17:24,73.21,13.76
ord_002100,1,prod_00763,sell_0078,30/11/2017 12:15,140.58,32.36
ord_002101,1,prod_00728,sell_0042,24/03/2018 13:06,237.56,52.31
ord_002102,1,prod_00232,sell_0063,08/01/2018 09:37,58.72,12.17
ord_002103,1,prod_00100,sell_0132,01/06/2017 22:30,101.21,17.65
ord_002103,2,prod_00616,sell_0020,01/06/2017 22:30,38.59,4.18
ord_002104,1,prod_00737,sell_0125,09/11/2018 21:09,78,9.59
ord_002104,2,prod_00261,sell_0002,08/11/2018 21:09,92.01,20.89
ord_002105,1,prod_00143,sell_0100,08/08/2018 22:35,73.29,9.28
ord_002106,1,prod_00704,sell_0158,03/03/2017 19:03,27.72,2.01
ord_002106,2,prod_00691,sell_0054,07/03/2017 19:03,32.42,8.08
ord_002107,1,prod_00058,sell_0139,30/05/2017 17:22,187.47,16.71
ord_002108,1,prod_00521,sell_0040,09/05/2017 21:47,88.42,6.59
ord_002109,1,prod_00700,sell_0222,28/03/2017 20:53,65.55,3.94
ord_002110,1,prod_00417,sell_0160,30/03/2017 18:14,187.09,43.43
ord_002111,1,prod_00428,sell_0143,14/07/2017 12:51,186.16,38.89
ord_002112,1,prod_00665,sell_0106,30/10/2018 17:53,61.92,11.97
ord_002113,1,prod_00641,sell_0099,23/10/2018 19:36,116.75,15.87
ord_002114,1,prod_00334,sell_0223,26/09/2018 10:58,220.92,25.33
ord_002115,1,prod_00490,sell_0149,20/06/2018 11:14,75.32,14.36
ord_002116,1,prod_00757,sell_0094,21/08/2018 10:04,148.32,15.33
ord_002117,1,prod_00716,sell_0110,31/08/2018 13:50,110.53,14.48
ord_002118,1,prod_00169,sell_0036,22/11/2018 20:29,147.09,23.84
ord_002119,1,prod_00232,sell_0200,28/08/2018 12:20,25.37,4.69
ord_002120,1,prod_00106,sell_0112,27/08/2018 21:03,78.53,14.4
ord_002120,2,prod_00598,sell_0034,30/08/2018 21:03,26.86,6.34
ord_002121,1,prod_00372,sell_0096,07/10/2018 08:03,132.2,32.89
ord_002122,1,prod_00450,sell_0153,14/05/2018 21:05,88.63,7.13
ord_002123,1,prod_00199,sell_0200,08/09/2017 22:11,107.03,10.17
ord_002124,1,prod_00055,sell_0140,28/04/2017 16:58,117.96,17.28
ord_002125,1,prod_00286,sell_0242,07/02/2018 09:16,91.1,8.91
ord_002125,2,prod_00308,sell_0218,06/02/2018 09:16,265.78,29.7
ord_002126,1,prod_00045,sell_0118,03/05/2017 18:49,64.79,6.71
ord_002127,1,prod_00088,sell_0191,24/07/2017 21:01,72.3,8.48
ord_002128,1,prod_00521,sell_0043,06/02/2017 19:19,110.4,23.51
ord_002129,1,prod_00183,sell_0130,19/11/2017 16:54,44.03,9.29
ord_002129,2,prod_00140,sell_0229,22/11/2017 16:54,38.03,6.99
ord_002130,1,prod_00675,sell_0137,22/12/2018 21:11,443.73,68.16
ord_002131,1,prod_00274,sell_0047,09/01/2018 15:17,46.88,8.29
ord_002132,1,prod_00650,sell_0193,30/09/2017 17:49,136.55,26.88
ord_002132,2,prod_00343,sell_0026,01/10/2017 17:49,150.84,37.07
ord_002133,1,prod_00202,sell_0194,24/01/2018 12:07,43.57,4.05
ord_002134,1,prod_00741,sell_0083,20/11/2017 08:03,136.4,30.72
ord_002135,1,prod_00790,sell_0111,24/07/2018 13:57,243.13,56.37
ord_002136,1,prod_00653,sell_0199,30/06/2018 11:24,36.94,5
ord_002136,2,prod_00676,sell_0122,30/06/2018 11:24,62.49,6.42
ord_002137,1,prod_00578,sell_0138,15/02/2017 18:39,64.42,12.69
ord_002138,1,prod_00601,sell_0194,13/04/2018 12:07,59.83,9.13
ord_002139,1,prod_00318,sell_0142,25/02/2017 10:13,108.03,12.57
ord_002139,2,prod_00316,sell_0016,25/02/2017 10:13,52.47,8.67
ord_002140,1,prod_00441,sell_0145,23/07/2018 09:27,133.29,31.39
ord_002141,1,prod_00676,sell_0089,03/12/2018 17:40,99.97,13.57
ord_002142,1,prod_00461,sell_0153,29/11/2018 21:17,49.76,5.18
ord_002142,2,prod_00209,sell_0175,24/11/2018 21:17,50.93,4.71
ord_002143,1,prod_00693,sell_0185,29/08/2017 17:53,110.11,7.21
ord_002144,1,prod_00668,sell_0069,01/09/2018 08:46,24.84,2.17
ord_002145,1,prod_00604,sell_0165,01/10/2018 09:33,76.31,9.76
ord_002146,1,prod_00010,sell_0214,10/11/2018 20:27,55.76,6.51
ord_002146,2,prod_00570,sell_0030,08/11/2018 20:27,79.43,4.13
ord_002147,1,prod_00324,sell_0128,18/10/2017 16:37,57.75,12.3
ord_002147,2,prod_00289,sell_0244,16/10/2017 16:37,37.28,7.8
ord_002147,3,prod_00210,sell_0249,14/10/2017 16:37,36.86,6.68
ord_002148,1,prod_00344,sell_0175,02/03/2018 16:43,64.16,8.35
ord_002149,1,prod_00307,sell_0245,12/09/2017 20:08,193.28,21.37
ord_002149,2,prod_00533,sell_0109,14/09/2017 20:08,41.31,4.69
ord_002149,3,prod_00008,sell_0048,11/09/2017 20:08,45.2,9.25
ord_002150,1,prod_00152,sell_0058,10/02/2017 14:51,166.62,11.37
ord_002151,1,prod_00445,sell_0177,15/07/2018 13:29,126.36,29.54
ord_002151,2,prod_00183,sell_0128,12/07/2018 13:29,22.89,4.95
ord_002152,1,prod_00669,sell_0147,15/02/2018 19:56,37.11,8.46
ord_002152,2,prod_00636,sell_0170,13/02/2018 19:56,29.58,6.19
ord_002153,1,prod_00157,sell_0191,07/10/2017 11:57,55.85,13.25
ord_002154,1,prod_00248,sell_0187,30/10/2018 18:01,47.4,9.68
ord_002154,2,prod_00701,sell_0105,02/11/2018 18:01,71.45,10.74
ord_002155,1,prod_00675,sell_0139,30/03/2018 20:23,144.48,31.6
ord_002156,1,prod_00731,sell_0040,01/01/2019 12:31,238.15,53.8
ord_002157,1,prod_00355,sell_0149,30/09/2018 16:32,168.27,27.4
ord_002158,1,prod_00340,sell_0152,12/11/2018 08:49,36.36,7
ord_002158,2,prod_00333,sell_0111,11/11/2018 08:49,45.27,8
ord_002159,1,prod_00391,sell_0195,17/09/2018 13:08,32.13,6.24
ord_002160,1,prod_00608,sell_0032,20/05/2017 16:37,33.75,5.36
ord_002161,1,prod_00653,sell_0104,02/04/2017 09:56,223.58,54.56
ord_002162,1,prod_00279,sell_0103,26/11/2018 17:59,42.21,10.36
ord_002163,1,prod_00772,sell_0043,22/06/2017 18:00,63.28,5.48
ord_002163,2,prod_00272,sell_0164,25/06/2017 18:00,74.07,7.32
ord_002164,1,prod_00482,sell_0210,15/01/2018 11:58,550.84,78.58
ord_002165,1,prod_00558,sell_0226,13/06/2018 16:07,66.66,10.21
ord_002166,1,prod_00537,sell_0243,02/09/2017 09:32,49.66,2.59
ord_002167,1,prod_00289,sell_0020,17/09/2017 16:14,12.43,1.79
ord_002168,1,prod_00168,sell_0094,14/03/2018 10:36,19.26,3.85
ord_002169,1,prod_00796,sell_0228,25/12/2017 14:02,176.71,21.61
ord_002170,1,prod_00063,sell_0101,23/07/2018 08:14,82.75,20.2
ord_002171,1,prod_00224,sell_0005,18/04/2017 16:18,100.83,14.24
ord_002172,1,prod_00074,sell_0161,27/03/2018 08:54,135.92,7.23
ord_002173,1,prod_00612,sell_0234,03/08/2017 18:35,68.52,14.62
ord_002174,1,prod_00792,sell_0085,12/06/2018 11:42,178.88,32.49
ord_002175,1,prod_00509,sell_0041,03/06/2017 22:40,73.62,4.93
ord_002176,1,prod_00718,sell_0207,21/08/2017 12:23,85.54,5.04
ord_002177,1,prod_00443,sell_0209,09/10/2018 21:00,33.01,2.44
ord_002178,1,prod_00256,sell_0205,23/09/2017 11:06,55.98,12.18
ord_002178,2,prod_00362,sell_0116,23/09/2017 11:06,15.18,1.01
ord_002178,3,prod_00648,sell_0120,24/09/2017 11:06,64.33,3.67
ord_002179,1,prod_00229,sell_0172,27/08/2018 17:27,198.44,36.91
ord_002179,2,prod_00640,sell_0137,01/09/2018 17:27,68.85,8.04
ord_002180,1,prod_00058,sell_0008,26/10/2017 09:56,79.85,17.46
ord_002181,1,prod_00319,sell_0177,25/09/2017 16:14,41.82,6.17
ord_002182,1,prod_00233,sell_0237,18/11/2017 22:41,61.19,13.24
ord_002183,1,prod_00038,sell_0054,19/11/2018 09:49,140.1,12.74
ord_002184,1,prod_00452,sell_0031,19/01/2018 08:54,114.23,25.09
ord_002185,1,prod_00767,sell_0169,01/10/2017 13:17,16.52,3.17
ord_002186,1,prod_00750,sell_0153,29/04/2018 08:55,139.39,24.91
ord_002186,2,prod_00766,sell_0126,26/04/2018 08:55,194.72,18.7
ord_002187,1,prod_00361,sell_0172,11/01/2018 16:36,86.38,18.2
ord_002188,1,prod_00236,sell_0239,28/09/2018 20:30,33.66,4.23
ord_002189,1,prod_00507,sell_0029,30/12/2018 12:46,124.17,24.18
ord_002190,1,prod_00742,sell_0164,22/04/2018 15:14,72.57,13.71
ord_002191,1,prod_00080,sell_0240,27/02/2018 20:48,330.28,69.38
ord_002192,1,prod_00787,sell_0227,11/12/2017 11:38,121.23,16.72
ord_002193,1,prod_00553,sell_0055,24/12/2018 21:47,49.4,5.4
ord_002194,1,prod_00132,sell_0146,25/03/2018 10:51,70.57,13.83
ord_002195,1,prod_00448,sell_0037,05/08/2017 08:37,141.02,33.05
ord_002195,2,prod_00461,sell_0074,02/08/2017 08:37,45.28,3.8
ord_002196,1,prod_00769,sell_0064,21/12/2018 15:02,156.64,14.92
ord_002196,2,prod_00277,sell_0226,19/12/2018 15:02,47.19,7.69
ord_002197,1,prod_00445,sell_0212,16/12/2018 18:17,59.33,9.02
ord_002198,1,prod_00668,sell_0166,19/02/2018 20:52,67.21,15.89
ord_002199,1,prod_00214,sell_0062,15/12/2017 16:37,54.02,6.67
ord_002199,2,prod_00743,sell_0084,14/12/2017 16:37,58.09,12.59
ord_002200,1,prod_00351,sell_0106,27/07/2018 08:53,88.66,14.43
ord_002201,1,prod_00598,sell_0153,23/10/2018 18:23,55.39,2.9
ord_002202,1,prod_00448,sell_0059,03/04/2018 09:30,46.7,2.71
ord_002202,2,prod_00013,sell_0167,02/04/2018 09:30,36.6,3.72
ord_002203,1,prod_00365,sell_0099,30/11/2017 21:51,49.58,5.82
ord_002204,1,prod_00472,sell_0090,19/11/2017 09:45,129.09,12.91
ord_002205,1,prod_00139,sell_0045,01/12/2017 09:22,66.32,6.1
ord_002206,1,prod_00399,sell_0243,02/06/2017 14:01,42.66,6.39
ord_002207,1,prod_00228,sell_0116,22/09/2018 10:52,40.68,6.13
ord_002208,1,prod_00754,sell_0237,19/05/2017 17:47,108.63,8.54
ord_002209,1,prod_00214,sell_0028,24/01/2018 16:26,68.29,12.46
ord_002210,1,prod_00011,sell_0061,21/10/2018 08:32,129.83,17.74
ord_002211,1,prod_00584,sell_0227,25/01/2018 19:12,33.55,4.85
ord_002212,1,prod_00196,sell_0110,14/11/2017 15:24,29.92,3.33
ord_002213,1,prod_00461,sell_0050,07/12/2018 21:09,51.44,3.9
ord_002214,1,prod_00464,sell_0016,11/06/2017 09:12,12.56,2.71
ord_002214,2,prod_00540,sell_0209,12/06/2017 09:12,50.31,7.17
ord_002215,1,prod_00368,sell_0231,22/11/2018 10:50,55.9,10.03
ord_002215,2,prod_00053,sell_0019,22/11/2018 10:50,13.34,3.25
ord_002216,1,prod_00658,sell_0173,30/03/2017 11:21,107.99,6.67
ord_002217,1,prod_00513,sell_0198,02/02/2018 11:48,32.47,3.18
ord_002218,1,prod_00051,sell_0128,29/06/2018 17:28,56.91,8.62
ord_002219,1,prod_00461,sell_0116,31/12/2017 19:04,31.67,6.97
ord_002220,1,prod_00736,sell_0119,30/04/2018 18:21,104.98,22.17
ord_002221,1,prod_00206,sell_0235,27/08/2017 13:09,126.87,22.44
ord_002221,2,prod_00689,sell_0061,28/08/2017 13:09,84.72,9.44
ord_002222,1,prod_00719,sell_0162,20/05/2018 09:41,37.81,4.77
ord_002223,1,prod_00333,sell_0208,20/06/2017 20:54,48.76,2.97
ord_002224,1,prod_00589,sell_0138,01/10/2018 11:45,33.4,7.29
ord_002225,1,prod_00256,sell_0141,29/05/2018 09:46,116.5,27.57
ord_002226,1,prod_00610,sell_0065,21/03/2018 16:51,59.46,11.37
ord_002227,1,prod_00713,sell_0041,22/03/2017 09:46,74.64,16.24
ord_002228,1,prod_00490,sell_0192,04/04/2018 15:34,121.52,17.59
ord_002228,2,prod_00047,sell_0193,01/04/2018 15:34,29.48,1.68
ord_002229,1,prod_00765,sell_0169,16/05/2018 16:42,63.78,14.31
ord_002230,1,prod_00445,sell_0011,24/10/2017 16:24,338.83,23.15
ord_002231,1,prod_00001,sell_0148,25/07/2018 14:04,95.79,6.28
ord_002232,1,prod_00665,sell_0050,19/04/2017 18:42,54.68,11.25
ord_002233,1,prod_00457,sell_0055,31/08/2017 16:43,40.53,9.52
ord_002234,1,prod_00285,sell_0157,30/08/2018 12:13,93.39,7.96
ord_002235,1,prod_00143,sell_0026,02/07/2017 21:57,95.46,19.93
ord_002236,1,prod_00176,sell_0041,03/10/2017 20:03,32.4,2.03
ord_002237,1,prod_00636,sell_0191,07/07/2018 16:44,44.23,3.82
ord_002237,2,prod_00641,sell_0127,08/07/2018 16:44,55.72,12.16
ord_002237,3,prod_00264,sell_0241,07/07/2018 16:44,213.14,18.1
ord_002238,1,prod_00495,sell_0052,24/08/2018 08:58,94.76,7.15
ord_002239,1,prod_00654,sell_0120,20/03/2017 19:18,138.04,24.89
ord_002240,1,prod_00015,sell_0086,15/06/2017 15:54,65.2,14.22
ord_002241,1,prod_00739,sell_0187,24/02/2018 20:49,377.48,76.04
ord_002242,1,prod_00296,sell_0019,05/06/2018 22:44,85.29,12.91
ord_002243,1,prod_00640,sell_0246,05/03/2018 22:57,159.77,27.99
ord_002244,1,prod_00285,sell_0075,08/07/2018 08:39,57.67,13.72
ord_002245,1,prod_00438,sell_0089,07/09/2018 13:29,111.35,22.59
ord_002246,1,prod_00683,sell_0024,09/12/2018 10:40,335.63,68.77
ord_002247,1,prod_00736,sell_0003,13/12/2017 20:24,44.58,10.08
ord_002248,1,prod_00557,sell_0095,23/07/2017 18:19,156.1,29.05
ord_002249,1,prod_00211,sell_0176,21/10/2017 19:04,56.1,13.1
ord_002250,1,prod_00497,sell_0072,03/07/2017 21:22,91.29,7.49
ord_002251,1,prod_00129,sell_0142,20/01/2018 15:48,22.24,5.04
ord_002252,1,prod_00325,sell_0078,13/11/2018 08:56,132.24,29.72
ord_002253,1,prod_00562,sell_0085,16/12/2017 17:58,138.95,25.03
ord_002254,1,prod_00297,sell_0037,07/07/2017 16:12,25.52,3.33
ord_002255,1,prod_00179,sell_0090,19/04/2018 16:34,97.08,8.01
ord_002255,2,prod_00319,sell_0004,17/04/2018 16:34,188.38,22.2
ord_002256,1,prod_00293,sell_0015,02/01/2019 21:34,78.32,9.59
ord_002256,2,prod_00474,sell_0136,02/01/2019 21:34,47.14,10.29
ord_002257,1,prod_00426,sell_0007,12/08/2017 14:10,128.09,28.13
ord_002258,1,prod_00707,sell_0175,22/09/2018 12:34,68.28,3.74
ord_002259,1,prod_00434,sell_0019,16/10/2018 13:21,69.37,5.8
ord_002259,2,prod_00333,sell_0141,18/10/2018 13:21,144.01,34.35
ord_002260,1,prod_00216,sell_0036,22/01/2018 08:56,59.59,5.38
ord_002261,1,prod_00412,sell_0126,18/06/2018 20:15,55.98,3.63
ord_002262,1,prod_00457,sell_0183,17/02/2018 10:50,69.79,14.57
ord_002263,1,prod_00090,sell_0212,19/10/2017 20:53,40.3,5.67
ord_002264,1,prod_00550,sell_0193,10/02/2018 16:44,64.17,8.04
ord_002265,1,prod_00535,sell_0215,10/05/2017 18:12,82.75,9.48
ord_002266,1,prod_00785,sell_0247,15/08/2018 15:15,42.25,2.77
ord_002267,1,prod_00427,sell_0086,20/10/2018 19:58,77.32,13.84
ord_002268,1,prod_00079,sell_0219,27/11/2017 09:04,109.65,8.84
ord_002269,1,prod_00756,sell_0037,20/05/2018 11:07,15.74,1.73
ord_002270,1,prod_00027,sell_0243,21/09/2017 08:58,52.75,13.08
ord_002271,1,prod_00777,sell_0249,12/06/2017 16:46,233.78,49.05
ord_002272,1,prod_00195,sell_0213,17/07/2018 16:44,152.4,32.25
ord_002273,1,prod_00555,sell_0179,19/06/2017 18:09,66.89,8.83
ord_002273,2,prod_00000,sell_0007,19/06/2017 18:09,26.81,2.25
ord_002274,1,prod_00418,sell_0149,27/09/2018 10:29,39.5,5.27
ord_002275,1,prod_00115,sell_0076,30/10/2017 13:50,31.74,5.16
ord_002276,1,prod_00585,sell_0247,13/10/2018 12:19,56.55,10.97
ord_002277,1,prod_00502,sell_0046,28/12/2017 15:11,68.71,5.34
ord_002278,1,prod_00464,sell_0019,30/12/2017 20:00,38.57,6.67
ord_002279,1,prod_00656,sell_0074,07/09/2018 20:37,117.39,22.14
ord_002280,1,prod_00132,sell_0201,12/04/2018 21:17,134.7,31.65
ord_002281,1,prod_00103,sell_0185,27/08/2017 21:51,102.58,9.17
ord_002282,1,prod_00530,sell_0115,03/11/2018 14:17,88.08,6.06
ord_002282,2,prod_00250,sell_0090,02/11/2018 14:17,70.85,7.83
ord_002283,1,prod_00749,sell_0022,07/12/2017 10:09,48.09,6.11
ord_002284,1,prod_00787,sell_0119,17/05/2017 16:57,31.37,5.98
ord_002285,1,prod_00344,sell_0058,03/02/2018 16:57,51.25,7.47
ord_002285,2,prod_00562,sell_0047,05/02/2018 16:57,118.29,11.55
ord_002286,1,prod_00729,sell_0013,24/05/2018 19:41,27.2,2.59
ord_002287,1,prod_00452,sell_0048,13/06/2018 18:55,16.03,3.26
ord_002288,1,prod_00304,sell_0136,23/10/2018 20:09,91.94,17.94
ord_002289,1,prod_00783,sell_0059,02/05/2018 16:27,131.17,21.58
ord_002290,1,prod_00036,sell_0172,16/09/2017 21:12,206.29,19.8
ord_002291,1,prod_00562,sell_0075,16/10/2017 20:28,148.1,17.05
ord_002292,1,prod_00351,sell_0014,14/05/2017 21:47,66.17,6.82
ord_002293,1,prod_00755,sell_0208,30/08/2018 13:50,38.93,4.88
ord_002294,1,prod_00421,sell_0165,24/05/2017 10:00,101.29,12.31
ord_002295,1,prod_00720,sell_0233,13/06/2018 15:23,283.27,58.66
ord_002296,1,prod_00489,sell_0109,06/06/2018 09:59,63.95,9.65
ord_002297,1,prod_00533,sell_0091,29/09/2018 08:35,102.33,15.66
ord_002298,1,prod_00215,sell_0121,15/04/2017 11:17,30.72,6.57
ord_002299,1,prod_00270,sell_0075,26/08/2017 11:23,118.21,15.7
ord_002300,1,prod_00005,sell_0128,25/11/2018 18:19,86.24,11.97
ord_002301,1,prod_00388,sell_0173,21/05/2018 18:26,148.78,21.59
ord_002302,1,prod_00278,sell_0177,07/03/2018 19:26,41.47,7.47
ord_002303,1,prod_00320,sell_0247,06/09/2018 13:30,48.52,9.88
ord_002304,1,prod_00466,sell_0048,27/11/2018 18:27,57.96,13.97
ord_002305,1,prod_00234,sell_0176,18/10/2017 21:30,343.1,68.46
ord_002306,1,prod_00369,sell_0151,27/11/2018 12:01,51.68,12.26
ord_002306,2,prod_00469,sell_0033,27/11/2018 12:01,153.08,36.61
ord_002307,1,prod_00059,sell_0136,23/05/2017 13:03,57.5,4.57
ord_002308,1,prod_00356,sell_0083,27/12/2018 08:22,89.85,11.26
ord_002309,1,prod_00069,sell_0231,24/07/2017 12:53,96.82,21.02
ord_002309,2,prod_00365,sell_0165,21/07/2017 12:53,76.42,11.71
ord_002310,1,prod_00100,sell_0226,21/10/2017 18:47,244.18,29.95
ord_002310,2,prod_00619,sell_0159,20/10/2017 18:47,64.78,11.84
ord_002311,1,prod_00290,sell_0227,10/05/2017 16:06,57.3,9.95
ord_002312,1,prod_00060,sell_0114,09/10/2018 20:29,41.08,2.33
ord_002313,1,prod_00586,sell_0245,29/12/2018 14:36,28.56,3.03
ord_002314,1,prod_00709,sell_0183,17/11/2017 10:28,47.33,6.17
ord_002314,2,prod_00515,sell_0064,19/11/2017 10:28,227.61,23.55
ord_002315,1,prod_00388,sell_0045,01/12/2017 17:41,115.17,22.92
ord_002316,1,prod_00696,sell_0142,05/11/2017 15:59,22.65,1.4
ord_002317,1,prod_00048,sell_0119,13/07/2017 22:05,105.24,13.51
ord_002318,1,prod_00239,sell_0001,30/09/2018 09:30,159.7,26.5
ord_002318,2,prod_00018,sell_0053,27/09/2018 09:30,27.95,2.9
ord_002319,1,prod_00760,sell_0005,27/03/2017 20:30,61.04,4.23
ord_002320,1,prod_00055,sell_0061,21/12/2018 11:33,54.17,7.55
ord_002321,1,prod_00285,sell_0158,02/12/2018 22:10,81.36,14.08
ord_002322,1,prod_00568,sell_0064,06/06/2017 14:38,58.43,4.93
ord_002323,1,prod_00754,sell_0057,22/04/2018 13:02,61.93,5.56
ord_002324,1,prod_00516,sell_0181,31/12/2018 18:44,9.24,2.28
ord_002324,2,prod_00327,sell_0062,04/01/2019 18:44,75.22,15
ord_002325,1,prod_00269,sell_0088,31/10/2018 17:39,95.8,19.58
ord_002326,1,prod_00007,sell_0091,19/08/2018 17:19,76.92,13.68
ord_002327,1,prod_00376,sell_0171,05/02/2017 08:59,153.79,32
ord_002328,1,prod_00293,sell_0177,09/04/2017 11:49,25.45,2.57
ord_002329,1,prod_00173,sell_0225,03/10/2018 16:32,204.37,16.17
ord_002330,1,prod_00252,sell_0054,03/01/2018 08:59,202.04,24.21
ord_002331,1,prod_00119,sell_0157,23/07/2018 15:49,59.3,13.17
ord_002332,1,prod_00325,sell_0076,29/08/2018 19:08,74.86,14.13
ord_002332,2,prod_00716,sell_0167,02/09/2018 19:08,29.6,5.83
ord_002333,1,prod_00430,sell_0117,09/02/2018 22:35,91,9.12
ord_002333,2,prod_00637,sell_0097,11/02/2018 22:35,210.25,13.69
ord_002333,3,prod_00658,sell_0220,06/02/2018 22:35,80.78,17.86
ord_002334,1,prod_00734,sell_0009,01/07/2017 10:34,71.49,10.87
ord_002335,1,prod_00465,sell_0081,13/01/2018 17:39,85.43,7.87
ord_002336,1,prod_00141,sell_0246,14/11/2018 12:56,35.63,3.51
ord_002337,1,prod_00105,sell_0006,04/12/2017 11:29,70.8,15.97
ord_002337,2,prod_00567,sell_0211,05/12/2017 11:29,72.85,7.08
ord_002338,1,prod_00188,sell_0032,29/03/2017 20:04,15.22,1.37
ord_002339,1,prod_00529,sell_0162,13/12/2018 14:28,47.61,6.47
ord_002340,1,prod_00580,sell_0125,27/07/2018 19:47,122.97,13.83
ord_002341,1,prod_00482,sell_0164,03/05/2018 19:21,36.04,3.74
ord_002342,1,prod_00457,sell_0188,20/10/2018 15:01,74.02,7.66
ord_002343,1,prod_00126,sell_0041,02/02/2018 20:18,206.1,31.57
ord_002344,1,prod_00179,sell_0001,27/12/2018 15:40,95.12,22.28
ord_002345,1,prod_00584,sell_0179,02/11/2018 19:05,50.85,11.3
ord_002346,1,prod_00625,sell_0039,04/11/2017 19:22,57.47,9.35
ord_002346,2,prod_00303,sell_0058,02/11/2017 19:22,100.53,23.85
ord_002347,1,prod_00281,sell_0224,30/12/2017 14:07,94.68,16.02
ord_002348,1,prod_00262,sell_0219,02/11/2017 18:28,145.29,20.83
ord_002349,1,prod_00136,sell_0167,17/07/2018 09:08,100.5,8.52
ord_002350,1,prod_00260,sell_0230,05/07/2018 18:06,88.33,17.88
ord_002351,1,prod_00458,sell_0019,20/04/2018 15:41,40.84,7.15
ord_002352,1,prod_00793,sell_0197,21/12/2018 21:09,53.1,13.21
ord_002352,2,prod_00745,sell_0031,16/12/2018 21:09,179.87,12.04
ord_002352,3,prod_00237,sell_0009,20/12/2018 21:09,112.6,17.78
ord_002353,1,prod_00521,sell_0175,14/03/2018 12:09,36.76,3.79
ord_002354,1,prod_00061,sell_0142,27/09/2018 21:35,20.52,2.4
ord_002355,1,prod_00684,sell_0107,16/07/2018 22:02,54.54,8.57
ord_002356,1,prod_00423,sell_0045,19/04/2018 18:01,344.17,32.94
ord_002357,1,prod_00232,sell_0020,04/03/2017 09:25,79.38,15.32
ord_002358,1,prod_00416,sell_0026,15/07/2018 13:21,143.83,26.88
ord_002359,1,prod_00147,sell_0146,02/07/2018 09:32,41.88,2.75
ord_002360,1,prod_00372,sell_0150,13/06/2017 13:59,21.21,4.9
ord_002361,1,prod_00508,sell_0194,05/10/2018 19:26,90.64,19.83
ord_002362,1,prod_00744,sell_0012,10/03/2018 19:34,34.21,2.8
ord_002363,1,prod_00093,sell_0129,28/11/2017 15:55,50.53,2.88
ord_002364,1,prod_00245,sell_0083,18/10/2018 16:28,119.82,19.73
ord_002365,1,prod_00443,sell_0111,13/12/2017 16:46,77.97,6.27
ord_002366,1,prod_00309,sell_0074,20/06/2018 19:32,37.67,9.32
ord_002367,1,prod_00106,sell_0218,20/06/2018 10:38,190.34,25.6
ord_002368,1,prod_00515,sell_0092,19/03/2017 14:55,67.66,5.13
ord_002369,1,prod_00379,sell_0112,07/02/2018 21:00,73.85,16.13
ord_002370,1,prod_00093,sell_0101,13/09/2017 22:54,45.35,4.77
ord_002371,1,prod_00499,sell_0179,24/08/2017 21:29,51.97,5.62
ord_002372,1,prod_00228,sell_0052,11/07/2018 12:36,198.8,37.98
ord_002372,2,prod_00264,sell_0156,14/07/2018 12:36,30.97,3.04
ord_002373,1,prod_00531,sell_0086,25/01/2017 21:27,141.1,22.85
ord_002374,1,prod_00230,sell_0200,18/12/2018 22:15,142.66,21.21
ord_002375,1,prod_00702,sell_0086,18/01/2018 20:03,150.31,30.33
ord_002376,1,prod_00055,sell_0178,17/11/2017 20:56,83.66,20.38
ord_002377,1,prod_00117,sell_0158,28/11/2018 18:37,65.75,12.67
ord_002378,1,prod_00091,sell_0146,24/03/2018 14:52,166.18,26.57
ord_002378,2,prod_00586,sell_0080,27/03/2018 14:52,70.84,3.88
ord_002378,3,prod_00027,sell_0231,29/03/2018 14:52,20.03,4.25
ord_002379,1,prod_00488,sell_0183,17/06/2018 09:17,80.4,5.28
ord_002380,1,prod_00549,sell_0029,08/08/2018 09:16,87.75,18.16
ord_002381,1,prod_00509,sell_0033,13/11/2018 15:20,38.02,2.49
ord_002381,2,prod_00358,sell_0154,13/11/2018 15:20,98.17,7.82
ord_002382,1,prod_00389,sell_0089,17/06/2017 14:13,34.27,4.61
ord_002383,1,prod_00573,sell_0160,21/04/2017 13:29,23.94,2.16
ord_002384,1,prod_00098,sell_0207,04/01/2019 11:56,83.36,9.78
ord_002385,1,prod_00657,sell_0233,17/01/2017 21:52,133.28,11.43
ord_002386,1,prod_00461,sell_0141,13/08/2018 08:29,25.5,6.02
ord_002386,2,prod_00573,sell_0145,12/08/2018 08:29,80.71,4.55
ord_002386,3,prod_00299,sell_0174,14/08/2018 08:29,36.93,5.52
ord_002387,1,prod_00330,sell_0042,13/06/2018 19:20,64.27,15.19
ord_002387,2,prod_00704,sell_0044,16/06/2018 19:20,86.69,19.11
ord_002387,3,prod_00188,sell_0048,15/06/2018 19:20,54.56,5.46
ord_002388,1,prod_00445,sell_0184,08/05/2018 11:36,377.43,33.97
ord_002389,1,prod_00215,sell_0104,26/09/2018 08:36,428.34,86.84
ord_002390,1,prod_00203,sell_0171,03/01/2019 14:41,98.66,9.39
ord_002391,1,prod_00385,sell_0141,13/03/2017 18:32,102.54,23.71
ord_002392,1,prod_00670,sell_0249,16/06/2018 16:01,34.42,5.87
ord_002393,1,prod_00683,sell_0217,19/08/2018 22:04,192.25,35.38
ord_002393,2,prod_00175,sell_0143,21/08/2018 22:04,22.42,2.41
ord_002394,1,prod_00354,sell_0079,27/11/2017 22:58,40.11,3.45
ord_002395,1,prod_00610,sell_0198,21/11/2018 18:44,33.55,6.09
ord_002396,1,prod_00624,sell_0125,03/03/2018 08:56,37.96,6.33
ord_002397,1,prod_00182,sell_0031,19/07/2017 15:20,63.58,13.36
ord_002398,1,prod_00239,sell_0039,02/11/2018 18:32,57.58,13.36
ord_002398,2,prod_00648,sell_0181,06/11/2018 18:32,101.04,13.5
ord_002399,1,prod_00251,sell_0064,09/12/2018 13:19,31.77,7.76
ord_002400,1,prod_00022,sell_0007,12/05/2017 09:54,266.06,58.03
ord_002401,1,prod_00334,sell_0048,09/09/2018 17:17,51.3,10.74
ord_002402,1,prod_00072,sell_0195,09/09/2017 18:41,98.18,15.03
ord_002403,1,prod_00387,sell_0147,14/01/2017 10:10,83.35,17.19
ord_002404,1,prod_00658,sell_0017,17/10/2017 11:06,52.05,8.82
ord_002405,1,prod_00667,sell_0146,03/11/2018 20:09,26.5,6.35
ord_002406,1,prod_00582,sell_0074,26/06/2017 20:31,43.06,5.66
ord_002407,1,prod_00612,sell_0147,16/06/2017 09:50,33.32,3.52
ord_002408,1,prod_00369,sell_0082,31/08/2018 10:59,54.19,12.91
ord_002409,1,prod_00581,sell_0180,27/01/2018 08:37,43.59,2.2
ord_002410,1,prod_00709,sell_0194,04/07/2017 12:32,113.11,19.7
ord_002411,1,prod_00541,sell_0245,19/09/2017 20:47,22.56,4.04
ord_002412,1,prod_00397,sell_0142,29/09/2018 12:03,108.67,7.93
ord_002413,1,prod_00073,sell_0081,24/06/2018 12:48,150.41,21.88
ord_002414,1,prod_00715,sell_0086,15/09/2018 15:45,41.99,7.4
ord_002415,1,prod_00009,sell_0018,12/05/2017 15:31,222.82,26.79
ord_002416,1,prod_00323,sell_0106,04/03/2018 08:01,76.75,5.97
ord_002417,1,prod_00597,sell_0159,05/10/2018 18:12,35.15,7.13
ord_002418,1,prod_00750,sell_0214,21/10/2017 13:22,73.34,7.12
ord_002418,2,prod_00780,sell_0104,23/10/2017 13:22,74.28,5.68
ord_002418,3,prod_00042,sell_0021,24/10/2017 13:22,32.06,1.85
ord_002419,1,prod_00239,sell_0196,27/07/2017 17:56,184.74,45.68
ord_002420,1,prod_00234,sell_0184,07/01/2018 19:38,64.4,12.11
ord_002421,1,prod_00112,sell_0097,03/12/2017 20:30,211.32,12.75
ord_002422,1,prod_00331,sell_0179,10/08/2017 10:29,52.21,8.96
ord_002423,1,prod_00039,sell_0187,14/12/2018 22:46,49.06,6.82
ord_002423,2,prod_00293,sell_0208,11/12/2018 22:46,110.35,5.61
ord_002424,1,prod_00130,sell_0233,26/03/2018 13:19,95.21,18.92
ord_002425,1,prod_00208,sell_0039,13/06/2018 21:05,203.78,18.3
ord_002425,2,prod_00736,sell_0159,12/06/2018 21:05,33.3,1.88
ord_002426,1,prod_00326,sell_0208,07/06/2017 21:40,34.36,8.08
ord_002426,2,prod_00650,sell_0093,07/06/2017 21:40,37.53,9.05
ord_002427,1,prod_00303,sell_0100,13/06/2018 20:19,67.95,4.82
ord_002428,1,prod_00175,sell_0237,12/05/2018 17:19,189.35,22.45
ord_002429,1,prod_00639,sell_0052,04/12/2018 08:27,255.61,63.84
ord_002430,1,prod_00721,sell_0028,02/02/2018 22:14,204.39,49.22
ord_002431,1,prod_00508,sell_0213,26/09/2018 10:55,32.22,4.82
ord_002432,1,prod_00633,sell_0053,23/11/2017 21:50,51.96,8.45
ord_002433,1,prod_00633,sell_0056,27/05/2018 22:59,37.22,7.72
ord_002434,1,prod_00027,sell_0182,04/12/2018 21:57,58.88,6.93
ord_002435,1,prod_00739,sell_0013,26/06/2018 19:18,423.54,53.83
ord_002436,1,prod_00677,sell_0194,16/08/2018 14:22,81.29,8.69
ord_002437,1,prod_00086,sell_0143,17/11/2018 15:41,162.08,26.59
ord_002438,1,prod_00608,sell_0136,03/12/2018 11:00,102.08,22.57
ord_002439,1,prod_00774,sell_0040,02/09/2017 17:59,60.15,6
ord_002439,2,prod_00527,sell_0247,02/09/2017 17:59,132.09,17.2
ord_002439,3,prod_00420,sell_0019,03/09/2017 17:59,29.3,2.55
ord_002440,1,prod_00312,sell_0018,19/08/2017 20:00,51.23,3.23
ord_002440,2,prod_00792,sell_0094,19/08/2017 20:00,129.93,12.2
ord_002441,1,prod_00717,sell_0051,09/05/2018 16:31,33.4,6.47
ord_002442,1,prod_00644,sell_0103,31/12/2018 14:40,89.02,10.54
ord_002443,1,prod_00150,sell_0198,26/03/2018 14:54,143.86,11.44
ord_002444,1,prod_00404,sell_0169,05/12/2017 21:38,82.54,20.18
ord_002445,1,prod_00374,sell_0228,28/04/2018 14:35,114.46,24.09
ord_002446,1,prod_00689,sell_0044,02/04/2017 21:18,23.98,5.68
ord_002447,1,prod_00584,sell_0040,01/08/2017 21:35,331.01,36.02
ord_002448,1,prod_00065,sell_0216,06/07/2017 08:44,84.37,17.37
ord_002449,1,prod_00150,sell_0012,15/02/2017 11:30,28.34,5.92
ord_002449,2,prod_00221,sell_0203,12/02/2017 11:30,23.82,5.75
ord_002450,1,prod_00722,sell_0082,23/08/2018 22:46,59.49,8.03
ord_002451,1,prod_00073,sell_0091,03/12/2017 18:04,136.46,24.02
ord_002452,1,prod_00041,sell_0243,28/07/2017 20:20,52.45,6.17
ord_002452,2,prod_00454,sell_0135,28/07/2017 20:20,88.68,12.15
ord_002452,3,prod_00743,sell_0077,27/07/2017 20:20,43.31,4.72
ord_002453,1,prod_00559,sell_0016,12/04/2018 08:57,181.2,9.31
ord_002454,1,prod_00372,sell_0132,30/11/2017 10:19,51.72,9.07
ord_002455,1,prod_00557,sell_0040,19/01/2018 10:37,63.44,10.86
ord_002455,2,prod_00686,sell_0225,19/01/2018 10:37,55.51,7.21
ord_002456,1,prod_00504,sell_0040,30/11/2017 21:31,33.6,2.07
ord_002457,1,prod_00268,sell_0231,08/01/2017 21:56,24.47,5.3
ord_002458,1,prod_00716,sell_0140,01/08/2018 21:09,28.91,5.8
ord_002459,1,prod_00767,sell_0055,24/05/2017 11:17,112.6,17.7
ord_002460,1,prod_00704,sell_0153,14/09/2017 17:51,41.64,3.45
ord_002461,1,prod_00404,sell_0150,14/08/2017 12:39,52.11,6.45
ord_002462,1,prod_00240,sell_0003,02/12/2017 10:32,71.21,12.9
ord_002463,1,prod_00367,sell_0035,20/07/2017 19:23,56.64,8.83
ord_002464,1,prod_00522,sell_0066,12/12/2017 10:24,50.14,11.08
ord_002465,1,prod_00330,sell_0230,05/10/2017 19:56,30.91,4.33
ord_002466,1,prod_00446,sell_0163,30/03/2017 17:40,60.55,3.74
ord_002466,2,prod_00190,sell_0059,28/03/2017 17:40,277.64,37.9
ord_002467,1,prod_00090,sell_0202,13/11/2018 14:55,61.21,13.14
ord_002468,1,prod_00678,sell_0018,22/11/2017 21:58,60.05,3.37
ord_002469,1,prod_00609,sell_0224,10/05/2017 20:32,36.74,4.6
ord_002470,1,prod_00097,sell_0041,20/04/2018 22:36,109.79,7.6
ord_002471,1,prod_00347,sell_0092,08/06/2017 17:39,87.77,7.67
ord_002471,2,prod_00294,sell_0244,08/06/2017 17:39,75.88,16.84
ord_002472,1,prod_00061,sell_0049,19/09/2018 10:50,240.58,27.51
ord_002473,1,prod_00133,sell_0180,02/04/2017 13:39,109.57,14.78
ord_002474,1,prod_00329,sell_0065,11/03/2018 20:06,114.65,13.52
ord_002475,1,prod_00272,sell_0120,09/12/2018 12:56,67.01,13.09
ord_002475,2,prod_00595,sell_0223,07/12/2018 12:56,47.76,8.04
ord_002476,1,prod_00165,sell_0085,16/07/2017 13:39,100.33,15.56
ord_002477,1,prod_00737,sell_0048,24/08/2017 16:52,162.13,18.16
ord_002478,1,prod_00105,sell_0055,11/06/2018 15:25,31.42,3.83
ord_002479,1,prod_00352,sell_0153,28/12/2018 08:28,123.72,26.37
ord_002480,1,prod_00759,sell_0113,15/01/2018 16:41,92.86,22.07
ord_002481,1,prod_00212,sell_0138,10/07/2018 19:46,71.36,4
ord_002482,1,prod_00127,sell_0248,09/07/2017 14:04,395.51,61.29
ord_002483,1,prod_00263,sell_0162,05/07/2018 11:24,45.96,6.75
ord_002484,1,prod_00492,sell_0096,13/10/2017 22:46,41.41,9.21
ord_002484,2,prod_00616,sell_0087,10/10/2017 22:46,154.52,10.16
ord_002485,1,prod_00123,sell_0205,17/06/2018 21:59,224.92,34.33
ord_002486,1,prod_00168,sell_0073,29/04/2017 09:00,98.81,10.73
ord_002486,2,prod_00133,sell_0121,02/05/2017 09:00,26.15,1.45
ord_002487,1,prod_00465,sell_0066,24/04/2018 16:15,111.45,21.58
ord_002487,2,prod_00791,sell_0030,20/04/2018 16:15,23.47,1.74
ord_002487,3,prod_00311,sell_0086,21/04/2018 16:15,310.96,35.23
ord_002488,1,prod_00389,sell_0162,26/09/2017 21:27,94.98,13.11
ord_002489,1,prod_00445,sell_0087,29/07/2018 08:13,62.53,7.84
ord_002490,1,prod_00447,sell_0009,02/09/2018 13:01,187.38,20.16
ord_002490,2,prod_00411,sell_0224,04/09/2018 13:01,39.16,7.18
ord_002491,1,prod_00562,sell_0078,28/10/2018 12:32,513.7,102.09
ord_002492,1,prod_00234,sell_0049,30/12/2018 21:38,109.07,12.12
ord_002493,1,prod_00263,sell_0191,08/03/2018 09:24,44.57,5.92
ord_002494,1,prod_00545,sell_0041,23/07/2018 19:22,73.61,4.77
ord_002495,1,prod_00636,sell_0146,30/01/2017 16:59,175.78,23.16
ord_002496,1,prod_00218,sell_0218,25/11/2018 10:28,57.96,11.81
ord_002497,1,prod_00214,sell_0084,17/06/2018 17:47,83.3,16.29
ord_002498,1,prod_00244,sell_0188,09/02/2018 20:17,126.28,24.68
ord_002498,2,prod_00545,sell_0129,10/02/2018 20:17,57.44,7.89
ord_002499,1,prod_00616,sell_0049,17/02/2018 15:49,54.88,6.57
ord_002499,2,prod_00130,sell_0222,18/02/2018 15:49,130.55,7.98
ord_002500,1,prod_00249,sell_0062,08/09/2018 20:49,58.7,14
ord_002501,1,prod_00135,sell_0083,23/10/2018 18:16,115.34,23.03
ord_002502,1,prod_00511,sell_0162,09/10/2018 13:39,121.09,26.18
ord_002503,1,prod_00055,sell_0232,12/04/2018 11:40,124.4,24.64
ord_002504,1,prod_00614,sell_0223,01/01/2018 15:26,195.26,28.13
ord_002505,1,prod_00572,sell_0201,09/12/2018 13:46,73.22,6.84
ord_002506,1,prod_00330,sell_0127,30/06/2018 14:18,87.52,17.85
ord_002507,1,prod_00641,sell_0013,02/05/2018 13:29,65.62,14.92
ord_002508,1,prod_00090,sell_0230,10/06/2018 17:59,120.84,26.44
ord_002508,2,prod_00334,sell_0009,09/06/2018 17:59,20.93,4.43
ord_002509,1,prod_00729,sell_0080,28/06/2018 13:10,81.27,13.23
ord_002510,1,prod_00014,sell_0212,15/08/2018 22:08,91.16,10.84
ord_002510,2,prod_00772,sell_0227,14/08/2018 22:08,105.24,14.31
ord_002511,1,prod_00046,sell_0072,11/05/2018 21:08,34.67,2.5
ord_002512,1,prod_00081,sell_0108,14/11/2018 13:59,39.87,3.03
ord_002513,1,prod_00213,sell_0162,09/11/2018 10:09,249.13,46.13
ord_002514,1,prod_00678,sell_0220,23/02/2018 17:11,168.23,9.99
ord_002515,1,prod_00415,sell_0068,23/07/2017 08:41,114.93,16.72
ord_002516,1,prod_00355,sell_0151,22/05/2018 22:45,157.99,18.81
ord_002516,2,prod_00037,sell_0119,25/05/2018 22:45,154.6,35.07
ord_002517,1,prod_00079,sell_0071,19/06/2018 22:31,229.81,56.45
ord_002517,2,prod_00690,sell_0029,19/06/2018 22:31,32.24,7.32
ord_002518,1,prod_00289,sell_0193,23/04/2018 17:58,132.23,25.8
ord_002518,2,prod_00619,sell_0199,23/04/2018 17:58,20.41,4.61
ord_002519,1,prod_00645,sell_0164,25/11/2018 15:02,42.38,5.51
ord_002520,1,prod_00689,sell_0105,06/05/2017 11:37,47.01,7.17
ord_002521,1,prod_00653,sell_0111,11/11/2017 20:36,536.18,28.76
ord_002521,2,prod_00147,sell_0087,09/11/2017 20:36,149.64,14.66
ord_002521,3,prod_00238,sell_0076,10/11/2017 20:36,101.96,10.75
ord_002522,1,prod_00233,sell_0012,09/11/2018 14:19,96.59,11.93
ord_002523,1,prod_00612,sell_0047,05/12/2018 18:53,268.78,59
ord_002524,1,prod_00133,sell_0028,12/02/2018 12:33,183.08,20.23
ord_002524,2,prod_00582,sell_0032,14/02/2018 12:33,99.3,24.4
ord_002525,1,prod_00699,sell_0038,16/08/2017 14:14,30.42,2.95
ord_002526,1,prod_00193,sell_0124,10/02/2018 14:05,66.77,15.14
ord_002527,1,prod_00030,sell_0130,03/03/2018 15:06,57.13,7.54
ord_002528,1,prod_00616,sell_0204,16/04/2018 15:53,54.36,4.3
ord_002529,1,prod_00255,sell_0051,28/10/2017 10:15,22.59,3.64
ord_002529,2,prod_00409,sell_0001,28/10/2017 10:15,136.72,24.97
ord_002530,1,prod_00260,sell_0247,24/11/2017 18:54,29.84,6.93
ord_002530,2,prod_00110,sell_0041,26/11/2017 18:54,72.16,14.65
ord_002531,1,prod_00184,sell_0161,11/07/2018 22:07,96.27,10.73
ord_002531,2,prod_00327,sell_0036,14/07/2018 22:07,38.31,6.14
ord_002532,1,prod_00722,sell_0180,21/06/2018 11:59,57.3,11.83
ord_002533,1,prod_00404,sell_0178,18/07/2018 15:50,20.77,1.48
ord_002534,1,prod_00288,sell_0079,04/01/2018 08:06,56.24,13.8
ord_002535,1,prod_00155,sell_0113,06/12/2017 11:05,87.54,4.93
ord_002536,1,prod_00433,sell_0033,20/12/2017 21:48,125.85,17.12
ord_002537,1,prod_00226,sell_0199,12/12/2018 13:04,46.75,8.97
ord_002538,1,prod_00774,sell_0221,18/01/2018 09:15,299.58,34.77
ord_002539,1,prod_00065,sell_0079,13/06/2018 18:48,88.3,6.22
ord_002540,1,prod_00471,sell_0204,20/04/2018 16:54,14.21,1.43
ord_002540,2,prod_00283,sell_0166,20/04/2018 16:54,25.25,3.49
ord_002540,3,prod_00706,sell_0076,20/04/2018 16:54,20.06,4.74
ord_002541,1,prod_00480,sell_0085,15/11/2018 21:46,88.11,17.92
ord_002542,1,prod_00325,sell_0039,28/12/2017 09:53,52.93,11.07
ord_002543,1,prod_00052,sell_0062,19/02/2018 21:33,202.68,12.03
ord_002544,1,prod_00513,sell_0072,31/10/2018 16:46,97.38,10.27
ord_002545,1,prod_00090,sell_0239,19/07/2017 16:20,121.11,7.11
ord_002545,2,prod_00086,sell_0127,19/07/2017 16:20,198.21,42.07
ord_002546,1,prod_00719,sell_0096,04/06/2018 18:47,125.84,11.83
ord_002547,1,prod_00129,sell_0006,23/01/2018 10:40,477.96,67.85
ord_002548,1,prod_00072,sell_0236,30/12/2018 10:34,50.47,9.2
ord_002549,1,prod_00435,sell_0067,21/08/2018 09:59,294.08,55.12
ord_002550,1,prod_00503,sell_0137,19/01/2017 18:28,126.87,24.59
ord_002551,1,prod_00278,sell_0169,26/10/2018 15:37,178.61,18.42
ord_002551,2,prod_00660,sell_0082,26/10/2018 15:37,183.27,12.79
ord_002552,1,prod_00028,sell_0072,12/08/2018 09:30,84.94,18.56
ord_002553,1,prod_00008,sell_0043,16/05/2018 18:15,49.25,7.54
ord_002554,1,prod_00593,sell_0135,28/09/2017 15:19,77.71,16.82
ord_002554,2,prod_00696,sell_0143,28/09/2017 15:19,117.3,26.84
ord_002555,1,prod_00763,sell_0133,08/07/2017 10:58,69.08,11.3
ord_002556,1,prod_00087,sell_0126,27/06/2018 16:23,184.1,27.54
ord_002557,1,prod_00564,sell_0179,20/02/2018 13:40,64.79,13.83
ord_002558,1,prod_00690,sell_0004,07/11/2018 09:34,240.68,44.01
ord_002558,2,prod_00184,sell_0230,06/11/2018 09:34,69.71,6.94
ord_002559,1,prod_00506,sell_0052,21/10/2017 11:53,164.16,30.65
ord_002560,1,prod_00486,sell_0189,04/07/2018 19:45,33.56,8.22
ord_002561,1,prod_00153,sell_0042,10/10/2017 10:04,22.84,5.61
ord_002562,1,prod_00428,sell_0048,02/07/2018 14:21,87.97,5.68
ord_002563,1,prod_00359,sell_0248,12/03/2017 18:42,105.63,7.12
ord_002564,1,prod_00555,sell_0044,14/01/2018 13:09,168.44,18.81
ord_002565,1,prod_00566,sell_0181,28/07/2017 12:30,249.06,58.12
ord_002566,1,prod_00364,sell_0081,15/06/2018 11:19,155,27.37
ord_002567,1,prod_00191,sell_0149,30/11/2017 11:03,20.78,4.39
ord_002568,1,prod_00534,sell_0232,21/09/2018 17:59,56.2,12.93
ord_002568,2,prod_00394,sell_0047,18/09/2018 17:59,43.19,3.79
ord_002569,1,prod_00250,sell_0110,02/06/2017 22:55,23.12,5.05
ord_002570,1,prod_00646,sell_0088,13/05/2018 17:44,250.64,53.18
ord_002571,1,prod_00027,sell_0100,03/06/2018 08:12,64.39,7.35
ord_002572,1,prod_00544,sell_0202,05/02/2017 18:59,38,7.91
ord_002572,2,prod_00484,sell_0217,04/02/2017 18:59,39.17,7.81
ord_002573,1,prod_00409,sell_0096,26/02/2017 21:37,60.4,4.19
ord_002574,1,prod_00747,sell_0166,27/11/2017 09:57,30.3,2.27
ord_002575,1,prod_00248,sell_0066,17/06/2018 12:02,99.03,11.85
ord_002576,1,prod_00592,sell_0104,15/12/2018 19:10,94.5,20.02
ord_002577,1,prod_00049,sell_0175,02/05/2017 12:40,144.75,10.19
ord_002578,1,prod_00185,sell_0067,08/08/2018 22:54,40.69,3.42
ord_002579,1,prod_00384,sell_0169,07/08/2018 10:10,48.92,9.94
ord_002580,1,prod_00375,sell_0115,21/07/2018 20:19,39.34,4.23
ord_002581,1,prod_00071,sell_0232,18/04/2018 09:35,41.87,4.66
ord_002582,1,prod_00721,sell_0036,18/12/2018 17:59,62.74,12.55
ord_002583,1,prod_00068,sell_0240,06/04/2018 15:47,54.28,13.04
ord_002584,1,prod_00377,sell_0141,23/10/2018 16:55,139.51,12.29
ord_002584,2,prod_00589,sell_0027,23/10/2018 16:55,25.9,3.47
ord_002585,1,prod_00354,sell_0088,21/10/2017 15:40,146.79,28.41
ord_002586,1,prod_00097,sell_0098,10/10/2018 22:52,72.01,4.99
ord_002587,1,prod_00686,sell_0230,06/01/2019 14:30,100.1,8.36
ord_002588,1,prod_00688,sell_0064,27/11/2018 16:07,33.78,2.18
ord_002588,2,prod_00627,sell_0177,25/11/2018 16:07,59.23,6.94
ord_002589,1,prod_00748,sell_0108,21/11/2017 11:42,96.18,5.58
ord_002590,1,prod_00432,sell_0069,27/10/2018 09:36,83.19,5.04
ord_002591,1,prod_00036,sell_0122,11/05/2017 15:29,54.62,12.15
ord_002591,2,prod_00715,sell_0180,11/05/2017 15:29,16.87,2.41
ord_002592,1,prod_00256,sell_0095,25/07/2018 20:16,234.68,48.57
ord_002593,1,prod_00509,sell_0237,09/12/2017 19:47,142.76,9.8
ord_002594,1,prod_00551,sell_0128,12/07/2018 22:49,32.38,5.27
ord_002595,1,prod_00697,sell_0174,30/01/2018 15:21,134.29,12.51
ord_002596,1,prod_00440,sell_0155,21/01/2017 19:55,271.54,29.93
ord_002596,2,prod_00667,sell_0103,17/01/2017 19:55,26.58,2.86
ord_002597,1,prod_00354,sell_0009,22/09/2017 12:22,102.43,21.93
ord_002598,1,prod_00751,sell_0065,06/03/2017 15:06,31.14,4.73
ord_002599,1,prod_00264,sell_0248,14/02/2018 12:09,42.97,3.76
ord_002600,1,prod_00002,sell_0073,25/10/2018 19:29,200.63,36.92
ord_002601,1,prod_00669,sell_0134,02/09/2018 17:04,76.28,9.03
ord_002602,1,prod_00773,sell_0220,28/09/2018 16:43,89.5,15.63
ord_002603,1,prod_00711,sell_0016,11/10/2018 18:47,50.46,7.04
ord_002604,1,prod_00400,sell_0177,01/01/2018 09:32,105.95,6.73
ord_002604,2,prod_00185,sell_0064,31/12/2017 09:32,36.67,7.23
ord_002605,1,prod_00768,sell_0136,10/04/2018 15:53,33.99,2.74
ord_002606,1,prod_00560,sell_0161,12/04/2018 18:57,36.2,2.3
ord_002607,1,prod_00773,sell_0166,31/05/2017 08:26,42.22,7.46
ord_002608,1,prod_00004,sell_0151,08/06/2018 18:05,52.24,4.86
ord_002608,2,prod_00665,sell_0155,10/06/2018 18:05,90.76,16.14
ord_002609,1,prod_00394,sell_0130,20/08/2018 17:13,32.87,3.47
ord_002610,1,prod_00761,sell_0153,13/06/2018 09:39,71.33,14.42
ord_002610,2,prod_00179,sell_0111,15/06/2018 09:39,60.11,4.48
ord_002611,1,prod_00052,sell_0122,07/09/2018 14:24,79.28,17.25
ord_002612,1,prod_00266,sell_0140,02/06/2017 12:41,128.08,13.15
ord_002613,1,prod_00045,sell_0185,14/09/2018 17:40,145.46,31.44
ord_002613,2,prod_00011,sell_0060,10/09/2018 17:40,63.41,4.95
ord_002614,1,prod_00537,sell_0193,03/09/2017 19:36,21.66,3.56
ord_002615,1,prod_00510,sell_0075,13/11/2018 09:09,398.51,28.84
ord_002616,1,prod_00162,sell_0151,04/10/2017 22:17,186.46,35.64
ord_002617,1,prod_00546,sell_0062,01/04/2018 14:22,21.23,1.66
ord_002617,2,prod_00559,sell_0064,30/03/2018 14:22,42.67,7.45
ord_002618,1,prod_00662,sell_0126,26/03/2018 22:49,108.17,12.34
ord_002619,1,prod_00426,sell_0000,27/10/2017 15:40,240.99,27.69
ord_002620,1,prod_00169,sell_0203,28/12/2017 16:38,42.2,5.28
ord_002621,1,prod_00117,sell_0130,11/08/2017 22:40,80.67,14.06
ord_002622,1,prod_00210,sell_0245,19/05/2018 09:30,18.72,1.48
ord_002623,1,prod_00397,sell_0059,26/11/2018 20:02,203.78,15.49
ord_002624,1,prod_00473,sell_0235,25/11/2017 13:12,74.64,11.79
ord_002625,1,prod_00054,sell_0167,08/04/2018 18:08,37.53,4.04
ord_002626,1,prod_00518,sell_0094,09/11/2018 17:03,103.4,6.82
ord_002627,1,prod_00387,sell_0181,02/03/2018 21:19,57,4.25
ord_002628,1,prod_00767,sell_0153,21/10/2018 14:47,181.78,27.86
ord_002629,1,prod_00003,sell_0156,27/02/2018 13:06,306.14,72.56
ord_002630,1,prod_00015,sell_0215,21/02/2018 21:06,137.24,22.87
ord_002631,1,prod_00449,sell_0067,17/07/2017 15:07,109.33,25.23
ord_002632,1,prod_00498,sell_0121,08/06/2017 18:16,148.63,29.55
ord_002632,2,prod_00540,sell_0072,13/06/2017 18:16,126.61,18.77
ord_002633,1,prod_00713,sell_0087,17/06/2018 21:12,53.14,3.37
ord_002634,1,prod_00391,sell_0199,20/10/2018 18:00,100.18,22.57
ord_002635,1,prod_00454,sell_0134,19/06/2017 09:16,37.26,5.35
ord_002635,2,prod_00789,sell_0144,20/06/2017 09:16,49.71,6.79
ord_002635,3,prod_00037,sell_0139,23/06/2017 09:16,30.3,6.39
ord_002636,1,prod_00165,sell_0189,30/11/2018 21:59,113.9,17.36
ord_002637,1,prod_00498,sell_0087,21/12/2017 17:20,274.53,50.09
ord_002638,1,prod_00326,sell_0081,08/02/2018 12:12,146.9,23.46
ord_002639,1,prod_00545,sell_0143,27/11/2018 13:29,75.84,10.99
ord_002639,2,prod_00256,sell_0192,22/11/2018 13:29,111.25,16.48
ord_002640,1,prod_00153,sell_0033,23/11/2018 18:13,31.76,3.7
ord_002640,2,prod_00719,sell_0124,23/11/2018 18:13,55.22,6.37
ord_002641,1,prod_00414,sell_0115,23/04/2018 08:33,80.55,11.08
ord_002641,2,prod_00713,sell_0175,21/04/2018 08:33,121.75,23.77
ord_002642,1,prod_00662,sell_0046,02/11/2017 11:24,49.33,4.69
ord_002643,1,prod_00247,sell_0202,26/07/2017 18:53,154.67,35.13
ord_002643,2,prod_00560,sell_0133,31/07/2017 18:53,90.37,4.95
ord_002644,1,prod_00671,sell_0031,25/10/2017 16:55,101.67,5.14
ord_002645,1,prod_00551,sell_0142,22/09/2018 12:42,31.08,6.71
ord_002646,1,prod_00405,sell_0179,30/11/2017 22:12,273.82,40.85
ord_002647,1,prod_00183,sell_0225,05/08/2018 19:28,47.33,10.09
ord_002648,1,prod_00180,sell_0019,19/08/2017 21:18,59.27,3.35
ord_002648,2,prod_00728,sell_0046,23/08/2017 21:18,50.25,10.49
ord_002649,1,prod_00678,sell_0040,21/03/2018 22:47,48.99,4.73
ord_002649,2,prod_00293,sell_0176,21/03/2018 22:47,50.52,7.33
ord_002650,1,prod_00571,sell_0185,19/12/2017 18:01,53.96,6.27
ord_002651,1,prod_00713,sell_0216,09/04/2018 09:39,96.36,20.2
ord_002651,2,prod_00310,sell_0176,04/04/2018 09:39,145.31,26.3
ord_002652,1,prod_00246,sell_0220,19/05/2018 15:19,54.48,12.49
ord_002652,2,prod_00637,sell_0202,21/05/2018 15:19,92.15,21.79
ord_002653,1,prod_00610,sell_0193,31/12/2018 20:28,82.31,20.08
ord_002654,1,prod_00324,sell_0042,25/11/2018 14:19,150.45,13.71
ord_002655,1,prod_00377,sell_0143,04/08/2018 22:21,67.93,16.93
ord_002656,1,prod_00262,sell_0205,11/07/2017 11:40,154.07,21.32
ord_002657,1,prod_00077,sell_0235,27/11/2018 08:35,30.09,2
ord_002658,1,prod_00368,sell_0048,22/11/2018 16:14,94.29,20.23
ord_002659,1,prod_00115,sell_0071,22/11/2018 19:02,188.53,28.49
ord_002660,1,prod_00010,sell_0056,19/03/2018 22:51,110.44,7.07
ord_002660,2,prod_00443,sell_0194,19/03/2018 22:51,125.57,14.51
ord_002661,1,prod_00776,sell_0148,28/07/2017 10:29,223.2,49.3
ord_002662,1,prod_00707,sell_0009,07/09/2018 10:37,24.92,4.63
ord_002663,1,prod_00206,sell_0232,16/01/2018 13:29,85.39,12.76
ord_002664,1,prod_00311,sell_0153,13/12/2017 22:37,109.92,14.79
ord_002664,2,prod_00147,sell_0015,12/12/2017 22:37,168.53,25.32
ord_002665,1,prod_00157,sell_0000,19/01/2018 21:37,222.47,50.79
ord_002666,1,prod_00669,sell_0000,15/05/2018 15:00,187.07,44.52
ord_002667,1,prod_00765,sell_0012,02/12/2017 09:31,115.52,6.59
ord_002668,1,prod_00128,sell_0128,31/07/2018 15:30,32.86,7.59
ord_002668,2,prod_00670,sell_0237,05/08/2018 15:30,51.25,7.31
ord_002669,1,prod_00391,sell_0202,10/07/2018 20:05,44.27,2.88
ord_002669,2,prod_00532,sell_0067,06/07/2018 20:05,230.9,54.35
ord_002670,1,prod_00516,sell_0058,10/04/2018 17:44,73.87,12.61
ord_002671,1,prod_00232,sell_0202,18/03/2017 17:14,9.52,1.04
ord_002672,1,prod_00478,sell_0007,06/12/2018 14:03,31.3,4.11
ord_002673,1,prod_00280,sell_0086,29/01/2018 10:48,139.48,11.62
ord_002674,1,prod_00211,sell_0081,01/03/2018 17:51,63.33,6.11
ord_002675,1,prod_00719,sell_0190,07/03/2018 18:14,117.02,15.19
ord_002675,2,prod_00615,sell_0131,02/03/2018 18:14,124.65,13.6
ord_002676,1,prod_00197,sell_0212,26/12/2017 20:41,59.13,13.48
ord_002676,2,prod_00422,sell_0119,27/12/2017 20:41,62.53,14.58
ord_002677,1,prod_00634,sell_0086,23/07/2018 10:00,29.26,5.17
ord_002678,1,prod_00735,sell_0188,27/01/2017 19:43,129.32,13.87
ord_002678,2,prod_00301,sell_0026,26/01/2017 19:43,59.41,5.81
ord_002679,1,prod_00351,sell_0034,16/11/2018 09:27,39.9,9.56
ord_002680,1,prod_00222,sell_0068,20/05/2017 21:47,230.09,41.31
ord_002681,1,prod_00511,sell_0062,06/01/2019 20:23,17.58,1.61
ord_002681,2,prod_00488,sell_0114,04/01/2019 20:23,84,17.9
ord_002681,3,prod_00595,sell_0105,04/01/2019 20:23,68.78,14.26
ord_002682,1,prod_00794,sell_0201,26/06/2018 09:21,196.62,14.62
ord_002683,1,prod_00567,sell_0234,02/04/2017 18:50,20.35,4.32
ord_002684,1,prod_00567,sell_0210,14/05/2018 17:02,53.03,7.71
ord_002685,1,prod_00707,sell_0019,04/12/2017 16:11,76.49,14.43
ord_002686,1,prod_00312,sell_0090,12/12/2018 17:24,154.88,18.11
ord_002687,1,prod_00158,sell_0149,09/09/2018 15:35,44.32,4.86
ord_002687,2,prod_00779,sell_0142,11/09/2018 15:35,116.9,13.9
ord_002688,1,prod_00672,sell_0246,11/04/2018 17:00,26.25,2.14
ord_002689,1,prod_00558,sell_0173,12/02/2018 22:34,64.72,5.19
ord_002690,1,prod_00336,sell_0225,04/01/2019 15:22,158.92,24.25
ord_002691,1,prod_00353,sell_0150,18/07/2018 09:37,55.19,11.57
ord_002692,1,prod_00337,sell_0133,14/04/2018 13:54,91.33,22.75
ord_002693,1,prod_00521,sell_0088,22/01/2018 17:26,64.48,15.23
ord_002694,1,prod_00190,sell_0154,30/11/2017 08:33,183.25,13.06
ord_002695,1,prod_00121,sell_0147,14/08/2018 20:27,117.9,12
ord_002695,2,prod_00026,sell_0194,10/08/2018 20:27,58.4,11.79
ord_002696,1,prod_00561,sell_0046,31/05/2018 17:07,36.6,4.08
ord_002697,1,prod_00185,sell_0120,02/11/2018 14:47,69.05,10.71
ord_002698,1,prod_00006,sell_0183,10/05/2018 14:53,125.68,30.9
ord_002699,1,prod_00558,sell_0147,31/05/2018 14:48,307.16,57.4
ord_002699,2,prod_00463,sell_0001,27/05/2018 14:48,142.23,11.84
ord_002700,1,prod_00385,sell_0188,22/03/2018 17:56,98.59,8.72
ord_002701,1,prod_00298,sell_0184,13/09/2018 15:28,64.7,8.92
ord_002702,1,prod_00543,sell_0150,06/02/2018 13:39,190.44,46.97
ord_002703,1,prod_00555,sell_0185,05/11/2018 22:10,44.56,5.5
ord_002704,1,prod_00474,sell_0050,30/11/2017 22:58,144.07,34.61
ord_002705,1,prod_00026,sell_0205,05/08/2018 19:34,229.63,22.72
ord_002705,2,prod_00600,sell_0076,03/08/2018 19:34,203.85,48.59
ord_002706,1,prod_00551,sell_0174,21/11/2018 20:15,96.95,7.62
ord_002707,1,prod_00420,sell_0146,20/09/2018 17:48,63.08,6.57
ord_002708,1,prod_00604,sell_0091,11/12/2017 20:35,41.81,4.36
ord_002709,1,prod_00438,sell_0159,13/08/2018 13:56,108.79,18.19
ord_002710,1,prod_00080,sell_0194,02/09/2017 18:46,49.04,6.95
ord_002710,2,prod_00615,sell_0166,03/09/2017 18:46,125.25,23.4
ord_002710,3,prod_00555,sell_0082,01/09/2017 18:46,101.16,15.99
ord_002711,1,prod_00460,sell_0034,27/03/2017 17:52,78.69,11.29
ord_002712,1,prod_00390,sell_0157,29/09/2018 15:32,158.39,27.49
ord_002713,1,prod_00363,sell_0063,11/10/2018 20:31,185.83,10.69
ord_002714,1,prod_00745,sell_0211,06/02/2017 11:45,30.33,2.27
ord_002715,1,prod_00119,sell_0232,10/12/2018 13:06,54.96,5.49
ord_002716,1,prod_00448,sell_0075,23/02/2018 13:03,57.83,12.25
ord_002717,1,prod_00326,sell_0150,28/11/2018 21:59,121.9,22.93
ord_002718,1,prod_00612,sell_0063,29/09/2018 11:54,52.14,5.14
ord_002719,1,prod_00392,sell_0196,23/11/2018 18:57,56.78,5.23
ord_002720,1,prod_00487,sell_0179,24/10/2018 10:03,104.01,19.88
ord_002721,1,prod_00702,sell_0021,21/12/2018 21:16,113.64,19.82
ord_002722,1,prod_00466,sell_0146,24/06/2018 16:54,169.11,36.43
ord_002723,1,prod_00534,sell_0096,17/09/2017 13:05,107.15,19.57
ord_002724,1,prod_00209,sell_0055,17/01/2018 19:27,321.8,80.31
ord_002725,1,prod_00211,sell_0217,09/09/2018 08:20,26.18,3.25
ord_002726,1,prod_00712,sell_0196,14/07/2017 15:52,482.24,96.39
ord_002727,1,prod_00438,sell_0076,03/12/2018 11:31,82.57,17.08
ord_002728,1,prod_00273,sell_0139,27/08/2017 10:17,77.48,7.08
ord_002729,1,prod_00291,sell_0096,13/11/2018 11:31,160.39,31.07
ord_002730,1,prod_00297,sell_0198,24/03/2018 17:06,87.71,11.1
ord_002730,2,prod_00660,sell_0236,24/03/2018 17:06,55.72,5.04
ord_002731,1,prod_00076,sell_0208,27/10/2018 09:43,61.41,12.07
ord_002732,1,prod_00434,sell_0218,12/12/2018 12:37,170.17,22.74
ord_002733,1,prod_00580,sell_0161,10/02/2018 09:36,136.94,19.59
ord_002733,2,prod_00739,sell_0012,08/02/2018 09:36,419.11,72.01
ord_002734,1,prod_00356,sell_0244,08/08/2018 21:26,57.09,13.77
ord_002734,2,prod_00277,sell_0086,04/08/2018 21:26,102.57,9.26
ord_002735,1,prod_00092,sell_0190,17/09/2017 16:17,10.91,0.97
ord_002736,1,prod_00779,sell_0195,07/10/2018 12:03,107.54,12.29
ord_002736,2,prod_00736,sell_0097,04/10/2018 12:03,83.34,10.67
ord_002737,1,prod_00044,sell_0019,13/10/2018 15:56,59.3,6.37
ord_002738,1,prod_00197,sell_0058,16/11/2017 09:24,31.79,2.5
ord_002739,1,prod_00325,sell_0045,09/02/2017 20:29,397.79,76.45
ord_002739,2,prod_00514,sell_0084,07/02/2017 20:29,97.7,22.23
ord_002740,1,prod_00705,sell_0114,17/02/2018 19:22,86.47,15.98
ord_002741,1,prod_00196,sell_0047,25/07/2017 17:59,172.26,30.65
ord_002742,1,prod_00116,sell_0044,14/10/2018 16:47,109.5,18.61
ord_002742,2,prod_00237,sell_0240,14/10/2018 16:47,140.66,23.79
ord_002743,1,prod_00070,sell_0042,20/10/2017 18:05,166.18,35.57
ord_002744,1,prod_00764,sell_0069,06/12/2018 10:36,105.96,12.26
ord_002745,1,prod_00544,sell_0096,23/12/2018 13:29,14.48,2.42
ord_002745,2,prod_00447,sell_0048,21/12/2018 13:29,38.27,7.95
ord_002746,1,prod_00195,sell_0200,28/11/2018 15:47,61.05,13.35
ord_002747,1,prod_00329,sell_0032,07/06/2018 22:59,118.19,21.59
ord_002748,1,prod_00201,sell_0087,24/10/2017 09:44,246.05,21.88
ord_002749,1,prod_00608,sell_0198,10/10/2018 18:51,828.57,159.46
ord_002750,1,prod_00686,sell_0224,08/08/2018 14:30,65.74,6.47
ord_002751,1,prod_00583,sell_0012,26/12/2018 14:22,61.14,11.07
ord_002752,1,prod_00216,sell_0021,04/01/2018 11:38,208.41,30.83
ord_002753,1,prod_00031,sell_0110,25/03/2017 08:44,137.48,11.86
ord_002754,1,prod_00546,sell_0207,06/01/2019 20:13,66.2,16.16
ord_002755,1,prod_00200,sell_0081,27/10/2018 11:30,13.34,1.14
ord_002755,2,prod_00238,sell_0188,25/10/2018 11:30,165.59,22.32
ord_002756,1,prod_00717,sell_0046,16/09/2017 20:06,23.79,5.2
ord_002757,1,prod_00524,sell_0003,21/08/2018 14:12,161.08,14.15
ord_002758,1,prod_00715,sell_0141,04/01/2017 20:52,96.52,10.73
ord_002759,1,prod_00377,sell_0238,12/05/2018 09:08,40.91,3.15
ord_002760,1,prod_00141,sell_0075,25/12/2017 10:48,63.71,12.57
ord_002760,2,prod_00197,sell_0048,27/12/2017 10:48,96.74,17.55
ord_002761,1,prod_00039,sell_0062,08/01/2018 21:22,48.42,10.65
ord_002762,1,prod_00623,sell_0031,03/10/2017 10:39,165.33,32.21
ord_002763,1,prod_00417,sell_0024,29/10/2017 21:54,81.04,12.87
ord_002764,1,prod_00513,sell_0138,06/03/2018 14:46,35.83,7.79
ord_002764,2,prod_00489,sell_0093,01/03/2018 14:46,43.83,10.8
ord_002764,3,prod_00541,sell_0011,04/03/2018 14:46,205.98,17.81
ord_002765,1,prod_00718,sell_0029,09/10/2017 22:49,29.25,3.84
ord_002765,2,prod_00647,sell_0215,05/10/2017 22:49,454.69,105.9
ord_002765,3,prod_00411,sell_0128,05/10/2017 22:49,56.95,4.37
ord_002766,1,prod_00759,sell_0206,14/03/2018 15:15,55.89,10.35
ord_002767,1,prod_00637,sell_0226,28/05/2018 13:21,17.29,4.21
ord_002768,1,prod_00034,sell_0197,16/08/2018 22:43,45.12,3.57
ord_002768,2,prod_00169,sell_0143,16/08/2018 22:43,78.42,11.62
ord_002768,3,prod_00363,sell_0227,15/08/2018 22:43,130.73,12.42
ord_002769,1,prod_00228,sell_0000,25/07/2018 20:46,80.32,5.47
ord_002770,1,prod_00488,sell_0075,02/10/2017 15:47,146.65,29.11
ord_002771,1,prod_00545,sell_0175,04/03/2017 17:44,41.46,7.76
ord_002772,1,prod_00306,sell_0116,24/10/2018 12:13,33.79,3.57
ord_002773,1,prod_00069,sell_0200,11/11/2018 10:17,13.73,3.22
ord_002774,1,prod_00178,sell_0081,28/12/2018 22:56,32.27,5.48
ord_002774,2,prod_00720,sell_0078,24/12/2018 22:56,317.77,32.63
ord_002774,3,prod_00164,sell_0191,28/12/2018 22:56,159.19,36.39
ord_002775,1,prod_00414,sell_0025,14/12/2018 10:33,67.36,6.35
ord_002775,2,prod_00659,sell_0174,13/12/2018 10:33,60.44,12.87
ord_002776,1,prod_00098,sell_0071,27/06/2018 22:45,96.58,22.61
ord_002777,1,prod_00398,sell_0176,25/11/2018 17:35,22.29,3.72
ord_002777,2,prod_00667,sell_0169,23/11/2018 17:35,148.41,22.38
ord_002778,1,prod_00618,sell_0180,02/03/2018 12:55,67.4,8.76
ord_002779,1,prod_00624,sell_0227,26/09/2018 09:52,60.97,9.14
ord_002780,1,prod_00783,sell_0056,15/12/2018 21:15,101.66,13.01
ord_002781,1,prod_00262,sell_0007,01/10/2018 15:53,255.5,49.45
ord_002782,1,prod_00678,sell_0151,06/02/2018 15:18,64.22,10.02
ord_002783,1,prod_00695,sell_0231,06/01/2018 09:26,67.93,10.39
ord_002783,2,prod_00076,sell_0247,07/01/2018 09:26,96.86,22.42
ord_002784,1,prod_00567,sell_0167,13/11/2017 12:51,53.96,5.75
ord_002785,1,prod_00360,sell_0053,28/12/2017 20:19,292.36,72
ord_002786,1,prod_00794,sell_0030,13/10/2018 11:17,99.68,8.92
ord_002787,1,prod_00657,sell_0054,10/08/2018 14:40,100.49,20.43
ord_002788,1,prod_00598,sell_0147,09/10/2017 10:59,62.74,5.31
ord_002789,1,prod_00704,sell_0037,18/08/2018 18:07,121.85,30.1
ord_002789,2,prod_00518,sell_0050,15/08/2018 18:07,10.23,1.22
ord_002790,1,prod_00685,sell_0174,07/01/2018 12:42,90.45,14.51
ord_002791,1,prod_00281,sell_0236,12/05/2018 15:31,86.73,5.26
ord_002792,1,prod_00501,sell_0091,31/12/2017 08:24,54.19,12.43
ord_002792,2,prod_00599,sell_0017,31/12/2017 08:24,30.42,1.89
ord_002792,3,prod_00703,sell_0144,02/01/2018 08:24,232.55,50.82
ord_002793,1,prod_00798,sell_0013,17/04/2018 17:44,124.76,20.04
ord_002794,1,prod_00525,sell_0034,24/08/2018 14:33,47.24,8.1
ord_002794,2,prod_00632,sell_0169,26/08/2018 14:33,23.59,4.96
ord_002795,1,prod_00299,sell_0217,28/08/2018 11:47,51.13,2.94
ord_002796,1,prod_00187,sell_0246,09/09/2018 18:44,30.39,6.06
ord_002797,1,prod_00201,sell_0136,19/01/2018 18:59,110.63,17.36
ord_002798,1,prod_00151,sell_0239,02/08/2018 21:48,175.99,19.13
ord_002799,1,prod_00396,sell_0220,30/09/2017 13:04,177.29,17.58
ord_002799,2,prod_00618,sell_0070,26/09/2017 13:04,36.57,6.8
ord_002800,1,prod_00239,sell_0210,19/03/2018 08:46,69.61,10.07
ord_002801,1,prod_00455,sell_0191,31/05/2018 21:38,58.96,4.44
ord_002802,1,prod_00758,sell_0236,02/08/2018 18:05,84.47,10.46
ord_002802,2,prod_00442,sell_0211,29/07/2018 18:05,119.83,10.89
ord_002803,1,prod_00052,sell_0195,28/11/2018 16:36,41.8,9.86
ord_002804,1,prod_00327,sell_0234,23/11/2017 10:45,206.55,31.7
ord_002805,1,prod_00290,sell_0096,30/10/2018 13:11,47.49,3.82
ord_002806,1,prod_00601,sell_0140,25/11/2017 18:26,68.6,8.34
ord_002807,1,prod_00161,sell_0083,09/05/2018 16:32,50.03,7.59
ord_002808,1,prod_00485,sell_0024,22/10/2018 17:24,31.22,5.25
ord_002809,1,prod_00236,sell_0069,22/08/2018 20:52,112.64,9.56
ord_002809,2,prod_00547,sell_0198,19/08/2018 20:52,158.35,12.06
ord_002810,1,prod_00757,sell_0001,10/11/2018 15:10,80.05,18.7
ord_002811,1,prod_00185,sell_0158,15/10/2018 12:46,167.8,39.43
ord_002811,2,prod_00178,sell_0207,15/10/2018 12:46,40.12,2.75
ord_002812,1,prod_00299,sell_0089,30/10/2017 11:46,65.12,3.59
ord_002813,1,prod_00145,sell_0170,02/01/2019 17:26,23.45,1.48
ord_002814,1,prod_00242,sell_0135,06/12/2018 09:32,25.22,3.02
ord_002814,2,prod_00110,sell_0209,05/12/2018 09:32,96.36,21.7
ord_002815,1,prod_00105,sell_0015,17/02/2018 18:09,439.88,103.56
ord_002816,1,prod_00738,sell_0150,14/03/2017 20:11,190.05,19.93
ord_002817,1,prod_00193,sell_0102,21/11/2017 14:31,195.52,27.03
ord_002818,1,prod_00084,sell_0103,26/10/2018 19:13,39.34,8.37
ord_002819,1,prod_00335,sell_0217,09/12/2018 13:48,166.72,22.28
ord_002819,2,prod_00011,sell_0081,13/12/2018 13:48,103.41,15.26
ord_002820,1,prod_00719,sell_0024,24/10/2018 12:36,69.84,7.68
ord_002821,1,prod_00697,sell_0109,21/01/2018 13:03,79.1,19.38
ord_002821,2,prod_00401,sell_0219,22/01/2018 13:03,199.8,41.19
ord_002822,1,prod_00616,sell_0103,25/03/2017 15:21,44.34,7.26
ord_002822,2,prod_00631,sell_0131,27/03/2017 15:21,26,6.27
ord_002823,1,prod_00390,sell_0162,15/04/2018 11:51,110.84,18.54
ord_002824,1,prod_00053,sell_0158,08/01/2018 19:16,15.56,2.12
ord_002825,1,prod_00694,sell_0187,09/06/2017 15:43,103.08,19.05
ord_002826,1,prod_00479,sell_0179,21/05/2017 08:05,24.53,2.21
ord_002827,1,prod_00396,sell_0200,09/07/2017 16:55,94.9,22.42
ord_002827,2,prod_00627,sell_0228,08/07/2017 16:55,63.37,12.86
ord_002828,1,prod_00397,sell_0169,31/08/2017 21:26,39.25,3.36
ord_002829,1,prod_00737,sell_0003,10/09/2018 18:29,77.4,10.95
ord_002830,1,prod_00784,sell_0087,08/01/2018 21:34,39.22,5.3
ord_002831,1,prod_00402,sell_0133,20/02/2018 21:21,70.32,10.38
ord_002832,1,prod_00292,sell_0218,05/06/2018 21:43,36.69,3.19
ord_002833,1,prod_00719,sell_0140,16/12/2018 19:00,96.02,12.8
ord_002834,1,prod_00323,sell_0072,11/09/2018 20:09,37.29,7.01
ord_002835,1,prod_00016,sell_0108,06/07/2018 22:11,34.77,8.39
ord_002836,1,prod_00164,sell_0171,01/09/2018 20:38,27.2,3.11
ord_002837,1,prod_00564,sell_0116,17/08/2018 13:53,63.31,14.03
ord_002838,1,prod_00420,sell_0245,03/08/2018 13:03,110.75,14.8
ord_002839,1,prod_00569,sell_0034,04/04/2018 09:51,147.65,35.34
ord_002840,1,prod_00552,sell_0024,16/05/2018 13:49,42.89,4.09
ord_002841,1,prod_00322,sell_0035,07/03/2018 08:04,184.77,40.54
ord_002842,1,prod_00696,sell_0069,18/01/2018 22:08,151.76,26.82
ord_002843,1,prod_00715,sell_0157,28/10/2017 18:21,104.35,22.79
ord_002844,1,prod_00012,sell_0120,19/12/2017 15:06,48,3.18
ord_002845,1,prod_00756,sell_0067,16/02/2018 12:45,198.59,42.22
ord_002846,1,prod_00658,sell_0129,24/05/2018 16:30,42.12,5.3
ord_002847,1,prod_00686,sell_0025,07/04/2018 22:24,26.19,5.62
ord_002847,2,prod_00032,sell_0220,06/04/2018 22:24,137.28,19.43
ord_002848,1,prod_00701,sell_0117,25/05/2017 20:43,113.49,16.72
ord_002848,2,prod_00244,sell_0054,23/05/2017 20:43,63.33,14.22
ord_002849,1,prod_00375,sell_0023,07/12/2017 14:17,96.89,12.41
ord_002850,1,prod_00709,sell_0187,04/01/2018 13:52,55.27,4.53
ord_002851,1,prod_00323,sell_0074,11/08/2018 12:39,24.08,4.69
ord_002852,1,prod_00563,sell_0015,02/12/2017 09:20,92.46,22.4
ord_002853,1,prod_00177,sell_0112,18/01/2017 22:32,75.27,12.06
ord_002854,1,prod_00101,sell_0041,26/04/2017 20:15,128.36,31.42
ord_002855,1,prod_00317,sell_0004,01/04/2018 19:59,81.82,5.91
ord_002855,2,prod_00198,sell_0155,04/04/2018 19:59,264.38,65.86
ord_002855,3,prod_00791,sell_0195,03/04/2018 19:59,142.66,25.08
ord_002856,1,prod_00417,sell_0189,15/08/2017 21:26,107.71,16.94
ord_002857,1,prod_00664,sell_0163,02/04/2018 18:53,229.82,53.98
ord_002858,1,prod_00296,sell_0040,26/05/2018 20:58,54.29,11.64
ord_002859,1,prod_00001,sell_0017,01/12/2018 08:32,209.06,50.68
ord_002860,1,prod_00091,sell_0006,10/07/2018 19:43,158.6,13.2
ord_002861,1,prod_00184,sell_0149,20/02/2017 10:34,72.31,17.21
ord_002862,1,prod_00244,sell_0204,10/01/2018 10:05,396.11,25.16
ord_002863,1,prod_00705,sell_0074,02/10/2018 09:57,103.43,13.91
ord_002864,1,prod_00366,sell_0060,18/10/2017 12:27,122.67,28.23
ord_002864,2,prod_00176,sell_0044,15/10/2017 12:27,42.3,6.52
ord_002865,1,prod_00576,sell_0249,28/11/2018 11:53,87.11,7.46
ord_002866,1,prod_00573,sell_0078,21/04/2018 21:39,61.51,6.69
ord_002867,1,prod_00056,sell_0157,08/05/2017 20:06,203.73,15.9
ord_002868,1,prod_00309,sell_0219,04/10/2017 22:25,109.33,21.27
ord_002869,1,prod_00095,sell_0136,28/11/2018 14:11,95.04,7.64
ord_002869,2,prod_00370,sell_0150,27/11/2018 14:11,44.36,9.45
ord_002870,1,prod_00113,sell_0174,29/12/2018 21:10,49.58,8.94
ord_002870,2,prod_00406,sell_0089,29/12/2018 21:10,39.13,3.17
ord_002871,1,prod_00285,sell_0215,06/11/2018 20:42,47.74,5.35
ord_002872,1,prod_00476,sell_0133,29/11/2017 19:01,121.64,8.84
ord_002873,1,prod_00684,sell_0033,16/09/2018 19:57,29.83,5.92
ord_002874,1,prod_00444,sell_0154,16/09/2017 13:26,113.65,26.86
ord_002874,2,prod_00293,sell_0177,16/09/2017 13:26,101.65,17.93
ord_002875,1,prod_00667,sell_0187,12/01/2018 09:29,105.38,12.08
ord_002875,2,prod_00129,sell_0035,13/01/2018 09:29,130.86,20.31
ord_002876,1,prod_00347,sell_0153,08/08/2018 18:17,34.63,4.66
ord_002877,1,prod_00025,sell_0169,22/12/2018 19:05,221.96,24.32
ord_002878,1,prod_00733,sell_0166,23/02/2018 18:35,36.95,5.8
ord_002878,2,prod_00576,sell_0164,21/02/2018 18:35,152.89,31.47
ord_002879,1,prod_00637,sell_0187,02/04/2018 11:20,62.41,15.15
ord_002880,1,prod_00425,sell_0094,10/09/2017 11:37,149.83,22.92
ord_002881,1,prod_00223,sell_0063,25/01/2018 17:33,169.27,41.56
ord_002881,2,prod_00446,sell_0111,25/01/2018 17:33,53.19,5.94
ord_002882,1,prod_00213,sell_0072,01/04/2017 10:13,49.62,5.39
ord_002883,1,prod_00754,sell_0157,07/11/2018 20:27,64.51,6.09
ord_002884,1,prod_00054,sell_0072,10/02/2017 14:18,99.82,24.91
ord_002885,1,prod_00108,sell_0216,31/07/2018 21:14,34.96,5.72
ord_002885,2,prod_00303,sell_0201,01/08/2018 21:14,56,7.51
ord_002886,1,prod_00555,sell_0056,26/10/2017 19:46,27.33,4.64
ord_002887,1,prod_00311,sell_0232,19/03/2018 11:00,37.25,2.07
ord_002888,1,prod_00313,sell_0160,02/11/2017 11:16,68.17,13.05
ord_002889,1,prod_00541,sell_0011,23/01/2018 19:31,30.62,5.3
ord_002890,1,prod_00716,sell_0069,04/05/2018 14:28,439.87,91.36
ord_002891,1,prod_00463,sell_0016,06/07/2018 22:56,84.84,4.89
ord_002891,2,prod_00648,sell_0124,01/07/2018 22:56,32.61,2.82
ord_002892,1,prod_00295,sell_0232,04/12/2018 08:50,196.14,42.27
ord_002893,1,prod_00587,sell_0078,02/12/2017 13:45,114.4,28.15
ord_002894,1,prod_00160,sell_0015,29/05/2018 22:30,117.56,24.17
ord_002894,2,prod_00681,sell_0054,27/05/2018 22:30,48.26,8.04
ord_002895,1,prod_00660,sell_0153,27/11/2018 17:25,152.84,31.43
ord_002896,1,prod_00286,sell_0197,11/11/2017 09:02,42.71,5.01
ord_002896,2,prod_00609,sell_0048,10/11/2017 09:02,82.63,13.18
ord_002897,1,prod_00173,sell_0123,11/11/2018 13:49,115.84,20.67
ord_002898,1,prod_00453,sell_0056,12/12/2018 13:25,7.13,1.63
ord_002899,1,prod_00376,sell_0206,02/11/2018 15:19,224.38,53.61
ord_002900,1,prod_00394,sell_0031,19/05/2018 15:36,92.71,13.73
ord_002901,1,prod_00071,sell_0234,21/08/2018 20:45,153.67,29.89
ord_002902,1,prod_00374,sell_0046,21/03/2018 20:31,197.57,44.74
ord_002903,1,prod_00620,sell_0148,08/06/2018 18:08,86.62,13.15
ord_002904,1,prod_00709,sell_0178,22/12/2018 10:55,71.57,13.43
ord_002904,2,prod_00059,sell_0069,24/12/2018 10:55,142.75,30.35
ord_002905,1,prod_00073,sell_0030,07/10/2017 17:06,130.92,14.34
ord_002906,1,prod_00532,sell_0135,03/10/2018 14:58,202.57,39.74
ord_002906,2,prod_00023,sell_0060,02/10/2018 14:58,179.97,16.06
ord_002907,1,prod_00476,sell_0144,08/04/2018 08:26,104.28,14.74
ord_002908,1,prod_00561,sell_0062,04/08/2017 20:56,46.55,10.44
ord_002909,1,prod_00230,sell_0153,05/07/2018 13:54,32.55,6.15
ord_002910,1,prod_00270,sell_0201,30/09/2018 18:24,23.74,4.84
ord_002911,1,prod_00661,sell_0031,21/05/2018 19:48,30.38,6.15
ord_002911,2,prod_00410,sell_0048,17/05/2018 19:48,32.63,3.33
ord_002912,1,prod_00152,sell_0235,26/10/2018 12:05,62.48,12.38
ord_002913,1,prod_00344,sell_0188,26/12/2017 19:04,31.12,5.73
ord_002914,1,prod_00349,sell_0227,01/12/2018 19:21,102.35,6.65
ord_002915,1,prod_00370,sell_0139,06/07/2018 18:36,42.84,8.99
ord_002916,1,prod_00113,sell_0033,05/10/2018 08:00,137.71,17.23
ord_002917,1,prod_00457,sell_0060,31/10/2017 17:30,32.8,2.66
ord_002918,1,prod_00365,sell_0104,24/02/2018 08:58,123.15,27.87
ord_002919,1,prod_00264,sell_0213,26/11/2018 11:51,118.62,23.39
ord_002920,1,prod_00363,sell_0202,14/03/2017 09:13,120.08,11.58
ord_002921,1,prod_00758,sell_0232,24/01/2018 15:31,43.67,8.01
ord_002922,1,prod_00584,sell_0177,26/09/2018 17:10,91.88,18.62
ord_002923,1,prod_00263,sell_0197,02/09/2018 11:15,118.3,17.64
ord_002924,1,prod_00583,sell_0088,02/11/2018 14:55,59.25,11.36
ord_002925,1,prod_00602,sell_0147,31/08/2018 14:59,221.66,38.64
ord_002925,2,prod_00010,sell_0095,31/08/2018 14:59,182.9,29.58
ord_002925,3,prod_00495,sell_0205,29/08/2018 14:59,38.31,5.08
ord_002926,1,prod_00019,sell_0215,07/12/2018 11:14,25.4,2.67
ord_002926,2,prod_00730,sell_0143,06/12/2018 11:14,24.38,3.58
ord_002927,1,prod_00263,sell_0138,03/04/2018 09:12,52.81,4.36
ord_002928,1,prod_00102,sell_0105,25/06/2018 12:23,144.92,26.95
ord_002929,1,prod_00439,sell_0113,29/10/2018 18:26,117.16,12.73
ord_002930,1,prod_00487,sell_0033,07/08/2018 18:05,83.6,14.01
ord_002931,1,prod_00025,sell_0246,16/05/2017 22:08,134.37,30.44
ord_002932,1,prod_00117,sell_0044,28/12/2017 08:25,40.65,6.86
ord_002933,1,prod_00177,sell_0055,10/05/2018 17:14,148.34,21.68
ord_002933,2,prod_00320,sell_0044,12/05/2018 17:14,29.09,1.97
ord_002934,1,prod_00026,sell_0039,12/09/2018 10:50,59.49,7.78
ord_002935,1,prod_00775,sell_0172,04/05/2018 20:45,8.7,2.01
ord_002936,1,prod_00191,sell_0018,25/09/2018 11:32,70.21,4.21
ord_002937,1,prod_00536,sell_0232,23/10/2018 18:25,66.23,7.39
ord_002937,2,prod_00673,sell_0062,26/10/2018 18:25,184.33,40.83
ord_002938,1,prod_00434,sell_0063,20/10/2017 10:49,7.86,1.9
ord_002938,2,prod_00207,sell_0009,23/10/2017 10:49,190.4,18.49
ord_002938,3,prod_00642,sell_0215,21/10/2017 10:49,133.78,33.07
ord_002939,1,prod_00519,sell_0005,18/06/2018 22:09,52.39,10.95
ord_002940,1,prod_00507,sell_0067,10/05/2018 18:53,137.93,9.32
ord_002941,1,prod_00122,sell_0029,19/09/2017 16:02,110.48,14.97
ord_002942,1,prod_00392,sell_0057,29/03/2018 18:55,42.48,7.06
ord_002942,2,prod_00652,sell_0192,30/03/2018 18:55,125.79,18.59
ord_002943,1,prod_00346,sell_0040,09/05/2018 11:08,188.67,24.8
ord_002943,2,prod_00302,sell_0185,08/05/2018 11:08,83.94,10.89
ord_002944,1,prod_00743,sell_0090,17/10/2018 11:48,48.58,3.2
ord_002945,1,prod_00247,sell_0182,11/03/2018 16:01,59.97,4.44
ord_002946,1,prod_00199,sell_0144,21/04/2017 16:48,104.5,7.42
ord_002947,1,prod_00169,sell_0186,29/03/2018 10:35,109.69,15.32
ord_002948,1,prod_00012,sell_0019,24/10/2018 11:01,370.7,88.58
ord_002948,2,prod_00454,sell_0121,23/10/2018 11:01,75.26,14.92
ord_002949,1,prod_00791,sell_0037,20/05/2018 14:46,45.42,4.21
ord_002950,1,prod_00757,sell_0089,29/11/2017 18:06,68.14,13.14
ord_002950,2,prod_00738,sell_0021,27/11/2017 18:06,173.55,20.05
ord_002951,1,prod_00333,sell_0080,29/11/2018 10:32,50.4,5.88
ord_002952,1,prod_00309,sell_0042,15/07/2017 12:19,70.64,17.35
ord_002953,1,prod_00663,sell_0091,29/11/2017 14:45,219.13,54.12
ord_002953,2,prod_00159,sell_0211,30/11/2017 14:45,94.25,20.15
ord_002954,1,prod_00606,sell_0208,20/02/2018 16:51,107.87,14.72
ord_002955,1,prod_00311,sell_0143,31/08/2018 09:27,149.49,29.36
ord_002956,1,prod_00622,sell_0153,22/10/2018 16:45,96.44,10.82
ord_002957,1,prod_00016,sell_0217,28/03/2017 15:54,67.61,15.67
ord_002958,1,prod_00537,sell_0014,02/10/2018 20:41,111.1,11.42
ord_002959,1,prod_00305,sell_0204,18/08/2018 13:19,71.62,15.93
ord_002960,1,prod_00007,sell_0020,26/11/2018 16:27,98.8,5.5
ord_002960,2,prod_00000,sell_0210,24/11/2018 16:27,195.69,20.35
ord_002961,1,prod_00532,sell_0209,27/11/2018 08:13,57.11,5.1
ord_002962,1,prod_00165,sell_0212,22/09/2018 20:27,63.22,13.29
ord_002963,1,prod_00141,sell_0176,18/08/2017 22:14,15.25,2.4
ord_002963,2,prod_00691,sell_0118,18/08/2017 22:14,65.42,11.93
ord_002964,1,prod_00234,sell_0067,26/11/2017 22:48,49.87,9.22
ord_002965,1,prod_00309,sell_0034,04/12/2018 13:36,62.08,14.39
ord_002966,1,prod_00054,sell_0248,05/06/2018 22:37,82.88,20.23
ord_002967,1,prod_00535,sell_0016,28/04/2018 21:06,107.66,7.51
ord_002968,1,prod_00773,sell_0186,29/11/2018 10:00,219.41,53.02
ord_002969,1,prod_00571,sell_0172,14/11/2018 12:47,11.82,2.94
ord_002970,1,prod_00424,sell_0152,27/08/2018 22:32,88.56,14.22
ord_002971,1,prod_00213,sell_0091,19/11/2018 14:55,37.88,8.07
ord_002972,1,prod_00318,sell_0020,01/06/2017 16:32,199.81,49.45
ord_002973,1,prod_00374,sell_0077,13/09/2018 09:12,170.78,33.2
ord_002974,1,prod_00124,sell_0185,16/12/2018 18:41,48.17,7.2
ord_002975,1,prod_00399,sell_0000,16/03/2017 15:42,28.44,5.32
ord_002976,1,prod_00706,sell_0012,15/09/2017 18:03,211.86,25.78
ord_002977,1,prod_00592,sell_0123,04/10/2018 20:41,53.97,8.08
ord_002978,1,prod_00380,sell_0124,16/04/2018 11:12,26.13,1.93
ord_002979,1,prod_00426,sell_0004,27/04/2017 22:15,30.92,4.08
ord_002980,1,prod_00224,sell_0108,21/10/2017 08:01,24.66,4.8
ord_002981,1,prod_00174,sell_0011,02/12/2017 11:37,192.66,18.07
ord_002982,1,prod_00613,sell_0249,30/11/2017 14:43,233.79,38.17
ord_002983,1,prod_00191,sell_0163,16/11/2018 11:13,70.9,6.26
ord_002984,1,prod_00024,sell_0017,14/07/2018 14:47,14.1,2.96
ord_002984,2,prod_00454,sell_0085,18/07/2018 14:47,54.76,6.09
ord_002985,1,prod_00474,sell_0189,31/08/2018 15:45,90.04,13.39
ord_002985,2,prod_00237,sell_0058,29/08/2018 15:45,87.62,13.26
ord_002986,1,prod_00281,sell_0155,25/01/2017 09:24,44.23,2.67
ord_002987,1,prod_00781,sell_0027,15/02/2018 14:04,240.37,55.3
ord_002988,1,prod_00564,sell_0100,26/11/2017 12:16,47.08,3.67
ord_002988,2,prod_00418,sell_0215,30/11/2017 12:16,47.8,10.4
ord_002989,1,prod_00402,sell_0244,03/11/2018 14:09,45.99,5.86
ord_002990,1,prod_00348,sell_0065,11/12/2018 12:57,42.87,9.31
ord_002991,1,prod_00657,sell_0136,07/02/2018 10:49,37.4,8.43
ord_002992,1,prod_00334,sell_0064,23/12/2018 16:04,230.71,13.95
ord_002993,1,prod_00580,sell_0177,24/01/2017 14:30,83.01,15.7
ord_002994,1,prod_00666,sell_0106,29/11/2017 12:16,104.22,15.7
ord_002995,1,prod_00664,sell_0129,19/09/2018 18:01,124.34,19.79
ord_002996,1,prod_00208,sell_0224,22/12/2017 21:19,32.05,4.39
ord_002997,1,prod_00131,sell_0119,28/11/2018 13:07,108.05,10
ord_002997,2,prod_00302,sell_0014,30/11/2018 13:07,429.87,83.53
ord_002998,1,prod_00209,sell_0112,08/09/2017 21:13,138.74,32.78
ord_002999,1,prod_00011,sell_0190,02/10/2018 20:19,349.49,37.8
ord_003000,1,prod_00150,sell_0114,24/08/2017 08:24,18.72,4.62
ord_003001,1,prod_00645,sell_0238,21/08/2017 15:28,148.91,22.53
ord_003002,1,prod_00514,sell_0197,25/02/2018 22:31,159.36,33.78
ord_003003,1,prod_00183,sell_0215,06/12/2018 19:22,78.87,4.03
ord_003004,1,prod_00576,sell_0105,30/05/2018 10:29,83.03,19.93
ord_003005,1,prod_00002,sell_0049,30/06/2018 16:25,176.05,29.08
ord_003006,1,prod_00335,sell_0043,21/01/2017 19:57,50.36,5.96
ord_003007,1,prod_00564,sell_0079,23/03/2017 09:04,39.19,6.52
ord_003008,1,prod_00266,sell_0028,05/04/2017 12:35,45.75,6.15
ord_003009,1,prod_00514,sell_0142,16/10/2018 08:11,66.07,3.47
ord_003010,1,prod_00119,sell_0065,25/09/2017 14:22,50.64,11.88
ord_003011,1,prod_00469,sell_0113,02/12/2017 20:32,14.35,2.88
ord_003011,2,prod_00091,sell_0094,02/12/2017 20:32,30.69,7.1
ord_003012,1,prod_00367,sell_0198,16/06/2018 21:45,41.32,6.3
ord_003013,1,prod_00383,sell_0041,01/06/2018 14:58,59.45,8.98
ord_003014,1,prod_00568,sell_0150,02/02/2018 20:29,50.67,4.56
ord_003014,2,prod_00119,sell_0117,31/01/2018 20:29,65.53,12.35
ord_003014,3,prod_00450,sell_0185,31/01/2018 20:29,144.17,29.43
ord_003015,1,prod_00280,sell_0204,10/01/2017 20:15,125.54,29.82
ord_003016,1,prod_00047,sell_0056,27/02/2018 11:47,59.85,13.91
ord_003017,1,prod_00463,sell_0167,31/08/2018 19:13,28.24,5.74
ord_003018,1,prod_00230,sell_0063,23/09/2017 19:30,47.35,4.56
ord_003019,1,prod_00266,sell_0060,11/08/2018 16:50,56.16,4.28
ord_003019,2,prod_00210,sell_0249,14/08/2018 16:50,73.88,14
ord_003020,1,prod_00402,sell_0151,30/01/2017 10:24,137.71,8.37
ord_003021,1,prod_00470,sell_0153,27/11/2018 12:33,128.52,17.37
ord_003022,1,prod_00220,sell_0217,11/12/2018 10:07,78.26,7.96
ord_003023,1,prod_00795,sell_0140,06/01/2017 18:03,99.55,14.58
ord_003024,1,prod_00399,sell_0046,07/03/2018 14:59,48.98,3.04
ord_003024,2,prod_00579,sell_0080,07/03/2018 14:59,48.62,9.56
ord_003025,1,prod_00619,sell_0139,04/02/2018 22:10,78.7,6.78
ord_003025,2,prod_00706,sell_0139,04/02/2018 22:10,25.89,6.47
ord_003026,1,prod_00371,sell_0237,26/10/2018 21:20,19.44,1.76
ord_003026,2,prod_00225,sell_0241,27/10/2018 21:20,106.32,8.94
ord_003027,1,prod_00258,sell_0149,30/04/2018 10:30,44.79,6.37
ord_003028,1,prod_00261,sell_0113,18/06/2018 15:22,12.32,2.43
ord_003029,1,prod_00115,sell_0122,29/08/2017 14:05,33.23,5.82
ord_003030,1,prod_00500,sell_0138,19/04/2017 11:11,38.25,5.32
ord_003031,1,prod_00084,sell_0106,04/08/2018 21:29,38.18,4.64
ord_003032,1,prod_00343,sell_0234,20/06/2018 16:26,44.61,6.74
ord_003033,1,prod_00595,sell_0010,23/10/2018 21:47,105.88,6.24
ord_003034,1,prod_00346,sell_0023,27/10/2018 18:18,185.93,31.12
ord_003035,1,prod_00300,sell_0077,29/06/2018 12:56,22.81,5.27
ord_003036,1,prod_00305,sell_0122,01/05/2018 21:16,15.2,1.39
ord_003037,1,prod_00710,sell_0197,30/11/2018 13:19,76.36,6.23
ord_003038,1,prod_00163,sell_0220,03/10/2018 19:56,103.33,12.93
ord_003039,1,prod_00285,sell_0047,18/11/2018 21:50,140.38,23
ord_003040,1,prod_00157,sell_0000,01/01/2019 13:19,31.31,5.35
ord_003041,1,prod_00267,sell_0138,28/01/2018 21:23,53.71,5.63
ord_003042,1,prod_00055,sell_0177,20/08/2018 11:50,30.88,3.45
ord_003043,1,prod_00469,sell_0204,04/08/2018 15:05,70.49,4.46
ord_003044,1,prod_00688,sell_0169,02/08/2017 21:17,80.23,18.03
ord_003044,2,prod_00386,sell_0010,29/07/2017 21:17,52.47,9.53
ord_003045,1,prod_00692,sell_0191,02/07/2018 12:31,88.31,10.18
ord_003046,1,prod_00123,sell_0077,11/02/2018 12:49,67.63,16.24
ord_003047,1,prod_00448,sell_0057,28/02/2018 18:33,133.31,20.91
ord_003047,2,prod_00277,sell_0062,03/03/2018 18:33,85.58,10.43
ord_003048,1,prod_00102,sell_0067,06/08/2017 11:29,112.78,27.96
ord_003049,1,prod_00630,sell_0028,03/09/2018 12:57,28.16,6.18
ord_003049,2,prod_00553,sell_0049,01/09/2018 12:57,219.6,17.41
ord_003049,3,prod_00068,sell_0072,03/09/2018 12:57,24.49,4.41
ord_003050,1,prod_00716,sell_0191,08/08/2018 19:06,92.77,16.25
ord_003050,2,prod_00315,sell_0035,08/08/2018 19:06,94.29,13.32
ord_003051,1,prod_00764,sell_0185,25/04/2018 15:46,67.56,6.1
ord_003052,1,prod_00251,sell_0186,15/07/2017 15:07,45.87,8.92
ord_003053,1,prod_00547,sell_0003,13/05/2018 10:43,42.49,6.58
ord_003053,2,prod_00307,sell_0069,12/05/2018 10:43,32.67,4
ord_003054,1,prod_00047,sell_0073,17/05/2017 15:32,75.02,5.42
ord_003054,2,prod_00790,sell_0067,16/05/2017 15:32,134.18,21.23
ord_003054,3,prod_00395,sell_0031,14/05/2017 15:32,28.8,2.21
ord_003055,1,prod_00555,sell_0083,10/12/2017 12:15,85.06,15.21
ord_003055,2,prod_00044,sell_0020,06/12/2017 12:15,72.41,4.62
ord_003056,1,prod_00454,sell_0000,02/01/2018 14:32,137.13,17.93
ord_003057,1,prod_00023,sell_0000,21/11/2018 15:52,54.69,6.93
ord_003058,1,prod_00797,sell_0085,03/02/2018 10:28,16.42,2.28
ord_003059,1,prod_00230,sell_0026,10/06/2018 11:00,89.64,5.01
ord_003060,1,prod_00335,sell_0237,13/11/2018 14:03,23.78,3.05
ord_003061,1,prod_00134,sell_0176,12/02/2018 13:37,130.04,13.85
ord_003062,1,prod_00330,sell_0031,21/11/2018 13:40,49.2,10.71
ord_003063,1,prod_00583,sell_0139,23/06/2017 12:24,42.73,3.16
ord_003064,1,prod_00051,sell_0166,27/12/2017 21:14,176.36,41.55
ord_003064,2,prod_00379,sell_0224,27/12/2017 21:14,8.07,1.35
ord_003065,1,prod_00238,sell_0170,06/05/2017 15:42,47.88,6.33
ord_003066,1,prod_00348,sell_0162,17/05/2018 13:18,130.77,10.22
ord_003066,2,prod_00120,sell_0076,16/05/2018 13:18,31.99,7.95
ord_003066,3,prod_00274,sell_0067,16/05/2018 13:18,67.05,15.26
ord_003067,1,prod_00082,sell_0088,12/12/2018 18:04,92.14,21.01
ord_003068,1,prod_00450,sell_0075,12/07/2018 11:24,39.56,5.05
ord_003069,1,prod_00477,sell_0236,27/06/2018 11:32,99.51,9.14
ord_003070,1,prod_00467,sell_0201,01/11/2017 17:57,113.79,15.9
ord_003071,1,prod_00063,sell_0089,29/11/2018 17:35,90.53,14.85
ord_003072,1,prod_00150,sell_0185,13/03/2018 18:12,103.95,13.73
ord_003073,1,prod_00056,sell_0052,26/10/2017 15:49,69.83,15.52
ord_003074,1,prod_00530,sell_0091,30/12/2018 10:17,79.83,17.13
ord_003074,2,prod_00147,sell_0102,29/12/2018 10:17,213.44,28.79
ord_003075,1,prod_00472,sell_0240,09/02/2018 11:57,184.91,10.85
ord_003076,1,prod_00694,sell_0233,31/12/2017 13:19,21.31,2.37
ord_003076,2,prod_00525,sell_0191,02/01/2018 13:19,22.36,4.8
ord_003077,1,prod_00707,sell_0050,24/02/2017 20:54,133.03,27.55
ord_003077,2,prod_00753,sell_0054,25/02/2017 20:54,33.56,3.5
ord_003078,1,prod_00411,sell_0091,03/08/2017 08:52,99.15,20.05
ord_003079,1,prod_00591,sell_0165,08/10/2018 18:51,113.86,27.56
ord_003080,1,prod_00744,sell_0009,21/03/2018 09:02,171.98,21.99
ord_003081,1,prod_00384,sell_0164,11/12/2018 13:50,170.56,27.8
ord_003081,2,prod_00687,sell_0020,12/12/2018 13:50,128.44,8.54
ord_003082,1,prod_00611,sell_0085,23/04/2017 15:43,41.9,9.95
ord_003082,2,prod_00045,sell_0024,27/04/2017 15:43,214.76,20.94
ord_003083,1,prod_00189,sell_0239,16/06/2018 11:20,27.94,6.48
ord_003084,1,prod_00548,sell_0117,22/08/2018 21:29,200.45,39.71
ord_003085,1,prod_00028,sell_0004,20/06/2018 19:38,242.33,27.07
ord_003086,1,prod_00446,sell_0097,24/04/2018 10:56,43.67,3.47
ord_003087,1,prod_00228,sell_0089,24/05/2018 22:46,63.1,13.2
ord_003088,1,prod_00271,sell_0070,31/07/2018 15:25,142.09,25.47
ord_003089,1,prod_00025,sell_0150,06/11/2018 12:38,56.7,10.42
ord_003089,2,prod_00640,sell_0011,07/11/2018 12:38,203.66,28.63
ord_003089,3,prod_00105,sell_0136,09/11/2018 12:38,81.59,5.96
ord_003090,1,prod_00790,sell_0203,06/12/2017 12:11,129.85,32.05
ord_003091,1,prod_00039,sell_0012,05/03/2018 08:25,33.26,5.9
ord_003092,1,prod_00053,sell_0182,30/06/2018 20:47,76.84,13.86
ord_003093,1,prod_00230,sell_0068,27/11/2017 20:36,18.11,1.26
ord_003093,2,prod_00047,sell_0128,28/11/2017 20:36,54.12,11.69
ord_003093,3,prod_00204,sell_0026,25/11/2017 20:36,66.88,14.89
ord_003094,1,prod_00641,sell_0212,02/08/2017 21:46,295.77,65.76
ord_003095,1,prod_00219,sell_0124,16/12/2018 20:30,75.59,13.16
ord_003096,1,prod_00082,sell_0038,22/08/2017 09:22,98.6,5.32
ord_003097,1,prod_00511,sell_0066,26/09/2017 20:44,32.7,6.62
ord_003098,1,prod_00478,sell_0076,20/06/2018 08:05,47.52,8.37
ord_003099,1,prod_00076,sell_0221,16/04/2017 17:58,62.13,6.63
ord_003100,1,prod_00296,sell_0225,24/02/2017 18:56,174.87,11.59
ord_003101,1,prod_00127,sell_0056,03/04/2017 08:52,90.22,5.9
ord_003102,1,prod_00053,sell_0136,10/06/2017 09:53,93.89,5.46
ord_003103,1,prod_00118,sell_0170,15/02/2018 22:30,122.16,24.59
ord_003104,1,prod_00745,sell_0108,21/10/2018 15:29,83.04,17.56
ord_003105,1,prod_00733,sell_0066,12/12/2017 16:49,73,5.89
ord_003106,1,prod_00767,sell_0076,13/02/2018 12:16,24.45,3.12
ord_003107,1,prod_00701,sell_0196,09/06/2018 22:50,17.27,0.9
ord_003108,1,prod_00019,sell_0129,22/11/2017 16:12,24.34,5.63
ord_003109,1,prod_00559,sell_0154,17/02/2018 22:52,79.68,4.4
ord_003110,1,prod_00491,sell_0240,12/01/2018 12:32,13.89,2.64
ord_003111,1,prod_00617,sell_0109,08/12/2017 14:50,33.44,8.08
ord_003112,1,prod_00195,sell_0020,16/01/2018 18:29,68.72,17
ord_003113,1,prod_00791,sell_0226,22/01/2017 22:36,62.18,11.62
ord_003114,1,prod_00559,sell_0135,22/11/2018 15:55,24.34,4.8
ord_003114,2,prod_00613,sell_0089,18/11/2018 15:55,21.51,2.76
ord_003115,1,prod_00083,sell_0143,22/12/2018 14:25,69.7,7.4
ord_003116,1,prod_00150,sell_0070,09/11/2018 13:13,129.44,15.01
ord_003116,2,prod_00012,sell_0006,05/11/2018 13:13,34.52,6.28
ord_003117,1,prod_00551,sell_0182,16/01/2017 12:05,60.06,3.62
ord_003118,1,prod_00226,sell_0013,08/09/2018 18:35,72.46,5.49
ord_003119,1,prod_00085,sell_0168,20/05/2018 21:36,120.34,8.47
ord_003120,1,prod_00762,sell_0036,05/05/2017 09:37,457.38,43.13
ord_003121,1,prod_00336,sell_0085,03/12/2018 10:02,40.36,8.29
ord_003122,1,prod_00686,sell_0245,22/09/2018 17:01,40.66,5.23
ord_003123,1,prod_00483,sell_0098,05/07/2017 14:53,148.48,29.51
ord_003124,1,prod_00145,sell_0139,18/12/2018 11:41,21.12,2.35
ord_003125,1,prod_00031,sell_0059,14/06/2017 13:06,128.41,23.95
ord_003125,2,prod_00516,sell_0131,15/06/2017 13:06,216.58,12.74
ord_003126,1,prod_00432,sell_0010,04/03/2018 10:04,37.07,4.29
ord_003126,2,prod_00179,sell_0188,02/03/2018 10:04,63.38,12.05
ord_003127,1,prod_00493,sell_0047,14/07/2017 10:09,183.43,39.24
ord_003127,2,prod_00537,sell_0173,16/07/2017 10:09,21.15,2.37
ord_003128,1,prod_00569,sell_0129,06/07/2017 21:48,47.59,9.55
ord_003129,1,prod_00540,sell_0001,18/12/2018 13:43,87.83,16.53
ord_003130,1,prod_00401,sell_0165,22/05/2018 11:38,90.74,10.91
ord_003130,2,prod_00675,sell_0058,24/05/2018 11:38,49.26,11.58
ord_003131,1,prod_00555,sell_0177,17/10/2017 11:38,20.78,4.53
ord_003132,1,prod_00714,sell_0022,19/09/2018 13:51,44.98,10.91
ord_003132,2,prod_00674,sell_0191,21/09/2018 13:51,75.19,17.11
ord_003133,1,prod_00054,sell_0164,17/11/2018 20:20,63.92,12.92
ord_003134,1,prod_00714,sell_0211,30/11/2018 08:19,168.67,37.11
ord_003135,1,prod_00536,sell_0234,30/11/2018 12:25,35.09,7.18
ord_003136,1,prod_00163,sell_0144,24/11/2018 16:59,120.91,10.61
ord_003137,1,prod_00710,sell_0216,03/07/2018 08:33,100.36,13.54
ord_003138,1,prod_00732,sell_0142,13/12/2017 10:32,129.06,18.23
ord_003139,1,prod_00639,sell_0081,02/12/2018 17:48,23.08,5.64
ord_003139,2,prod_00651,sell_0112,29/11/2018 17:48,58.48,4.44
ord_003140,1,prod_00559,sell_0100,10/06/2017 16:10,129.26,31.78
ord_003141,1,prod_00670,sell_0227,23/07/2017 21:24,24.68,4.84
ord_003142,1,prod_00261,sell_0208,16/02/2018 15:38,7.85,1.32
ord_003143,1,prod_00628,sell_0234,06/11/2017 11:59,26.92,6.42
ord_003144,1,prod_00234,sell_0042,21/06/2018 08:09,16.14,1.08
ord_003145,1,prod_00766,sell_0120,25/11/2018 22:27,59.16,6.98
ord_003146,1,prod_00380,sell_0010,01/04/2018 21:54,50.63,12.37
ord_003147,1,prod_00741,sell_0054,08/05/2018 22:43,53.54,4.53
ord_003148,1,prod_00646,sell_0017,09/02/2018 18:36,89.82,22.25
ord_003149,1,prod_00437,sell_0096,11/08/2018 18:15,84.17,13.27
ord_003150,1,prod_00043,sell_0191,16/05/2017 20:11,157.83,31.52
ord_003151,1,prod_00408,sell_0157,16/03/2017 15:22,71.87,5.56
ord_003152,1,prod_00602,sell_0249,02/07/2018 19:15,67.1,11.81
ord_003153,1,prod_00200,sell_0020,30/04/2018 11:48,139.92,7.15
ord_003153,2,prod_00438,sell_0119,26/04/2018 11:48,118.94,22.27
ord_003154,1,prod_00328,sell_0063,27/01/2018 15:43,35.38,2.43
ord_003154,2,prod_00458,sell_0073,29/01/2018 15:43,95.88,22.73
ord_003154,3,prod_00436,sell_0233,29/01/2018 15:43,183.27,45.07
ord_003155,1,prod_00115,sell_0191,02/12/2017 21:50,100.49,14.94
ord_003155,2,prod_00033,sell_0126,05/12/2017 21:50,30.89,7.38
ord_003156,1,prod_00162,sell_0030,18/03/2017 13:10,30.85,4.38
ord_003157,1,prod_00247,sell_0019,25/07/2018 22:18,433.6,65.44
ord_003158,1,prod_00692,sell_0159,09/02/2018 19:46,183.52,40.07
ord_003159,1,prod_00416,sell_0178,23/02/2018 14:09,132.38,17.4
ord_003160,1,prod_00189,sell_0163,24/11/2018 15:08,81.99,5.81
ord_003161,1,prod_00180,sell_0166,28/08/2018 13:22,49.22,5.49
ord_003162,1,prod_00128,sell_0141,14/09/2017 15:11,18.89,1.04
ord_003163,1,prod_00627,sell_0185,13/07/2018 20:04,182.09,20.2
ord_003163,2,prod_00295,sell_0082,14/07/2018 20:04,76.55,10.57
ord_003163,3,prod_00729,sell_0170,16/07/2018 20:04,50.11,4.37
ord_003164,1,prod_00701,sell_0057,19/06/2017 22:18,578.39,66.04
ord_003165,1,prod_00152,sell_0220,21/08/2017 15:52,32.35,7.71
ord_003166,1,prod_00227,sell_0016,19/08/2018 17:03,60.3,7.54
ord_003167,1,prod_00450,sell_0104,10/06/2017 17:33,88.92,12.13
ord_003167,2,prod_00309,sell_0231,13/06/2017 17:33,26.05,3.1
ord_003168,1,prod_00567,sell_0000,01/11/2017 21:33,97.21,5.11
ord_003169,1,prod_00499,sell_0091,23/11/2018 22:31,112.3,5.88
ord_003170,1,prod_00217,sell_0101,01/09/2018 10:30,175.99,29.85
ord_003171,1,prod_00357,sell_0173,29/11/2018 21:01,32.31,5.38
ord_003172,1,prod_00361,sell_0016,19/11/2018 13:02,109.65,21.82
ord_003172,2,prod_00062,sell_0206,20/11/2018 13:02,146.95,29.83
ord_003173,1,prod_00050,sell_0066,25/11/2017 20:30,56.53,7.23
ord_003174,1,prod_00560,sell_0124,29/06/2018 18:58,44.85,7.33
ord_003174,2,prod_00408,sell_0119,29/06/2018 18:58,52.83,12.08
ord_003175,1,prod_00510,sell_0115,05/01/2018 20:24,128.29,9.22
ord_003176,1,prod_00151,sell_0248,08/08/2018 22:28,192.92,10.86
ord_003177,1,prod_00681,sell_0012,14/12/2017 22:58,84,9.47
ord_003177,2,prod_00014,sell_0057,16/12/2017 22:58,71.08,11.22
ord_003178,1,prod_00093,sell_0221,06/01/2017 11:46,37.88,8.43
ord_003179,1,prod_00624,sell_0212,10/05/2017 18:46,74.3,10.67
ord_003179,2,prod_00489,sell_0102,10/05/2017 18:46,14.51,2.16
ord_003180,1,prod_00557,sell_0228,18/09/2018 10:30,51.35,6.88
ord_003181,1,prod_00349,sell_0243,28/04/2017 10:53,123.27,30.28
ord_003182,1,prod_00516,sell_0094,07/06/2018 21:34,54.25,8.45
ord_003182,2,prod_00237,sell_0002,07/06/2018 21:34,92.92,17.73
ord_003183,1,prod_00692,sell_0038,07/11/2018 09:39,40.77,3.12
ord_003183,2,prod_00171,sell_0176,04/11/2018 09:39,49.57,10.23
ord_003183,3,prod_00631,sell_0179,08/11/2018 09:39,20.59,1.17
ord_003184,1,prod_00576,sell_0247,31/08/2018 14:47,108.87,14.14
ord_003185,1,prod_00074,sell_0031,02/02/2018 09:24,66.42,10.75
ord_003186,1,prod_00252,sell_0081,30/08/2017 13:57,237.82,29.09
ord_003187,1,prod_00187,sell_0124,29/11/2018 12:59,16.71,3.23
ord_003188,1,prod_00627,sell_0239,21/05/2018 21:35,195.41,37.26
ord_003189,1,prod_00720,sell_0002,25/01/2018 10:13,307.98,32.73
ord_003189,2,prod_00120,sell_0141,30/01/2018 10:13,130.24,21.86
ord_003190,1,prod_00566,sell_0141,09/12/2018 08:46,49.08,11.42
ord_003191,1,prod_00299,sell_0166,10/09/2017 18:19,24.74,5.74
ord_003192,1,prod_00418,sell_0194,23/02/2018 18:34,63.84,11.59
ord_003192,2,prod_00253,sell_0041,22/02/2018 18:34,62.92,14.1
ord_003193,1,prod_00557,sell_0014,27/05/2017 20:05,57.94,12.72
ord_003194,1,prod_00426,sell_0057,08/06/2017 10:48,135.7,13.18
ord_003195,1,prod_00101,sell_0086,21/01/2018 13:57,60.59,9.99
ord_003196,1,prod_00497,sell_0138,10/08/2018 21:05,54.39,4.95
ord_003197,1,prod_00795,sell_0067,09/12/2017 14:43,31.13,2.81
ord_003197,2,prod_00419,sell_0239,06/12/2017 14:43,41.12,3.78
ord_003198,1,prod_00469,sell_0046,04/08/2018 10:51,99.07,12.39
ord_003199,1,prod_00102,sell_0018,07/10/2018 09:06,159.8,9.26
ord_003199,2,prod_00566,sell_0121,09/10/2018 09:06,76.11,13.9
ord_003200,1,prod_00785,sell_0246,17/11/2018 16:14,91.39,13.86
ord_003201,1,prod_00427,sell_0085,07/03/2017 17:23,37.68,4.16
ord_003201,2,prod_00654,sell_0059,10/03/2017 17:23,43.68,5.09
ord_003201,3,prod_00315,sell_0053,11/03/2017 17:23,122.89,28.84
ord_003202,1,prod_00228,sell_0024,18/09/2018 12:50,17.61,2.5
ord_003203,1,prod_00456,sell_0129,07/07/2017 10:29,56.22,5.27
ord_003204,1,prod_00029,sell_0140,06/08/2018 10:08,19.3,3.62
ord_003205,1,prod_00149,sell_0181,03/01/2018 11:15,23.66,4.39
ord_003205,2,prod_00464,sell_0197,30/12/2017 11:15,49.71,7.12
ord_003206,1,prod_00318,sell_0157,15/08/2018 14:28,74.55,15.71
ord_003207,1,prod_00541,sell_0213,08/09/2017 10:02,54.26,8.19
ord_003207,2,prod_00303,sell_0024,05/09/2017 10:02,211.42,45.71
ord_003208,1,prod_00246,sell_0020,05/07/2018 09:37,62.53,6.29
ord_003209,1,prod_00062,sell_0092,10/06/2017 22:01,20.73,1.91
ord_003209,2,prod_00114,sell_0035,12/06/2017 22:01,153.1,20.48
ord_003210,1,prod_00393,sell_0068,28/07/2017 08:46,87.03,15.09
ord_003211,1,prod_00219,sell_0227,15/06/2018 18:44,105.27,14.45
ord_003212,1,prod_00126,sell_0216,04/12/2017 10:51,145.24,24.79
ord_003212,2,prod_00489,sell_0190,08/12/2017 10:51,169.29,14.53
ord_003213,1,prod_00114,sell_0041,13/08/2018 17:09,65.09,14.49
ord_003214,1,prod_00717,sell_0042,31/07/2018 09:36,71.57,16.93
ord_003215,1,prod_00119,sell_0034,23/06/2018 19:46,68.12,16.09
ord_003216,1,prod_00219,sell_0061,26/08/2018 16:30,84.34,17.26
ord_003217,1,prod_00139,sell_0168,01/10/2018 18:07,20.91,1.16
ord_003218,1,prod_00331,sell_0162,29/11/2018 13:05,101.79,11.8
ord_003219,1,prod_00545,sell_0223,21/04/2017 20:36,366.47,47.63
ord_003220,1,prod_00027,sell_0164,23/05/2018 19:29,102.08,9.64
ord_003221,1,prod_00632,sell_0169,06/09/2018 21:55,33.49,4.18
ord_003222,1,prod_00658,sell_0241,11/09/2017 17:50,92.33,13.15
ord_003223,1,prod_00119,sell_0225,18/10/2017 17:43,29.06,5.79
ord_003224,1,prod_00284,sell_0101,23/10/2017 11:58,61.09,6.69
ord_003225,1,prod_00233,sell_0075,21/05/2018 10:41,128.14,29.92
ord_003226,1,prod_00719,sell_0027,27/12/2017 17:05,105.86,22.17
ord_003227,1,prod_00303,sell_0045,19/07/2018 19:04,74.85,18.28
ord_003227,2,prod_00060,sell_0117,22/07/2018 19:04,211.66,45.53
ord_003228,1,prod_00084,sell_0224,17/06/2018 15:48,101.3,14.2
ord_003229,1,prod_00409,sell_0245,16/07/2018 09:21,45.69,4.29
ord_003230,1,prod_00140,sell_0059,12/10/2017 15:55,106.65,15.82
ord_003230,2,prod_00305,sell_0063,11/10/2017 15:55,62.64,5.63
ord_003231,1,prod_00381,sell_0193,18/09/2018 13:07,225.59,23.34
ord_003232,1,prod_00291,sell_0065,18/07/2018 09:11,39,4.11
ord_003233,1,prod_00340,sell_0068,18/06/2017 20:46,114.32,13.96
ord_003234,1,prod_00285,sell_0132,27/08/2017 14:50,65.3,14.71
ord_003235,1,prod_00336,sell_0219,19/11/2017 21:52,32.14,5.23
ord_003236,1,prod_00343,sell_0190,30/11/2018 08:05,178.18,26.94
ord_003236,2,prod_00627,sell_0032,05/12/2018 08:05,24.83,4.27
ord_003237,1,prod_00766,sell_0223,28/11/2017 18:22,189.18,42.32
ord_003238,1,prod_00122,sell_0032,06/02/2017 10:38,105.92,22.98
ord_003239,1,prod_00271,sell_0099,01/07/2017 13:55,46.47,2.52
ord_003240,1,prod_00092,sell_0105,22/02/2017 16:14,120.31,28.5
ord_003240,2,prod_00074,sell_0127,18/02/2017 16:14,70.74,10.73
ord_003240,3,prod_00118,sell_0164,18/02/2017 16:14,58.15,8.43
ord_003241,1,prod_00011,sell_0036,27/01/2018 22:36,209.29,17.76
ord_003242,1,prod_00110,sell_0120,04/10/2018 12:08,57.12,10.55
ord_003243,1,prod_00483,sell_0074,27/02/2018 16:44,29.74,2.53
ord_003244,1,prod_00622,sell_0245,25/10/2018 20:07,32.59,7.74
ord_003245,1,prod_00234,sell_0148,15/03/2017 14:59,46.97,5.95
ord_003245,2,prod_00403,sell_0090,12/03/2017 14:59,23.97,5.54
ord_003246,1,prod_00782,sell_0174,12/03/2018 17:05,83.06,16.18
ord_003246,2,prod_00451,sell_0115,13/03/2018 17:05,178.73,14.24
ord_003247,1,prod_00273,sell_0032,25/09/2018 21:41,139.94,15.36
ord_003248,1,prod_00370,sell_0059,25/07/2018 14:46,134.29,17.11
ord_003249,1,prod_00275,sell_0198,02/11/2018 17:15,97.78,22.54
ord_003249,2,prod_00289,sell_0064,02/11/2018 17:15,85.43,14.5
ord_003250,1,prod_00171,sell_0224,27/10/2017 19:15,151.01,9.53
ord_003251,1,prod_00568,sell_0074,04/04/2018 11:35,87.72,11.97
ord_003252,1,prod_00465,sell_0022,27/07/2018 08:37,38.22,5.24
ord_003253,1,prod_00112,sell_0247,26/07/2017 16:43,59,13.62
ord_003253,2,prod_00769,sell_0144,26/07/2017 16:43,43.64,9.26
ord_003254,1,prod_00421,sell_0215,11/10/2018 10:34,30.82,1.79
ord_003255,1,prod_00727,sell_0060,26/11/2017 14:10,52.37,4.94
ord_003255,2,prod_00392,sell_0207,24/11/2017 14:10,158.07,25.44
ord_003256,1,prod_00519,sell_0218,05/05/2017 14:55,103.29,14.65
ord_003257,1,prod_00425,sell_0072,18/09/2018 20:09,69.09,13.69
ord_003258,1,prod_00100,sell_0101,13/08/2018 20:33,71.12,13.12
ord_003259,1,prod_00457,sell_0070,18/11/2018 08:55,124.59,15.63
ord_003260,1,prod_00522,sell_0112,24/11/2018 15:54,56,3.48
ord_003261,1,prod_00318,sell_0118,02/11/2017 09:10,170.85,41.17
ord_003261,2,prod_00675,sell_0009,31/10/2017 09:10,72.92,16.11
ord_003262,1,prod_00740,sell_0159,02/07/2018 21:14,49.7,2.58
ord_003263,1,prod_00716,sell_0083,04/01/2019 16:36,46.12,3.54
ord_003264,1,prod_00107,sell_0229,01/10/2017 22:20,30.2,5.29
ord_003265,1,prod_00568,sell_0047,14/03/2018 19:43,44.88,5.12
ord_003266,1,prod_00506,sell_0025,25/11/2018 18:31,98.02,14.9
ord_003267,1,prod_00130,sell_0151,16/05/2017 09:15,103.26,14.01
ord_003268,1,prod_00764,sell_0055,30/11/2018 16:24,112.51,15.81
ord_003269,1,prod_00382,sell_0234,30/03/2018 10:41,47.47,6.12
ord_003269,2,prod_00440,sell_0085,30/03/2018 10:41,95.45,18.01
ord_003270,1,prod_00684,sell_0120,24/11/2018 14:47,76.42,16.18
ord_003270,2,prod_00323,sell_0070,22/11/2018 14:47,55.22,3.61
ord_003271,1,prod_00053,sell_0206,20/06/2018 16:22,19.36,2.56
ord_003272,1,prod_00715,sell_0085,20/07/2018 09:06,47.79,6.85
ord_003273,1,prod_00345,sell_0174,20/09/2018 15:21,38.85,7.63
ord_003274,1,prod_00509,sell_0073,07/04/2017 18:37,140.37,19.39
ord_003274,2,prod_00770,sell_0130,08/04/2017 18:37,67.37,11.63
ord_003275,1,prod_00237,sell_0198,23/06/2018 12:45,63.55,13.35
ord_003276,1,prod_00116,sell_0017,30/11/2018 16:52,208.96,27.53
ord_003277,1,prod_00679,sell_0091,16/12/2018 22:57,23.45,3.34
ord_003278,1,prod_00684,sell_0034,21/12/2018 09:31,109.94,18.71
ord_003279,1,prod_00135,sell_0090,10/07/2018 08:52,73.3,6.68
ord_003280,1,prod_00420,sell_0156,29/06/2018 18:15,19.79,3.96
ord_003281,1,prod_00159,sell_0136,11/05/2018 17:33,210.2,18.5
ord_003281,2,prod_00063,sell_0037,12/05/2018 17:33,42.11,5.75
ord_003282,1,prod_00071,sell_0007,12/06/2018 16:32,106.33,18.55
ord_003283,1,prod_00416,sell_0054,14/06/2018 22:46,159.74,18.78
ord_003283,2,prod_00155,sell_0209,18/06/2018 22:46,234.36,26.44
ord_003283,3,prod_00673,sell_0062,15/06/2018 22:46,513.03,88.14
ord_003284,1,prod_00384,sell_0067,07/03/2017 14:46,318.31,35.28
ord_003285,1,prod_00364,sell_0027,29/04/2017 10:17,68.93,11.89
ord_003286,1,prod_00190,sell_0119,19/06/2018 09:53,9.74,1.71
ord_003287,1,prod_00406,sell_0139,25/11/2017 08:53,227.2,40.32
ord_003288,1,prod_00015,sell_0096,18/11/2017 20:56,52.75,7.54
ord_003289,1,prod_00241,sell_0030,18/08/2017 19:27,134.2,23.31
ord_003290,1,prod_00032,sell_0191,06/10/2018 20:59,52,11.38
ord_003290,2,prod_00621,sell_0097,08/10/2018 20:59,236.6,15.63
ord_003291,1,prod_00146,sell_0177,16/12/2018 21:47,32.97,4.75
ord_003291,2,prod_00688,sell_0145,17/12/2018 21:47,88.4,15.51
ord_003292,1,prod_00740,sell_0181,24/06/2018 19:39,174.7,10.64
ord_003293,1,prod_00049,sell_0130,10/12/2018 21:25,129.19,11.34
ord_003294,1,prod_00247,sell_0012,17/11/2018 15:50,69.5,4.24
ord_003295,1,prod_00743,sell_0075,10/09/2017 11:45,107.21,7.85
ord_003296,1,prod_00217,sell_0135,08/07/2017 09:35,82.95,12.94
ord_003297,1,prod_00733,sell_0157,02/09/2017 08:59,132.41,27.47
ord_003298,1,prod_00727,sell_0056,10/05/2017 20:14,464.13,81.44
ord_003298,2,prod_00349,sell_0062,08/05/2017 20:14,40.7,8.67
ord_003299,1,prod_00210,sell_0208,31/05/2018 10:38,138.8,29.77
ord_003300,1,prod_00346,sell_0137,03/11/2017 21:19,53.02,12.07
ord_003301,1,prod_00116,sell_0063,01/12/2018 22:27,31.78,4.74
ord_003302,1,prod_00467,sell_0096,15/06/2018 14:20,16.14,1.31
ord_003302,2,prod_00189,sell_0202,17/06/2018 14:20,162.39,32.84
ord_003303,1,prod_00387,sell_0245,23/12/2017 12:20,61.58,8.65
ord_003304,1,prod_00727,sell_0052,29/12/2018 10:22,204.94,39.27
ord_003305,1,prod_00523,sell_0108,11/12/2018 12:03,345.29,83.84
ord_003306,1,prod_00035,sell_0231,23/09/2018 13:02,41.74,7.64
ord_003307,1,prod_00441,sell_0050,30/09/2018 10:43,67.99,13.21
ord_003308,1,prod_00164,sell_0013,27/12/2018 08:18,47.98,5.98
ord_003309,1,prod_00049,sell_0089,09/06/2018 18:01,144.58,17.23
ord_003310,1,prod_00290,sell_0132,15/11/2018 19:04,132.69,10.56
ord_003311,1,prod_00167,sell_0010,01/04/2017 08:11,40.36,9.06
ord_003312,1,prod_00211,sell_0096,09/05/2018 20:02,98.79,6.45
ord_003313,1,prod_00779,sell_0245,05/04/2018 09:56,159.41,37.33
ord_003314,1,prod_00117,sell_0207,26/02/2017 17:34,64.5,12.92
ord_003315,1,prod_00203,sell_0244,01/05/2017 08:23,141.38,21.36
ord_003316,1,prod_00028,sell_0239,06/02/2017 16:31,57.36,3.7
ord_003317,1,prod_00396,sell_0025,13/11/2017 15:06,28.01,3.47
ord_003318,1,prod_00586,sell_0083,18/03/2017 22:42,50.43,9.55
ord_003319,1,prod_00150,sell_0200,12/02/2018 11:58,121.47,6.35
ord_003319,2,prod_00616,sell_0175,11/02/2018 11:58,22.57,4.64
ord_003320,1,prod_00730,sell_0039,14/10/2018 12:07,141.47,19.64
ord_003321,1,prod_00243,sell_0230,15/06/2018 21:09,72.21,15.55
ord_003321,2,prod_00530,sell_0216,16/06/2018 21:09,30.9,6.12
ord_003322,1,prod_00020,sell_0220,21/07/2018 08:37,66.59,5.37
ord_003323,1,prod_00496,sell_0147,20/02/2017 11:09,144.38,12.71
ord_003324,1,prod_00202,sell_0218,29/10/2018 09:07,62.9,8.89
ord_003325,1,prod_00120,sell_0134,03/07/2017 22:40,64.63,4.39
ord_003326,1,prod_00597,sell_0161,22/11/2017 20:37,47.04,9.68
ord_003327,1,prod_00605,sell_0034,18/04/2018 16:13,233.69,32.23
ord_003328,1,prod_00714,sell_0115,30/11/2018 22:49,100.71,8.88
ord_003329,1,prod_00481,sell_0216,05/01/2019 15:06,110.62,10.24
ord_003330,1,prod_00343,sell_0218,23/09/2018 19:19,180.66,11.07
ord_003331,1,prod_00144,sell_0122,23/08/2018 11:44,69.55,4.77
ord_003332,1,prod_00173,sell_0068,23/04/2018 20:36,142.38,9.28
ord_003332,2,prod_00518,sell_0044,25/04/2018 20:36,52.68,11.69
ord_003333,1,prod_00379,sell_0169,20/07/2018 09:36,60.15,15.03
ord_003334,1,prod_00501,sell_0098,03/07/2017 21:41,145.23,11.78
ord_003335,1,prod_00251,sell_0168,24/10/2017 11:38,82.06,17.26
ord_003336,1,prod_00493,sell_0025,26/12/2018 11:52,39.31,9.45
ord_003337,1,prod_00522,sell_0246,24/12/2018 20:34,50.84,6.21
ord_003338,1,prod_00535,sell_0037,28/11/2017 10:24,371.12,54.49
ord_003339,1,prod_00101,sell_0065,29/09/2017 09:45,105.84,15.78
ord_003340,1,prod_00373,sell_0057,21/09/2017 18:15,83.78,4.65
ord_003341,1,prod_00737,sell_0008,27/03/2018 20:45,67.41,3.7
ord_003342,1,prod_00647,sell_0096,14/09/2017 22:16,74.2,10.28
ord_003343,1,prod_00691,sell_0159,07/07/2018 10:28,151.22,35.2
ord_003344,1,prod_00348,sell_0168,17/04/2017 11:44,37.81,8.99
ord_003345,1,prod_00029,sell_0113,18/05/2017 14:37,105.16,13.59
ord_003345,2,prod_00155,sell_0090,19/05/2017 14:37,46.07,10.78
ord_003345,3,prod_00529,sell_0079,21/05/2017 14:37,28.01,3.78
ord_003346,1,prod_00590,sell_0116,03/11/2017 10:05,22.41,1.7
ord_003347,1,prod_00419,sell_0193,20/09/2018 22:26,86.32,10.87
ord_003348,1,prod_00389,sell_0099,01/12/2017 10:48,213.44,15.3
ord_003349,1,prod_00790,sell_0181,13/03/2018 09:59,176.69,23.58
ord_003350,1,prod_00641,sell_0047,15/07/2018 13:28,21.77,3.02
ord_003350,2,prod_00584,sell_0185,12/07/2018 13:28,125.84,18.56
ord_003351,1,prod_00297,sell_0096,27/09/2018 11:05,109.84,12.05
ord_003352,1,prod_00406,sell_0108,22/11/2017 14:21,139.19,9.87
ord_003353,1,prod_00409,sell_0019,25/08/2018 14:29,46.64,4.99
ord_003354,1,prod_00105,sell_0067,09/11/2017 17:04,52.93,8.58
ord_003355,1,prod_00055,sell_0011,04/07/2018 13:51,117.69,18.75
ord_003356,1,prod_00521,sell_0084,03/03/2018 22:32,49.47,7.19
ord_003357,1,prod_00791,sell_0003,30/11/2018 13:24,87.87,9.87
ord_003358,1,prod_00430,sell_0139,27/12/2018 19:23,21.1,1.25
ord_003359,1,prod_00592,sell_0074,22/09/2018 22:01,172.99,21.99
ord_003360,1,prod_00599,sell_0233,30/11/2018 17:31,31.49,4.92
ord_003361,1,prod_00387,sell_0029,25/06/2017 14:28,63.02,11.35
ord_003362,1,prod_00781,sell_0025,12/07/2018 10:20,255.23,28.57
ord_003363,1,prod_00737,sell_0042,24/08/2017 13:39,89.12,5.89
ord_003364,1,prod_00428,sell_0149,29/10/2017 16:24,110.79,8.1
ord_003365,1,prod_00324,sell_0001,18/04/2018 15:34,88.04,6.73
ord_003366,1,prod_00771,sell_0135,04/09/2018 08:53,139.78,23.7
ord_003367,1,prod_00528,sell_0189,21/08/2018 21:21,99.77,23.72
ord_003367,2,prod_00437,sell_0037,19/08/2018 21:21,77.11,18.3
ord_003368,1,prod_00642,sell_0014,14/11/2018 19:23,80.85,6.2
ord_003369,1,prod_00248,sell_0128,16/05/2018 09:51,200.9,43.49
ord_003370,1,prod_00670,sell_0114,02/12/2018 12:21,97.36,17.88
ord_003371,1,prod_00227,sell_0171,19/11/2018 16:26,23.08,2.86
ord_003372,1,prod_00214,sell_0118,01/11/2018 11:48,108.09,22.74
ord_003373,1,prod_00570,sell_0094,20/09/2017 13:35,57.6,13.08
ord_003374,1,prod_00732,sell_0044,25/04/2018 17:56,13.99,3.4
ord_003375,1,prod_00597,sell_0162,01/09/2018 15:28,32.42,6.79
ord_003376,1,prod_00648,sell_0014,26/12/2018 21:28,154.69,21.25
ord_003377,1,prod_00043,sell_0114,22/01/2017 12:02,53.87,3.74
ord_003378,1,prod_00017,sell_0152,29/11/2017 12:11,44.38,7.91
ord_003379,1,prod_00236,sell_0042,13/12/2017 12:32,21.58,2.37
ord_003380,1,prod_00020,sell_0151,11/11/2017 15:11,115.87,25.73
ord_003381,1,prod_00612,sell_0196,12/10/2018 14:27,30.81,1.72
ord_003382,1,prod_00329,sell_0196,12/03/2017 08:16,98.68,11.13
ord_003383,1,prod_00099,sell_0202,25/12/2017 18:01,104.05,25.87
ord_003384,1,prod_00761,sell_0229,17/08/2018 12:28,90.22,12.44
ord_003385,1,prod_00107,sell_0197,31/01/2018 10:38,57.56,13.67
ord_003386,1,prod_00204,sell_0001,28/06/2017 18:20,65.86,12.31
ord_003387,1,prod_00013,sell_0240,13/06/2018 11:46,111.27,26.48
ord_003388,1,prod_00198,sell_0053,21/04/2018 11:08,47.63,6.6
ord_003389,1,prod_00160,sell_0135,26/12/2018 08:05,73.41,16.02
ord_003390,1,prod_00419,sell_0206,06/09/2018 21:56,30.28,4.72
ord_003390,2,prod_00131,sell_0090,06/09/2018 21:56,64.19,15.28
ord_003391,1,prod_00193,sell_0073,30/12/2018 16:55,96.81,7.49
ord_003392,1,prod_00201,sell_0192,14/08/2017 18:24,147.25,26.04
ord_003393,1,prod_00097,sell_0016,14/09/2018 18:25,120.83,9.41
ord_003394,1,prod_00296,sell_0107,11/05/2018 22:51,95.86,13.1
ord_003395,1,prod_00366,sell_0200,14/08/2018 20:31,56.64,11.07
ord_003396,1,prod_00394,sell_0223,10/03/2018 15:07,377.89,92.89
ord_003397,1,prod_00388,sell_0143,07/09/2017 17:06,479.79,62.38
ord_003398,1,prod_00173,sell_0082,08/03/2017 16:07,132.16,7.29
ord_003399,1,prod_00061,sell_0002,27/10/2018 15:46,134.57,18.9
ord_003400,1,prod_00021,sell_0191,10/10/2018 12:36,35.49,3.23
ord_003401,1,prod_00533,sell_0111,21/07/2017 11:17,102.47,7.88
ord_003402,1,prod_00646,sell_0128,05/07/2018 10:09,82.14,14.38
ord_003403,1,prod_00220,sell_0243,01/09/2018 13:07,109.64,26.29
ord_003404,1,prod_00130,sell_0107,12/05/2018 21:44,123.52,17.3
ord_003404,2,prod_00326,sell_0194,10/05/2018 21:44,223.67,25.32
ord_003405,1,prod_00171,sell_0237,25/11/2017 11:53,29.62,1.79
ord_003406,1,prod_00474,sell_0102,16/11/2018 13:31,22.63,1.51
ord_003407,1,prod_00521,sell_0212,06/07/2018 18:46,289.75,47.58
ord_003408,1,prod_00341,sell_0194,22/08/2018 08:16,22.02,3.04
ord_003409,1,prod_00184,sell_0216,11/07/2018 13:35,114.95,15
ord_003410,1,prod_00333,sell_0092,23/08/2018 21:26,97.29,24.18
ord_003411,1,prod_00002,sell_0163,02/07/2017 14:05,68.78,15.84
ord_003412,1,prod_00100,sell_0105,28/11/2018 15:29,345.94,24.46
ord_003413,1,prod_00401,sell_0202,05/11/2017 17:50,125.58,14.28
ord_003414,1,prod_00472,sell_0115,26/10/2018 16:03,60.16,13.95
ord_003415,1,prod_00767,sell_0015,25/11/2018 20:28,108.51,9.17
ord_003416,1,prod_00251,sell_0079,13/07/2018 15:52,210.69,47.36
ord_003417,1,prod_00671,sell_0009,06/06/2018 16:47,71.93,10.39
ord_003417,2,prod_00180,sell_0057,08/06/2018 16:47,93.56,4.85
ord_003418,1,prod_00634,sell_0089,26/05/2017 21:29,50.79,2.9
ord_003418,2,prod_00402,sell_0203,27/05/2017 21:29,118.11,12.6
ord_003419,1,prod_00606,sell_0249,17/02/2018 22:10,32.59,2.72
ord_003420,1,prod_00083,sell_0111,17/06/2018 21:50,93.9,20.28
ord_003421,1,prod_00697,sell_0169,22/04/2017 09:09,98.19,16.1
ord_003422,1,prod_00093,sell_0216,30/05/2017 08:16,139.79,25.74
ord_003423,1,prod_00123,sell_0226,31/12/2018 22:07,25.96,3.16
ord_003424,1,prod_00412,sell_0173,01/12/2017 08:27,35.99,2.1
ord_003425,1,prod_00054,sell_0194,18/12/2017 13:37,110,6.23
ord_003426,1,prod_00687,sell_0167,11/10/2017 17:49,216.28,21.45
ord_003426,2,prod_00358,sell_0083,11/10/2017 17:49,43.62,5.89
ord_003426,3,prod_00114,sell_0234,12/10/2017 17:49,21.19,2.94
ord_003427,1,prod_00488,sell_0069,09/07/2018 14:27,89.68,14.67
ord_003427,2,prod_00087,sell_0022,06/07/2018 14:27,25.77,1.93
ord_003428,1,prod_00432,sell_0061,18/03/2018 08:58,124.72,26.94
ord_003429,1,prod_00595,sell_0137,30/09/2018 11:35,123.85,18.98
ord_003430,1,prod_00618,sell_0173,14/04/2018 21:36,88.29,10.56
ord_003431,1,prod_00326,sell_0180,26/01/2017 17:10,108.84,11.5
ord_003432,1,prod_00568,sell_0170,25/03/2018 18:11,96.35,21.93
ord_003433,1,prod_00230,sell_0136,21/03/2017 18:34,41.05,2.63
ord_003433,2,prod_00383,sell_0138,24/03/2017 18:34,149.25,27.69
ord_003434,1,prod_00570,sell_0016,21/10/2018 15:43,67.55,15.72
ord_003435,1,prod_00699,sell_0164,01/06/2017 18:12,25.5,1.97
ord_003435,2,prod_00433,sell_0062,30/05/2017 18:12,42.79,2.67
ord_003436,1,prod_00119,sell_0110,10/09/2017 13:29,42.69,7.73
ord_003437,1,prod_00585,sell_0219,05/03/2018 10:21,98.94,24.01
ord_003437,2,prod_00654,sell_0159,07/03/2018 10:21,91.41,14.76
ord_003438,1,prod_00023,sell_0236,22/08/2017 08:26,193.91,26.32
ord_003439,1,prod_00363,sell_0165,03/05/2018 11:13,33.42,3.25
ord_003440,1,prod_00649,sell_0006,09/03/2018 20:08,95.22,4.81
ord_003441,1,prod_00379,sell_0041,09/12/2018 09:19,20.22,4.2
ord_003442,1,prod_00782,sell_0115,04/05/2017 08:52,93.98,12.95
ord_003443,1,prod_00001,sell_0117,22/05/2018 22:48,97.17,9.27
ord_003444,1,prod_00642,sell_0182,21/08/2018 19:06,419.8,31.48
ord_003445,1,prod_00384,sell_0017,13/06/2017 16:05,27.51,3.94
ord_003446,1,prod_00341,sell_0019,30/06/2018 12:29,75.48,10.96
ord_003447,1,prod_00518,sell_0024,11/11/2018 18:16,106.17,18.74
ord_003448,1,prod_00573,sell_0155,29/09/2018 11:49,112.99,20.55
ord_003449,1,prod_00443,sell_0131,05/12/2018 11:29,69.07,11.16
ord_003450,1,prod_00626,sell_0119,20/08/2018 12:51,179.3,20.11
ord_003450,2,prod_00390,sell_0206,20/08/2018 12:51,151.19,28.19
ord_003451,1,prod_00094,sell_0206,21/01/2018 16:06,74.11,17.19
ord_003451,2,prod_00331,sell_0073,18/01/2018 16:06,91.46,16.18
ord_003452,1,prod_00740,sell_0038,01/12/2018 10:58,60.48,5.78
ord_003453,1,prod_00629,sell_0080,16/09/2017 22:46,121.1,27.35
ord_003454,1,prod_00548,sell_0062,30/05/2018 09:43,326.08,34.77
ord_003455,1,prod_00425,sell_0090,15/09/2018 17:56,46.59,4.04
ord_003455,2,prod_00444,sell_0048,14/09/2018 17:56,22.07,2.74
ord_003456,1,prod_00649,sell_0019,10/11/2018 15:28,56.71,4.67
ord_003457,1,prod_00551,sell_0213,30/11/2018 17:08,57.11,13.17
ord_003458,1,prod_00207,sell_0036,29/04/2017 19:29,183.94,9.91
ord_003459,1,prod_00002,sell_0038,21/08/2018 10:48,121.14,18.56
ord_003460,1,prod_00599,sell_0165,28/08/2017 11:51,138.1,9.83
ord_003460,2,prod_00006,sell_0116,27/08/2017 11:51,94.92,22.94
ord_003461,1,prod_00610,sell_0248,23/09/2018 12:29,117.07,17.13
ord_003462,1,prod_00004,sell_0002,09/08/2018 14:43,49.75,6.62
ord_003463,1,prod_00192,sell_0071,04/08/2017 10:14,45.49,8.97
ord_003464,1,prod_00326,sell_0005,22/10/2018 10:13,126.17,11.71
ord_003465,1,prod_00177,sell_0119,08/03/2018 14:35,144.89,9.84
ord_003466,1,prod_00093,sell_0248,05/05/2018 20:25,71.19,17.05
ord_003467,1,prod_00090,sell_0146,21/12/2018 14:09,81.5,16.94
ord_003468,1,prod_00584,sell_0205,11/07/2018 09:45,148.07,9.43
ord_003468,2,prod_00626,sell_0236,16/07/2018 09:45,29.86,2.58
ord_003468,3,prod_00361,sell_0042,12/07/2018 09:45,35.91,6.94
ord_003469,1,prod_00158,sell_0148,30/05/2018 17:31,155.47,13.97
ord_003470,1,prod_00403,sell_0023,29/01/2017 14:31,498.42,121.51
ord_003471,1,prod_00733,sell_0118,22/08/2017 20:11,75.94,14.09
ord_003472,1,prod_00164,sell_0222,13/02/2017 15:14,37.7,6.82
ord_003472,2,prod_00363,sell_0239,11/02/2017 15:14,135.9,8.99
ord_003473,1,prod_00198,sell_0142,03/12/2017 09:41,33.14,5.39
ord_003473,2,prod_00197,sell_0151,02/12/2017 09:41,69.98,8.97
ord_003474,1,prod_00049,sell_0112,10/12/2017 18:51,48.81,9.9
ord_003474,2,prod_00115,sell_0179,13/12/2017 18:51,138.46,18.91
ord_003475,1,prod_00189,sell_0110,26/04/2018 08:10,109.85,7.07
ord_003476,1,prod_00664,sell_0223,31/07/2018 16:48,341.5,71.57
ord_003477,1,prod_00160,sell_0209,06/08/2017 22:47,33.1,2.72
ord_003478,1,prod_00317,sell_0114,09/06/2018 21:48,198,15.71
ord_003479,1,prod_00626,sell_0133,27/11/2018 12:34,270.19,30.57
ord_003480,1,prod_00737,sell_0006,08/08/2017 17:21,112.71,20.86
ord_003481,1,prod_00075,sell_0079,15/07/2018 21:46,148.53,25.97
ord_003482,1,prod_00065,sell_0238,12/03/2017 15:28,134.72,31.21
ord_003483,1,prod_00524,sell_0172,28/04/2018 19:13,68.38,16.25
ord_003484,1,prod_00089,sell_0155,04/09/2018 11:24,32.16,6.8
ord_003485,1,prod_00011,sell_0199,24/02/2017 09:27,36.8,7.59
ord_003486,1,prod_00539,sell_0238,06/12/2017 14:30,199.26,36.37
ord_003487,1,prod_00104,sell_0171,19/11/2018 14:53,27.17,4.67
ord_003488,1,prod_00107,sell_0130,15/09/2017 12:24,170.52,28.11
ord_003489,1,prod_00513,sell_0151,24/08/2018 19:17,86.01,7.94
ord_003490,1,prod_00406,sell_0082,18/06/2018 17:57,66.49,12.85
ord_003490,2,prod_00617,sell_0008,17/06/2018 17:57,167.26,16.94
ord_003491,1,prod_00231,sell_0133,20/07/2017 13:14,112.48,9.13
ord_003491,2,prod_00235,sell_0149,23/07/2017 13:14,30.8,2.54
ord_003492,1,prod_00059,sell_0189,30/08/2018 10:00,37.92,5.14
ord_003493,1,prod_00613,sell_0181,26/04/2018 12:50,121.92,27.4
ord_003494,1,prod_00541,sell_0082,25/05/2017 11:57,167.93,30.05
ord_003495,1,prod_00730,sell_0141,12/12/2018 22:40,39.07,2.42
ord_003496,1,prod_00736,sell_0245,29/03/2018 22:24,191.45,40
ord_003497,1,prod_00589,sell_0178,04/09/2018 22:32,138.27,33.18
ord_003498,1,prod_00241,sell_0092,07/09/2017 09:49,77.9,11.3
ord_003499,1,prod_00511,sell_0095,22/06/2017 22:53,27.29,1.46
ord_003500,1,prod_00586,sell_0206,01/09/2018 14:06,143.95,23.54
ord_003501,1,prod_00265,sell_0249,24/07/2018 16:52,79.07,18.59
ord_003501,2,prod_00367,sell_0024,21/07/2018 16:52,103.91,23.24
ord_003501,3,prod_00206,sell_0202,21/07/2018 16:52,234.98,42.02
ord_003502,1,prod_00548,sell_0078,27/10/2017 20:37,39.82,7.19
ord_003503,1,prod_00543,sell_0170,03/09/2018 19:01,28.35,5
ord_003504,1,prod_00434,sell_0102,09/04/2018 17:06,56.02,4.65
ord_003504,2,prod_00057,sell_0157,08/04/2018 17:06,286.91,23.99
ord_003504,3,prod_00411,sell_0164,08/04/2018 17:06,42.48,7.08
ord_003505,1,prod_00489,sell_0104,18/12/2017 19:02,155.65,17.65
ord_003506,1,prod_00402,sell_0171,29/09/2018 16:56,80.36,15.02
ord_003506,2,prod_00169,sell_0010,26/09/2018 16:56,86.25,11.08
ord_003507,1,prod_00116,sell_0216,16/06/2018 09:25,76.76,14.49
ord_003508,1,prod_00178,sell_0138,11/04/2018 08:42,67.5,6.86
ord_003509,1,prod_00559,sell_0163,21/09/2018 21:00,318.67,70.09
ord_003510,1,prod_00019,sell_0017,02/05/2018 16:47,127.23,22.23
ord_003511,1,prod_00050,sell_0062,02/12/2018 08:28,77.34,5.7
ord_003512,1,prod_00015,sell_0137,15/10/2018 09:55,209.85,29.71
ord_003513,1,prod_00268,sell_0107,25/12/2017 15:31,132.59,14.85
ord_003514,1,prod_00660,sell_0230,14/03/2018 22:47,113.16,7.3
ord_003515,1,prod_00294,sell_0215,17/12/2018 12:37,119.2,27.08
ord_003516,1,prod_00679,sell_0068,26/11/2018 12:31,24.03,5.47
ord_003517,1,prod_00669,sell_0169,19/08/2017 20:56,294.85,25.24
ord_003518,1,prod_00602,sell_0104,27/10/2017 22:29,114.2,22.13
ord_003519,1,prod_00236,sell_0205,27/12/2017 21:53,50.36,12.04
ord_003520,1,prod_00334,sell_0154,19/11/2018 16:02,56.06,9.65
ord_003521,1,prod_00075,sell_0051,02/12/2018 09:39,438.44,108.41
ord_003522,1,prod_00070,sell_0218,07/10/2018 20:54,50.6,5.01
ord_003523,1,prod_00213,sell_0165,29/10/2017 11:53,98.14,12.09
ord_003524,1,prod_00369,sell_0027,20/11/2018 20:29,229.74,30.62
ord_003524,2,prod_00114,sell_0028,21/11/2018 20:29,12.79,0.75
ord_003525,1,prod_00192,sell_0117,24/02/2017 13:28,39.33,7.06
ord_003526,1,prod_00161,sell_0113,11/02/2018 18:48,11.78,2.26
ord_003527,1,prod_00217,sell_0020,09/01/2018 10:20,51.03,3.4
ord_003528,1,prod_00357,sell_0241,27/04/2018 09:56,56.28,13.31
ord_003529,1,prod_00776,sell_0115,14/05/2018 14:15,50.36,7.13
ord_003530,1,prod_00436,sell_0221,14/09/2017 11:04,41.48,7.39
ord_003530,2,prod_00279,sell_0181,16/09/2017 11:04,45.41,4.99
ord_003531,1,prod_00672,sell_0196,30/08/2017 15:46,31.24,3.06
ord_003532,1,prod_00310,sell_0152,06/10/2018 12:24,61.63,3.43
ord_003533,1,prod_00712,sell_0068,17/04/2017 17:21,220.52,13.43
ord_003534,1,prod_00377,sell_0039,28/03/2018 19:19,118.25,21.09
ord_003535,1,prod_00397,sell_0057,17/08/2017 14:58,34.24,2.48
ord_003536,1,prod_00260,sell_0031,29/11/2017 20:34,114.81,10.38
ord_003537,1,prod_00002,sell_0146,30/10/2017 13:59,69.63,4.45
ord_003538,1,prod_00026,sell_0157,12/08/2018 14:20,105.15,25.47
ord_003538,2,prod_00012,sell_0019,13/08/2018 14:20,72.94,6.85
ord_003539,1,prod_00180,sell_0238,05/03/2018 16:24,125.14,10.68
ord_003540,1,prod_00072,sell_0115,18/11/2017 21:12,58.87,9.51
ord_003541,1,prod_00494,sell_0040,23/10/2018 08:25,47.44,10.95
ord_003542,1,prod_00249,sell_0088,28/04/2017 22:03,59.43,9.91
ord_003543,1,prod_00616,sell_0045,17/09/2018 20:00,413.31,99.43
ord_003543,2,prod_00149,sell_0205,16/09/2018 20:00,17.23,3.42
ord_003544,1,prod_00229,sell_0124,07/10/2017 16:27,144.07,35.7
ord_003545,1,prod_00018,sell_0133,27/11/2018 10:44,49.01,4.37
ord_003546,1,prod_00433,sell_0092,16/01/2017 10:26,10.6,1.06
ord_003547,1,prod_00723,sell_0179,14/05/2018 16:31,154.24,17.84
ord_003548,1,prod_00798,sell_0154,24/06/2018 08:26,139.84,8.3
ord_003549,1,prod_00215,sell_0136,25/05/2018 17:31,38.84,8.67
ord_003550,1,prod_00503,sell_0003,12/10/2018 18:46,64.94,12.05
ord_003551,1,prod_00545,sell_0086,26/05/2017 10:48,85.27,16.67
ord_003551,2,prod_00126,sell_0161,30/05/2017 10:48,59.83,8.46
ord_003552,1,prod_00239,sell_0076,06/02/2018 21:50,110.68,8.97
ord_003553,1,prod_00635,sell_0190,07/11/2018 20:12,15.73,3.23
ord_003554,1,prod_00015,sell_0164,22/11/2018 17:27,46.68,9.56
ord_003555,1,prod_00622,sell_0078,03/04/2018 22:49,36.5,2.56
ord_003556,1,prod_00482,sell_0037,15/05/2018 10:56,933.46,49.59
ord_003557,1,prod_00400,sell_0106,13/09/2018 18:32,124.38,6.78
ord_003558,1,prod_00395,sell_0225,26/09/2018 14:29,22.04,4.96
ord_003559,1,prod_00683,sell_0073,22/11/2018 19:45,36.98,3.71
ord_003560,1,prod_00755,sell_0171,30/10/2018 16:59,32.32,4.88
ord_003561,1,prod_00131,sell_0228,03/02/2018 11:25,61.06,3.68
ord_003562,1,prod_00353,sell_0040,10/07/2018 16:09,25.56,5.77
ord_003563,1,prod_00088,sell_0193,24/03/2018 15:50,35.13,7.13
ord_003563,2,prod_00473,sell_0014,24/03/2018 15:50,85.92,9.12
ord_003564,1,prod_00041,sell_0199,01/06/2017 18:42,69.88,15.41
ord_003565,1,prod_00238,sell_0165,18/10/2018 10:08,180.48,29.47
ord_003566,1,prod_00255,sell_0235,08/06/2018 14:19,359.42,36.79
ord_003567,1,prod_00517,sell_0023,23/03/2017 08:33,41.89,10.47
ord_003568,1,prod_00388,sell_0203,23/07/2018 19:43,83.87,8.73
ord_003569,1,prod_00458,sell_0240,07/11/2017 09:46,138.55,10.92
ord_003570,1,prod_00134,sell_0095,06/04/2017 13:09,32.45,5.76
ord_003571,1,prod_00162,sell_0091,11/06/2018 15:13,55.55,8.59
ord_003572,1,prod_00331,sell_0147,29/08/2018 18:44,63.15,12.75
ord_003573,1,prod_00399,sell_0028,13/04/2018 18:06,126.95,29.79
ord_003574,1,prod_00003,sell_0095,11/01/2017 13:29,26.18,4.38
ord_003575,1,prod_00045,sell_0224,24/05/2018 22:32,274.4,19.59
ord_003576,1,prod_00687,sell_0188,13/01/2017 17:20,46.87,5.97
ord_003577,1,prod_00370,sell_0027,02/12/2018 12:47,42.63,4.86
ord_003578,1,prod_00042,sell_0092,25/10/2017 20:03,80.48,5.02
ord_003579,1,prod_00508,sell_0158,10/11/2018 16:46,103.93,14.05
ord_003580,1,prod_00586,sell_0149,26/01/2017 10:38,80.28,9.67
ord_003581,1,prod_00382,sell_0055,11/05/2017 15:30,91.99,18.67
ord_003582,1,prod_00059,sell_0014,28/02/2018 16:52,27.45,4.72
ord_003583,1,prod_00617,sell_0194,13/09/2018 09:12,30.02,4.68
ord_003584,1,prod_00285,sell_0053,04/12/2018 13:48,87.93,19.24
ord_003585,1,prod_00020,sell_0191,18/04/2018 16:11,94.61,7.57
ord_003586,1,prod_00249,sell_0023,19/12/2017 08:59,49.95,6.3
ord_003587,1,prod_00794,sell_0075,11/03/2017 10:01,254.1,37.07
ord_003587,2,prod_00744,sell_0053,11/03/2017 10:01,84.34,6.45
ord_003587,3,prod_00524,sell_0148,06/03/2017 10:01,162.85,18.97
ord_003588,1,prod_00501,sell_0172,27/05/2018 14:33,23.15,1.6
ord_003589,1,prod_00436,sell_0105,08/01/2018 11:10,58.14,3.06
ord_003590,1,prod_00414,sell_0121,28/11/2018 09:24,72.04,12.2
ord_003591,1,prod_00140,sell_0026,19/03/2018 22:08,24.81,3
ord_003592,1,prod_00770,sell_0033,17/09/2018 16:11,18.53,1.22
ord_003593,1,prod_00468,sell_0192,31/10/2018 18:03,111.15,18.93
ord_003594,1,prod_00580,sell_0189,15/05/2017 11:00,142.44,10.33
ord_003595,1,prod_00193,sell_0190,24/02/2018 17:43,69.8,7.26
ord_003596,1,prod_00060,sell_0014,23/11/2018 10:27,59.74,5.38
ord_003597,1,prod_00655,sell_0009,08/02/2018 12:02,134.15,27.74
ord_003598,1,prod_00262,sell_0097,15/05/2018 08:56,25.6,5.56
ord_003599,1,prod_00763,sell_0139,11/11/2018 17:39,130.24,20.77
ord_003600,1,prod_00413,sell_0135,26/09/2017 12:15,22.4,2.41
ord_003601,1,prod_00527,sell_0160,26/11/2018 19:26,147.82,22.49
ord_003601,2,prod_00145,sell_0021,23/11/2018 19:26,28.95,3.54
ord_003602,1,prod_00152,sell_0021,19/01/2018 09:29,34.79,5.26
ord_003603,1,prod_00427,sell_0091,04/06/2018 15:34,72.85,18.06
ord_003603,2,prod_00497,sell_0141,03/06/2018 15:34,53.34,12.61
ord_003604,1,prod_00677,sell_0218,29/11/2017 16:51,70.14,8.07
ord_003605,1,prod_00097,sell_0219,24/04/2018 11:35,84.75,9.38
ord_003606,1,prod_00174,sell_0074,14/03/2017 21:58,92.11,21.76
ord_003606,2,prod_00441,sell_0186,17/03/2017 21:58,36.98,7.07
ord_003607,1,prod_00102,sell_0226,04/04/2017 22:43,46.77,6.54
ord_003608,1,prod_00708,sell_0122,06/02/2018 09:59,153.43,11.67
ord_003608,2,prod_00021,sell_0124,02/02/2018 09:59,69.2,11.34
ord_003609,1,prod_00432,sell_0123,02/12/2017 08:33,88.23,16.36
ord_003610,1,prod_00248,sell_0162,21/06/2018 14:40,48.24,10.84
ord_003611,1,prod_00794,sell_0085,28/02/2017 19:44,124.59,12.18
ord_003612,1,prod_00703,sell_0229,27/07/2017 11:45,53.29,11.49
ord_003613,1,prod_00365,sell_0146,02/09/2017 19:01,75.52,4.43
ord_003614,1,prod_00187,sell_0213,23/02/2018 17:07,49.32,8.77
ord_003615,1,prod_00576,sell_0243,05/10/2017 16:13,57.3,10.27
ord_003616,1,prod_00679,sell_0171,27/06/2017 13:16,211.98,43.94
ord_003617,1,prod_00646,sell_0173,09/06/2018 20:54,112.61,26.32
ord_003617,2,prod_00379,sell_0035,07/06/2018 20:54,125.5,18.19
ord_003617,3,prod_00645,sell_0072,10/06/2018 20:54,47.77,7.29
ord_003618,1,prod_00118,sell_0152,01/09/2018 19:43,47.32,4.58
ord_003619,1,prod_00605,sell_0169,01/08/2018 13:08,63.76,3.22
ord_003620,1,prod_00336,sell_0112,29/10/2017 16:25,95.16,23.76
ord_003621,1,prod_00056,sell_0246,06/11/2018 12:14,59.31,10.27
ord_003622,1,prod_00277,sell_0177,14/06/2018 10:49,45.32,9.91
ord_003623,1,prod_00728,sell_0104,15/06/2018 12:55,28.9,5.15
ord_003624,1,prod_00338,sell_0074,04/09/2017 18:09,118.23,24.85
ord_003625,1,prod_00394,sell_0222,04/10/2017 08:24,15.13,3.6
ord_003626,1,prod_00240,sell_0039,15/03/2018 09:57,212.42,50.66
ord_003627,1,prod_00043,sell_0047,26/09/2017 21:39,101.95,8.38
ord_003628,1,prod_00787,sell_0226,04/08/2018 12:52,79.55,18.38
ord_003629,1,prod_00625,sell_0000,24/11/2017 17:21,113.51,28.24
ord_003630,1,prod_00535,sell_0146,06/07/2017 21:12,161.43,10.91
ord_003631,1,prod_00685,sell_0226,11/07/2017 16:41,57.06,6.1
ord_003631,2,prod_00208,sell_0114,06/07/2017 16:41,86.98,7.23
ord_003632,1,prod_00631,sell_0105,12/06/2017 21:08,192.03,10.43
ord_003633,1,prod_00525,sell_0103,23/02/2018 12:50,79.87,10.97
ord_003634,1,prod_00319,sell_0138,10/01/2017 15:45,52.13,12.84
ord_003635,1,prod_00088,sell_0189,30/04/2018 19:18,32.12,3.25
ord_003636,1,prod_00332,sell_0078,18/11/2017 12:29,22.67,5.64
ord_003637,1,prod_00193,sell_0189,11/05/2018 08:47,143.62,33.12
ord_003638,1,prod_00297,sell_0021,30/11/2018 09:56,165.63,24.43
ord_003639,1,prod_00449,sell_0183,13/11/2018 19:21,64.51,4.17
ord_003640,1,prod_00330,sell_0183,25/05/2018 09:47,38.93,7.48
ord_003641,1,prod_00288,sell_0130,05/02/2018 14:11,22.55,3.96
ord_003642,1,prod_00059,sell_0092,09/08/2018 14:54,96.07,16.03
ord_003643,1,prod_00190,sell_0097,30/11/2018 18:41,247.41,33.59
ord_003644,1,prod_00754,sell_0050,28/03/2018 15:09,29.85,5.69
ord_003645,1,prod_00260,sell_0226,16/05/2017 22:44,65.21,11.17
ord_003646,1,prod_00424,sell_0179,15/09/2018 15:43,64.16,10.46
ord_003647,1,prod_00017,sell_0130,23/01/2017 13:44,30.22,5.64
ord_003648,1,prod_00579,sell_0066,14/09/2018 22:20,93.17,15.22
ord_003649,1,prod_00475,sell_0104,30/04/2017 08:44,30.46,3.98
ord_003650,1,prod_00303,sell_0051,20/05/2017 20:49,46.83,9.04
ord_003650,2,prod_00731,sell_0210,22/05/2017 20:49,58.41,10.18
ord_003651,1,prod_00264,sell_0041,25/09/2018 22:20,70.15,12.89
ord_003652,1,prod_00156,sell_0236,04/08/2018 21:12,154.7,30.68
ord_003652,2,prod_00279,sell_0044,01/08/2018 21:12,53.16,9.19
ord_003653,1,prod_00334,sell_0073,18/05/2018 16:53,73.32,10.72
ord_003654,1,prod_00797,sell_0148,18/10/2018 21:37,86.42,7.77
ord_003655,1,prod_00275,sell_0005,01/11/2018 16:27,181.94,40.83
ord_003656,1,prod_00587,sell_0103,03/03/2018 21:52,73.95,5.75
ord_003657,1,prod_00740,sell_0094,04/01/2019 11:08,55.53,5.9
ord_003658,1,prod_00470,sell_0008,24/12/2017 20:48,499.3,60.96
ord_003659,1,prod_00476,sell_0084,28/07/2017 09:29,120.08,28.38
ord_003660,1,prod_00396,sell_0019,31/10/2018 15:02,93.21,14.31
ord_003661,1,prod_00258,sell_0063,02/02/2018 17:58,115.4,9.73
ord_003662,1,prod_00401,sell_0111,16/11/2018 11:46,89.61,9.28
ord_003662,2,prod_00648,sell_0171,13/11/2018 11:46,155.84,21.59
ord_003663,1,prod_00092,sell_0199,29/03/2017 09:12,64.66,14.26
ord_003663,2,prod_00066,sell_0127,01/04/2017 09:12,31.01,3.59
ord_003663,3,prod_00476,sell_0114,01/04/2017 09:12,96.23,13.78
ord_003664,1,prod_00396,sell_0226,25/05/2017 16:55,49.14,7.24
ord_003665,1,prod_00202,sell_0065,03/03/2017 21:56,67.09,8.35
ord_003666,1,prod_00319,sell_0103,10/06/2018 22:48,160.41,18.92
ord_003667,1,prod_00391,sell_0180,21/10/2018 13:07,26.72,5.75
ord_003668,1,prod_00140,sell_0229,23/01/2018 20:11,125.37,21.81
ord_003669,1,prod_00696,sell_0195,03/05/2017 15:45,54.19,4.22
ord_003670,1,prod_00270,sell_0011,03/01/2018 08:54,35.61,2.54
ord_003671,1,prod_00580,sell_0179,14/12/2017 12:12,160.98,32.02
ord_003672,1,prod_00443,sell_0233,04/07/2018 13:27,317.53,63.29
ord_003673,1,prod_00057,sell_0072,10/07/2018 14:09,43.93,8.6
ord_003674,1,prod_00578,sell_0008,17/05/2017 10:28,81.04,5.31
ord_003675,1,prod_00527,sell_0125,08/02/2018 11:38,33.24,4.22
ord_003676,1,prod_00629,sell_0136,06/07/2018 21:01,36.97,6.27
ord_003677,1,prod_00577,sell_0082,14/10/2017 08:38,94.11,13.92
ord_003678,1,prod_00455,sell_0076,29/01/2018 08:38,65.13,9.77
ord_003679,1,prod_00440,sell_0106,17/06/2018 15:27,74.81,9.84
ord_003680,1,prod_00580,sell_0165,23/01/2018 17:53,81.93,10.4
ord_003680,2,prod_00331,sell_0244,26/01/2018 17:53,87.59,6.57
ord_003681,1,prod_00789,sell_0121,21/02/2017 09:08,43.67,9.03
ord_003681,2,prod_00658,sell_0238,18/02/2017 09:08,124.38,11.64
ord_003681,3,prod_00559,sell_0220,17/02/2017 09:08,198.69,42.59
ord_003682,1,prod_00766,sell_0233,15/09/2017 18:03,25.48,2.09
ord_003683,1,prod_00127,sell_0174,20/09/2018 14:29,46.12,7.11
ord_003684,1,prod_00171,sell_0161,10/10/2017 13:31,52.4,9.06
ord_003684,2,prod_00758,sell_0035,08/10/2017 13:31,43.22,6.69
ord_003685,1,prod_00078,sell_0238,13/10/2018 09:16,664.64,92.8
ord_003686,1,prod_00405,sell_0097,11/03/2018 08:57,37.98,8.39
ord_003686,2,prod_00737,sell_0106,11/03/2018 08:57,184.63,29.63
ord_003687,1,prod_00081,sell_0050,19/03/2018 20:15,153.5,23.3
ord_003688,1,prod_00299,sell_0189,18/09/2018 08:16,43.67,3.98
ord_003688,2,prod_00378,sell_0163,15/09/2018 08:16,122.3,23.78
ord_003689,1,prod_00662,sell_0147,12/01/2018 22:48,52.28,7.75
ord_003689,2,prod_00702,sell_0126,12/01/2018 22:48,96.09,8.57
ord_003690,1,prod_00473,sell_0202,27/09/2017 17:55,164.66,17.24
ord_003690,2,prod_00354,sell_0062,27/09/2017 17:55,54.72,8.75
ord_003691,1,prod_00337,sell_0234,22/05/2017 10:32,74.67,8.85
ord_003692,1,prod_00390,sell_0189,25/07/2018 19:01,71.66,13.38
ord_003693,1,prod_00185,sell_0119,14/03/2018 14:21,88.72,14.51
ord_003694,1,prod_00511,sell_0128,10/10/2018 10:13,48.62,3.34
ord_003695,1,prod_00221,sell_0172,08/03/2018 22:30,63.59,11.44
ord_003696,1,prod_00447,sell_0213,03/02/2018 09:40,77.03,6.07
ord_003697,1,prod_00494,sell_0038,19/11/2017 16:23,71.66,5.5
ord_003697,2,prod_00561,sell_0082,17/11/2017 16:23,43.33,3.62
ord_003698,1,prod_00516,sell_0162,22/08/2017 13:32,134.68,11.07
ord_003699,1,prod_00413,sell_0102,20/10/2018 21:45,114.92,17.28
ord_003700,1,prod_00167,sell_0008,10/05/2017 14:14,151.7,29.13
ord_003700,2,prod_00696,sell_0086,12/05/2017 14:14,41.01,6.36
ord_003701,1,prod_00149,sell_0029,24/11/2018 09:11,39.56,5.06
ord_003702,1,prod_00426,sell_0193,15/02/2017 10:48,47.7,8.26
ord_003703,1,prod_00647,sell_0091,21/04/2018 16:02,17.58,1.45
ord_003704,1,prod_00470,sell_0197,25/03/2017 21:09,68.49,15.78
ord_003705,1,prod_00045,sell_0190,21/09/2018 17:00,16.73,2.22
ord_003706,1,prod_00361,sell_0203,02/09/2017 16:33,45.47,11.36
ord_003706,2,prod_00642,sell_0074,03/09/2017 16:33,317.7,68.6
ord_003707,1,prod_00177,sell_0141,15/05/2018 21:36,148.63,20.24
ord_003708,1,prod_00604,sell_0077,30/11/2018 15:31,347.2,49.92
ord_003709,1,prod_00021,sell_0239,08/07/2018 17:24,130.87,21.9
ord_003709,2,prod_00460,sell_0230,07/07/2018 17:24,78.61,12.6
ord_003710,1,prod_00695,sell_0094,07/08/2017 18:31,27.69,3.68
ord_003711,1,prod_00188,sell_0038,30/09/2018 22:11,83.9,20
ord_003712,1,prod_00684,sell_0029,21/02/2018 18:49,29.62,4.94
ord_003713,1,prod_00688,sell_0103,22/01/2017 18:58,76.17,12.41
ord_003714,1,prod_00199,sell_0071,26/03/2018 14:32,149.95,30.3
ord_003715,1,prod_00481,sell_0098,12/10/2018 10:22,66.17,8.02
ord_003716,1,prod_00739,sell_0122,14/02/2018 10:47,27.37,4.34
ord_003717,1,prod_00136,sell_0241,12/09/2018 19:11,83.25,6.51
ord_003718,1,prod_00777,sell_0060,10/08/2018 20:19,86.2,13.6
ord_003719,1,prod_00592,sell_0100,04/03/2018 18:56,31.29,4.38
ord_003720,1,prod_00095,sell_0141,30/11/2017 20:11,13.81,1.78
ord_003721,1,prod_00493,sell_0239,25/08/2018 10:06,91.55,10.44
ord_003722,1,prod_00122,sell_0134,28/12/2017 20:32,336.89,20.43
ord_003723,1,prod_00148,sell_0034,28/07/2017 10:35,98.16,10.22
ord_003723,2,prod_00488,sell_0119,27/07/2017 10:35,57.79,6.56
ord_003724,1,prod_00199,sell_0196,30/11/2017 15:35,121.55,14.14
ord_003725,1,prod_00519,sell_0111,14/11/2018 17:09,90.63,19.27
ord_003725,2,prod_00093,sell_0189,14/11/2018 17:09,115.91,14.86
ord_003725,3,prod_00646,sell_0124,17/11/2018 17:09,204.6,31.17
ord_003726,1,prod_00316,sell_0246,05/11/2017 13:43,67.77,15.57
ord_003727,1,prod_00737,sell_0198,28/09/2017 21:14,67.08,9.1
ord_003728,1,prod_00027,sell_0206,17/06/2017 16:56,59.09,14.04
ord_003729,1,prod_00685,sell_0135,22/03/2017 17:13,139.64,19.22
ord_003729,2,prod_00630,sell_0232,25/03/2017 17:13,89.46,16.1
ord_003730,1,prod_00447,sell_0086,23/12/2018 16:01,116.92,27.53
ord_003730,2,prod_00157,sell_0079,26/12/2018 16:01,56.42,5.23
ord_003731,1,prod_00284,sell_0074,27/04/2018 15:34,44.35,10.38
ord_003732,1,prod_00397,sell_0249,25/08/2018 08:12,127.78,18.78
ord_003733,1,prod_00443,sell_0064,20/09/2018 22:37,103,18.86
ord_003734,1,prod_00531,sell_0108,15/12/2017 14:13,102.41,6.02
ord_003735,1,prod_00449,sell_0157,03/10/2018 09:25,173.68,19.88
ord_003736,1,prod_00675,sell_0233,17/12/2018 16:10,84.14,9.36
ord_003737,1,prod_00111,sell_0163,02/09/2018 20:25,53.95,8.09
ord_003738,1,prod_00079,sell_0182,15/08/2018 08:08,87.92,10.92
ord_003739,1,prod_00069,sell_0114,15/02/2018 20:20,102.89,12.42
ord_003739,2,prod_00385,sell_0044,15/02/2018 20:20,98.54,9.67
ord_003740,1,prod_00323,sell_0011,25/10/2018 13:11,65.92,5.76
ord_003741,1,prod_00193,sell_0102,29/04/2017 20:48,152.91,37.01
ord_003742,1,prod_00395,sell_0055,06/09/2018 11:43,17.91,3.65
ord_003742,2,prod_00751,sell_0128,04/09/2018 11:43,26.23,1.43
ord_003743,1,prod_00734,sell_0140,25/12/2017 14:10,37.44,7.95
ord_003744,1,prod_00741,sell_0000,15/05/2018 19:04,121.37,19.09
ord_003745,1,prod_00123,sell_0152,22/11/2018 21:01,55.93,6.69
ord_003745,2,prod_00601,sell_0112,25/11/2018 21:01,137.05,24.03
ord_003746,1,prod_00123,sell_0165,14/06/2018 12:13,283.84,34.19
ord_003747,1,prod_00697,sell_0020,12/02/2017 11:28,62.11,11.45
ord_003748,1,prod_00632,sell_0130,19/08/2018 19:23,27.23,1.76
ord_003749,1,prod_00469,sell_0248,01/12/2018 15:58,35.75,5.17
ord_003750,1,prod_00281,sell_0026,07/07/2018 15:47,52.9,5.52
ord_003751,1,prod_00671,sell_0120,08/11/2018 13:04,172.26,18.57
ord_003752,1,prod_00771,sell_0149,16/10/2018 11:09,79.58,10.51
ord_003753,1,prod_00055,sell_0030,09/11/2018 21:01,43.79,6.74
ord_003754,1,prod_00339,sell_0171,12/12/2017 20:08,18.16,3.21
ord_003755,1,prod_00309,sell_0149,17/03/2018 10:31,127.19,6.4
ord_003756,1,prod_00170,sell_0088,30/10/2018 09:04,96.32,17.52
ord_003757,1,prod_00435,sell_0198,26/11/2018 19:03,242.22,22.59
ord_003757,2,prod_00035,sell_0225,30/11/2018 19:03,44.35,4.22
ord_003758,1,prod_00100,sell_0194,03/07/2017 16:07,71.16,4.39
ord_003759,1,prod_00534,sell_0012,06/08/2017 09:40,78.34,14.66
ord_003759,2,prod_00580,sell_0127,07/08/2017 09:40,43.99,4.63
ord_003760,1,prod_00411,sell_0016,16/12/2017 13:01,33.61,1.99
ord_003761,1,prod_00296,sell_0049,19/09/2018 18:58,65.76,4.13
ord_003762,1,prod_00415,sell_0171,14/11/2018 16:22,48.26,4.84
ord_003763,1,prod_00091,sell_0209,25/05/2018 20:20,72.13,8.05
ord_003764,1,prod_00374,sell_0172,31/05/2017 17:28,19.88,3.51
ord_003764,2,prod_00425,sell_0012,30/05/2017 17:28,210.24,22.97
ord_003765,1,prod_00522,sell_0195,21/11/2017 18:31,63.27,5.99
ord_003765,2,prod_00543,sell_0108,23/11/2017 18:31,25.03,3.69
ord_003766,1,prod_00186,sell_0205,03/11/2018 15:25,423.56,92.98
ord_003767,1,prod_00731,sell_0045,14/12/2017 12:29,95.09,11.65
ord_003767,2,prod_00486,sell_0247,13/12/2017 12:29,50.14,8.19
ord_003768,1,prod_00494,sell_0233,15/05/2017 08:20,331.74,69
ord_003769,1,prod_00746,sell_0005,23/11/2017 09:19,27.61,5.29
ord_003770,1,prod_00049,sell_0072,07/10/2018 13:01,100.01,21.39
ord_003771,1,prod_00455,sell_0149,02/04/2018 12:40,189.7,31.34
ord_003771,2,prod_00195,sell_0077,29/03/2018 12:40,196.27,10.12
ord_003772,1,prod_00413,sell_0242,27/07/2017 22:37,130.62,7.6
ord_003773,1,prod_00735,sell_0122,29/11/2017 18:40,120.83,17.61
ord_003774,1,prod_00681,sell_0159,11/12/2018 22:56,204.61,39.42
ord_003775,1,prod_00644,sell_0045,18/02/2018 09:28,187.86,33.65
ord_003776,1,prod_00262,sell_0243,22/02/2018 21:52,16.66,1.24
ord_003777,1,prod_00700,sell_0073,11/07/2017 16:26,60.52,9.54
ord_003778,1,prod_00238,sell_0200,23/11/2017 08:28,70.79,13.73
ord_003778,2,prod_00719,sell_0029,25/11/2017 08:28,74.77,8.05
ord_003779,1,prod_00754,sell_0218,12/10/2018 15:37,85.29,16.34
ord_003780,1,prod_00316,sell_0201,28/09/2018 15:12,43.11,7.57
ord_003781,1,prod_00199,sell_0243,21/02/2018 22:13,193.62,13.37
ord_003782,1,prod_00113,sell_0206,25/11/2018 13:30,73.26,9.64
ord_003782,2,prod_00396,sell_0169,22/11/2018 13:30,22.28,4.26
ord_003782,3,prod_00293,sell_0143,25/11/2018 13:30,65.43,9.67
ord_003783,1,prod_00275,sell_0188,06/01/2018 12:04,17.75,1.16
ord_003784,1,prod_00380,sell_0100,11/11/2018 17:14,167.3,15.82
ord_003785,1,prod_00309,sell_0174,18/02/2017 21:47,40.49,8.52
ord_003786,1,prod_00411,sell_0119,15/12/2017 14:27,55.68,8.39
ord_003786,2,prod_00070,sell_0092,15/12/2017 14:27,52.27,7.87
ord_003787,1,prod_00184,sell_0165,06/11/2018 22:01,85.39,7.43
ord_003788,1,prod_00518,sell_0018,27/11/2018 13:03,244.37,49.07
ord_003789,1,prod_00272,sell_0094,10/09/2018 10:55,103.3,20.52
ord_003790,1,prod_00418,sell_0087,19/07/2018 09:57,106.45,10.67
ord_003791,1,prod_00347,sell_0016,16/10/2018 19:38,124.46,22.33
ord_003792,1,prod_00199,sell_0144,11/08/2018 19:11,40.31,4.83
ord_003793,1,prod_00673,sell_0155,12/10/2017 09:22,94.3,12.83
ord_003793,2,prod_00100,sell_0110,14/10/2017 09:22,32.42,2.75
ord_003794,1,prod_00248,sell_0026,13/03/2018 19:18,58.75,11.79
ord_003795,1,prod_00708,sell_0038,16/07/2018 10:47,54.33,12.65
ord_003796,1,prod_00664,sell_0215,02/06/2018 17:32,199.98,26.45
ord_003797,1,prod_00104,sell_0217,21/11/2018 14:46,37.83,6.67
ord_003798,1,prod_00636,sell_0232,20/03/2018 19:21,90.68,11.54
ord_003799,1,prod_00246,sell_0109,01/08/2017 09:52,34.32,4.11
ord_003800,1,prod_00670,sell_0014,08/09/2017 10:25,57.9,10.75
ord_003801,1,prod_00546,sell_0032,29/10/2018 21:25,22.2,3.79
ord_003802,1,prod_00180,sell_0223,16/01/2017 20:29,56.82,5.4
ord_003803,1,prod_00301,sell_0062,11/11/2018 19:35,61.23,6.48
ord_003804,1,prod_00402,sell_0088,22/03/2017 12:53,147.38,31.14
ord_003805,1,prod_00222,sell_0114,19/01/2018 15:27,563.53,116.47
ord_003806,1,prod_00156,sell_0097,02/10/2018 17:55,92.36,10.7
ord_003807,1,prod_00114,sell_0242,30/01/2018 21:23,130.71,18.48
ord_003808,1,prod_00256,sell_0061,19/10/2018 11:19,65.72,12.36
ord_003809,1,prod_00658,sell_0016,14/05/2017 11:17,362.05,25.44
ord_003810,1,prod_00696,sell_0210,14/04/2018 14:01,47,9.63
ord_003811,1,prod_00252,sell_0024,26/05/2018 15:50,104.02,22.04
ord_003812,1,prod_00404,sell_0248,21/11/2018 14:04,183.14,25.33
ord_003813,1,prod_00405,sell_0165,07/05/2017 13:20,18.45,3.66
ord_003813,2,prod_00761,sell_0048,06/05/2017 13:20,67.62,13.94
ord_003814,1,prod_00180,sell_0080,08/12/2017 16:15,448.5,95.75
ord_003814,2,prod_00117,sell_0232,07/12/2017 16:15,60.59,10.17
ord_003815,1,prod_00624,sell_0130,18/07/2018 12:44,212.98,38.21
ord_003816,1,prod_00769,sell_0052,27/12/2018 10:55,95.45,7.44
ord_003817,1,prod_00479,sell_0038,02/11/2018 12:49,260.05,44.98
ord_003817,2,prod_00256,sell_0164,02/11/2018 12:49,66.64,9.64
ord_003818,1,prod_00221,sell_0164,30/10/2018 09:19,113.1,19.5
ord_003819,1,prod_00524,sell_0080,18/04/2018 13:27,37.73,2.82
ord_003820,1,prod_00467,sell_0123,15/05/2018 09:14,56.53,13.44
ord_003821,1,prod_00654,sell_0200,08/11/2018 21:55,78.84,11.97
ord_003822,1,prod_00004,sell_0136,11/11/2018 14:07,110.57,23.88
ord_003823,1,prod_00239,sell_0140,08/10/2018 12:57,235.59,41.68
ord_003824,1,prod_00578,sell_0176,12/10/2018 21:48,129.36,11.7
ord_003825,1,prod_00418,sell_0077,17/11/2018 20:42,128.84,18.76
ord_003826,1,prod_00459,sell_0019,01/06/2017 17:46,110.07,11.59
ord_003827,1,prod_00142,sell_0027,15/11/2017 17:20,42.55,5.42
ord_003828,1,prod_00294,sell_0030,23/12/2018 17:17,112.88,22
ord_003829,1,prod_00211,sell_0186,07/05/2018 17:22,85.38,11.76
ord_003830,1,prod_00065,sell_0141,04/08/2017 15:10,95.82,21.41
ord_003831,1,prod_00775,sell_0170,09/04/2018 22:44,72.82,15.86
ord_003832,1,prod_00038,sell_0151,07/07/2018 09:28,119.06,15.55
ord_003833,1,prod_00063,sell_0054,22/10/2018 14:53,61.25,6.85
ord_003834,1,prod_00238,sell_0175,13/10/2018 19:52,18.43,1.14
ord_003835,1,prod_00047,sell_0219,14/03/2017 15:09,142.18,7.67
ord_003836,1,prod_00618,sell_0048,06/03/2018 18:13,97.94,23.46
ord_003836,2,prod_00215,sell_0136,05/03/2018 18:13,84.59,4.34
ord_003837,1,prod_00747,sell_0089,02/02/2017 17:24,44.42,7.6
ord_003837,2,prod_00553,sell_0090,02/02/2017 17:24,92.89,13.98
ord_003838,1,prod_00177,sell_0119,19/11/2018 13:07,80.09,9.14
ord_003839,1,prod_00264,sell_0200,28/07/2017 20:41,540.11,50.75
ord_003840,1,prod_00666,sell_0098,22/06/2018 13:44,41.72,2.87
ord_003841,1,prod_00517,sell_0143,18/05/2018 22:43,59.23,13.4
ord_003842,1,prod_00596,sell_0249,23/06/2018 22:28,158.61,22.45
ord_003843,1,prod_00564,sell_0129,19/05/2018 13:50,28.82,6.2
ord_003844,1,prod_00585,sell_0000,18/08/2018 17:36,143.07,23.34
ord_003845,1,prod_00333,sell_0011,22/06/2018 17:59,24.74,4.62
ord_003845,2,prod_00684,sell_0085,25/06/2018 17:59,172.53,23.81
ord_003845,3,prod_00404,sell_0141,24/06/2018 17:59,111.04,24.17
ord_003846,1,prod_00210,sell_0164,02/05/2017 18:48,41.56,5.83
ord_003847,1,prod_00204,sell_0053,01/01/2018 08:43,49.39,8.41
ord_003848,1,prod_00237,sell_0118,08/05/2018 12:07,33.96,6.99
ord_003848,2,prod_00649,sell_0163,08/05/2018 12:07,68.64,10.45
ord_003849,1,prod_00053,sell_0200,30/11/2017 12:49,98.33,17.14
ord_003850,1,prod_00067,sell_0027,13/09/2018 20:18,158.53,38.53
ord_003851,1,prod_00576,sell_0074,25/11/2017 10:25,354.24,80.83
ord_003852,1,prod_00587,sell_0147,23/10/2018 12:27,67.25,4.46
ord_003852,2,prod_00174,sell_0165,21/10/2018 12:27,170.65,34.41
ord_003853,1,prod_00335,sell_0221,04/07/2017 19:19,16.05,2.49
ord_003853,2,prod_00013,sell_0018,04/07/2017 19:19,57.21,9.83
ord_003854,1,prod_00222,sell_0036,19/09/2018 10:06,117.96,26.09
ord_003855,1,prod_00399,sell_0209,09/08/2017 18:11,114.8,12.4
ord_003856,1,prod_00282,sell_0154,25/04/2018 11:48,60.02,14.8
ord_003857,1,prod_00265,sell_0182,29/11/2017 09:39,54.82,5.04
ord_003857,2,prod_00372,sell_0143,26/11/2017 09:39,72.07,10.32
ord_003858,1,prod_00492,sell_0163,02/07/2018 08:56,184.2,14.13
ord_003859,1,prod_00127,sell_0240,05/09/2017 18:49,88.02,11.81
ord_003859,2,prod_00447,sell_0066,07/09/2017 18:49,80.97,16.09
ord_003860,1,prod_00271,sell_0154,04/10/2018 17:24,39.68,5.21
ord_003861,1,prod_00179,sell_0007,22/05/2018 22:47,28.55,2.79
ord_003862,1,prod_00375,sell_0016,13/12/2018 09:34,22.51,2.86
ord_003863,1,prod_00732,sell_0027,16/08/2018 16:17,116.14,5.93
ord_003863,2,prod_00354,sell_0206,16/08/2018 16:17,31.63,5.99
ord_003864,1,prod_00795,sell_0177,15/06/2018 14:58,608.1,83.81
ord_003865,1,prod_00259,sell_0237,18/10/2018 09:55,129.81,16.34
ord_003866,1,prod_00119,sell_0014,09/09/2017 18:06,44.4,9.83
ord_003866,2,prod_00223,sell_0189,14/09/2017 18:06,39.87,3.15
ord_003867,1,prod_00248,sell_0047,02/07/2018 12:50,111.36,11.75
ord_003868,1,prod_00677,sell_0021,14/01/2018 18:04,64.27,12.73
ord_003869,1,prod_00382,sell_0067,03/09/2018 10:55,169.74,26.76
ord_003870,1,prod_00752,sell_0109,09/02/2017 10:37,317.08,63.54
ord_003870,2,prod_00325,sell_0011,12/02/2017 10:37,67.06,4.25
ord_003871,1,prod_00042,sell_0089,13/02/2018 22:09,29.32,1.75
ord_003872,1,prod_00141,sell_0016,12/07/2018 08:49,33.66,8
ord_003873,1,prod_00209,sell_0117,11/03/2018 22:30,375.75,46.01
ord_003874,1,prod_00143,sell_0146,01/10/2017 11:03,42.7,6.81
ord_003875,1,prod_00247,sell_0233,13/03/2018 21:47,78.08,8.41
ord_003876,1,prod_00373,sell_0107,29/10/2018 21:47,156.77,38.91
ord_003877,1,prod_00348,sell_0187,01/09/2017 14:28,60.18,13.02
ord_003877,2,prod_00605,sell_0125,02/09/2017 14:28,19.78,1.1
ord_003878,1,prod_00071,sell_0229,29/12/2017 13:43,37.33,3.06
ord_003879,1,prod_00024,sell_0000,02/01/2019 09:02,203.21,11.5
ord_003880,1,prod_00204,sell_0030,27/11/2018 22:19,185.63,40.78
ord_003881,1,prod_00425,sell_0142,21/02/2017 08:40,204.42,22.73
ord_003882,1,prod_00518,sell_0011,26/04/2018 13:13,143.29,14.22
ord_003883,1,prod_00779,sell_0087,04/04/2017 14:27,111.91,14.49
ord_003884,1,prod_00107,sell_0213,01/12/2018 17:55,154,25.3
ord_003885,1,prod_00752,sell_0238,23/02/2018 21:49,251.95,34.68
ord_003886,1,prod_00336,sell_0100,08/02/2018 15:33,126.54,9.14
ord_003886,2,prod_00708,sell_0181,06/02/2018 15:33,17.77,1.23
ord_003887,1,prod_00394,sell_0019,27/10/2017 09:34,28.59,5.48
ord_003888,1,prod_00549,sell_0156,18/05/2018 18:53,42.59,6.85
ord_003888,2,prod_00735,sell_0121,19/05/2018 18:53,28.93,6.13
ord_003889,1,prod_00017,sell_0202,01/07/2017 08:51,123.23,23.86
ord_003889,2,prod_00490,sell_0126,03/07/2017 08:51,95.02,7.56
ord_003890,1,prod_00450,sell_0095,04/10/2018 15:05,10.69,1.61
ord_003891,1,prod_00189,sell_0059,31/03/2018 22:27,78.54,13.42
ord_003892,1,prod_00726,sell_0121,19/05/2018 14:11,139.64,8.73
ord_003892,2,prod_00336,sell_0037,19/05/2018 14:11,44.8,6.47
ord_003892,3,prod_00058,sell_0086,20/05/2018 14:11,25.7,4.86
ord_003893,1,prod_00451,sell_0070,28/10/2018 09:04,108.1,21.31
ord_003894,1,prod_00020,sell_0217,13/08/2017 12:17,83.97,4.95
ord_003895,1,prod_00279,sell_0024,31/07/2017 14:36,65.57,9.48
ord_003896,1,prod_00122,sell_0161,06/02/2018 22:47,79,7.69
ord_003897,1,prod_00562,sell_0143,24/09/2018 15:54,69.54,14.21
ord_003898,1,prod_00365,sell_0199,29/03/2017 16:25,236.18,44.7
ord_003899,1,prod_00737,sell_0213,01/10/2018 11:25,92.71,15.19
ord_003900,1,prod_00352,sell_0134,02/04/2018 08:09,166.53,20.35
ord_003901,1,prod_00108,sell_0240,15/05/2018 22:11,38.46,4.43
ord_003902,1,prod_00622,sell_0089,19/05/2018 16:06,152.17,14.47
ord_003903,1,prod_00069,sell_0243,24/03/2017 17:58,78.17,16.07
ord_003904,1,prod_00664,sell_0103,11/10/2017 14:07,19.84,2.75
ord_003905,1,prod_00083,sell_0143,11/09/2018 08:45,33.62,3.56
ord_003906,1,prod_00324,sell_0071,31/01/2018 09:19,102.85,13.16
ord_003907,1,prod_00403,sell_0148,16/05/2018 20:32,25.77,1.52
ord_003908,1,prod_00793,sell_0112,07/12/2018 21:52,167.14,34.13
ord_003908,2,prod_00791,sell_0163,10/12/2018 21:52,72.55,8.3
ord_003909,1,prod_00603,sell_0123,13/03/2017 17:56,68.21,9.08
ord_003910,1,prod_00785,sell_0162,02/03/2018 08:14,29.16,7.17
ord_003911,1,prod_00229,sell_0195,24/12/2017 12:54,33.19,3.07
ord_003912,1,prod_00786,sell_0047,19/05/2017 17:15,62.46,3.26
ord_003913,1,prod_00696,sell_0006,12/12/2018 11:48,175.58,10.81
ord_003914,1,prod_00536,sell_0145,16/12/2018 20:00,93.04,10.99
ord_003915,1,prod_00180,sell_0220,25/11/2017 13:32,56.58,4.34
ord_003916,1,prod_00225,sell_0225,07/12/2018 11:43,39.04,2.79
ord_003917,1,prod_00074,sell_0088,25/02/2017 19:50,101.32,15.06
ord_003917,2,prod_00622,sell_0107,22/02/2017 19:50,153.87,8.61
ord_003917,3,prod_00748,sell_0159,23/02/2017 19:50,47.57,8.94
ord_003918,1,prod_00524,sell_0052,28/12/2018 19:50,66.94,7.61
ord_003918,2,prod_00296,sell_0180,28/12/2018 19:50,30.86,7.46
ord_003919,1,prod_00561,sell_0206,24/10/2018 13:17,86.01,5.04
ord_003919,2,prod_00466,sell_0070,23/10/2018 13:17,72.17,9.75
ord_003920,1,prod_00177,sell_0049,05/09/2017 12:51,40.65,3.53
ord_003921,1,prod_00321,sell_0019,10/06/2018 17:19,42.8,2.88
ord_003922,1,prod_00397,sell_0121,06/10/2018 18:14,329.94,82.38
ord_003922,2,prod_00476,sell_0098,03/10/2018 18:14,249.42,60.39
ord_003923,1,prod_00401,sell_0191,01/12/2017 11:00,153.03,31.19
ord_003924,1,prod_00788,sell_0054,21/12/2017 22:14,29.03,2.21
ord_003925,1,prod_00161,sell_0162,28/06/2018 19:07,80.5,19.64
ord_003925,2,prod_00220,sell_0011,28/06/2018 19:07,35.86,6.22
ord_003926,1,prod_00574,sell_0070,03/07/2017 08:40,29.82,6.45
ord_003927,1,prod_00344,sell_0111,05/06/2017 09:08,92.24,6.97
ord_003928,1,prod_00034,sell_0154,08/10/2017 12:35,208.05,32.15
ord_003929,1,prod_00706,sell_0048,02/09/2018 08:07,66.78,9.67
ord_003930,1,prod_00309,sell_0138,28/12/2017 13:42,59.33,10.64
ord_003931,1,prod_00787,sell_0163,10/04/2018 09:17,38.15,3.28
ord_003932,1,prod_00790,sell_0060,19/08/2017 10:18,90.94,5.16
ord_003933,1,prod_00715,sell_0150,20/08/2017 11:38,173.72,24.63
ord_003934,1,prod_00633,sell_0173,11/07/2018 09:56,38.83,5.52
ord_003935,1,prod_00064,sell_0015,25/05/2017 11:59,40.03,9.17
ord_003936,1,prod_00511,sell_0241,21/07/2018 18:21,15.09,3.67
ord_003937,1,prod_00362,sell_0111,26/01/2018 12:56,97.89,18.97
ord_003938,1,prod_00013,sell_0168,24/07/2018 22:36,36.6,8.52
ord_003938,2,prod_00561,sell_0240,25/07/2018 22:36,74.94,13.53
ord_003939,1,prod_00635,sell_0214,08/01/2018 08:54,64.35,8.3
ord_003940,1,prod_00634,sell_0098,31/10/2018 15:01,46.13,2.83
ord_003941,1,prod_00607,sell_0220,22/03/2017 20:01,59.79,14.71
ord_003942,1,prod_00652,sell_0073,25/11/2018 13:04,256.51,47.9
ord_003943,1,prod_00319,sell_0164,25/10/2017 14:48,87.75,21.71
ord_003943,2,prod_00224,sell_0214,27/10/2017 14:48,109.96,23.07
ord_003944,1,prod_00024,sell_0053,08/03/2017 09:08,167.43,39.19
ord_003945,1,prod_00297,sell_0141,15/05/2018 22:10,64.38,5.08
ord_003946,1,prod_00625,sell_0240,19/09/2017 09:35,73.45,12.48
ord_003947,1,prod_00439,sell_0156,04/03/2018 12:57,38.48,5.52
ord_003947,2,prod_00030,sell_0061,04/03/2018 12:57,158.79,27.87
ord_003947,3,prod_00086,sell_0217,05/03/2018 12:57,35.21,5.53
ord_003948,1,prod_00443,sell_0237,07/10/2018 10:34,25.65,3.89
ord_003949,1,prod_00506,sell_0074,30/09/2018 21:43,36.61,6.9
ord_003949,2,prod_00119,sell_0063,02/10/2018 21:43,54.34,3.74
ord_003950,1,prod_00714,sell_0073,06/06/2018 08:11,69.57,4.02
ord_003950,2,prod_00310,sell_0175,11/06/2018 08:11,82.37,15.7
ord_003950,3,prod_00525,sell_0229,09/06/2018 08:11,61.3,14.9
ord_003951,1,prod_00684,sell_0159,25/12/2018 09:54,95.5,13.93
ord_003952,1,prod_00575,sell_0018,12/03/2018 11:03,60.77,14.7
ord_003953,1,prod_00161,sell_0107,27/02/2017 13:16,49.85,7.67
ord_003954,1,prod_00616,sell_0202,17/10/2018 10:27,33.54,6.01
ord_003955,1,prod_00085,sell_0007,13/09/2017 21:13,45.72,6.98
ord_003956,1,prod_00528,sell_0056,01/08/2017 22:39,168.01,28.13
ord_003957,1,prod_00304,sell_0016,08/04/2017 13:40,154.79,36.16
ord_003957,2,prod_00624,sell_0042,08/04/2017 13:40,48.16,8.3
ord_003958,1,prod_00394,sell_0147,30/11/2017 13:12,50.73,7.48
ord_003959,1,prod_00468,sell_0052,02/12/2017 11:00,38.63,7.56
ord_003960,1,prod_00269,sell_0243,22/11/2017 17:04,52.55,12.3
ord_003960,2,prod_00255,sell_0182,23/11/2017 17:04,97.52,15.26
ord_003961,1,prod_00037,sell_0196,03/06/2018 10:00,64.77,11.58
ord_003962,1,prod_00064,sell_0168,08/09/2018 08:54,47.31,10.84
ord_003963,1,prod_00336,sell_0100,01/12/2018 08:37,67.96,11.83
ord_003964,1,prod_00696,sell_0063,08/05/2017 12:08,65.21,14.54
ord_003965,1,prod_00357,sell_0053,10/07/2017 12:05,119.32,14.39
ord_003966,1,prod_00183,sell_0032,03/06/2018 12:49,74.58,11.24
ord_003967,1,prod_00436,sell_0244,15/05/2017 17:48,64.14,5.28
ord_003968,1,prod_00113,sell_0147,31/12/2017 18:55,70.35,12.09
ord_003968,2,prod_00376,sell_0202,02/01/2018 18:55,71.48,16.95
ord_003969,1,prod_00795,sell_0027,26/06/2018 09:09,217.86,52.85
ord_003970,1,prod_00307,sell_0245,23/09/2018 14:31,57.06,13.24
ord_003971,1,prod_00332,sell_0064,09/09/2017 19:07,142.6,18.09
ord_003972,1,prod_00242,sell_0034,22/07/2018 09:47,42.46,4.78
ord_003973,1,prod_00794,sell_0016,07/07/2018 16:24,95.9,13.6
ord_003974,1,prod_00061,sell_0117,07/11/2018 11:41,106.36,20.65
ord_003975,1,prod_00275,sell_0010,29/11/2017 20:01,49.25,5.6
ord_003976,1,prod_00062,sell_0068,06/09/2018 08:46,43.89,2.59
ord_003977,1,prod_00298,sell_0127,05/09/2018 21:13,62.57,12.74
ord_003977,2,prod_00622,sell_0120,07/09/2018 21:13,86.73,21.41
ord_003978,1,prod_00561,sell_0132,01/10/2017 18:50,52.22,9.51
ord_003979,1,prod_00541,sell_0224,23/06/2018 09:11,28.69,5.6
ord_003980,1,prod_00045,sell_0245,23/07/2018 09:47,62.21,3.64
ord_003980,2,prod_00635,sell_0195,24/07/2018 09:47,44.15,7.58
ord_003981,1,prod_00768,sell_0149,30/10/2017 19:08,75.82,18.18
ord_003982,1,prod_00127,sell_0195,28/02/2018 10:39,192.75,34.05
ord_003983,1,prod_00761,sell_0136,18/02/2018 21:46,42.61,3.56
ord_003984,1,prod_00167,sell_0128,19/09/2018 10:23,83.03,17.62
ord_003985,1,prod_00667,sell_0138,05/01/2017 08:14,58.09,12.4
ord_003985,2,prod_00151,sell_0142,06/01/2017 08:14,90.36,17.28
ord_003986,1,prod_00254,sell_0225,03/04/2018 16:20,32.47,7.17
ord_003986,2,prod_00502,sell_0059,04/04/2018 16:20,81.31,7.51
ord_003987,1,prod_00091,sell_0040,12/08/2017 17:17,44.02,3.66
ord_003988,1,prod_00024,sell_0018,09/07/2018 16:37,37.68,6.49
ord_003989,1,prod_00442,sell_0153,25/07/2018 10:02,100.54,19.5
ord_003990,1,prod_00105,sell_0195,05/04/2018 13:02,32.96,7.37
ord_003991,1,prod_00223,sell_0182,05/05/2018 10:17,81.37,19.35
ord_003991,2,prod_00770,sell_0125,30/04/2018 10:17,128.41,18.46
ord_003991,3,prod_00614,sell_0024,05/05/2018 10:17,43.44,5.6
ord_003992,1,prod_00569,sell_0067,28/11/2017 13:16,103.94,25.91
ord_003993,1,prod_00130,sell_0012,26/11/2017 08:10,118.94,19.74
ord_003994,1,prod_00005,sell_0089,03/09/2018 21:43,48.04,10.64
ord_003995,1,prod_00057,sell_0080,21/06/2017 14:01,75.8,8.81
ord_003996,1,prod_00214,sell_0247,19/09/2018 13:55,40.33,7.53
ord_003996,2,prod_00317,sell_0045,19/09/2018 13:55,48.52,9.82
ord_003996,3,prod_00063,sell_0118,21/09/2018 13:55,59.89,6.12
ord_003997,1,prod_00674,sell_0149,13/07/2018 20:45,172.05,18.4
ord_003998,1,prod_00745,sell_0169,20/11/2018 11:24,131.82,24.77
ord_003999,1,prod_00449,sell_0107,20/10/2017 08:51,72.77,9.44
ord_004000,1,prod_00649,sell_0045,06/04/2018 09:37,26.46,2.65
ord_004001,1,prod_00456,sell_0185,28/02/2017 12:34,60.5,14.1
ord_004002,1,prod_00349,sell_0040,26/11/2018 20:18,144.45,9.88
ord_004003,1,prod_00305,sell_0136,24/07/2018 08:39,46.58,4.03
ord_004004,1,prod_00729,sell_0247,20/06/2018 15:08,60.38,7.31
ord_004005,1,prod_00357,sell_0230,26/08/2018 08:31,49.8,7.02
ord_004006,1,prod_00240,sell_0040,06/11/2017 17:06,28.77,2.67
ord_004007,1,prod_00788,sell_0192,08/06/2018 16:26,26.29,1.34
ord_004008,1,prod_00314,sell_0224,05/10/2018 10:36,40.35,9.07
ord_004009,1,prod_00123,sell_0045,06/05/2017 17:09,64.59,15.96
ord_004010,1,prod_00170,sell_0037,13/12/2018 18:13,60.03,12.86
ord_004011,1,prod_00371,sell_0020,26/11/2018 16:48,52.01,10.3
ord_004012,1,prod_00083,sell_0163,16/12/2018 22:15,53.67,4.46
ord_004013,1,prod_00359,sell_0167,07/10/2018 13:05,23.07,1.91
ord_004013,2,prod_00127,sell_0093,12/10/2018 13:05,260.22,36.18
ord_004014,1,prod_00082,sell_0162,14/11/2017 22:19,40.63,8.95
ord_004015,1,prod_00163,sell_0244,26/05/2018 20:56,31.03,5.08
ord_004016,1,prod_00469,sell_0177,03/06/2017 15:41,10.78,2.63
ord_004017,1,prod_00484,sell_0065,11/09/2018 15:34,66.55,8.13
ord_004018,1,prod_00757,sell_0093,13/07/2017 11:50,127.78,29.35
ord_004018,2,prod_00556,sell_0187,08/07/2017 11:50,73.53,6.95
ord_004019,1,prod_00411,sell_0229,10/11/2018 09:39,116.14,21.6
ord_004020,1,prod_00091,sell_0069,02/10/2017 21:48,108.83,25.74
ord_004020,2,prod_00399,sell_0028,03/10/2017 21:48,46.82,10.53
ord_004021,1,prod_00531,sell_0029,18/07/2017 19:39,70.99,11.02
ord_004022,1,prod_00158,sell_0090,11/04/2017 22:51,453.62,43.27
ord_004023,1,prod_00689,sell_0247,16/08/2018 12:37,20.35,1.98
ord_004024,1,prod_00784,sell_0165,14/08/2017 14:15,51.76,7.14
ord_004025,1,prod_00178,sell_0171,24/08/2017 20:02,37.76,6.1
ord_004026,1,prod_00505,sell_0234,27/07/2017 09:06,116.96,9.4
ord_004027,1,prod_00479,sell_0169,26/11/2017 11:30,48.28,6.68
ord_004028,1,prod_00477,sell_0155,03/12/2018 22:58,249.14,16.97
ord_004029,1,prod_00290,sell_0092,27/03/2018 21:45,129.84,15.23
ord_004030,1,prod_00152,sell_0023,19/10/2017 14:46,206.07,44.74
ord_004031,1,prod_00060,sell_0201,26/07/2017 12:39,118.98,20.26
ord_004032,1,prod_00738,sell_0069,02/02/2017 08:54,62.14,5.16
ord_004033,1,prod_00584,sell_0053,26/12/2017 22:44,127.21,10.65
ord_004034,1,prod_00615,sell_0169,26/05/2017 10:15,46.36,9.62
ord_004035,1,prod_00569,sell_0040,13/02/2017 19:29,109.85,12.2
ord_004036,1,prod_00150,sell_0154,20/05/2017 16:24,160.76,10.69
ord_004037,1,prod_00643,sell_0047,28/11/2017 20:09,134.18,29.76
ord_004037,2,prod_00649,sell_0138,30/11/2017 20:09,41.17,3.92
ord_004037,3,prod_00301,sell_0012,30/11/2017 20:09,186.75,31.23
ord_004038,1,prod_00698,sell_0017,09/09/2018 14:13,68.51,7.73
ord_004039,1,prod_00316,sell_0026,07/04/2017 18:17,85.49,7.5
ord_004040,1,prod_00120,sell_0106,25/07/2018 12:10,126.86,23.2
ord_004040,2,prod_00070,sell_0244,26/07/2018 12:10,43.91,5.8
ord_004041,1,prod_00363,sell_0189,21/06/2018 20:13,68.73,15.94
ord_004042,1,prod_00570,sell_0133,18/11/2018 21:54,234.89,54.92
ord_004042,2,prod_00559,sell_0200,17/11/2018 21:54,53.35,11.11
ord_004043,1,prod_00328,sell_0043,11/08/2017 22:20,48.76,2.72
ord_004044,1,prod_00517,sell_0160,01/10/2018 17:49,91.97,7.15
ord_004045,1,prod_00607,sell_0154,07/11/2018 09:03,73.59,9.64
ord_004046,1,prod_00397,sell_0128,25/12/2018 11:58,74.67,17.74
ord_004047,1,prod_00702,sell_0094,08/10/2018 09:45,129.11,20.45
ord_004048,1,prod_00338,sell_0245,07/06/2017 20:54,75.98,17.56
ord_004049,1,prod_00029,sell_0059,08/12/2018 15:31,49.7,7.61
ord_004050,1,prod_00704,sell_0198,13/10/2018 19:38,18.75,3.16
ord_004050,2,prod_00012,sell_0173,15/10/2018 19:38,50.53,9.53
ord_004050,3,prod_00108,sell_0183,15/10/2018 19:38,123.89,20.23
ord_004051,1,prod_00789,sell_0173,04/09/2017 19:21,134.48,10.67
ord_004051,2,prod_00336,sell_0221,06/09/2017 19:21,75.04,5
ord_004052,1,prod_00504,sell_0199,25/07/2017 22:25,59.13,6.58
ord_004052,2,prod_00489,sell_0231,25/07/2017 22:25,103.39,19.34
ord_004053,1,prod_00379,sell_0114,04/12/2018 11:45,76.48,11.56
ord_004054,1,prod_00446,sell_0219,11/07/2017 17:02,141.57,20.54
ord_004055,1,prod_00047,sell_0072,24/09/2018 10:02,50.26,9.74
ord_004056,1,prod_00546,sell_0044,26/01/2018 16:52,152.83,20.87
ord_004056,2,prod_00574,sell_0026,29/01/2018 16:52,75.81,6.05
ord_004057,1,prod_00182,sell_0225,23/08/2018 12:06,41.83,9.25
ord_004058,1,prod_00142,sell_0244,03/05/2017 20:43,147.21,34.45
ord_004059,1,prod_00524,sell_0105,26/08/2018 16:11,28.23,4.75
ord_004060,1,prod_00186,sell_0163,15/04/2018 18:21,59.36,8.77
ord_004061,1,prod_00685,sell_0040,24/11/2018 11:17,214.03,46.6
ord_004062,1,prod_00281,sell_0130,12/08/2017 08:29,323.23,33.35
ord_004063,1,prod_00166,sell_0124,28/05/2017 19:49,98.76,19.45
ord_004064,1,prod_00595,sell_0234,22/08/2017 18:52,37.94,7.26
ord_004065,1,prod_00489,sell_0243,17/04/2017 22:13,108.03,18.18
ord_004066,1,prod_00757,sell_0000,27/12/2018 14:20,89.04,8.5
ord_004067,1,prod_00581,sell_0155,09/06/2017 18:50,69.11,5.23
ord_004068,1,prod_00387,sell_0056,23/08/2017 21:05,120.38,26.36
ord_004069,1,prod_00092,sell_0049,12/10/2018 15:07,132.61,26.95
ord_004069,2,prod_00237,sell_0247,09/10/2018 15:07,274.54,68.03
ord_004070,1,prod_00626,sell_0064,03/10/2017 12:28,92.29,11.16
ord_004070,2,prod_00364,sell_0173,03/10/2017 12:28,31.65,5.11
ord_004071,1,prod_00025,sell_0085,12/09/2017 17:47,86.87,8.25
ord_004072,1,prod_00729,sell_0202,20/07/2018 22:20,79.03,10.44
ord_004073,1,prod_00627,sell_0083,20/01/2018 16:04,85,5.74
ord_004074,1,prod_00127,sell_0101,21/10/2018 09:58,85.85,12.57
ord_004075,1,prod_00181,sell_0207,03/07/2018 22:56,239.11,49.69
ord_004075,2,prod_00796,sell_0140,05/07/2018 22:56,105.02,23.48
ord_004076,1,prod_00664,sell_0196,08/11/2017 11:39,50.8,8.31
ord_004077,1,prod_00536,sell_0034,06/06/2018 11:40,116.44,8.25
ord_004078,1,prod_00533,sell_0246,12/11/2018 15:56,116.89,10.34
ord_004079,1,prod_00604,sell_0152,27/12/2017 13:38,21.94,1.76
ord_004080,1,prod_00188,sell_0065,27/08/2018 17:47,89.12,18.85
ord_004081,1,prod_00688,sell_0187,04/02/2018 08:27,33.22,3.34
ord_004081,2,prod_00377,sell_0038,02/02/2018 08:27,57.86,11.6
ord_004082,1,prod_00658,sell_0205,03/05/2018 14:13,184.83,15.97
ord_004083,1,prod_00641,sell_0042,27/08/2018 20:49,72.76,17.51
ord_004084,1,prod_00017,sell_0077,28/03/2017 09:41,59.78,10.66
ord_004085,1,prod_00687,sell_0068,02/03/2018 20:17,124.68,9.25
ord_004086,1,prod_00358,sell_0022,07/05/2017 17:37,78.13,8.15
ord_004087,1,prod_00068,sell_0153,22/08/2018 08:48,317.16,44.62
ord_004088,1,prod_00338,sell_0010,15/06/2018 19:16,24.31,5.12
ord_004089,1,prod_00021,sell_0225,30/11/2017 12:46,178.43,39.26
ord_004089,2,prod_00676,sell_0033,03/12/2017 12:46,43.16,5.15
ord_004090,1,prod_00753,sell_0111,16/04/2017 20:04,91.27,10.2
ord_004091,1,prod_00306,sell_0014,03/12/2018 13:37,66.99,9.51
ord_004092,1,prod_00480,sell_0145,27/11/2017 09:59,157.82,11.23
ord_004092,2,prod_00257,sell_0119,30/11/2017 09:59,20.75,3.43
ord_004093,1,prod_00130,sell_0121,30/10/2017 11:51,32.82,4.36
ord_004094,1,prod_00658,sell_0156,16/05/2017 08:52,54.73,3.3
ord_004095,1,prod_00726,sell_0154,28/05/2018 08:40,38.31,7.8
ord_004096,1,prod_00406,sell_0037,22/10/2017 13:27,41.25,8.71
ord_004097,1,prod_00157,sell_0184,30/10/2018 09:40,84.55,18.97
ord_004098,1,prod_00523,sell_0143,30/07/2018 17:19,64.57,13.37
ord_004099,1,prod_00783,sell_0003,10/01/2017 15:33,1122.81,199.23
ord_004100,1,prod_00499,sell_0058,20/05/2018 18:32,248.68,34.91
ord_004100,2,prod_00070,sell_0055,20/05/2018 18:32,245.51,51.46
ord_004101,1,prod_00155,sell_0134,25/09/2017 08:32,52.87,4
ord_004101,2,prod_00410,sell_0054,21/09/2017 08:32,178.94,19.65
ord_004102,1,prod_00521,sell_0010,28/01/2017 13:24,12.78,2.74
ord_004103,1,prod_00078,sell_0106,19/06/2018 13:21,101.96,16.9
ord_004103,2,prod_00521,sell_0009,19/06/2018 13:21,33.8,2.49
ord_004104,1,prod_00562,sell_0099,28/08/2017 11:19,23.97,3.59
ord_004105,1,prod_00768,sell_0244,26/11/2018 18:13,42.91,5.77
ord_004106,1,prod_00188,sell_0030,20/05/2018 19:26,110.31,18.37
ord_004107,1,prod_00368,sell_0026,02/09/2017 17:07,46.5,10.84
ord_004108,1,prod_00498,sell_0141,23/12/2018 11:54,99.37,8.27
ord_004109,1,prod_00196,sell_0023,08/05/2018 20:04,19.95,4.16
ord_004110,1,prod_00277,sell_0036,24/07/2017 21:50,84.69,15.48
ord_004110,2,prod_00069,sell_0044,24/07/2017 21:50,42.71,9.31
ord_004110,3,prod_00461,sell_0024,20/07/2017 21:50,161.35,15.7
ord_004111,1,prod_00777,sell_0068,17/04/2018 10:14,115.07,23.36
ord_004112,1,prod_00386,sell_0233,18/12/2018 10:51,50.35,4.74
ord_004113,1,prod_00442,sell_0230,12/02/2018 20:43,58.84,6.97
ord_004114,1,prod_00135,sell_0016,08/02/2018 11:55,22.77,1.88
ord_004114,2,prod_00722,sell_0062,08/02/2018 11:55,63.27,12.16
ord_004115,1,prod_00256,sell_0085,10/03/2018 20:52,58.17,10.92
ord_004116,1,prod_00784,sell_0022,01/11/2017 13:42,81.21,7.02
ord_004117,1,prod_00253,sell_0071,16/07/2017 18:09,120.89,29.87
ord_004118,1,prod_00195,sell_0021,26/05/2018 16:32,69.32,10.14
ord_004119,1,prod_00694,sell_0053,25/11/2018 16:20,71.08,10.01
ord_004120,1,prod_00499,sell_0050,30/08/2018 18:53,180.08,36.34
ord_004121,1,prod_00208,sell_0126,11/05/2017 17:52,120.42,6.27
ord_004121,2,prod_00177,sell_0191,11/05/2017 17:52,169.19,9.06
ord_004122,1,prod_00173,sell_0190,26/01/2018 19:18,85.97,10.86
ord_004123,1,prod_00185,sell_0028,14/01/2017 19:40,47.45,2.85
ord_004124,1,prod_00517,sell_0167,24/11/2017 22:20,49.87,10.54
ord_004125,1,prod_00569,sell_0126,19/07/2018 10:40,106.68,8.9
ord_004126,1,prod_00399,sell_0242,14/11/2017 17:36,461.82,23.13
ord_004127,1,prod_00701,sell_0011,24/10/2018 19:30,101.33,12.02
ord_004128,1,prod_00088,sell_0194,17/03/2018 08:52,41.81,4.09
ord_004129,1,prod_00738,sell_0103,22/07/2018 12:14,47.27,3.09
ord_004130,1,prod_00494,sell_0239,17/11/2018 20:47,343.39,46.49
ord_004131,1,prod_00145,sell_0028,30/07/2018 15:41,233.84,18.22
ord_004132,1,prod_00748,sell_0153,27/11/2018 09:16,244.35,44.08
ord_004132,2,prod_00140,sell_0103,22/11/2018 09:16,32.34,8.03
ord_004132,3,prod_00210,sell_0094,22/11/2018 09:16,49.61,8.25
ord_004133,1,prod_00303,sell_0036,10/10/2018 11:25,46.23,9.44
ord_004134,1,prod_00418,sell_0029,20/05/2018 13:04,109.57,22.65
ord_004135,1,prod_00209,sell_0097,16/11/2017 18:35,56.83,9.03
ord_004135,2,prod_00180,sell_0045,18/11/2017 18:35,561.01,125.11
ord_004136,1,prod_00421,sell_0242,16/11/2017 13:53,40.8,8.68
ord_004137,1,prod_00115,sell_0230,12/11/2018 13:07,31.77,1.89
ord_004138,1,prod_00303,sell_0127,19/03/2017 20:07,78.67,12.42
ord_004139,1,prod_00377,sell_0161,06/12/2018 09:28,45.96,8.9
ord_004140,1,prod_00790,sell_0134,29/11/2017 16:16,33.2,6.76
ord_004141,1,prod_00374,sell_0160,03/09/2018 20:16,70.02,6.68
ord_004142,1,prod_00395,sell_0235,30/11/2017 22:38,47.04,5.07
ord_004143,1,prod_00274,sell_0140,14/12/2018 10:24,87.79,10.42
ord_004144,1,prod_00527,sell_0065,24/02/2017 09:50,59.13,7.36
ord_004145,1,prod_00140,sell_0177,16/12/2017 17:25,63.75,4
ord_004146,1,prod_00016,sell_0225,08/11/2018 18:36,55.53,5.75
ord_004146,2,prod_00440,sell_0160,09/11/2018 18:36,100.1,24.19
ord_004147,1,prod_00762,sell_0073,28/10/2017 16:23,131.72,31.58
ord_004148,1,prod_00101,sell_0173,28/10/2017 13:15,114.73,18.31
ord_004149,1,prod_00780,sell_0135,28/11/2018 19:28,18.78,4.4
ord_004150,1,prod_00180,sell_0131,23/10/2018 15:43,84.32,8.05
ord_004151,1,prod_00615,sell_0043,22/05/2017 15:57,25.84,3.97
ord_004152,1,prod_00134,sell_0044,25/05/2018 11:02,122.79,9.27
ord_004153,1,prod_00121,sell_0089,17/09/2017 14:31,166.04,12.75
ord_004154,1,prod_00347,sell_0092,08/09/2017 20:38,32.23,2.7
ord_004154,2,prod_00525,sell_0199,10/09/2017 20:38,44.92,5.37
ord_004155,1,prod_00018,sell_0089,19/06/2018 22:05,101.67,17.52
ord_004156,1,prod_00711,sell_0172,11/06/2017 16:49,18.12,4.24
ord_004156,2,prod_00195,sell_0044,09/06/2017 16:49,79.05,17.01
ord_004157,1,prod_00007,sell_0228,14/03/2018 15:16,25.38,5.95
ord_004158,1,prod_00122,sell_0044,11/10/2017 19:52,297.79,65.18
ord_004159,1,prod_00163,sell_0214,01/11/2018 11:33,52.28,9.28
ord_004159,2,prod_00407,sell_0199,06/11/2018 11:33,95.65,8.34
ord_004160,1,prod_00593,sell_0174,08/05/2018 20:09,59.76,6.16
ord_004161,1,prod_00626,sell_0249,07/09/2017 08:44,77.22,11.05
ord_004162,1,prod_00580,sell_0103,01/12/2018 19:09,20.08,2.48
ord_004163,1,prod_00322,sell_0058,20/10/2018 16:43,477.51,43.2
ord_004164,1,prod_00277,sell_0118,24/10/2017 22:48,16.06,2.57
ord_004164,2,prod_00508,sell_0232,22/10/2017 22:48,53.85,9.21
ord_004165,1,prod_00417,sell_0165,14/12/2018 11:34,63.77,14.42
ord_004166,1,prod_00636,sell_0195,24/10/2017 18:16,48.6,7.41
ord_004167,1,prod_00669,sell_0053,16/11/2017 10:26,145.2,13.26
ord_004167,2,prod_00127,sell_0132,14/11/2017 10:26,63.81,12.21
ord_004168,1,prod_00749,sell_0027,11/01/2018 18:31,112.91,14.9
ord_004169,1,prod_00359,sell_0048,19/07/2017 17:39,80.32,5.79
ord_004170,1,prod_00727,sell_0217,01/08/2018 22:38,123.33,14.9
ord_004171,1,prod_00647,sell_0052,11/05/2018 10:24,60.98,14.95
ord_004172,1,prod_00392,sell_0133,24/11/2018 10:45,87.49,7.28
ord_004172,2,prod_00676,sell_0210,23/11/2018 10:45,151.54,21.99
ord_004173,1,prod_00444,sell_0036,30/09/2017 22:46,170.54,32.26
ord_004174,1,prod_00791,sell_0089,26/07/2017 11:41,24.33,2.87
ord_004175,1,prod_00658,sell_0077,21/12/2017 08:16,17.15,4.15
ord_004176,1,prod_00600,sell_0152,02/07/2017 12:28,40.34,3.95
ord_004177,1,prod_00092,sell_0060,11/12/2018 12:25,18.5,2.8
ord_004178,1,prod_00613,sell_0022,19/08/2018 08:49,112.68,13.97
ord_004179,1,prod_00636,sell_0185,02/10/2018 13:48,180.26,22.1
ord_004180,1,prod_00644,sell_0069,04/09/2018 08:51,143.56,26.36
ord_004181,1,prod_00116,sell_0038,05/10/2017 17:13,310.87,41.42
ord_004182,1,prod_00752,sell_0048,26/06/2017 19:44,88.45,20.28
ord_004183,1,prod_00173,sell_0075,11/02/2018 18:52,49.21,8.51
ord_004184,1,prod_00627,sell_0090,22/10/2018 22:09,23.4,3.27
ord_004184,2,prod_00250,sell_0163,19/10/2018 22:09,78.54,19.24
ord_004185,1,prod_00143,sell_0067,05/12/2017 12:02,42.29,4.29
ord_004186,1,prod_00212,sell_0062,17/01/2017 08:06,62.36,5.42
ord_004187,1,prod_00777,sell_0133,14/07/2018 18:36,38.05,4.6
ord_004188,1,prod_00445,sell_0094,24/08/2017 08:25,34.92,7.63
ord_004189,1,prod_00505,sell_0070,30/04/2018 09:11,15.54,1.26
ord_004190,1,prod_00306,sell_0097,28/01/2017 08:31,140.35,21.32
ord_004191,1,prod_00204,sell_0039,12/04/2018 09:47,25.29,1.65
ord_004192,1,prod_00349,sell_0132,16/01/2018 21:51,41.78,4.59
ord_004193,1,prod_00385,sell_0157,15/11/2018 20:45,150.91,28.31
ord_004194,1,prod_00216,sell_0214,22/08/2018 21:53,101.72,17.91
ord_004195,1,prod_00294,sell_0155,24/02/2017 11:36,48.27,3.44
ord_004196,1,prod_00291,sell_0098,28/09/2018 12:50,84.01,4.37
ord_004196,2,prod_00022,sell_0229,30/09/2018 12:50,79.12,13.87
ord_004196,3,prod_00595,sell_0113,01/10/2018 12:50,61.88,5.31
ord_004197,1,prod_00641,sell_0075,29/09/2018 08:25,38.12,3.77
ord_004198,1,prod_00037,sell_0167,17/07/2018 13:51,83.5,12.87
ord_004199,1,prod_00330,sell_0031,01/12/2018 12:53,134.23,28.35
ord_004200,1,prod_00665,sell_0168,07/10/2018 15:41,48.27,8.71
ord_004201,1,prod_00511,sell_0016,10/09/2017 15:25,90.2,13.17
ord_004202,1,prod_00129,sell_0119,11/01/2018 12:16,42.35,4.97
ord_004203,1,prod_00703,sell_0066,15/12/2017 17:19,85.02,20.91
ord_004203,2,prod_00235,sell_0171,18/12/2017 17:19,67.04,5.36
ord_004204,1,prod_00764,sell_0040,05/04/2018 20:07,139.37,25.85
ord_004205,1,prod_00325,sell_0174,10/12/2018 11:02,119.14,22.14
ord_004205,2,prod_00254,sell_0209,13/12/2018 11:02,110.52,12.28
ord_004205,3,prod_00136,sell_0097,12/12/2018 11:02,143.25,11.83
ord_004206,1,prod_00692,sell_0118,18/06/2018 20:24,101.68,13.86
ord_004207,1,prod_00247,sell_0097,27/11/2017 08:02,58.28,11.23
ord_004207,2,prod_00568,sell_0038,29/11/2017 08:02,67.58,12.49
ord_004208,1,prod_00744,sell_0093,08/12/2018 21:52,18.75,4.53
ord_004208,2,prod_00161,sell_0197,07/12/2018 21:52,101.77,23.13
ord_004209,1,prod_00347,sell_0227,08/08/2018 12:38,24.02,3.69
ord_004210,1,prod_00682,sell_0166,22/10/2017 11:50,235.69,56.72
ord_004211,1,prod_00757,sell_0015,27/11/2018 18:26,90.61,9.66
ord_004211,2,prod_00489,sell_0185,26/11/2018 18:26,62.09,4.68
ord_004212,1,prod_00756,sell_0201,14/12/2017 21:13,113.71,22.11
ord_004213,1,prod_00703,sell_0224,13/04/2018 22:17,72.3,12.29
ord_004213,2,prod_00616,sell_0244,13/04/2018 22:17,289.09,55.73
ord_004214,1,prod_00158,sell_0094,23/03/2018 21:51,109.14,7.41
ord_004214,2,prod_00411,sell_0174,18/03/2018 21:51,11.86,2.02
ord_004215,1,prod_00313,sell_0090,03/12/2018 16:07,110.76,24.68
ord_004216,1,prod_00787,sell_0161,22/10/2017 19:41,96.55,23.69
ord_004217,1,prod_00591,sell_0232,04/12/2017 20:13,50.7,10.65
ord_004218,1,prod_00341,sell_0063,14/07/2018 11:21,85.34,15.79
ord_004218,2,prod_00486,sell_0135,16/07/2018 11:21,19.7,3.42
ord_004219,1,prod_00453,sell_0209,22/11/2018 13:00,161.78,20.41
ord_004220,1,prod_00044,sell_0127,01/06/2017 10:28,96.15,16.73
ord_004221,1,prod_00500,sell_0063,04/09/2017 22:07,56.86,10.88
ord_004222,1,prod_00126,sell_0099,09/12/2018 11:51,71.15,17.08
ord_004222,2,prod_00727,sell_0101,12/12/2018 11:51,202.27,33.18
ord_004222,3,prod_00372,sell_0032,08/12/2018 11:51,29.03,2.61
ord_004223,1,prod_00621,sell_0013,21/09/2018 08:05,66.93,6.44
ord_004224,1,prod_00302,sell_0004,11/12/2017 21:15,34.51,5.22
ord_004225,1,prod_00558,sell_0092,25/12/2017 12:00,18.19,4.27
ord_004225,2,prod_00527,sell_0082,21/12/2017 12:00,33.72,3.09
ord_004226,1,prod_00732,sell_0026,13/03/2018 14:59,28.13,2.23
ord_004227,1,prod_00535,sell_0175,23/07/2018 22:38,48.99,5.35
ord_004227,2,prod_00549,sell_0023,26/07/2018 22:38,49.74,9.59
ord_004228,1,prod_00323,sell_0209,14/05/2018 18:38,86.98,15.4
ord_004229,1,prod_00599,sell_0130,23/09/2018 18:31,194.8,11.97
ord_004229,2,prod_00747,sell_0025,22/09/2018 18:31,71.47,15.49
ord_004230,1,prod_00230,sell_0135,21/03/2017 11:52,35.73,8.85
ord_004231,1,prod_00269,sell_0017,18/10/2018 21:08,155.94,27.76
ord_004232,1,prod_00237,sell_0247,28/03/2017 09:47,184.66,31.74
ord_004233,1,prod_00577,sell_0102,20/11/2018 08:48,116.78,12.35
ord_004234,1,prod_00068,sell_0230,07/03/2017 22:02,22.34,5.21
ord_004235,1,prod_00720,sell_0051,16/06/2017 19:07,59.18,7.59
ord_004236,1,prod_00760,sell_0031,03/08/2017 12:32,60.54,7.42
ord_004236,2,prod_00638,sell_0038,08/08/2017 12:32,95.13,9.8
ord_004237,1,prod_00732,sell_0019,14/09/2017 18:05,54.27,7.24
ord_004238,1,prod_00523,sell_0171,26/01/2018 09:16,51.44,5.91
ord_004239,1,prod_00252,sell_0203,14/07/2018 18:24,183.44,39.71
ord_004239,2,prod_00750,sell_0144,15/07/2018 18:24,151.73,37.53
ord_004240,1,prod_00583,sell_0000,26/11/2018 12:09,71.45,12.39
ord_004241,1,prod_00427,sell_0163,21/04/2018 22:42,50.57,3.53
ord_004242,1,prod_00668,sell_0175,27/04/2018 22:29,312.42,48.44
ord_004243,1,prod_00724,sell_0012,01/12/2017 20:38,39.65,8.16
ord_004244,1,prod_00555,sell_0028,05/10/2018 15:28,39.99,3.94
ord_004245,1,prod_00459,sell_0192,26/05/2017 15:24,48.09,6.53
ord_004245,2,prod_00215,sell_0000,29/05/2017 15:24,114.05,21.67
ord_004245,3,prod_00641,sell_0001,24/05/2017 15:24,16.44,2.98
ord_004246,1,prod_00397,sell_0066,22/11/2017 17:29,139.56,27.28
ord_004247,1,prod_00171,sell_0048,11/05/2017 22:53,98.57,10.6
ord_004248,1,prod_00337,sell_0006,08/09/2017 14:23,44.52,9.3
ord_004249,1,prod_00059,sell_0236,03/06/2018 19:38,118.2,11.13
ord_004250,1,prod_00520,sell_0161,12/06/2017 11:50,45.08,9.6
ord_004251,1,prod_00040,sell_0016,18/05/2017 18:37,107.55,24.19
ord_004252,1,prod_00309,sell_0033,20/10/2018 19:13,42.62,7.26
ord_004253,1,prod_00229,sell_0184,05/06/2017 19:07,61.57,6.65
ord_004254,1,prod_00219,sell_0061,11/06/2018 19:35,41.35,6.23
ord_004255,1,prod_00719,sell_0123,20/12/2017 16:43,64.57,5.76
ord_004256,1,prod_00704,sell_0232,24/11/2018 12:46,92.33,8.06
ord_004256,2,prod_00689,sell_0033,25/11/2018 12:46,115.25,11.34
ord_004257,1,prod_00330,sell_0092,12/08/2018 08:41,30.03,5.22
ord_004258,1,prod_00104,sell_0204,25/03/2017 19:00,28.59,5.95
ord_004259,1,prod_00004,sell_0030,24/11/2018 18:46,56.36,5.39
ord_004260,1,prod_00529,sell_0013,05/02/2018 15:36,41.27,8.35
ord_004261,1,prod_00358,sell_0209,16/11/2017 08:59,53.98,11.56
ord_004262,1,prod_00372,sell_0047,25/07/2018 22:45,28.79,2.11
ord_004263,1,prod_00524,sell_0048,19/08/2018 08:25,32.38,5
ord_004264,1,prod_00625,sell_0229,24/11/2017 20:40,68.82,11.55
ord_004265,1,prod_00760,sell_0162,20/12/2017 21:36,46.19,9.17
ord_004266,1,prod_00782,sell_0241,14/07/2017 18:20,136.83,7.45
ord_004267,1,prod_00654,sell_0241,07/06/2018 20:32,303.59,58.13
ord_004268,1,prod_00058,sell_0084,11/12/2018 20:12,44.81,4.85
ord_004268,2,prod_00556,sell_0178,14/12/2018 20:12,103.55,15.28
ord_004269,1,prod_00189,sell_0142,05/02/2018 12:05,18.3,3.89
ord_004270,1,prod_00612,sell_0077,02/01/2019 18:43,164.98,21.63
ord_004271,1,prod_00668,sell_0003,31/07/2017 12:23,36.92,3.52
ord_004272,1,prod_00485,sell_0083,30/09/2018 16:45,35.26,6.24
ord_004272,2,prod_00778,sell_0141,04/10/2018 16:45,58.46,9.47
ord_004272,3,prod_00388,sell_0102,30/09/2018 16:45,118.28,26.37
ord_004273,1,prod_00465,sell_0097,01/12/2018 12:29,55.01,11.87
ord_004274,1,prod_00071,sell_0196,02/08/2018 10:48,32.58,5.56
ord_004275,1,prod_00060,sell_0066,27/05/2017 21:44,174.57,38.17
ord_004276,1,prod_00379,sell_0229,28/11/2017 20:45,65.21,8.34
ord_004277,1,prod_00217,sell_0116,30/04/2017 20:25,38.06,2.84
ord_004277,2,prod_00696,sell_0144,01/05/2017 20:25,21.41,1.08
ord_004278,1,prod_00289,sell_0226,08/06/2018 11:57,167.79,33.65
ord_004279,1,prod_00327,sell_0073,06/01/2019 08:24,93.35,10.74
ord_004280,1,prod_00136,sell_0156,07/01/2018 18:47,136.48,29.18
ord_004280,2,prod_00631,sell_0163,02/01/2018 18:47,29.82,5.62
ord_004281,1,prod_00553,sell_0015,19/07/2017 18:29,38.39,7.98
ord_004282,1,prod_00010,sell_0085,23/10/2017 21:14,30.13,6.85
ord_004283,1,prod_00697,sell_0093,18/05/2018 10:37,27.18,1.36
ord_004284,1,prod_00120,sell_0070,22/05/2018 12:28,62.01,4.05
ord_004285,1,prod_00134,sell_0009,23/09/2017 14:15,85.27,8.26
ord_004286,1,prod_00240,sell_0054,08/09/2018 22:22,41.56,5.7
ord_004287,1,prod_00682,sell_0033,30/04/2017 18:09,90.37,8.98
ord_004287,2,prod_00278,sell_0170,03/05/2017 18:09,121.24,11.77
ord_004288,1,prod_00442,sell_0204,23/06/2018 22:59,25.77,4.09
ord_004289,1,prod_00279,sell_0036,14/02/2018 09:38,65.92,15.72
ord_004290,1,prod_00565,sell_0105,12/06/2017 16:10,376.67,58.38
ord_004291,1,prod_00230,sell_0110,03/07/2018 19:45,40.65,8.74
ord_004292,1,prod_00375,sell_0134,25/07/2018 20:36,129.96,9.94
ord_004293,1,prod_00122,sell_0076,19/02/2018 18:43,45.34,4.37
ord_004294,1,prod_00282,sell_0099,02/10/2018 19:35,49.25,5.88
ord_004294,2,prod_00107,sell_0033,01/10/2018 19:35,34.43,3.82
ord_004295,1,prod_00095,sell_0215,09/04/2018 19:03,136.87,18
ord_004296,1,prod_00595,sell_0185,05/11/2017 17:12,110.77,15.13
ord_004297,1,prod_00769,sell_0068,09/12/2018 14:46,44.49,3.91
ord_004298,1,prod_00339,sell_0186,08/12/2018 09:45,81.73,5.18
ord_004298,2,prod_00243,sell_0141,05/12/2018 09:45,28.54,1.43
ord_004299,1,prod_00159,sell_0139,10/05/2017 11:45,80.94,7.97
ord_004300,1,prod_00165,sell_0246,07/12/2018 19:00,108.58,9.74
ord_004301,1,prod_00295,sell_0159,23/09/2018 11:48,66.02,15.88
ord_004301,2,prod_00660,sell_0150,23/09/2018 11:48,41.39,3.75
ord_004302,1,prod_00109,sell_0212,23/05/2017 13:26,253.59,51.48
ord_004303,1,prod_00408,sell_0183,15/04/2018 08:41,161.6,31.24
ord_004303,2,prod_00313,sell_0146,19/04/2018 08:41,187.7,32.28
ord_004304,1,prod_00608,sell_0034,25/02/2017 09:16,110.7,26.72
ord_004305,1,prod_00439,sell_0148,03/06/2018 15:46,164.44,26.66
ord_004306,1,prod_00434,sell_0138,01/12/2018 15:58,148.51,21.51
ord_004307,1,prod_00031,sell_0163,31/12/2017 15:15,51.87,11.45
ord_004307,2,prod_00723,sell_0240,02/01/2018 15:15,48.94,10.29
ord_004308,1,prod_00652,sell_0220,11/04/2018 10:47,84.5,12.82
ord_004309,1,prod_00200,sell_0105,19/09/2017 14:36,64.85,8.87
ord_004309,2,prod_00555,sell_0025,20/09/2017 14:36,44.31,9.33
ord_004310,1,prod_00119,sell_0056,01/05/2018 13:16,28.43,5.08
ord_004311,1,prod_00518,sell_0201,07/10/2018 16:17,164.9,22.41
ord_004312,1,prod_00642,sell_0207,06/09/2017 22:43,136.83,18.46
ord_004312,2,prod_00111,sell_0103,08/09/2017 22:43,78.01,7.89
ord_004313,1,prod_00250,sell_0029,07/05/2018 20:17,38.39,6.55
ord_004314,1,prod_00633,sell_0008,19/12/2017 08:02,160.68,24.79
ord_004315,1,prod_00485,sell_0235,06/09/2018 20:52,136.48,18.03
ord_004316,1,prod_00011,sell_0242,07/08/2018 18:35,87.64,20.3
ord_004316,2,prod_00771,sell_0062,07/08/2018 18:35,120.38,18.81
ord_004317,1,prod_00376,sell_0159,05/08/2018 11:45,53.61,4.15
ord_004317,2,prod_00211,sell_0137,07/08/2018 11:45,84.84,7.83
ord_004318,1,prod_00280,sell_0076,05/01/2018 15:36,50.45,7.21
ord_004318,2,prod_00155,sell_0005,08/01/2018 15:36,43.67,7.76
ord_004319,1,prod_00711,sell_0086,08/06/2018 08:30,23.42,4.28
ord_004320,1,prod_00372,sell_0025,10/07/2018 18:46,75.7,4.65
ord_004321,1,prod_00314,sell_0020,28/07/2018 10:01,91.49,12.01
ord_004322,1,prod_00030,sell_0205,25/05/2018 20:18,40.44,6.25
ord_004323,1,prod_00623,sell_0178,08/11/2018 15:37,36.99,2.08
ord_004324,1,prod_00309,sell_0206,06/10/2017 15:56,72.07,5.12
ord_004325,1,prod_00365,sell_0244,21/03/2017 20:23,62.91,13.14
ord_004326,1,prod_00652,sell_0147,17/12/2018 10:58,314.06,69.41
ord_004327,1,prod_00436,sell_0133,29/03/2017 18:45,79.25,4.29
ord_004328,1,prod_00494,sell_0127,29/11/2018 14:29,82.08,8.57
ord_004329,1,prod_00002,sell_0121,15/06/2018 10:25,110.08,27.49
ord_004330,1,prod_00309,sell_0087,28/11/2018 16:07,176.03,35.43
ord_004331,1,prod_00736,sell_0034,17/05/2018 17:36,79.16,15.75
ord_004332,1,prod_00456,sell_0053,14/10/2018 20:03,45.98,10.22
ord_004332,2,prod_00716,sell_0239,15/10/2018 20:03,58.37,7.92
ord_004333,1,prod_00552,sell_0149,19/08/2018 11:25,60.65,7.86
ord_004334,1,prod_00578,sell_0022,23/04/2018 21:14,29.15,2.91
ord_004335,1,prod_00615,sell_0011,27/12/2017 22:57,109.95,15.12
ord_004335,2,prod_00326,sell_0173,29/12/2017 22:57,190.74,23.62
ord_004336,1,prod_00365,sell_0167,12/01/2017 09:21,67.34,6
ord_004337,1,prod_00079,sell_0086,12/10/2017 11:29,23.9,1.97
ord_004338,1,prod_00663,sell_0215,12/12/2018 21:22,143.01,32.49
ord_004339,1,prod_00733,sell_0160,01/11/2017 17:08,63.92,6.13
ord_004340,1,prod_00136,sell_0121,10/09/2018 16:21,367.66,89.46
ord_004341,1,prod_00578,sell_0131,10/04/2018 21:46,83.91,11.86
ord_004342,1,prod_00415,sell_0109,28/11/2017 11:37,101.74,18.96
ord_004342,2,prod_00376,sell_0213,23/11/2017 11:37,48.33,7.54
ord_004342,3,prod_00257,sell_0043,27/11/2017 11:37,96.23,12.62
ord_004343,1,prod_00798,sell_0067,31/12/2018 13:26,36.5,7.25
ord_004344,1,prod_00581,sell_0121,14/03/2017 14:49,119.38,9.62
ord_004345,1,prod_00162,sell_0219,29/05/2018 12:00,35.66,2.41
ord_004346,1,prod_00712,sell_0157,06/03/2018 10:49,83.94,6.36
ord_004347,1,prod_00592,sell_0107,19/04/2017 12:03,132.27,23.96
ord_004348,1,prod_00087,sell_0064,09/09/2017 14:52,33.11,6.02
ord_004349,1,prod_00701,sell_0138,07/08/2018 21:56,125.64,27.71
ord_004350,1,prod_00319,sell_0001,21/05/2017 18:49,133.61,17.35
ord_004351,1,prod_00382,sell_0093,04/10/2018 19:01,54.09,3.71
ord_004352,1,prod_00609,sell_0042,23/06/2018 14:31,9.02,0.7
ord_004353,1,prod_00521,sell_0062,17/05/2017 14:49,20.2,1.22
ord_004354,1,prod_00357,sell_0049,09/11/2017 22:32,92.09,17.9
ord_004354,2,prod_00324,sell_0133,10/11/2017 22:32,106.75,21.61
ord_004355,1,prod_00337,sell_0245,23/06/2017 09:21,126.63,20.8
ord_004356,1,prod_00791,sell_0100,04/10/2018 10:28,32.21,2.64
ord_004357,1,prod_00049,sell_0133,26/04/2018 11:04,89.52,17.4
ord_004358,1,prod_00497,sell_0241,08/01/2017 10:29,94.22,5.49
ord_004359,1,prod_00392,sell_0091,03/05/2018 10:01,75.97,7.59
ord_004360,1,prod_00356,sell_0123,23/03/2018 12:38,36.64,3.44
ord_004360,2,prod_00264,sell_0133,23/03/2018 12:38,30.06,7.37
ord_004361,1,prod_00000,sell_0215,08/07/2018 17:23,308.3,39.96
ord_004362,1,prod_00695,sell_0182,25/02/2017 17:11,63.58,13.54
ord_004363,1,prod_00465,sell_0177,27/02/2017 18:01,129.88,28.09
ord_004364,1,prod_00070,sell_0054,17/12/2017 10:55,44.28,6.09
ord_004365,1,prod_00568,sell_0157,01/08/2018 15:33,73.42,8.44
ord_004366,1,prod_00754,sell_0232,19/07/2018 13:38,61.72,12.37
ord_004366,2,prod_00753,sell_0067,19/07/2018 13:38,118.35,20.53
ord_004367,1,prod_00334,sell_0183,01/11/2017 19:46,62.52,14.44
ord_004368,1,prod_00436,sell_0160,09/09/2017 11:37,156.72,12.53
ord_004368,2,prod_00481,sell_0223,08/09/2017 11:37,96.92,21.23
ord_004368,3,prod_00493,sell_0115,07/09/2017 11:37,47.36,2.53
ord_004369,1,prod_00332,sell_0156,01/08/2018 19:24,43.83,5.65
ord_004370,1,prod_00426,sell_0210,15/02/2017 13:37,43.78,5.46
ord_004371,1,prod_00606,sell_0074,12/05/2018 16:15,32.06,7.96
ord_004372,1,prod_00586,sell_0131,09/02/2018 22:33,56.18,11.55
ord_004373,1,prod_00726,sell_0217,30/09/2017 16:12,261.52,24.88
ord_004374,1,prod_00531,sell_0119,15/04/2018 18:55,126.43,23.83
ord_004375,1,prod_00342,sell_0148,07/09/2017 18:30,71.14,6.71
ord_004376,1,prod_00538,sell_0158,14/05/2018 17:14,110.27,19.52
ord_004377,1,prod_00396,sell_0147,03/07/2017 08:38,115.36,17.07
ord_004378,1,prod_00271,sell_0176,30/01/2018 10:05,54.21,2.97
ord_004379,1,prod_00322,sell_0018,11/04/2018 19:26,117.08,17.94
ord_004380,1,prod_00050,sell_0184,22/02/2017 20:51,74.39,8.68
ord_004381,1,prod_00399,sell_0153,15/06/2018 09:46,64.78,3.42
ord_004382,1,prod_00075,sell_0062,05/09/2018 13:42,344.16,85.08
ord_004383,1,prod_00123,sell_0214,13/12/2018 08:28,36.8,4.08
ord_004384,1,prod_00712,sell_0169,27/08/2017 17:26,97.56,19.32
ord_004385,1,prod_00650,sell_0069,01/09/2017 16:00,155.99,24.11
ord_004386,1,prod_00022,sell_0129,21/11/2017 08:36,178.34,28.7
ord_004386,2,prod_00479,sell_0057,23/11/2017 08:36,109.46,13.27
ord_004387,1,prod_00027,sell_0075,25/11/2018 14:34,61.26,6.14
ord_004388,1,prod_00717,sell_0044,31/01/2018 13:00,16.78,3.49
ord_004388,2,prod_00372,sell_0052,28/01/2018 13:00,102.03,22.92
ord_004389,1,prod_00465,sell_0080,24/11/2017 18:08,44.06,7.85
ord_004390,1,prod_00593,sell_0090,02/09/2018 19:00,107.59,9.73
ord_004391,1,prod_00583,sell_0023,26/02/2017 21:15,78.69,7.96
ord_004392,1,prod_00779,sell_0077,06/05/2018 21:00,70.49,5.59
ord_004393,1,prod_00310,sell_0220,03/03/2018 14:25,50.59,7.4
ord_004393,2,prod_00337,sell_0002,02/03/2018 14:25,260.96,33
ord_004394,1,prod_00255,sell_0062,25/06/2018 10:28,38.63,8.87
ord_004395,1,prod_00609,sell_0167,28/08/2018 11:26,107.22,26.27
ord_004395,2,prod_00138,sell_0115,28/08/2018 11:26,522.41,37.19
ord_004396,1,prod_00378,sell_0012,30/11/2017 13:11,163.34,20.77
ord_004396,2,prod_00481,sell_0124,03/12/2017 13:11,44.07,7.61
ord_004397,1,prod_00611,sell_0052,30/06/2018 19:31,133.89,23.38
ord_004398,1,prod_00295,sell_0081,18/04/2018 20:48,72.59,14.7
ord_004399,1,prod_00770,sell_0248,21/06/2017 11:17,186.37,13.93
ord_004400,1,prod_00618,sell_0176,19/11/2018 22:18,34.11,7.01
ord_004400,2,prod_00272,sell_0210,17/11/2018 22:18,198.02,27.43
ord_004400,3,prod_00155,sell_0226,16/11/2018 22:18,63.93,5.93
ord_004401,1,prod_00053,sell_0145,12/09/2018 09:32,94.95,17.45
ord_004401,2,prod_00601,sell_0190,09/09/2018 09:32,51.98,11.46
ord_004402,1,prod_00455,sell_0016,29/11/2018 22:14,55.16,9.14
ord_004403,1,prod_00744,sell_0157,18/08/2018 17:20,91.06,17.63
ord_004404,1,prod_00691,sell_0002,03/10/2017 13:27,39.37,6.73
ord_004405,1,prod_00433,sell_0226,16/02/2018 10:23,328.42,67.52
ord_004406,1,prod_00202,sell_0015,13/01/2018 12:49,14.12,2.36
ord_004407,1,prod_00345,sell_0248,23/02/2017 11:50,86.86,12.65
ord_004408,1,prod_00303,sell_0195,02/02/2018 08:24,185.48,24.87
ord_004408,2,prod_00517,sell_0176,29/01/2018 08:24,86.34,20.78
ord_004409,1,prod_00437,sell_0112,13/12/2017 12:26,105.6,22.38
ord_004410,1,prod_00422,sell_0159,12/01/2017 19:57,180.87,35.37
ord_004410,2,prod_00155,sell_0028,09/01/2017 19:57,33.63,6.54
ord_004411,1,prod_00145,sell_0191,30/10/2018 18:30,57.66,4.48
ord_004411,2,prod_00599,sell_0151,01/11/2018 18:30,82.13,19.04
ord_004412,1,prod_00183,sell_0106,30/06/2017 15:59,77.06,15.63
ord_004413,1,prod_00359,sell_0038,04/04/2018 22:45,71.62,4.89
ord_004414,1,prod_00383,sell_0015,25/09/2018 10:15,72.08,9.85
ord_004415,1,prod_00283,sell_0062,09/06/2018 12:13,60.86,8.38
ord_004416,1,prod_00717,sell_0218,25/07/2017 22:09,82.14,19.16
ord_004417,1,prod_00351,sell_0122,22/06/2018 20:48,34.83,2.78
ord_004418,1,prod_00322,sell_0041,08/09/2018 15:18,55.98,13.62
ord_004418,2,prod_00448,sell_0042,12/09/2018 15:18,54.69,5.69
ord_004419,1,prod_00724,sell_0051,04/11/2018 11:40,32.29,6.44
ord_004419,2,prod_00362,sell_0127,02/11/2018 11:40,76.64,15.77
ord_004420,1,prod_00065,sell_0179,26/11/2017 18:32,217.72,26.47
ord_004421,1,prod_00293,sell_0060,20/02/2017 16:49,66.25,13.67
ord_004422,1,prod_00634,sell_0151,15/06/2018 19:45,25.97,6.26
ord_004423,1,prod_00023,sell_0041,18/09/2017 12:03,80.15,14.72
ord_004424,1,prod_00170,sell_0056,22/09/2018 14:20,389.09,22.66
ord_004425,1,prod_00736,sell_0245,30/07/2018 13:31,35.44,6.52
ord_004426,1,prod_00765,sell_0147,22/09/2018 21:48,85.23,12.69
ord_004427,1,prod_00696,sell_0025,17/12/2018 18:42,81.69,14.56
ord_004428,1,prod_00150,sell_0102,30/05/2018 14:32,82.92,9.52
ord_004429,1,prod_00266,sell_0243,26/11/2018 14:48,47.45,6.56
ord_004430,1,prod_00363,sell_0131,05/07/2018 22:26,35.14,4.48
ord_004430,2,prod_00647,sell_0129,04/07/2018 22:26,85.17,5.03
ord_004431,1,prod_00757,sell_0142,07/08/2017 18:03,32.19,3.38
ord_004432,1,prod_00653,sell_0060,05/10/2018 14:52,132.97,12.78
ord_004432,2,prod_00364,sell_0207,06/10/2018 14:52,109.77,17.62
ord_004433,1,prod_00316,sell_0200,04/08/2018 18:31,42.78,7.79
ord_004434,1,prod_00390,sell_0153,26/12/2018 11:48,26.9,5.15
ord_004435,1,prod_00227,sell_0085,02/10/2017 22:23,46.29,4.81
ord_004435,2,prod_00667,sell_0102,01/10/2017 22:23,469.5,26.68
ord_004436,1,prod_00208,sell_0219,30/11/2017 20:35,40.52,4.75
ord_004437,1,prod_00082,sell_0181,16/10/2018 13:19,244.69,29.39
ord_004437,2,prod_00703,sell_0099,17/10/2018 13:19,62.13,6.09
ord_004438,1,prod_00652,sell_0021,01/04/2017 15:24,360.48,46.54
ord_004439,1,prod_00421,sell_0129,02/07/2018 17:08,22.73,2.58
ord_004440,1,prod_00684,sell_0207,27/04/2018 15:44,60.15,10.69
ord_004441,1,prod_00035,sell_0030,25/07/2017 20:16,67.1,12.49
ord_004442,1,prod_00753,sell_0012,24/07/2017 17:18,182.66,22.88
ord_004443,1,prod_00397,sell_0083,09/10/2018 19:21,142.99,8.21
ord_004444,1,prod_00373,sell_0007,25/01/2017 18:25,73.69,15.9
ord_004445,1,prod_00625,sell_0216,02/09/2018 12:34,20.74,1.83
ord_004446,1,prod_00256,sell_0087,26/08/2018 17:40,50.28,7.85
ord_004447,1,prod_00447,sell_0030,08/07/2018 19:40,75.71,17.33
ord_004447,2,prod_00559,sell_0174,11/07/2018 19:40,18.59,3.66
ord_004448,1,prod_00606,sell_0203,30/01/2018 20:25,84.57,12.62
ord_004449,1,prod_00240,sell_0178,12/02/2017 15:28,29.34,2.97
ord_004449,2,prod_00189,sell_0064,12/02/2017 15:28,651.01,127.68
ord_004450,1,prod_00704,sell_0022,04/10/2018 16:08,140.27,27.73
ord_004451,1,prod_00694,sell_0068,10/06/2017 20:31,25.84,3.06
ord_004452,1,prod_00665,sell_0196,06/11/2017 16:52,59.73,11.49
ord_004453,1,prod_00202,sell_0073,10/12/2018 14:27,163.51,28.91
ord_004454,1,prod_00055,sell_0120,22/11/2017 16:56,25.68,5.4
ord_004455,1,prod_00210,sell_0216,15/10/2017 11:09,84.1,17.26
ord_004456,1,prod_00749,sell_0199,21/12/2018 09:44,98.58,21.31
ord_004457,1,prod_00688,sell_0100,29/04/2017 08:42,47.24,8.03
ord_004457,2,prod_00620,sell_0246,01/05/2017 08:42,46.96,7.48
ord_004458,1,prod_00748,sell_0099,20/07/2017 21:40,437.92,95.04
ord_004459,1,prod_00353,sell_0082,23/02/2018 10:39,155.5,13.43
ord_004460,1,prod_00011,sell_0079,26/09/2018 14:01,71.1,10.91
ord_004461,1,prod_00774,sell_0034,18/11/2018 10:44,22.19,3.06
ord_004461,2,prod_00455,sell_0211,20/11/2018 10:44,42.58,3.02
ord_004462,1,prod_00138,sell_0197,12/09/2018 16:29,33.47,8.15
ord_004463,1,prod_00493,sell_0000,26/12/2018 19:31,134.6,19.73
ord_004463,2,prod_00681,sell_0024,21/12/2018 19:31,63.42,4.9
ord_004464,1,prod_00073,sell_0107,29/01/2017 22:03,68.43,11.07
ord_004465,1,prod_00536,sell_0247,21/06/2018 12:11,192.74,26
ord_004466,1,prod_00334,sell_0017,30/05/2017 14:54,18.65,2.53
ord_004466,2,prod_00033,sell_0014,04/06/2017 14:54,255.47,23.62
ord_004467,1,prod_00696,sell_0042,29/11/2018 14:18,95.01,10.24
ord_004468,1,prod_00439,sell_0209,01/12/2018 09:23,37.72,5.34
ord_004469,1,prod_00514,sell_0055,21/11/2017 11:11,13.29,1.58
ord_004469,2,prod_00061,sell_0104,24/11/2017 11:11,53.76,4.32
ord_004469,3,prod_00461,sell_0241,20/11/2017 11:11,171.28,11.79
ord_004470,1,prod_00490,sell_0074,18/10/2018 10:37,322.3,52.99
ord_004471,1,prod_00134,sell_0083,25/06/2018 18:44,49.45,3.17
ord_004472,1,prod_00436,sell_0069,15/05/2017 08:55,77.52,12.1
ord_004473,1,prod_00163,sell_0037,13/06/2018 15:33,92.56,15.81
ord_004474,1,prod_00734,sell_0110,25/12/2018 21:16,22.88,3.86
ord_004475,1,prod_00093,sell_0089,25/11/2017 15:04,123.22,21.16
ord_004476,1,prod_00754,sell_0116,06/01/2017 15:15,128.95,18.08
ord_004476,2,prod_00172,sell_0056,07/01/2017 15:15,86.4,9.72
ord_004477,1,prod_00001,sell_0122,23/12/2018 10:37,39.23,3.58
ord_004478,1,prod_00192,sell_0242,31/01/2018 09:58,252.51,52.52
ord_004479,1,prod_00223,sell_0244,12/02/2018 11:04,88.01,15.86
ord_004479,2,prod_00415,sell_0235,16/02/2018 11:04,78.42,9.02
ord_004480,1,prod_00570,sell_0223,15/08/2018 14:23,42.78,6.4
ord_004480,2,prod_00285,sell_0093,14/08/2018 14:23,223.7,15.73
ord_004481,1,prod_00497,sell_0138,10/06/2018 17:40,194.3,35.3
ord_004482,1,prod_00743,sell_0148,24/11/2017 16:34,36.82,5.2
ord_004483,1,prod_00453,sell_0143,15/05/2017 19:39,49.65,10.76
ord_004483,2,prod_00232,sell_0027,15/05/2017 19:39,30.7,2.56
ord_004484,1,prod_00194,sell_0144,18/10/2018 10:27,70,16.01
ord_004485,1,prod_00772,sell_0156,25/03/2018 18:16,175.54,39.4
ord_004486,1,prod_00086,sell_0176,21/07/2018 20:28,54.56,6.2
ord_004487,1,prod_00172,sell_0200,07/11/2018 12:22,214.06,11.2
ord_004488,1,prod_00098,sell_0041,02/02/2017 17:42,55.97,3.55
ord_004489,1,prod_00400,sell_0075,08/11/2018 11:10,14.1,0.72
ord_004490,1,prod_00380,sell_0015,08/09/2018 09:29,44.54,9.96
ord_004491,1,prod_00357,sell_0115,06/12/2018 21:57,49.81,5.08
ord_004492,1,prod_00373,sell_0025,25/09/2017 16:31,145.47,19.18
ord_004493,1,prod_00148,sell_0045,27/11/2017 15:14,13.82,2.73
ord_004494,1,prod_00269,sell_0190,14/07/2018 14:56,65.25,7.67
ord_004495,1,prod_00240,sell_0077,28/11/2018 17:14,44.26,6.83
ord_004496,1,prod_00719,sell_0249,04/01/2019 09:45,70.41,14.15
ord_004497,1,prod_00207,sell_0144,05/02/2018 21:06,69.72,8.51
ord_004498,1,prod_00798,sell_0185,03/05/2018 13:51,73.68,5.12
ord_004499,1,prod_00616,sell_0004,28/07/2017 11:10,56.93,9.4
ord_004499,2,prod_00141,sell_0222,29/07/2017 11:10,386.38,44.79
ord_004500,1,prod_00707,sell_0214,06/08/2018 13:23,61.44,5.82
ord_004500,2,prod_00035,sell_0014,06/08/2018 13:23,47.33,3.28
ord_004501,1,prod_00498,sell_0223,24/10/2018 15:57,126.19,29.93
ord_004502,1,prod_00035,sell_0116,01/10/2018 22:34,297,44.45
ord_004503,1,prod_00553,sell_0011,15/12/2017 09:15,66.81,10.05
ord_004504,1,prod_00408,sell_0025,19/12/2018 10:00,77.81,17.51
ord_004504,2,prod_00403,sell_0077,20/12/2018 10:00,28.54,6.14
ord_004505,1,prod_00280,sell_0030,07/06/2017 13:00,37.74,2.76
ord_004506,1,prod_00446,sell_0129,03/04/2018 16:16,79.7,12.55
ord_004506,2,prod_00057,sell_0156,03/04/2018 16:16,71.48,4.79
ord_004506,3,prod_00061,sell_0183,03/04/2018 16:16,26.72,3.3
ord_004507,1,prod_00437,sell_0120,10/05/2018 18:31,105.7,11.7
ord_004508,1,prod_00709,sell_0180,27/04/2018 22:29,102.63,23.27
ord_004509,1,prod_00541,sell_0110,11/09/2018 10:55,123.35,15.37
ord_004510,1,prod_00571,sell_0149,16/06/2018 12:45,75.25,7.77
ord_004510,2,prod_00621,sell_0235,16/06/2018 12:45,16.18,3.21
ord_004511,1,prod_00183,sell_0185,20/04/2017 19:55,88.86,8.81
ord_004512,1,prod_00124,sell_0090,03/08/2017 17:30,76.85,10.33
ord_004513,1,prod_00019,sell_0179,25/04/2018 13:26,15.76,2.46
ord_004514,1,prod_00436,sell_0198,05/08/2018 19:33,24.79,5.77
ord_004515,1,prod_00126,sell_0049,16/04/2018 08:22,51.7,6.71
ord_004516,1,prod_00214,sell_0154,22/12/2017 21:12,51.05,5.99
ord_004517,1,prod_00395,sell_0160,16/03/2017 15:50,74.43,5.04
ord_004518,1,prod_00611,sell_0236,29/09/2018 12:40,73.55,11.84
ord_004519,1,prod_00035,sell_0193,02/04/2018 19:19,45.94,10.68
ord_004519,2,prod_00351,sell_0218,01/04/2018 19:19,90.42,22.32
ord_004520,1,prod_00071,sell_0047,02/05/2018 21:26,18.29,1.97
ord_004521,1,prod_00290,sell_0205,11/03/2018 12:13,135.22,27.92
ord_004522,1,prod_00373,sell_0061,24/10/2017 11:33,56.16,10.41
ord_004523,1,prod_00490,sell_0111,30/10/2017 11:21,49.91,8.96
ord_004524,1,prod_00037,sell_0165,02/04/2017 18:52,101.64,12.76
ord_004525,1,prod_00424,sell_0105,13/08/2018 18:31,192.21,31.97
ord_004526,1,prod_00738,sell_0179,30/10/2017 18:24,41.69,5.27
ord_004526,2,prod_00171,sell_0235,25/10/2017 18:24,17.29,2.7
ord_004527,1,prod_00486,sell_0027,16/11/2017 12:44,117.4,24.43
ord_004528,1,prod_00251,sell_0223,02/01/2019 10:54,34.19,6.02
ord_004529,1,prod_00006,sell_0035,14/01/2018 14:49,61.62,10.74
ord_004530,1,prod_00780,sell_0055,09/04/2018 09:29,33.86,2.43
ord_004531,1,prod_00675,sell_0193,13/01/2018 14:21,30.1,4.24
ord_004532,1,prod_00020,sell_0154,14/11/2017 15:39,53.13,11.43
ord_004533,1,prod_00230,sell_0092,13/01/2017 22:49,152.7,25.57
ord_004534,1,prod_00578,sell_0149,04/11/2018 11:58,136.06,31.47
ord_004534,2,prod_00755,sell_0064,03/11/2018 11:58,36.02,2.4
ord_004535,1,prod_00337,sell_0085,17/03/2018 15:27,75.26,12
ord_004536,1,prod_00799,sell_0069,19/08/2018 08:40,280.27,39.55
ord_004537,1,prod_00347,sell_0101,16/12/2018 21:17,81.63,14.73
ord_004537,2,prod_00745,sell_0010,14/12/2018 21:17,123.8,26.01
ord_004538,1,prod_00561,sell_0244,12/01/2017 21:05,88.41,20.82
ord_004539,1,prod_00168,sell_0127,24/07/2018 22:15,35.54,5.61
ord_004540,1,prod_00092,sell_0018,04/06/2017 15:00,46.84,6.22
ord_004541,1,prod_00220,sell_0162,04/03/2018 21:30,123.88,18.81
ord_004542,1,prod_00287,sell_0146,30/10/2018 22:22,131.76,29.56
ord_004543,1,prod_00013,sell_0120,12/04/2017 08:40,105.48,24.59
ord_004544,1,prod_00651,sell_0033,29/12/2018 10:36,19.83,3.91
ord_004545,1,prod_00372,sell_0153,25/05/2018 08:10,56.62,11.58
ord_004546,1,prod_00136,sell_0116,22/01/2018 17:40,45.91,3.09
ord_004547,1,prod_00296,sell_0182,03/02/2017 10:11,102.72,9.8
ord_004548,1,prod_00383,sell_0175,02/06/2018 20:00,62.89,4.9
ord_004548,2,prod_00439,sell_0153,03/06/2018 20:00,47.65,6.95
ord_004548,3,prod_00745,sell_0214,03/06/2018 20:00,138.38,20.39
ord_004549,1,prod_00108,sell_0063,29/03/2018 11:58,47.64,8
ord_004550,1,prod_00001,sell_0044,08/09/2017 16:01,33.96,5.69
ord_004551,1,prod_00312,sell_0104,26/03/2018 21:20,136.57,32.75
ord_004552,1,prod_00418,sell_0139,21/01/2017 18:38,40.02,5.11
ord_004552,2,prod_00210,sell_0125,21/01/2017 18:38,28.73,6.13
ord_004553,1,prod_00409,sell_0119,03/01/2019 13:22,99.66,17.21
ord_004553,2,prod_00194,sell_0088,04/01/2019 13:22,71.27,10.72
ord_004554,1,prod_00662,sell_0136,02/12/2017 16:22,51.83,9.99
ord_004555,1,prod_00730,sell_0124,24/03/2018 10:43,106.18,22.55
ord_004556,1,prod_00443,sell_0217,25/09/2018 18:36,76.79,12.27
ord_004557,1,prod_00067,sell_0029,17/08/2018 19:31,205.37,17.17
ord_004558,1,prod_00081,sell_0202,22/11/2018 21:53,31.98,7.59
ord_004558,2,prod_00547,sell_0237,22/11/2018 21:53,49.91,4.72
ord_004559,1,prod_00758,sell_0222,07/12/2018 22:06,94.23,16.81
ord_004560,1,prod_00155,sell_0086,14/08/2017 09:28,76.87,16.38
ord_004561,1,prod_00188,sell_0139,18/01/2018 18:14,162.99,11.4
ord_004562,1,prod_00517,sell_0140,29/07/2018 09:02,89.66,16.66
ord_004562,2,prod_00360,sell_0074,29/07/2018 09:02,86.86,12.05
ord_004563,1,prod_00735,sell_0091,11/03/2017 16:58,29.17,2.22
ord_004564,1,prod_00647,sell_0205,19/08/2018 14:44,42.29,8.34
ord_004565,1,prod_00356,sell_0051,12/01/2017 08:12,24.07,4.4
ord_004565,2,prod_00430,sell_0052,11/01/2017 08:12,85.51,11.53
ord_004566,1,prod_00787,sell_0005,29/11/2018 18:24,53.17,11.58
ord_004567,1,prod_00276,sell_0221,20/08/2018 08:13,160.29,16.13
ord_004568,1,prod_00226,sell_0059,18/05/2018 19:41,53.78,8.26
ord_004569,1,prod_00557,sell_0093,14/02/2018 20:21,116.72,8.29
ord_004570,1,prod_00492,sell_0057,27/12/2018 21:55,81.66,17.07
ord_004571,1,prod_00696,sell_0086,28/08/2018 13:12,120.15,13.81
ord_004571,2,prod_00194,sell_0017,31/08/2018 13:12,69.26,13.25
ord_004572,1,prod_00206,sell_0022,11/10/2018 22:20,60.46,8.52
ord_004573,1,prod_00231,sell_0184,17/10/2018 15:55,32.1,2.29
ord_004574,1,prod_00464,sell_0238,04/02/2017 12:53,82.33,7.45
ord_004575,1,prod_00694,sell_0210,21/03/2017 10:17,60.84,13.63
ord_004576,1,prod_00183,sell_0036,24/08/2017 13:28,48.16,7.68
ord_004577,1,prod_00419,sell_0217,13/07/2018 11:53,40.39,8.65
ord_004577,2,prod_00557,sell_0249,14/07/2018 11:53,173.07,41.26
ord_004578,1,prod_00260,sell_0096,23/06/2018 17:40,288.8,32.85
ord_004578,2,prod_00448,sell_0039,26/06/2018 17:40,58.15,3.09
ord_004578,3,prod_00214,sell_0234,25/06/2018 17:40,64.75,7.48
ord_004579,1,prod_00658,sell_0103,29/11/2017 18:38,85.02,18.52
ord_004579,2,prod_00204,sell_0233,01/12/2017 18:38,64.12,11.46
ord_004580,1,prod_00212,sell_0225,20/12/2018 17:39,16.64,2.13
ord_004581,1,prod_00745,sell_0147,08/05/2017 18:55,21.55,2.21
ord_004582,1,prod_00654,sell_0204,20/09/2018 10:31,37.9,5
ord_004583,1,prod_00281,sell_0230,21/03/2018 10:10,215.81,20.93
ord_004583,2,prod_00362,sell_0097,25/03/2018 10:10,68.42,11.61
ord_004584,1,prod_00366,sell_0091,08/02/2018 22:28,29.48,4.02
ord_004584,2,prod_00648,sell_0233,04/02/2018 22:28,72.36,8.28
ord_004584,3,prod_00783,sell_0150,08/02/2018 22:28,96.61,17.28
ord_004585,1,prod_00715,sell_0148,11/02/2017 18:43,58.29,9.87
ord_004586,1,prod_00217,sell_0028,24/08/2018 08:29,91.39,18.33
ord_004587,1,prod_00161,sell_0201,17/09/2018 10:18,46.74,11.46
ord_004588,1,prod_00347,sell_0028,30/11/2017 10:39,69.56,14.17
ord_004589,1,prod_00501,sell_0018,18/04/2018 09:27,103.36,19.17
ord_004590,1,prod_00085,sell_0048,15/06/2018 12:57,150.27,12.89
ord_004590,2,prod_00339,sell_0036,10/06/2018 12:57,42.17,3.35
ord_004591,1,prod_00392,sell_0193,27/12/2017 19:21,197.69,42.38
ord_004592,1,prod_00006,sell_0102,19/06/2018 12:43,25.15,3.82
ord_004593,1,prod_00668,sell_0000,20/02/2018 17:33,121.26,27.97
ord_004594,1,prod_00789,sell_0053,18/11/2018 09:04,126.57,8.26
ord_004595,1,prod_00014,sell_0077,22/08/2018 17:28,132.01,10.47
ord_004596,1,prod_00057,sell_0113,26/05/2017 20:01,42.08,3.45
ord_004597,1,prod_00163,sell_0247,03/10/2018 10:47,113.26,23.22
ord_004598,1,prod_00034,sell_0152,09/12/2017 22:44,51.81,10.92
ord_004599,1,prod_00412,sell_0021,01/12/2018 08:03,72.28,16.37
ord_004599,2,prod_00769,sell_0212,01/12/2018 08:03,134.36,23.92
ord_004600,1,prod_00505,sell_0126,11/06/2018 21:29,81.95,12.04
ord_004601,1,prod_00741,sell_0187,16/02/2017 15:57,257.48,56.76
ord_004602,1,prod_00356,sell_0132,29/08/2018 11:17,272.36,46.63
ord_004603,1,prod_00390,sell_0225,16/06/2017 18:54,211.53,39.56
ord_004604,1,prod_00549,sell_0100,15/11/2018 13:09,64.76,9.47
ord_004605,1,prod_00317,sell_0081,10/12/2018 08:00,53.01,11.72
ord_004606,1,prod_00164,sell_0127,05/08/2018 13:31,29.26,2.08
ord_004607,1,prod_00410,sell_0093,26/04/2018 15:14,46.27,4.71
ord_004608,1,prod_00256,sell_0050,10/06/2018 18:52,153.13,10.71
ord_004609,1,prod_00551,sell_0199,12/02/2018 11:40,73.67,5.25
ord_004610,1,prod_00552,sell_0224,23/04/2017 16:41,77.51,5.04
ord_004611,1,prod_00513,sell_0102,30/11/2018 08:40,41.79,9.74
ord_004612,1,prod_00129,sell_0187,02/12/2017 19:40,158.41,38.92
ord_004613,1,prod_00370,sell_0191,27/11/2017 20:44,74.32,17.48
ord_004614,1,prod_00118,sell_0044,14/08/2017 22:40,147.02,18.36
ord_004615,1,prod_00572,sell_0202,31/12/2018 14:50,33.67,2.52
ord_004615,2,prod_00333,sell_0124,30/12/2018 14:50,17.18,3.82
ord_004615,3,prod_00342,sell_0212,29/12/2018 14:50,45.02,3.74
ord_004616,1,prod_00256,sell_0156,06/12/2018 18:33,36.77,8.48
ord_004617,1,prod_00036,sell_0098,13/12/2017 16:21,54.3,2.86
ord_004618,1,prod_00326,sell_0225,16/10/2017 17:28,59.17,11.69
ord_004619,1,prod_00083,sell_0105,05/10/2018 09:26,158.39,27.6
ord_004620,1,prod_00165,sell_0107,08/02/2018 22:19,269.54,34.85
ord_004621,1,prod_00788,sell_0028,19/12/2018 18:24,28.05,4.93
ord_004621,2,prod_00247,sell_0001,17/12/2018 18:24,97.47,15.38
ord_004622,1,prod_00246,sell_0106,26/11/2018 12:23,218.08,43.36
ord_004623,1,prod_00069,sell_0145,09/09/2018 22:06,40.85,9.89
ord_004624,1,prod_00127,sell_0211,01/05/2017 18:49,102.53,22.53
ord_004625,1,prod_00323,sell_0104,11/08/2018 10:45,93.63,21.44
ord_004626,1,prod_00777,sell_0140,01/01/2019 17:20,57.72,13.32
ord_004627,1,prod_00621,sell_0034,05/01/2018 10:56,102.89,7.39
ord_004627,2,prod_00403,sell_0098,01/01/2018 10:56,28.24,5.48
ord_004628,1,prod_00193,sell_0082,20/11/2018 10:56,145.34,10.25
ord_004629,1,prod_00000,sell_0130,27/01/2018 17:51,77.35,4.21
ord_004629,2,prod_00191,sell_0206,31/01/2018 17:51,50.77,2.75
ord_004630,1,prod_00523,sell_0112,20/12/2018 12:01,157.04,32.18
ord_004631,1,prod_00103,sell_0240,13/07/2018 17:22,104.96,9.43
ord_004631,2,prod_00585,sell_0180,13/07/2018 17:22,55.15,11.5
ord_004632,1,prod_00208,sell_0084,10/05/2017 16:27,33.49,6.18
ord_004633,1,prod_00512,sell_0070,20/03/2018 12:43,64.34,13.41
ord_004634,1,prod_00471,sell_0090,17/03/2017 15:38,44.91,10.96
ord_004634,2,prod_00260,sell_0004,16/03/2017 15:38,53.43,5.52
ord_004635,1,prod_00180,sell_0050,22/01/2018 18:40,58.84,10.33
ord_004636,1,prod_00201,sell_0176,26/11/2018 12:46,93.21,19.71
ord_004637,1,prod_00139,sell_0064,24/09/2017 11:56,207.35,43.15
ord_004638,1,prod_00108,sell_0181,08/12/2018 20:33,26.76,2.22
ord_004638,2,prod_00796,sell_0138,11/12/2018 20:33,214.41,13.03
ord_004639,1,prod_00210,sell_0124,13/05/2017 10:54,70.16,6.71
ord_004640,1,prod_00246,sell_0114,20/07/2018 16:48,73.19,4.36
ord_004641,1,prod_00798,sell_0073,20/12/2018 08:20,221.76,50.06
ord_004642,1,prod_00243,sell_0227,15/07/2018 12:48,193.7,11.27
ord_004643,1,prod_00138,sell_0230,24/11/2018 14:07,56,10.53
ord_004644,1,prod_00653,sell_0093,03/01/2019 17:09,46.18,11.01
ord_004645,1,prod_00171,sell_0137,05/07/2018 14:59,73.73,13.05
ord_004645,2,prod_00152,sell_0017,02/07/2018 14:59,163.63,12.59
ord_004646,1,prod_00459,sell_0214,27/09/2018 14:25,39.17,2.64
ord_004647,1,prod_00725,sell_0044,18/02/2017 08:27,64.45,15.52
ord_004648,1,prod_00022,sell_0210,12/02/2018 22:57,42.9,8.46
ord_004649,1,prod_00186,sell_0049,08/11/2017 22:21,96.29,15.43
ord_004649,2,prod_00611,sell_0177,09/11/2017 22:21,39.57,6.56
ord_004650,1,prod_00398,sell_0077,16/10/2018 08:14,66.36,4.27
ord_004650,2,prod_00296,sell_0167,15/10/2018 08:14,48.82,11.67
ord_004651,1,prod_00595,sell_0036,26/07/2018 11:04,83.38,19.42
ord_004652,1,prod_00191,sell_0112,17/06/2018 18:31,133.44,17.25
ord_004653,1,prod_00256,sell_0232,04/12/2018 18:11,82.25,8.29
ord_004653,2,prod_00475,sell_0181,02/12/2018 18:11,18.08,3.41
ord_004654,1,prod_00442,sell_0105,03/05/2017 18:03,110.29,5.74
ord_004655,1,prod_00235,sell_0140,14/12/2018 18:48,40.25,7.98
ord_004656,1,prod_00624,sell_0032,17/05/2017 11:19,79.21,12.38
ord_004657,1,prod_00363,sell_0049,13/12/2017 14:34,197.13,20.74
ord_004658,1,prod_00319,sell_0099,27/06/2018 15:06,94.56,14.98
ord_004659,1,prod_00524,sell_0236,07/12/2017 13:30,36.97,4.83
ord_004659,2,prod_00254,sell_0016,12/12/2017 13:30,82.52,11.89
ord_004660,1,prod_00308,sell_0078,30/07/2018 17:37,53.48,5.97
ord_004661,1,prod_00315,sell_0041,18/09/2018 17:26,129.09,9.25
ord_004662,1,prod_00787,sell_0114,18/10/2018 15:20,194.17,32.06
ord_004663,1,prod_00649,sell_0064,06/08/2017 12:18,30.18,7.48
ord_004664,1,prod_00269,sell_0229,09/08/2017 14:06,86.05,12.99
ord_004665,1,prod_00506,sell_0177,21/03/2017 11:06,33.56,3.22
ord_004665,2,prod_00433,sell_0228,17/03/2017 11:06,114.53,27.77
ord_004666,1,prod_00304,sell_0192,31/03/2018 14:29,53.57,6.72
ord_004666,2,prod_00638,sell_0115,31/03/2018 14:29,93.37,10.57
ord_004667,1,prod_00734,sell_0111,26/06/2017 10:08,59.67,11.65
ord_004668,1,prod_00634,sell_0243,30/11/2017 15:13,28.9,4.84
ord_004669,1,prod_00443,sell_0149,27/10/2018 21:09,36.3,6.81
ord_004670,1,prod_00671,sell_0248,11/12/2018 15:48,165.94,20.86
ord_004670,2,prod_00678,sell_0145,10/12/2018 15:48,106.23,12.49
ord_004671,1,prod_00115,sell_0239,18/10/2018 09:26,88.64,14.22
ord_004672,1,prod_00695,sell_0108,09/01/2017 15:33,47.81,3.8
ord_004673,1,prod_00379,sell_0027,21/05/2018 21:34,93.11,22.99
ord_004674,1,prod_00158,sell_0035,26/07/2017 13:23,245.45,20.82
ord_004675,1,prod_00281,sell_0065,03/01/2018 17:17,87.16,9.54
ord_004676,1,prod_00394,sell_0198,10/02/2018 18:22,74.72,10.91
ord_004677,1,prod_00279,sell_0156,04/12/2018 08:32,81.12,5.11
ord_004678,1,prod_00768,sell_0236,01/07/2018 11:21,139.22,19.35
ord_004679,1,prod_00143,sell_0132,26/10/2017 12:08,59.78,11.69
ord_004680,1,prod_00614,sell_0094,08/07/2018 12:54,14.35,1.18
ord_004681,1,prod_00365,sell_0206,09/12/2018 12:43,67.56,5.28
ord_004682,1,prod_00556,sell_0068,27/03/2017 14:03,24.87,2.13
ord_004683,1,prod_00078,sell_0053,13/10/2018 20:54,116.78,7.03
ord_004684,1,prod_00156,sell_0100,11/09/2017 11:10,107.16,7.12
ord_004685,1,prod_00167,sell_0244,12/07/2017 21:05,28.06,4.52
ord_004686,1,prod_00657,sell_0137,26/11/2018 21:10,63.17,6.91
ord_004686,2,prod_00082,sell_0238,26/11/2018 21:10,107.15,9.2
ord_004687,1,prod_00649,sell_0088,10/01/2017 21:55,10.34,2.06
ord_004688,1,prod_00202,sell_0087,01/09/2018 11:13,355.08,63.02
ord_004689,1,prod_00229,sell_0012,30/04/2017 09:47,23.71,2.09
ord_004690,1,prod_00426,sell_0051,17/06/2018 13:38,24.45,1.23
ord_004691,1,prod_00020,sell_0194,20/06/2018 17:31,213.74,53.01
ord_004692,1,prod_00737,sell_0119,05/11/2018 11:21,67.57,12.29
ord_004692,2,prod_00785,sell_0238,07/11/2018 11:21,82.62,13.4
ord_004693,1,prod_00474,sell_0032,19/10/2018 15:05,18.96,1.99
ord_004693,2,prod_00777,sell_0241,15/10/2018 15:05,144.4,8.92
ord_004694,1,prod_00113,sell_0029,28/07/2018 14:42,121.35,7.64
ord_004695,1,prod_00104,sell_0111,08/01/2018 14:23,122.83,21.47
ord_004695,2,prod_00549,sell_0212,09/01/2018 14:23,40.8,7.3
ord_004696,1,prod_00536,sell_0183,25/07/2017 20:32,41.36,3.44
ord_004697,1,prod_00190,sell_0092,30/06/2018 19:03,27.97,3.5
ord_004697,2,prod_00686,sell_0181,01/07/2018 19:03,44.16,7.76
ord_004698,1,prod_00037,sell_0069,02/04/2018 21:46,142.85,8.44
ord_004699,1,prod_00784,sell_0165,19/04/2017 20:41,117.52,12.53
ord_004699,2,prod_00563,sell_0016,18/04/2017 20:41,110.67,7.09
ord_004700,1,prod_00514,sell_0187,13/12/2018 16:31,136.51,15.53
ord_004701,1,prod_00520,sell_0123,26/11/2017 17:29,56.79,3.2
ord_004702,1,prod_00562,sell_0120,10/01/2017 18:20,137.37,15.67
ord_004703,1,prod_00737,sell_0156,26/11/2018 19:20,76.33,9.88
ord_004703,2,prod_00782,sell_0061,25/11/2018 19:20,17.37,1.11
ord_004703,3,prod_00686,sell_0170,25/11/2018 19:20,203.11,16.49
ord_004704,1,prod_00592,sell_0234,28/05/2018 15:04,167.04,20.48
ord_004705,1,prod_00785,sell_0140,28/08/2018 21:41,134.25,32.08
ord_004706,1,prod_00104,sell_0126,10/07/2017 11:02,27.26,5.74
ord_004707,1,prod_00356,sell_0214,24/01/2018 20:00,223.16,41.61
ord_004707,2,prod_00223,sell_0090,25/01/2018 20:00,286.17,16.8
ord_004708,1,prod_00119,sell_0238,09/07/2018 15:01,77.97,14.31
ord_004709,1,prod_00336,sell_0079,09/10/2017 18:12,13.6,1.01
ord_004710,1,prod_00191,sell_0101,10/08/2018 14:34,65.71,14.86
ord_004710,2,prod_00413,sell_0095,07/08/2018 14:34,23.89,5.9
ord_004710,3,prod_00331,sell_0115,08/08/2018 14:34,93.68,10.15
ord_004711,1,prod_00124,sell_0198,27/09/2017 13:40,16.83,3.54
ord_004712,1,prod_00201,sell_0231,01/09/2017 15:25,13.21,1.46
ord_004713,1,prod_00598,sell_0172,24/01/2017 12:24,158.66,8.86
ord_004714,1,prod_00556,sell_0112,03/11/2017 12:34,144.36,15.44
ord_004715,1,prod_00193,sell_0208,06/10/2017 19:35,49.23,7.97
ord_004715,2,prod_00049,sell_0122,06/10/2017 19:35,94.3,7.32
ord_004716,1,prod_00736,sell_0006,17/09/2018 08:50,375.24,89.98
ord_004717,1,prod_00212,sell_0043,20/05/2018 19:49,71.16,17.42
ord_004718,1,prod_00174,sell_0185,03/08/2017 08:49,31.83,6.76
ord_004719,1,prod_00468,sell_0140,18/05/2018 15:50,54.75,11.9
ord_004720,1,prod_00042,sell_0079,19/09/2017 19:52,77.1,10.42
ord_004721,1,prod_00397,sell_0139,09/02/2018 09:33,71.21,8.26
ord_004722,1,prod_00796,sell_0098,23/11/2018 18:35,180.4,29.62
ord_004723,1,prod_00079,sell_0084,17/08/2018 20:43,129.93,26.35
ord_004723,2,prod_00193,sell_0157,21/08/2018 20:43,63.75,9.81
ord_004724,1,prod_00708,sell_0018,13/07/2018 08:11,429.53,67.63
ord_004725,1,prod_00430,sell_0050,05/11/2017 17:21,39.78,8.87
ord_004726,1,prod_00688,sell_0181,08/06/2017 13:54,99.12,24.2
ord_004727,1,prod_00156,sell_0227,10/09/2018 09:31,68.58,3.88
ord_004728,1,prod_00460,sell_0051,18/05/2018 12:03,84.44,12.41
ord_004729,1,prod_00037,sell_0107,24/06/2018 13:24,171.44,9.48
ord_004730,1,prod_00030,sell_0052,25/12/2018 14:09,122.72,17.56
ord_004730,2,prod_00034,sell_0032,22/12/2018 14:09,57.65,12.13
ord_004731,1,prod_00070,sell_0086,12/12/2017 18:21,114.89,25.06
ord_004732,1,prod_00358,sell_0084,07/10/2018 16:32,21.81,5.3
ord_004733,1,prod_00277,sell_0029,13/05/2018 16:30,24.3,2.17
ord_004734,1,prod_00336,sell_0155,23/09/2017 12:29,142.11,27.77
ord_004735,1,prod_00468,sell_0009,17/03/2017 15:01,109.51,23.07
ord_004736,1,prod_00686,sell_0248,17/06/2018 18:26,54.06,10.08
ord_004737,1,prod_00490,sell_0023,19/11/2017 12:01,28.42,3.68
ord_004738,1,prod_00529,sell_0181,06/08/2018 12:24,51.97,3.65
ord_004739,1,prod_00643,sell_0040,06/08/2018 20:38,15.99,2.32
ord_004740,1,prod_00712,sell_0226,02/03/2018 14:07,51.15,12.23
ord_004741,1,prod_00376,sell_0084,26/04/2018 12:55,70.91,17
ord_004742,1,prod_00232,sell_0141,28/06/2018 09:37,29.9,3.27
ord_004743,1,prod_00716,sell_0164,11/03/2018 15:13,25.8,2.11
ord_004743,2,prod_00303,sell_0228,16/03/2018 15:13,32.26,2.61
ord_004744,1,prod_00324,sell_0198,16/11/2018 21:23,35.45,2.2
ord_004745,1,prod_00637,sell_0081,15/04/2017 17:05,34.17,3.74
ord_004746,1,prod_00721,sell_0209,25/12/2018 22:01,22.21,4.28
ord_004747,1,prod_00572,sell_0216,21/02/2017 12:54,259.3,62.53
ord_004748,1,prod_00569,sell_0201,30/08/2017 17:40,119.15,23.68
ord_004748,2,prod_00091,sell_0134,30/08/2017 17:40,58.86,4.38
ord_004748,3,prod_00065,sell_0094,03/09/2017 17:40,87.1,7.92
ord_004749,1,prod_00349,sell_0128,11/08/2018 12:46,29.64,6.5
ord_004750,1,prod_00761,sell_0064,26/04/2017 21:37,18.06,3.16
ord_004751,1,prod_00135,sell_0061,20/10/2017 11:54,23.45,3.48
ord_004752,1,prod_00219,sell_0052,10/07/2017 08:53,85.63,16.36
ord_004753,1,prod_00550,sell_0022,24/08/2018 08:03,54.65,11.68
ord_004754,1,prod_00558,sell_0072,25/05/2018 08:11,74.28,15.21
ord_004755,1,prod_00238,sell_0182,31/03/2017 18:23,113.5,11.31
ord_004756,1,prod_00402,sell_0179,10/03/2018 09:20,101.3,11.53
ord_004757,1,prod_00061,sell_0082,31/08/2017 22:31,36.67,3.18
ord_004758,1,prod_00658,sell_0203,17/12/2018 18:15,105.98,11.56
ord_004759,1,prod_00232,sell_0133,26/05/2017 15:47,68.65,8.48
ord_004760,1,prod_00518,sell_0068,05/06/2018 18:00,108.25,14.39
ord_004761,1,prod_00514,sell_0008,23/03/2018 17:47,96.86,15.56
ord_004762,1,prod_00053,sell_0092,25/05/2018 10:23,184.69,38.32
ord_004763,1,prod_00229,sell_0187,13/12/2018 17:00,229.42,19.95
ord_004764,1,prod_00171,sell_0206,09/12/2017 18:50,25.64,2.73
ord_004765,1,prod_00732,sell_0125,04/09/2018 15:26,39.5,3.67
ord_004766,1,prod_00601,sell_0012,25/02/2018 09:43,170.58,9.1
ord_004766,2,prod_00270,sell_0178,25/02/2018 09:43,67.97,4.6
ord_004767,1,prod_00524,sell_0095,13/07/2018 22:52,87.04,19.54
ord_004767,2,prod_00414,sell_0140,13/07/2018 22:52,37.23,8.98
ord_004768,1,prod_00091,sell_0006,27/12/2017 16:02,45.91,3.67
ord_004769,1,prod_00406,sell_0011,18/09/2017 12:15,63.76,6.38
ord_004770,1,prod_00447,sell_0157,28/04/2017 08:07,71.68,8.99
ord_004771,1,prod_00158,sell_0139,16/05/2017 16:05,23.08,4.78
ord_004772,1,prod_00413,sell_0233,15/12/2018 08:56,120.97,17.79
ord_004772,2,prod_00439,sell_0212,15/12/2018 08:56,99.24,7.72
ord_004773,1,prod_00482,sell_0007,26/09/2018 17:48,61.65,6.88
ord_004774,1,prod_00518,sell_0108,06/10/2017 11:21,74.59,6.43
ord_004775,1,prod_00691,sell_0072,21/04/2018 17:41,69.88,17.47
ord_004776,1,prod_00712,sell_0198,18/08/2018 13:55,48.43,6.59
ord_004777,1,prod_00063,sell_0112,20/12/2017 18:13,115.73,6.47
ord_004777,2,prod_00609,sell_0063,16/12/2017 18:13,150.34,32.63
ord_004778,1,prod_00665,sell_0083,21/02/2018 09:00,103.49,9.91
ord_004779,1,prod_00249,sell_0121,21/08/2018 20:49,17.3,2.67
ord_004780,1,prod_00727,sell_0131,20/09/2017 15:43,57.76,10.52
ord_004780,2,prod_00707,sell_0008,17/09/2017 15:43,137.9,11.94
ord_004781,1,prod_00686,sell_0161,19/04/2018 21:09,73.56,4.84
ord_004782,1,prod_00136,sell_0215,06/09/2017 22:29,142.08,31.52
ord_004782,2,prod_00602,sell_0130,03/09/2017 22:29,141.64,15.19
ord_004783,1,prod_00107,sell_0073,07/01/2017 14:09,186.38,35.1
ord_004784,1,prod_00671,sell_0006,02/08/2018 18:36,149.11,36.25
ord_004784,2,prod_00654,sell_0183,04/08/2018 18:36,103.15,9.2
ord_004785,1,prod_00403,sell_0138,13/08/2018 08:38,74.49,16.77
ord_004786,1,prod_00338,sell_0068,02/01/2019 10:16,55.84,3.15
ord_004786,2,prod_00599,sell_0220,04/01/2019 10:16,136.42,30.18
ord_004787,1,prod_00434,sell_0197,06/08/2017 17:46,295.27,41.95
ord_004788,1,prod_00431,sell_0233,01/09/2018 10:28,342.88,45.23
ord_004788,2,prod_00195,sell_0146,01/09/2018 10:28,122.94,22.29
ord_004788,3,prod_00222,sell_0120,29/08/2018 10:28,162.47,11.69
ord_004789,1,prod_00545,sell_0148,10/12/2018 12:42,108.72,16.33
ord_004790,1,prod_00273,sell_0082,09/07/2018 20:38,83.42,11.56
ord_004791,1,prod_00056,sell_0206,19/12/2018 19:27,39.3,8.71
ord_004792,1,prod_00247,sell_0241,03/01/2019 16:17,82.85,20.32
ord_004793,1,prod_00795,sell_0060,03/10/2018 22:12,79.66,15.85
ord_004794,1,prod_00123,sell_0110,02/01/2019 21:44,124.62,15.82
ord_004795,1,prod_00142,sell_0107,23/06/2018 22:38,92.45,21.68
ord_004796,1,prod_00789,sell_0097,01/04/2018 13:16,168.79,22.71
ord_004797,1,prod_00782,sell_0000,30/11/2018 10:58,55.69,12.09
ord_004798,1,prod_00263,sell_0139,21/10/2018 09:48,51.55,3.95
ord_004799,1,prod_00296,sell_0141,27/05/2017 18:07,65.14,6.3
ord_004800,1,prod_00202,sell_0011,23/11/2017 21:09,136.66,15.19
ord_004800,2,prod_00385,sell_0181,20/11/2017 21:09,19.47,1.4
ord_004801,1,prod_00526,sell_0042,17/10/2017 10:32,62.6,5.63
ord_004802,1,prod_00056,sell_0188,02/11/2018 09:06,40.88,2.93
ord_004803,1,prod_00773,sell_0095,22/09/2017 17:57,44.44,9.3
ord_004803,2,prod_00329,sell_0221,21/09/2017 17:57,61.34,10.04
ord_004804,1,prod_00504,sell_0037,21/11/2017 08:38,46.4,9.53
ord_004805,1,prod_00210,sell_0171,17/04/2018 17:03,47.53,7.23
ord_004805,2,prod_00044,sell_0055,14/04/2018 17:03,61.17,12.24
ord_004806,1,prod_00736,sell_0232,19/04/2017 10:26,94.98,13.91
ord_004807,1,prod_00419,sell_0170,18/12/2018 18:13,122.65,28.3
ord_004808,1,prod_00294,sell_0172,30/03/2018 14:29,68.96,16.93
ord_004808,2,prod_00632,sell_0206,29/03/2018 14:29,81.73,19.97
ord_004808,3,prod_00440,sell_0145,30/03/2018 14:29,110.53,25
ord_004809,1,prod_00249,sell_0146,13/08/2017 18:14,13.87,3.42
ord_004810,1,prod_00568,sell_0034,25/10/2017 18:49,67.05,12.63
ord_004811,1,prod_00242,sell_0104,05/10/2018 16:43,84.97,8.83
ord_004812,1,prod_00082,sell_0077,29/06/2018 10:54,67.8,11.27
ord_004812,2,prod_00374,sell_0249,28/06/2018 10:54,227.8,19.05
ord_004813,1,prod_00231,sell_0086,08/03/2018 12:11,103.36,18.14
ord_004814,1,prod_00675,sell_0001,04/12/2017 16:23,77.82,13.97
ord_004815,1,prod_00538,sell_0100,23/11/2018 14:48,107.25,22.38
ord_004816,1,prod_00620,sell_0018,19/09/2018 16:22,36.69,3.61
ord_004817,1,prod_00338,sell_0206,19/08/2018 20:22,57.98,13.48
ord_004818,1,prod_00667,sell_0080,26/02/2018 22:59,47.16,11.01
ord_004818,2,prod_00721,sell_0241,23/02/2018 22:59,87.43,10.47
ord_004818,3,prod_00325,sell_0245,25/02/2018 22:59,86.16,11.83
ord_004819,1,prod_00551,sell_0181,28/12/2018 15:46,89.05,11.51
ord_004820,1,prod_00331,sell_0186,12/08/2018 18:51,73.02,13.17
ord_004821,1,prod_00121,sell_0048,11/02/2018 14:24,56.46,6.34
ord_004822,1,prod_00003,sell_0026,14/12/2018 12:35,51.96,11.87
ord_004823,1,prod_00397,sell_0044,23/11/2018 17:27,55.4,2.83
ord_004824,1,prod_00388,sell_0206,31/08/2018 12:27,87.28,6.57
ord_004825,1,prod_00080,sell_0108,17/09/2018 15:07,59.9,3.48
ord_004826,1,prod_00217,sell_0014,10/02/2018 17:50,22.94,1.68
ord_004827,1,prod_00117,sell_0135,11/04/2018 12:23,42.07,7.28
ord_004828,1,prod_00754,sell_0060,18/08/2017 09:34,14.69,2.05
ord_004829,1,prod_00681,sell_0084,04/06/2018 14:51,18.21,4.43
ord_004830,1,prod_00002,sell_0208,30/12/2017 21:46,31.07,5.35
ord_004830,2,prod_00340,sell_0067,03/01/2018 21:46,21.02,2.76
ord_004831,1,prod_00630,sell_0189,15/12/2017 11:11,27.72,5.1
ord_004832,1,prod_00689,sell_0237,11/12/2018 15:37,193.27,30.17
ord_004833,1,prod_00018,sell_0080,20/07/2017 08:29,64.87,3.7
ord_004834,1,prod_00524,sell_0095,19/10/2018 09:15,51.09,6.63
ord_004835,1,prod_00013,sell_0019,02/11/2017 13:02,98.17,6.05
ord_004835,2,prod_00422,sell_0154,05/11/2017 13:02,58.18,12.7
ord_004836,1,prod_00530,sell_0215,13/02/2017 11:37,31.76,7.58
ord_004837,1,prod_00109,sell_0005,04/03/2017 22:46,97.98,12.43
ord_004837,2,prod_00101,sell_0165,03/03/2017 22:46,71.22,9.58
ord_004838,1,prod_00136,sell_0227,15/02/2018 12:56,101.86,13.65
ord_004839,1,prod_00657,sell_0175,05/03/2018 14:21,39.64,2.4
ord_004840,1,prod_00045,sell_0171,30/11/2017 20:23,73.49,5.74
ord_004841,1,prod_00494,sell_0080,19/07/2018 19:09,64.17,12.54
ord_004842,1,prod_00101,sell_0035,26/03/2018 12:59,211.02,17.54
ord_004843,1,prod_00201,sell_0017,16/04/2017 11:50,46.76,9.09
ord_004844,1,prod_00583,sell_0004,12/12/2017 14:57,30.53,4.18
ord_004845,1,prod_00634,sell_0092,16/05/2017 14:29,38.89,8.79
ord_004846,1,prod_00527,sell_0219,31/03/2017 13:12,35.29,5.34
ord_004846,2,prod_00296,sell_0229,02/04/2017 13:12,184.25,18.45
ord_004847,1,prod_00555,sell_0092,03/09/2017 20:34,58.67,7.78
ord_004848,1,prod_00126,sell_0024,07/08/2018 15:22,28.85,2.29
ord_004849,1,prod_00635,sell_0011,08/08/2018 19:20,140.64,10.86
ord_004850,1,prod_00303,sell_0232,05/11/2018 11:04,63.28,12.01
ord_004851,1,prod_00054,sell_0007,12/09/2018 21:04,115.98,12.56
ord_004852,1,prod_00133,sell_0223,26/04/2018 20:22,65.62,12.21
ord_004853,1,prod_00760,sell_0051,28/11/2017 08:55,42.17,6.99
ord_004853,2,prod_00390,sell_0072,29/11/2017 08:55,488.17,104.05
ord_004853,3,prod_00567,sell_0028,28/11/2017 08:55,104.41,7.37
ord_004854,1,prod_00593,sell_0063,13/01/2017 19:43,107.09,13.88
ord_004855,1,prod_00468,sell_0045,08/07/2018 16:45,52.93,7.81
ord_004856,1,prod_00407,sell_0144,12/11/2017 09:14,231.77,30.11
ord_004857,1,prod_00721,sell_0246,07/10/2017 16:44,132.63,26.76
ord_004858,1,prod_00617,sell_0237,21/12/2018 16:24,15.51,2.44
ord_004859,1,prod_00414,sell_0040,29/07/2017 18:03,333.05,21.92
ord_004860,1,prod_00378,sell_0027,18/02/2017 15:23,105.74,9.05
ord_004861,1,prod_00490,sell_0192,08/12/2018 15:07,61.98,9.37
ord_004861,2,prod_00248,sell_0161,12/12/2018 15:07,122.01,16.31
ord_004862,1,prod_00347,sell_0154,24/11/2017 21:51,285.38,68.26
ord_004862,2,prod_00487,sell_0040,23/11/2017 21:51,530.61,35.94
ord_004863,1,prod_00423,sell_0161,17/01/2018 22:50,96.1,9.57
ord_004864,1,prod_00424,sell_0071,21/04/2017 17:17,46.49,10.96
ord_004865,1,prod_00770,sell_0192,25/01/2018 09:36,32.94,6.12
ord_004866,1,prod_00449,sell_0221,19/12/2018 22:21,186.52,42.32
ord_004867,1,prod_00287,sell_0029,02/08/2018 22:09,51.22,5.62
ord_004868,1,prod_00179,sell_0125,15/03/2018 12:38,77.92,9.21
ord_004869,1,prod_00017,sell_0126,22/11/2017 15:45,130.5,10.38
ord_004870,1,prod_00006,sell_0041,31/12/2017 13:46,88.93,8.71
ord_004871,1,prod_00490,sell_0029,16/06/2018 12:08,50.87,11.2
ord_004872,1,prod_00161,sell_0073,13/10/2017 16:30,117.4,21.72
ord_004872,2,prod_00541,sell_0144,11/10/2017 16:30,56.91,4.91
ord_004873,1,prod_00493,sell_0243,07/07/2017 16:01,181.86,30.71
ord_004874,1,prod_00538,sell_0020,06/08/2018 14:05,45.65,11.27
ord_004875,1,prod_00553,sell_0001,14/11/2018 20:04,177.97,20.15
ord_004875,2,prod_00558,sell_0037,14/11/2018 20:04,144.24,11.12
ord_004876,1,prod_00318,sell_0055,23/11/2018 21:03,100.82,16.18
ord_004877,1,prod_00019,sell_0138,29/10/2018 17:20,85.02,7.47
ord_004878,1,prod_00517,sell_0165,25/04/2018 09:21,234.9,22.68
ord_004879,1,prod_00713,sell_0126,30/09/2018 08:41,93.77,5.21
ord_004880,1,prod_00392,sell_0057,01/12/2018 21:19,56.75,11.09
ord_004881,1,prod_00239,sell_0157,09/02/2017 14:08,117.22,13.41
ord_004882,1,prod_00475,sell_0135,01/02/2018 15:56,54.59,3.82
ord_004883,1,prod_00798,sell_0126,31/08/2017 16:52,225.99,52.27
ord_004884,1,prod_00108,sell_0002,04/01/2019 19:07,45.05,7.97
ord_004885,1,prod_00034,sell_0103,29/11/2018 08:21,47.03,10.21
ord_004885,2,prod_00704,sell_0190,29/11/2018 08:21,78.24,4.73
ord_004886,1,prod_00206,sell_0132,04/10/2018 22:10,57.69,4.07
ord_004887,1,prod_00785,sell_0134,16/11/2017 08:57,49.31,10.33
ord_004888,1,prod_00556,sell_0114,09/12/2018 10:21,89.8,6.85
ord_004888,2,prod_00722,sell_0135,10/12/2018 10:21,132.07,29.88
ord_004889,1,prod_00615,sell_0248,18/02/2017 19:05,50.53,10.63
ord_004889,2,prod_00189,sell_0002,15/02/2017 19:05,74.87,5.48
ord_004889,3,prod_00661,sell_0159,17/02/2017 19:05,151.29,19.28
ord_004890,1,prod_00210,sell_0033,15/08/2017 10:43,64.37,3.49
ord_004891,1,prod_00751,sell_0046,18/06/2018 08:42,89.82,12.49
ord_004892,1,prod_00243,sell_0066,02/10/2018 16:14,52.45,8.57
ord_004893,1,prod_00679,sell_0065,21/11/2018 17:19,144.66,32.04
ord_004894,1,prod_00497,sell_0233,18/11/2017 22:24,352.53,80.71
ord_004895,1,prod_00343,sell_0020,17/01/2018 19:16,143.36,11.17
ord_004896,1,prod_00578,sell_0037,03/03/2018 20:17,177.86,18.83
ord_004897,1,prod_00032,sell_0172,12/02/2017 15:48,63.13,6.82
ord_004897,2,prod_00143,sell_0061,15/02/2017 15:48,204.2,31.69
ord_004897,3,prod_00217,sell_0026,11/02/2017 15:48,47.1,7.94
ord_004898,1,prod_00278,sell_0084,11/11/2018 21:45,124.14,14.12
ord_004899,1,prod_00554,sell_0050,06/12/2017 18:41,35.07,5.46
ord_004900,1,prod_00235,sell_0167,23/08/2017 14:41,18.06,4.42
ord_004901,1,prod_00236,sell_0044,27/01/2018 16:31,36.43,2.52
ord_004902,1,prod_00645,sell_0040,13/08/2018 12:21,39.5,8.56
ord_004903,1,prod_00296,sell_0203,13/11/2018 09:43,25.41,1.51
ord_004904,1,prod_00618,sell_0001,10/09/2017 08:06,160.54,15.67
ord_004905,1,prod_00646,sell_0124,29/07/2017 12:08,204.66,32.61
ord_004906,1,prod_00661,sell_0117,05/12/2018 19:07,39.09,1.99
ord_004907,1,prod_00113,sell_0246,09/05/2018 14:43,74.11,4.78
ord_004908,1,prod_00114,sell_0080,29/12/2017 16:35,57.48,12.35
ord_004909,1,prod_00404,sell_0045,25/08/2017 13:27,242.41,39.05
ord_004910,1,prod_00402,sell_0037,02/01/2019 19:28,59.06,5.82
ord_004911,1,prod_00638,sell_0218,17/08/2018 18:49,58.33,10.13
ord_004911,2,prod_00473,sell_0226,19/08/2018 18:49,60.62,14.57
ord_004912,1,prod_00645,sell_0020,11/09/2017 11:07,71.8,9.89
ord_004913,1,prod_00180,sell_0229,03/05/2017 14:22,139.77,23.71
ord_004914,1,prod_00174,sell_0189,26/08/2017 10:45,89.21,16.94
ord_004915,1,prod_00622,sell_0011,07/10/2017 17:39,54.77,8.93
ord_004916,1,prod_00371,sell_0057,28/05/2017 18:26,54.8,9.45
ord_004917,1,prod_00009,sell_0248,23/09/2017 15:13,93.67,14.35
ord_004918,1,prod_00712,sell_0071,03/06/2017 18:56,33.82,8.14
ord_004918,2,prod_00092,sell_0138,03/06/2017 18:56,45.61,8.29
ord_004919,1,prod_00558,sell_0061,08/01/2018 21:24,257.68,61.45
ord_004920,1,prod_00607,sell_0202,26/03/2018 08:52,81.93,19.42
ord_004921,1,prod_00202,sell_0105,04/03/2018 16:46,108.87,23.49
ord_004922,1,prod_00670,sell_0236,21/10/2018 12:51,85.73,4.87
ord_004923,1,prod_00584,sell_0046,15/10/2017 20:01,49.97,8.85
ord_004924,1,prod_00501,sell_0120,20/11/2018 16:28,42.91,10.33
ord_004925,1,prod_00649,sell_0092,30/11/2018 17:15,75.96,16.75
ord_004926,1,prod_00683,sell_0216,16/12/2018 09:16,85.92,16.46
ord_004927,1,prod_00539,sell_0182,04/08/2017 15:16,15.39,1.95
ord_004927,2,prod_00425,sell_0005,07/08/2017 15:16,61.13,14.69
ord_004928,1,prod_00563,sell_0217,07/10/2017 14:23,233.74,21.69
ord_004929,1,prod_00012,sell_0059,22/06/2018 18:24,38.61,3.62
ord_004930,1,prod_00444,sell_0159,27/06/2017 10:38,66.14,15.42
ord_004931,1,prod_00188,sell_0112,29/04/2017 11:18,134.17,24.64
ord_004932,1,prod_00616,sell_0248,13/04/2017 18:16,27.65,2.98
ord_004933,1,prod_00009,sell_0222,12/06/2018 08:21,87.92,5.35
ord_004933,2,prod_00661,sell_0023,12/06/2018 08:21,148.7,21.53
ord_004934,1,prod_00666,sell_0140,10/10/2018 13:41,78.13,6.43
ord_004935,1,prod_00271,sell_0198,15/10/2017 18:00,127.62,19.79
ord_004936,1,prod_00564,sell_0016,02/12/2018 19:44,164.59,18.23
ord_004937,1,prod_00300,sell_0139,30/09/2018 10:20,156.48,29
ord_004937,2,prod_00145,sell_0063,01/10/2018 10:20,194.39,21.58
ord_004937,3,prod_00207,sell_0186,28/09/2018 10:20,223.41,45.9
ord_004938,1,prod_00105,sell_0096,18/04/2017 19:34,137.03,32.35
ord_004939,1,prod_00381,sell_0182,26/01/2018 13:45,109.54,14.4
ord_004940,1,prod_00088,sell_0095,05/04/2017 17:30,50.26,10.72
ord_004941,1,prod_00442,sell_0145,01/12/2018 08:38,44.26,7.63
ord_004942,1,prod_00676,sell_0069,02/09/2018 10:55,124.26,14.54
ord_004943,1,prod_00063,sell_0098,03/08/2018 10:01,21.82,3.83
ord_004944,1,prod_00723,sell_0079,27/07/2018 13:20,93.59,13.96
ord_004945,1,prod_00389,sell_0104,08/11/2017 13:55,64.33,10.94
ord_004946,1,prod_00382,sell_0191,05/12/2018 12:50,13.46,1.27
ord_004946,2,prod_00102,sell_0037,30/11/2018 12:50,65.65,15.77
ord_004947,1,prod_00072,sell_0140,28/11/2018 10:37,105.49,21.21
ord_004947,2,prod_00606,sell_0015,29/11/2018 10:37,161.15,31.97
ord_004948,1,prod_00548,sell_0226,31/08/2018 09:13,36.35,2.97
ord_004948,2,prod_00330,sell_0052,03/09/2018 09:13,228.31,40.63
ord_004949,1,prod_00559,sell_0063,11/03/2018 10:19,73.27,14.11
ord_004949,2,prod_00409,sell_0043,16/03/2018 10:19,78.82,8.49
ord_004950,1,prod_00695,sell_0000,12/03/2017 14:51,159.96,22.02
ord_004951,1,prod_00523,sell_0071,14/02/2017 19:41,65.84,5.87
ord_004952,1,prod_00708,sell_0012,22/06/2017 15:17,227.75,37.14
ord_004952,2,prod_00577,sell_0010,24/06/2017 15:17,85.1,10.68
ord_004953,1,prod_00159,sell_0034,03/06/2018 12:07,89.48,14.33
ord_004954,1,prod_00595,sell_0033,03/10/2018 17:46,217.32,30.58
ord_004955,1,prod_00611,sell_0220,08/12/2018 16:34,32.65,6.25
ord_004956,1,prod_00423,sell_0210,01/08/2017 13:57,162.17,17.18
ord_004956,2,prod_00184,sell_0146,31/07/2017 13:57,25.15,1.48
ord_004957,1,prod_00012,sell_0084,29/10/2017 21:24,33.72,7.34
ord_004958,1,prod_00156,sell_0018,18/03/2017 19:20,82.53,6.6
ord_004959,1,prod_00005,sell_0165,28/12/2018 09:17,139.88,25.25
ord_004959,2,prod_00117,sell_0244,01/01/2019 09:17,104.53,19.23
ord_004960,1,prod_00748,sell_0152,25/09/2018 20:28,25.25,4.22
ord_004960,2,prod_00455,sell_0212,22/09/2018 20:28,130.45,17.17
ord_004961,1,prod_00652,sell_0140,20/03/2018 20:19,102.56,20.83
ord_004961,2,prod_00340,sell_0179,21/03/2018 20:19,198.6,29.64
ord_004962,1,prod_00778,sell_0088,22/05/2018 14:04,165.9,18.76
ord_004963,1,prod_00277,sell_0241,18/05/2018 19:18,43.35,9.74
ord_004964,1,prod_00168,sell_0075,14/10/2017 09:13,52.76,9.07
ord_004965,1,prod_00185,sell_0066,09/08/2017 17:48,39.89,6.84
ord_004966,1,prod_00210,sell_0225,15/11/2017 22:14,85.67,14.53
ord_004967,1,prod_00222,sell_0208,07/10/2017 16:27,47.41,8.26
ord_004968,1,prod_00382,sell_0069,15/05/2018 18:40,98.06,21.45
ord_004969,1,prod_00417,sell_0194,27/11/2017 09:08,194.57,40.23
ord_004970,1,prod_00755,sell_0177,26/08/2018 16:31,105.16,7.77
ord_004971,1,prod_00334,sell_0156,21/05/2018 21:50,122.68,18.63
ord_004971,2,prod_00487,sell_0168,17/05/2018 21:50,95.64,9.4
ord_004972,1,prod_00462,sell_0165,24/04/2018 08:35,83.6,12.34
ord_004973,1,prod_00488,sell_0003,09/12/2018 14:28,119.78,19.56
ord_004974,1,prod_00439,sell_0098,01/12/2017 08:50,31.68,5.62
ord_004975,1,prod_00309,sell_0094,28/06/2018 10:56,62.96,11.41
ord_004976,1,prod_00058,sell_0094,06/01/2017 21:49,105.15,13.11
ord_004977,1,prod_00499,sell_0208,30/08/2018 09:24,89.5,15.84
ord_004977,2,prod_00079,sell_0127,01/09/2018 09:24,51.42,2.77
ord_004978,1,prod_00748,sell_0164,09/04/2018 08:36,92.91,18.05
ord_004979,1,prod_00293,sell_0114,02/09/2017 20:31,22.99,2.42
ord_004980,1,prod_00385,sell_0207,08/01/2017 08:18,46.37,11.37
ord_004981,1,prod_00399,sell_0191,14/08/2018 10:26,37.49,9.36
ord_004982,1,prod_00781,sell_0190,19/07/2018 13:49,73.05,14.55
ord_004983,1,prod_00564,sell_0035,16/07/2018 11:18,67.28,11.26
ord_004983,2,prod_00383,sell_0191,17/07/2018 11:18,20.84,4.15
ord_004984,1,prod_00284,sell_0016,17/02/2018 11:53,39.23,5.52
ord_004985,1,prod_00515,sell_0225,02/07/2018 12:59,205.92,15.61
ord_004986,1,prod_00074,sell_0177,19/05/2018 17:18,102.62,22.2
ord_004987,1,prod_00180,sell_0211,01/10/2017 16:07,64.24,7.29
ord_004987,2,prod_00079,sell_0003,28/09/2017 16:07,62.91,8.65
ord_004988,1,prod_00657,sell_0035,14/04/2018 21:57,59.16,12.84
ord_004989,1,prod_00082,sell_0174,17/04/2018 12:10,36.66,4.28
ord_004989,2,prod_00288,sell_0186,13/04/2018 12:10,65.42,5.36
ord_004990,1,prod_00566,sell_0143,15/10/2018 14:46,70.93,16.83
ord_004990,2,prod_00539,sell_0215,20/10/2018 14:46,44.61,2.62
ord_004990,3,prod_00156,sell_0106,20/10/2018 14:46,68.38,14.39
ord_004991,1,prod_00477,sell_0040,18/02/2018 17:02,204.08,18.11
ord_004992,1,prod_00461,sell_0042,18/02/2018 08:14,136.82,30.3
ord_004993,1,prod_00738,sell_0244,29/12/2018 19:15,36.54,5.52
ord_004994,1,prod_00223,sell_0142,27/11/2018 21:17,166.84,21.34
ord_004995,1,prod_00058,sell_0223,01/10/2017 21:55,24.87,3.41
ord_004996,1,prod_00487,sell_0123,27/11/2018 18:10,20.48,3.79
ord_004997,1,prod_00763,sell_0191,24/06/2017 09:10,41.62,3.41
ord_004998,1,prod_00786,sell_0184,05/11/2018 17:41,50.35,8.91
ord_004999,1,prod_00191,sell_0194,10/08/2017 22:57,51.86,8.7
ord_005000,1,prod_00634,sell_0221,10/02/2018 12:23,103.27,20.01
ord_005001,1,prod_00762,sell_0004,27/12/2018 19:46,97.67,5
ord_005002,1,prod_00638,sell_0175,11/05/2017 12:01,105.8,10.46
ord_005003,1,prod_00767,sell_0186,29/10/2018 09:49,54.07,4.8
ord_005004,1,prod_00749,sell_0203,01/04/2018 13:43,36.92,4.66
ord_005005,1,prod_00601,sell_0036,29/05/2017 20:53,105.3,25.43
ord_005006,1,prod_00597,sell_0136,11/12/2018 15:38,71.42,4.18
ord_005007,1,prod_00754,sell_0180,05/05/2018 10:56,120.95,18.2
ord_005008,1,prod_00188,sell_0077,20/11/2018 21:23,96.92,12.35
ord_005009,1,prod_00795,sell_0048,09/11/2018 13:43,77.59,4.73
ord_005009,2,prod_00714,sell_0044,13/11/2018 13:43,59.07,10.85
ord_005010,1,prod_00707,sell_0063,28/01/2017 14:43,126.26,29.17
ord_005011,1,prod_00512,sell_0134,21/10/2017 09:16,69.84,3.54
ord_005011,2,prod_00081,sell_0212,22/10/2017 09:16,196.29,21.52
ord_005012,1,prod_00091,sell_0213,07/12/2017 19:55,79.57,11.41
ord_005012,2,prod_00373,sell_0108,03/12/2017 19:55,62.02,10.06
ord_005013,1,prod_00318,sell_0062,25/04/2018 08:46,85.86,8.08
ord_005014,1,prod_00082,sell_0031,14/04/2017 09:51,91.92,20.99
ord_005014,2,prod_00770,sell_0130,12/04/2017 09:51,171.26,39.11
ord_005015,1,prod_00027,sell_0083,17/01/2018 11:21,178.79,38.03
ord_005016,1,prod_00235,sell_0206,14/10/2018 18:50,36.33,3.75
ord_005017,1,prod_00161,sell_0050,30/07/2017 14:18,114.89,24.46
ord_005018,1,prod_00241,sell_0068,10/08/2018 22:57,31.43,4.32
ord_005019,1,prod_00090,sell_0196,10/03/2018 15:01,60.99,3.81
ord_005020,1,prod_00076,sell_0182,12/04/2017 22:37,26.08,5.2
ord_005021,1,prod_00381,sell_0098,04/08/2017 16:06,138.57,25.34
ord_005022,1,prod_00497,sell_0104,26/06/2017 22:43,107.64,22.75
ord_005023,1,prod_00261,sell_0221,22/06/2018 11:21,73.55,17.9
ord_005024,1,prod_00431,sell_0075,28/04/2017 13:52,41.84,8.5
ord_005025,1,prod_00211,sell_0159,16/10/2018 15:52,517.79,55.47
ord_005025,2,prod_00085,sell_0189,18/10/2018 15:52,48.96,8.08
ord_005026,1,prod_00032,sell_0083,07/10/2018 18:22,46.57,4.8
ord_005027,1,prod_00580,sell_0127,19/04/2017 14:48,90.79,17.21
ord_005027,2,prod_00300,sell_0224,22/04/2017 14:48,56.61,11.43
ord_005028,1,prod_00523,sell_0183,22/11/2018 15:40,82.46,19.6
ord_005029,1,prod_00339,sell_0029,14/12/2018 09:25,99.98,21.98
ord_005029,2,prod_00653,sell_0116,16/12/2018 09:25,39.38,2.64
ord_005029,3,prod_00183,sell_0075,18/12/2018 09:25,34.59,5.65
ord_005030,1,prod_00611,sell_0126,09/03/2017 16:20,38.7,3.79
ord_005031,1,prod_00214,sell_0169,11/12/2018 20:12,67.28,5.73
ord_005032,1,prod_00218,sell_0169,01/11/2017 20:03,195.49,9.79
ord_005033,1,prod_00115,sell_0097,20/07/2018 14:31,232.78,26.49
ord_005034,1,prod_00178,sell_0083,31/07/2017 11:32,66.86,9.46
ord_005035,1,prod_00009,sell_0132,14/10/2018 21:26,221.22,33.78
ord_005036,1,prod_00492,sell_0111,27/10/2018 16:57,132.58,9.25
ord_005037,1,prod_00138,sell_0140,24/12/2018 21:00,39.14,3.78
ord_005038,1,prod_00054,sell_0194,02/01/2019 18:51,81.34,11.54
ord_005039,1,prod_00449,sell_0031,19/04/2017 22:48,57.57,3.36
ord_005040,1,prod_00705,sell_0244,15/07/2018 09:45,68.49,15.48
ord_005040,2,prod_00572,sell_0037,17/07/2018 09:45,28.04,2.64
ord_005041,1,prod_00696,sell_0226,27/10/2017 20:31,28.78,4.75
ord_005042,1,prod_00696,sell_0103,14/06/2017 08:11,121.13,24.57
ord_005042,2,prod_00210,sell_0141,09/06/2017 08:11,39.89,6.88
ord_005043,1,prod_00675,sell_0188,08/07/2017 12:51,553.66,77.68
ord_005044,1,prod_00358,sell_0135,03/12/2018 09:44,97.48,21.6
ord_005045,1,prod_00315,sell_0240,28/07/2018 10:49,196.6,31.96
ord_005046,1,prod_00037,sell_0167,17/03/2017 08:14,153.56,28.92
ord_005046,2,prod_00104,sell_0201,14/03/2017 08:14,53.66,6.36
ord_005047,1,prod_00238,sell_0247,29/12/2018 09:33,122.09,29.26
ord_005047,2,prod_00176,sell_0219,25/12/2018 09:33,55.23,7.8
ord_005048,1,prod_00331,sell_0208,07/10/2018 19:24,50.67,12.53
ord_005049,1,prod_00661,sell_0241,27/11/2017 16:38,77.51,8.02
ord_005050,1,prod_00505,sell_0115,14/03/2018 14:45,87.58,6.63
ord_005051,1,prod_00372,sell_0126,24/08/2018 12:10,100.61,7.73
ord_005051,2,prod_00066,sell_0113,27/08/2018 12:10,83.13,17.2
ord_005051,3,prod_00658,sell_0111,26/08/2018 12:10,55.34,3.14
ord_005052,1,prod_00231,sell_0101,26/07/2018 10:10,52.19,9.56
ord_005052,2,prod_00324,sell_0095,23/07/2018 10:10,59.25,14.34
ord_005052,3,prod_00084,sell_0132,25/07/2018 10:10,141.4,12.16
ord_005053,1,prod_00640,sell_0183,09/03/2018 08:02,34.35,8.21
ord_005054,1,prod_00318,sell_0194,13/04/2018 08:09,96.84,13.59
ord_005055,1,prod_00278,sell_0023,04/03/2017 17:14,54.32,6.79
ord_005056,1,prod_00228,sell_0155,03/04/2018 16:04,201.54,48.88
ord_005056,2,prod_00211,sell_0130,06/04/2018 16:04,327.25,28.01
ord_005057,1,prod_00106,sell_0239,08/12/2017 20:21,44.37,7.27
ord_005057,2,prod_00028,sell_0192,11/12/2017 20:21,51.88,10.5
ord_005058,1,prod_00222,sell_0222,05/11/2017 14:40,11.85,1.57
ord_005059,1,prod_00360,sell_0040,26/10/2017 22:47,41.54,4.39
ord_005060,1,prod_00135,sell_0215,06/07/2018 14:20,78.43,16.05
ord_005061,1,prod_00032,sell_0079,12/02/2018 13:05,83.8,16.53
ord_005062,1,prod_00316,sell_0227,10/02/2018 13:45,61.95,5.32
ord_005063,1,prod_00217,sell_0071,17/07/2017 12:23,130.06,24.9
ord_005063,2,prod_00230,sell_0014,14/07/2017 12:23,78.02,8.56
ord_005064,1,prod_00137,sell_0123,17/12/2018 09:15,59.07,10.74
ord_005065,1,prod_00494,sell_0137,15/09/2017 09:28,40.85,7.39
ord_005066,1,prod_00578,sell_0200,26/01/2018 12:58,76.35,12.17
ord_005067,1,prod_00125,sell_0133,18/08/2017 16:22,98.08,16.55
ord_005068,1,prod_00205,sell_0039,10/08/2018 16:57,92.73,11.92
ord_005069,1,prod_00465,sell_0069,18/02/2018 10:15,63.66,3.99
ord_005069,2,prod_00681,sell_0113,18/02/2018 10:15,75.87,6.74
ord_005070,1,prod_00489,sell_0065,03/02/2018 16:06,252.44,17.08
ord_005071,1,prod_00066,sell_0087,13/11/2018 15:09,37.97,5.86
ord_005071,2,prod_00328,sell_0020,13/11/2018 15:09,75.15,3.81
ord_005072,1,prod_00423,sell_0168,11/09/2018 20:46,77.25,18.28
ord_005073,1,prod_00758,sell_0039,19/04/2018 08:32,82.24,8.12
ord_005073,2,prod_00140,sell_0002,16/04/2018 08:32,56.18,11.22
ord_005074,1,prod_00611,sell_0078,13/03/2018 11:34,103.01,10.15
ord_005074,2,prod_00777,sell_0072,16/03/2018 11:34,223.77,29.58
ord_005074,3,prod_00297,sell_0167,14/03/2018 11:34,114.44,25.87
ord_005075,1,prod_00334,sell_0153,17/12/2018 16:58,24.67,2.51
ord_005076,1,prod_00357,sell_0235,12/12/2018 10:30,183.08,39.76
ord_005077,1,prod_00244,sell_0060,12/08/2018 22:07,137.32,14.85
ord_005078,1,prod_00540,sell_0202,15/09/2018 11:43,49.37,6.47
ord_005079,1,prod_00195,sell_0084,23/11/2018 09:12,43.71,7.42
ord_005080,1,prod_00067,sell_0242,16/12/2018 22:34,120.56,29.37
ord_005081,1,prod_00290,sell_0048,26/04/2017 08:51,44.42,5.74
ord_005082,1,prod_00439,sell_0237,04/01/2019 15:28,264.78,22.17
ord_005082,2,prod_00566,sell_0112,04/01/2019 15:28,223.62,11.56
ord_005083,1,prod_00763,sell_0038,13/08/2018 22:18,29.19,5.21
ord_005084,1,prod_00323,sell_0213,02/06/2018 13:34,259.33,28.12
ord_005085,1,prod_00030,sell_0011,05/02/2018 11:07,62.3,12.07
ord_005086,1,prod_00044,sell_0098,04/12/2017 10:18,252.49,20.84
ord_005087,1,prod_00312,sell_0124,07/10/2018 09:30,80.51,12
ord_005088,1,prod_00249,sell_0038,14/07/2018 22:15,90.6,6.73
ord_005089,1,prod_00615,sell_0000,24/08/2017 08:02,61.88,11.12
ord_005090,1,prod_00403,sell_0088,16/06/2018 10:35,81.64,19.69
ord_005091,1,prod_00208,sell_0045,28/06/2017 15:24,19.47,4.22
ord_005091,2,prod_00683,sell_0052,28/06/2017 15:24,52.86,2.84
ord_005092,1,prod_00323,sell_0045,02/04/2018 19:23,63.79,14.62
ord_005093,1,prod_00395,sell_0028,01/06/2018 17:59,57.02,4.2
ord_005094,1,prod_00409,sell_0161,02/07/2018 10:06,147.05,35.38
ord_005095,1,prod_00389,sell_0114,02/07/2017 11:09,543.94,115.22
ord_005096,1,prod_00361,sell_0075,08/05/2017 20:52,54.36,9.09
ord_005097,1,prod_00108,sell_0117,16/10/2017 16:07,185.66,19.54
ord_005098,1,prod_00117,sell_0045,12/06/2018 20:55,22.53,5.42
ord_005099,1,prod_00623,sell_0119,05/12/2018 14:40,40.23,2.81
ord_005100,1,prod_00491,sell_0070,20/09/2018 17:31,51.7,10.35
ord_005100,2,prod_00333,sell_0104,25/09/2018 17:31,25.69,1.3
ord_005101,1,prod_00255,sell_0072,04/09/2018 13:16,184.8,26.05
ord_005101,2,prod_00237,sell_0140,03/09/2018 13:16,59.87,14.87
ord_005102,1,prod_00634,sell_0012,03/12/2017 12:21,121.21,24.72
ord_005102,2,prod_00273,sell_0063,29/11/2017 12:21,115.22,7.21
ord_005103,1,prod_00480,sell_0079,27/05/2017 19:49,229.09,21.29
ord_005104,1,prod_00135,sell_0030,24/11/2018 09:03,54.25,5.11
ord_005105,1,prod_00239,sell_0025,06/04/2018 15:46,102.77,12.7
ord_005106,1,prod_00033,sell_0002,14/05/2017 16:49,104.7,18.04
ord_005107,1,prod_00017,sell_0143,25/04/2018 18:42,116.96,11.22
ord_005108,1,prod_00470,sell_0245,22/07/2018 16:03,33.36,3.96
ord_005109,1,prod_00720,sell_0005,30/11/2017 10:44,113.79,20.02
ord_005110,1,prod_00218,sell_0098,16/01/2017 12:43,102.05,8.58
ord_005111,1,prod_00599,sell_0135,20/06/2018 13:00,34.46,8.49
ord_005112,1,prod_00013,sell_0087,02/03/2017 18:53,239.37,50.94
ord_005113,1,prod_00353,sell_0175,16/02/2018 14:07,144.01,24.39
ord_005113,2,prod_00034,sell_0230,17/02/2018 14:07,298.01,55.43
ord_005114,1,prod_00481,sell_0060,18/10/2018 14:57,52.22,4.88
ord_005115,1,prod_00478,sell_0242,07/01/2019 12:04,87.81,8.48
ord_005116,1,prod_00243,sell_0176,03/01/2018 19:14,32.34,6.95
ord_005117,1,prod_00089,sell_0248,06/02/2017 08:41,56.24,7.03
ord_005118,1,prod_00456,sell_0095,31/03/2018 13:08,191.55,30.51
ord_005119,1,prod_00256,sell_0082,31/10/2017 08:11,20.95,2.44
ord_005120,1,prod_00199,sell_0084,23/11/2018 10:00,196.97,34.68
ord_005121,1,prod_00218,sell_0006,15/08/2018 13:49,220.04,32.79
ord_005122,1,prod_00267,sell_0137,27/01/2018 13:02,61.66,12.61
ord_005123,1,prod_00545,sell_0065,12/09/2018 21:37,47.22,2.87
ord_005123,2,prod_00363,sell_0184,11/09/2018 21:37,24.45,6.03
ord_005124,1,prod_00342,sell_0105,08/12/2017 22:34,45.1,9.16
ord_005125,1,prod_00592,sell_0143,20/04/2018 15:30,185.96,46.11
ord_005126,1,prod_00065,sell_0061,29/11/2018 08:22,127.98,19.53
ord_005127,1,prod_00681,sell_0206,25/08/2017 14:17,40.91,10.09
ord_005128,1,prod_00357,sell_0110,28/11/2017 20:57,118.14,7.9
ord_005129,1,prod_00273,sell_0063,22/11/2018 15:47,40.36,6.78
ord_005129,2,prod_00653,sell_0214,18/11/2018 15:47,135.25,31.9
ord_005130,1,prod_00572,sell_0126,09/03/2018 11:55,41.35,4.41
ord_005131,1,prod_00310,sell_0044,28/11/2017 18:44,133.08,21.81
ord_005132,1,prod_00671,sell_0117,01/03/2017 16:49,76.5,7.88
ord_005132,2,prod_00079,sell_0107,02/03/2017 16:49,12.07,1.31
ord_005133,1,prod_00201,sell_0214,08/02/2018 16:57,91.56,10.05
ord_005134,1,prod_00617,sell_0091,03/04/2018 17:27,105.37,20.26
ord_005135,1,prod_00225,sell_0087,25/01/2018 11:54,49.3,7.24
ord_005136,1,prod_00285,sell_0054,01/11/2017 08:02,80.55,17.97
ord_005137,1,prod_00650,sell_0196,28/12/2017 08:06,130.28,19.37
ord_005137,2,prod_00170,sell_0067,28/12/2017 08:06,89.49,11.64
ord_005138,1,prod_00789,sell_0137,05/07/2018 11:29,71.44,17.03
ord_005139,1,prod_00330,sell_0048,22/11/2018 12:27,167.82,11.11
ord_005139,2,prod_00111,sell_0060,23/11/2018 12:27,39.04,5.23
ord_005140,1,prod_00150,sell_0085,07/07/2018 14:26,22.73,3.59
ord_005141,1,prod_00628,sell_0126,09/07/2018 08:32,198.06,38.22
ord_005142,1,prod_00371,sell_0029,14/10/2018 12:32,147.5,10.75
ord_005143,1,prod_00092,sell_0052,20/07/2017 08:52,155.95,16.52
ord_005143,2,prod_00052,sell_0094,25/07/2017 08:52,43.68,5.05
ord_005144,1,prod_00545,sell_0078,18/11/2017 18:20,106.87,14.36
ord_005144,2,prod_00510,sell_0173,19/11/2017 18:20,150.5,17.7
ord_005145,1,prod_00126,sell_0022,16/03/2017 13:18,26.97,4.2
ord_005146,1,prod_00626,sell_0163,16/12/2017 22:42,139.61,10.62
ord_005147,1,prod_00623,sell_0161,06/01/2019 14:38,107.89,14.51
ord_005148,1,prod_00072,sell_0134,30/11/2017 08:49,21.81,4.03
ord_005148,2,prod_00190,sell_0239,01/12/2017 08:49,369.84,88.02
ord_005149,1,prod_00637,sell_0095,05/11/2018 16:18,79.09,15.86
ord_005150,1,prod_00538,sell_0136,26/04/2017 18:00,88.5,10.11
ord_005151,1,prod_00556,sell_0015,06/03/2018 15:56,65.8,14.22
ord_005152,1,prod_00030,sell_0225,17/12/2017 19:02,21.84,3.1
ord_005153,1,prod_00009,sell_0190,26/08/2017 16:40,105.88,22.75
ord_005153,2,prod_00339,sell_0243,25/08/2017 16:40,142.84,23.28
ord_005154,1,prod_00086,sell_0215,04/01/2018 15:19,216.09,46.33
ord_005154,2,prod_00640,sell_0143,02/01/2018 15:19,235.26,30.46
ord_005155,1,prod_00654,sell_0013,11/07/2018 18:25,32.38,1.9
ord_005156,1,prod_00421,sell_0113,26/03/2018 22:50,48.18,2.98
ord_005157,1,prod_00153,sell_0051,26/10/2018 21:25,7.86,1.69
ord_005158,1,prod_00046,sell_0044,27/11/2018 18:08,326.24,59.08
ord_005159,1,prod_00646,sell_0245,20/03/2018 19:45,95.12,15.91
ord_005160,1,prod_00480,sell_0169,27/12/2018 19:01,54.89,9.71
ord_005161,1,prod_00192,sell_0209,11/04/2017 14:16,184.02,18.91
ord_005162,1,prod_00495,sell_0212,31/10/2017 21:32,36.13,2.41
ord_005163,1,prod_00285,sell_0046,02/02/2018 17:26,53.53,12.33
ord_005164,1,prod_00167,sell_0062,31/05/2018 09:37,41.41,5.03
ord_005165,1,prod_00237,sell_0218,03/05/2018 17:22,19.42,2.21
ord_005166,1,prod_00797,sell_0175,21/05/2018 17:23,57.67,10.8
ord_005167,1,prod_00129,sell_0182,27/11/2018 17:20,86.78,21.31
ord_005168,1,prod_00336,sell_0007,29/10/2017 19:53,29.77,3.42
ord_005169,1,prod_00291,sell_0224,15/10/2018 15:01,48.44,11.95
ord_005170,1,prod_00428,sell_0067,10/05/2018 18:56,50.9,9.87
ord_005171,1,prod_00223,sell_0134,31/03/2018 18:21,65.65,6.13
ord_005172,1,prod_00512,sell_0167,21/11/2017 16:21,333.36,61.58
ord_005173,1,prod_00772,sell_0123,21/11/2017 19:43,38.94,5.4
ord_005174,1,prod_00454,sell_0238,16/01/2018 17:23,60.14,7.13
ord_005175,1,prod_00138,sell_0140,15/09/2018 10:36,76.04,12
ord_005176,1,prod_00217,sell_0013,17/03/2018 13:54,161.73,38.62
ord_005177,1,prod_00509,sell_0107,10/07/2017 08:50,13.22,1.66
ord_005178,1,prod_00105,sell_0123,13/09/2018 19:30,20.69,2.76
ord_005179,1,prod_00386,sell_0120,20/07/2018 22:42,82.19,15.64
ord_005179,2,prod_00122,sell_0116,16/07/2018 22:42,151.69,16.78
ord_005179,3,prod_00544,sell_0087,16/07/2018 22:42,230.91,41.68
ord_005180,1,prod_00514,sell_0090,10/12/2018 08:23,51.43,7.04
ord_005181,1,prod_00533,sell_0127,23/04/2018 20:46,37.86,7.54
ord_005182,1,prod_00450,sell_0169,12/07/2018 10:10,50.31,10.45
ord_005183,1,prod_00150,sell_0244,23/03/2018 21:02,24.67,1.6
ord_005184,1,prod_00638,sell_0118,29/07/2018 22:32,53.73,9.28
ord_005185,1,prod_00480,sell_0240,20/02/2018 20:12,104.55,25.41
ord_005186,1,prod_00742,sell_0198,24/06/2017 13:43,76.23,13.45
ord_005187,1,prod_00630,sell_0206,30/12/2018 10:06,170.52,15.44
ord_005188,1,prod_00040,sell_0081,19/08/2018 17:00,51.02,2.92
ord_005189,1,prod_00049,sell_0018,11/06/2018 22:40,127.12,9.52
ord_005190,1,prod_00212,sell_0040,20/03/2018 18:30,28.56,3.99
ord_005191,1,prod_00505,sell_0024,12/08/2018 17:57,39.22,8.68
ord_005192,1,prod_00557,sell_0057,13/06/2017 08:14,38.63,3.57
ord_005193,1,prod_00006,sell_0244,28/11/2017 18:07,91.67,19.86
ord_005194,1,prod_00121,sell_0034,09/06/2017 11:01,60.86,5.73
ord_005194,2,prod_00621,sell_0085,11/06/2017 11:01,58.71,3.21
ord_005194,3,prod_00206,sell_0111,13/06/2017 11:01,427.35,74.32
ord_005195,1,prod_00068,sell_0100,13/06/2017 08:26,27.14,1.4
ord_005195,2,prod_00016,sell_0212,14/06/2017 08:26,155.41,23.09
ord_005196,1,prod_00058,sell_0060,03/02/2017 17:06,84.48,17.29
ord_005197,1,prod_00121,sell_0036,09/09/2018 22:46,61.42,4.63
ord_005198,1,prod_00406,sell_0066,16/09/2017 17:04,99.73,22.29
ord_005199,1,prod_00775,sell_0173,25/10/2018 15:55,131.23,16.65
ord_005200,1,prod_00469,sell_0088,28/11/2018 11:32,83.81,5.16
ord_005201,1,prod_00316,sell_0124,27/07/2017 16:41,51.59,6.8
ord_005202,1,prod_00426,sell_0065,14/08/2018 21:07,59.1,8.6
ord_005203,1,prod_00486,sell_0147,06/03/2018 08:05,60.8,7.15
ord_005204,1,prod_00784,sell_0013,27/11/2018 12:21,117.04,16.42
ord_005205,1,prod_00538,sell_0066,23/03/2018 21:31,143.35,24.16
ord_005206,1,prod_00568,sell_0239,09/01/2018 19:34,45.45,3.63
ord_005207,1,prod_00415,sell_0147,13/11/2017 22:19,116.48,25.05
ord_005208,1,prod_00483,sell_0139,26/11/2018 18:16,157.73,14.04
ord_005208,2,prod_00370,sell_0091,28/11/2018 18:16,206.02,13.18
ord_005209,1,prod_00559,sell_0214,17/09/2017 11:58,32.93,1.78
ord_005209,2,prod_00255,sell_0245,17/09/2017 11:58,40.91,6.57
ord_005210,1,prod_00275,sell_0241,18/10/2018 08:16,143.42,31.64
ord_005211,1,prod_00005,sell_0101,17/08/2017 13:08,50.27,5.84
ord_005212,1,prod_00704,sell_0095,08/07/2018 19:21,122.68,7.79
ord_005213,1,prod_00796,sell_0190,28/02/2018 14:18,401.88,85.37
ord_005214,1,prod_00108,sell_0004,22/05/2017 21:25,92.58,15.03
ord_005215,1,prod_00403,sell_0143,13/06/2017 19:37,16.93,1.81
ord_005216,1,prod_00723,sell_0209,04/11/2017 22:36,69.44,8.59
ord_005217,1,prod_00080,sell_0181,13/09/2018 22:41,41.02,8.91
ord_005218,1,prod_00105,sell_0081,23/08/2018 08:09,73.79,16.45
ord_005219,1,prod_00449,sell_0036,27/08/2017 19:02,81.61,7.98
ord_005220,1,prod_00701,sell_0215,19/03/2018 10:47,108.5,21.86
ord_005220,2,prod_00078,sell_0199,18/03/2018 10:47,84.53,9.74
ord_005220,3,prod_00012,sell_0155,18/03/2018 10:47,19.45,2.11
ord_005221,1,prod_00721,sell_0103,14/05/2017 13:13,153.07,24.24
ord_005222,1,prod_00635,sell_0233,16/08/2018 10:18,74.92,8.6
ord_005223,1,prod_00496,sell_0030,29/09/2018 20:27,47.96,6.06
ord_005224,1,prod_00401,sell_0174,23/11/2018 22:42,39.82,6.17
ord_005225,1,prod_00677,sell_0178,20/11/2018 12:09,133.56,20.89
ord_005225,2,prod_00510,sell_0225,22/11/2018 12:09,54.51,8.1
ord_005226,1,prod_00683,sell_0068,09/12/2017 22:54,72.05,7.89
ord_005226,2,prod_00732,sell_0229,08/12/2017 22:54,36.97,5.09
ord_005227,1,prod_00127,sell_0019,14/10/2017 09:19,120.74,7.19
ord_005228,1,prod_00314,sell_0191,25/11/2018 19:58,81.59,9.47
ord_005228,2,prod_00304,sell_0132,25/11/2018 19:58,50.88,2.62
ord_005229,1,prod_00098,sell_0225,04/07/2017 21:17,54.75,9.23
ord_005230,1,prod_00037,sell_0219,26/03/2017 21:43,219.36,18.39
ord_005231,1,prod_00551,sell_0215,24/11/2017 14:22,211.81,28.88
ord_005232,1,prod_00332,sell_0045,12/09/2018 20:50,83.49,4.27
ord_005233,1,prod_00541,sell_0127,04/08/2018 21:27,82.32,13.22
ord_005234,1,prod_00006,sell_0104,29/12/2018 12:52,45.64,4.2
ord_005235,1,prod_00011,sell_0144,24/12/2017 12:45,72.4,4.24
ord_005236,1,prod_00084,sell_0228,30/10/2017 15:35,138.21,19.65
ord_005237,1,prod_00719,sell_0017,07/01/2018 11:14,118.03,11.07
ord_005238,1,prod_00774,sell_0177,24/09/2018 17:15,239.58,42.77
ord_005238,2,prod_00107,sell_0067,24/09/2018 17:15,258.7,17.52
ord_005239,1,prod_00377,sell_0080,08/09/2017 18:59,36.5,8.95
ord_005240,1,prod_00263,sell_0012,11/12/2018 09:55,99.78,17.86
ord_005241,1,prod_00448,sell_0241,10/04/2018 10:08,40.25,10.04
ord_005242,1,prod_00275,sell_0221,27/09/2018 20:12,100.62,6.12
ord_005242,2,prod_00193,sell_0105,25/09/2018 20:12,89.12,5.39
ord_005243,1,prod_00468,sell_0191,22/10/2018 17:06,126.01,29.91
ord_005244,1,prod_00594,sell_0213,18/03/2018 09:12,23.11,5.34
ord_005244,2,prod_00435,sell_0055,19/03/2018 09:12,66.95,11.62
ord_005245,1,prod_00690,sell_0021,03/09/2018 15:17,54,8.01
ord_005246,1,prod_00756,sell_0100,29/12/2017 11:50,82.2,20.41
ord_005246,2,prod_00346,sell_0029,25/12/2017 11:50,235.79,45.76
ord_005247,1,prod_00619,sell_0121,08/10/2018 10:05,22.89,4.95
ord_005248,1,prod_00464,sell_0006,15/10/2018 09:52,75.88,4.18
ord_005248,2,prod_00647,sell_0127,20/10/2018 09:52,36.21,5.49
ord_005249,1,prod_00087,sell_0040,16/05/2018 15:58,31.36,1.59
ord_005250,1,prod_00630,sell_0196,13/09/2017 20:16,23.35,2.56
ord_005250,2,prod_00430,sell_0196,12/09/2017 20:16,132.59,18.26
ord_005251,1,prod_00323,sell_0071,19/12/2018 19:27,114.47,25.45
ord_005251,2,prod_00213,sell_0103,23/12/2018 19:27,65.78,12
ord_005252,1,prod_00346,sell_0173,09/12/2018 16:31,19.14,1.32
ord_005252,2,prod_00499,sell_0224,11/12/2018 16:31,77.32,18.97
ord_005253,1,prod_00617,sell_0167,20/06/2018 19:12,47.54,8.57
ord_005254,1,prod_00219,sell_0005,30/12/2018 08:43,162.56,39.74
ord_005254,2,prod_00028,sell_0240,29/12/2018 08:43,53,5.96
ord_005255,1,prod_00432,sell_0064,07/04/2018 22:34,27.89,5.49
ord_005256,1,prod_00793,sell_0005,06/01/2018 09:06,13.7,3.02
ord_005257,1,prod_00773,sell_0173,08/03/2018 16:53,170.88,30.9
ord_005258,1,prod_00714,sell_0114,10/03/2017 17:18,201.81,23.71
ord_005259,1,prod_00389,sell_0001,05/05/2018 17:09,20.06,2.66
ord_005260,1,prod_00518,sell_0073,20/07/2018 15:58,219.05,34.08
ord_005261,1,prod_00326,sell_0187,26/05/2017 17:06,65.27,3.45
ord_005261,2,prod_00546,sell_0219,25/05/2017 17:06,71.41,6.9
ord_005262,1,prod_00288,sell_0138,11/10/2017 11:03,18.1,1.6
ord_005263,1,prod_00403,sell_0089,21/08/2018 14:14,135.98,23.28
ord_005264,1,prod_00707,sell_0232,28/09/2018 22:19,60.46,14.77
ord_005265,1,prod_00710,sell_0082,28/12/2018 08:26,55.43,10.68
ord_005266,1,prod_00427,sell_0201,12/10/2017 19:41,78.2,13.55
ord_005267,1,prod_00762,sell_0038,26/10/2018 22:21,61.08,3.9
ord_005268,1,prod_00240,sell_0127,27/07/2017 15:33,128.17,31.34
ord_005269,1,prod_00466,sell_0230,16/06/2017 08:00,97.67,21.56
ord_005270,1,prod_00316,sell_0181,26/08/2018 19:23,42.42,9.76
ord_005271,1,prod_00137,sell_0022,26/02/2018 18:56,98.49,16.43
ord_005272,1,prod_00091,sell_0219,29/09/2018 11:46,92.38,21.71
ord_005273,1,prod_00009,sell_0112,03/11/2017 11:44,45.9,6.95
ord_005274,1,prod_00759,sell_0105,05/09/2017 10:18,331.19,17.52
ord_005275,1,prod_00496,sell_0110,08/05/2018 15:29,293.88,55.14
ord_005276,1,prod_00008,sell_0014,01/06/2017 08:50,23.13,5.33
ord_005277,1,prod_00622,sell_0130,02/11/2017 08:52,36.63,5.41
ord_005278,1,prod_00334,sell_0224,23/07/2017 11:42,37.68,2.3
ord_005278,2,prod_00004,sell_0222,22/07/2017 11:42,111.04,23.77
ord_005278,3,prod_00010,sell_0114,22/07/2017 11:42,30.06,5.14
ord_005279,1,prod_00680,sell_0166,27/11/2017 18:27,35.64,2.33
ord_005280,1,prod_00526,sell_0117,16/09/2018 16:04,126.18,25.77
ord_005281,1,prod_00656,sell_0099,07/06/2017 21:07,14.84,1.19
ord_005281,2,prod_00263,sell_0223,04/06/2017 21:07,139.35,16.94
ord_005282,1,prod_00788,sell_0070,14/06/2018 17:00,32.1,3.4
ord_005283,1,prod_00462,sell_0047,01/06/2018 19:21,128.4,23.79
ord_005284,1,prod_00065,sell_0165,30/04/2018 15:01,156.32,26.65
ord_005284,2,prod_00084,sell_0009,27/04/2018 15:01,43.42,7.51
ord_005284,3,prod_00471,sell_0068,29/04/2018 15:01,150.24,37.53
ord_005285,1,prod_00796,sell_0240,24/03/2018 11:26,130.31,7.87
ord_005286,1,prod_00415,sell_0235,16/07/2018 18:35,86.61,12.14
ord_005286,2,prod_00157,sell_0019,19/07/2018 18:35,107.63,20.71
ord_005287,1,prod_00194,sell_0226,02/11/2018 11:35,205.98,32.95
ord_005288,1,prod_00404,sell_0049,17/07/2017 11:33,144.3,14.22
ord_005289,1,prod_00135,sell_0114,13/10/2018 16:13,65.66,12.68
ord_005290,1,prod_00094,sell_0119,30/03/2017 11:31,123.31,26.76
ord_005291,1,prod_00799,sell_0174,24/03/2018 16:58,141.18,21.92
ord_005292,1,prod_00431,sell_0091,13/04/2018 15:26,122.51,28.42
ord_005293,1,prod_00527,sell_0019,24/08/2017 15:52,267.78,42.18
ord_005294,1,prod_00731,sell_0106,30/04/2017 12:22,268.83,50.5
ord_005294,2,prod_00189,sell_0118,05/05/2017 12:22,128.16,15.99
ord_005295,1,prod_00050,sell_0115,15/04/2017 13:37,43.69,2.52
ord_005295,2,prod_00179,sell_0145,17/04/2017 13:37,40.67,5.37
ord_005296,1,prod_00703,sell_0191,26/02/2017 18:28,398.51,68.22
ord_005297,1,prod_00126,sell_0211,25/05/2018 11:41,47.11,10.79
ord_005298,1,prod_00546,sell_0081,14/07/2017 12:53,98.59,14.78
ord_005299,1,prod_00760,sell_0111,07/10/2018 17:26,159.11,8.2
ord_005300,1,prod_00137,sell_0202,26/11/2018 11:45,76.2,13.21
ord_005301,1,prod_00619,sell_0007,13/11/2017 17:52,31.05,6.91
ord_005301,2,prod_00468,sell_0074,15/11/2017 17:52,101.7,21.37
ord_005302,1,prod_00184,sell_0111,22/07/2017 18:47,24.22,1.58
ord_005303,1,prod_00438,sell_0072,02/02/2018 09:01,76.99,18.7
ord_005304,1,prod_00329,sell_0109,15/11/2018 17:00,29.46,1.56
ord_005305,1,prod_00664,sell_0071,24/01/2018 21:52,27.51,2.45
ord_005306,1,prod_00375,sell_0144,26/05/2017 16:43,117.19,24.36
ord_005306,2,prod_00619,sell_0199,25/05/2017 16:43,47.25,10.42
ord_005307,1,prod_00091,sell_0025,28/12/2018 14:57,58.3,10.78
ord_005308,1,prod_00043,sell_0216,06/04/2018 08:17,100.81,5.71
ord_005309,1,prod_00451,sell_0019,11/12/2017 18:47,85.68,7.11
ord_005310,1,prod_00408,sell_0084,24/11/2018 11:48,75.46,15.84
ord_005310,2,prod_00503,sell_0162,25/11/2018 11:48,32.67,2.21
ord_005311,1,prod_00018,sell_0221,02/12/2018 14:51,213.26,48.58
ord_005312,1,prod_00259,sell_0237,31/03/2018 12:41,173.18,30.84
ord_005313,1,prod_00263,sell_0201,27/11/2017 11:08,91.34,19.35
ord_005314,1,prod_00527,sell_0069,21/03/2018 18:40,51.89,11.49
ord_005315,1,prod_00442,sell_0085,12/09/2017 12:36,168.96,41.7
ord_005315,2,prod_00682,sell_0173,11/09/2017 12:36,132.24,9.28
ord_005316,1,prod_00002,sell_0150,20/03/2018 22:20,65.15,9
ord_005316,2,prod_00652,sell_0057,21/03/2018 22:20,404.12,36.59
ord_005317,1,prod_00389,sell_0093,18/09/2017 15:12,115.2,17.68
ord_005318,1,prod_00072,sell_0006,22/06/2018 15:53,77.76,18.35
ord_005319,1,prod_00028,sell_0013,11/09/2018 17:08,55.85,8.88
ord_005320,1,prod_00300,sell_0177,19/12/2018 19:25,51.24,12.6
ord_005321,1,prod_00263,sell_0021,29/10/2018 08:37,149.13,14.05
ord_005322,1,prod_00003,sell_0181,01/05/2017 12:58,43.01,8.13
ord_005323,1,prod_00505,sell_0233,05/09/2017 22:40,91.12,12.01
ord_005323,2,prod_00769,sell_0054,04/09/2017 22:40,136.1,13.69
ord_005324,1,prod_00684,sell_0172,23/04/2018 17:18,72.25,7.35
ord_005325,1,prod_00563,sell_0103,15/10/2017 09:03,37.63,7.61
ord_005326,1,prod_00625,sell_0013,26/01/2017 14:19,25.46,3.39
ord_005326,2,prod_00732,sell_0112,28/01/2017 14:19,105.65,7.46
ord_005327,1,prod_00580,sell_0249,10/09/2018 22:17,32.11,3.68
ord_005327,2,prod_00220,sell_0049,07/09/2018 22:17,26.31,2.37
ord_005328,1,prod_00660,sell_0133,24/12/2017 11:49,18.95,3.25
ord_005329,1,prod_00513,sell_0001,07/04/2017 20:22,129.2,18.76
ord_005329,2,prod_00720,sell_0083,04/04/2017 20:22,61.82,3.68
ord_005330,1,prod_00531,sell_0023,10/04/2018 09:05,104.51,14.24
ord_005331,1,prod_00095,sell_0100,25/12/2018 15:52,61.11,13.91
ord_005331,2,prod_00466,sell_0248,22/12/2018 15:52,121.84,10.01
ord_005332,1,prod_00156,sell_0211,25/07/2018 13:01,131.87,26.26
ord_005333,1,prod_00272,sell_0055,15/07/2017 13:00,54.14,8.22
ord_005334,1,prod_00387,sell_0163,15/04/2018 14:28,54.95,13.18
ord_005334,2,prod_00679,sell_0007,14/04/2018 14:28,48.17,5.28
ord_005335,1,prod_00702,sell_0062,26/11/2018 18:04,159.21,21.95
ord_005336,1,prod_00636,sell_0106,23/03/2017 15:10,84.16,17.94
ord_005337,1,prod_00780,sell_0134,05/07/2018 14:59,148.62,11.74
ord_005337,2,prod_00143,sell_0138,05/07/2018 14:59,25.58,5.06
ord_005338,1,prod_00672,sell_0089,23/08/2018 19:50,24.32,3.12
ord_005338,2,prod_00437,sell_0167,18/08/2018 19:50,101.54,12.74
ord_005339,1,prod_00563,sell_0118,09/08/2018 08:45,165.28,18.76
ord_005340,1,prod_00556,sell_0100,06/07/2017 20:40,59.33,13.76
ord_005341,1,prod_00576,sell_0015,25/11/2018 19:02,40.17,9.49
ord_005342,1,prod_00645,sell_0206,30/11/2017 19:50,70.25,12.64
ord_005342,2,prod_00361,sell_0043,28/11/2017 19:50,30.02,2.65
ord_005343,1,prod_00633,sell_0175,16/03/2017 11:28,125.93,13.04
ord_005344,1,prod_00750,sell_0041,27/04/2017 14:05,35.84,7.11
ord_005345,1,prod_00449,sell_0048,06/03/2018 09:18,51.14,8.27
ord_005346,1,prod_00498,sell_0163,05/03/2017 09:30,85.47,13.39
ord_005346,2,prod_00591,sell_0220,04/03/2017 09:30,28.69,2.28
ord_005346,3,prod_00585,sell_0178,02/03/2017 09:30,68.78,3.53
ord_005347,1,prod_00443,sell_0076,24/09/2018 08:00,72.79,5.86
ord_005348,1,prod_00745,sell_0137,11/11/2018 17:15,96.09,13.75
ord_005349,1,prod_00164,sell_0090,25/01/2017 13:20,37.28,2.36
ord_005350,1,prod_00249,sell_0035,12/10/2018 15:27,88.63,12.42
ord_005351,1,prod_00532,sell_0206,24/12/2018 09:00,157.21,8.97
ord_005352,1,prod_00448,sell_0094,16/02/2017 14:33,112.99,7.03
ord_005352,2,prod_00752,sell_0163,18/02/2017 14:33,62.86,13.95
ord_005352,3,prod_00790,sell_0201,19/02/2017 14:33,113.14,20.67
ord_005353,1,prod_00275,sell_0076,24/08/2018 19:11,82.71,4.77
ord_005353,2,prod_00473,sell_0171,20/08/2018 19:11,30.69,2.1
ord_005353,3,prod_00623,sell_0158,21/08/2018 19:11,84.04,8.32
ord_005354,1,prod_00603,sell_0215,04/01/2019 09:35,124.9,7.73
ord_005355,1,prod_00770,sell_0134,03/10/2018 21:14,147.22,22.88
ord_005355,2,prod_00303,sell_0216,02/10/2018 21:14,23.6,5.21
ord_005356,1,prod_00248,sell_0212,09/04/2018 09:24,103.6,5.98
ord_005357,1,prod_00527,sell_0185,21/11/2018 16:37,91.06,9.26
ord_005358,1,prod_00234,sell_0077,16/08/2018 09:39,27.76,3.11
ord_005359,1,prod_00463,sell_0093,12/11/2017 13:01,264.46,62.95
ord_005360,1,prod_00041,sell_0108,18/09/2017 21:32,87.3,6.03
ord_005361,1,prod_00002,sell_0188,10/04/2018 12:48,96.58,19.49
ord_005362,1,prod_00019,sell_0247,05/01/2018 19:12,51.77,8.82
ord_005363,1,prod_00056,sell_0186,04/12/2017 22:31,30.38,4.67
ord_005364,1,prod_00744,sell_0181,06/08/2017 11:26,124.21,18.92
ord_005365,1,prod_00655,sell_0092,31/10/2018 10:50,49.99,10.81
ord_005366,1,prod_00702,sell_0161,13/08/2018 12:26,100.75,15.28
ord_005367,1,prod_00259,sell_0143,03/12/2017 09:56,64.11,5.52
ord_005368,1,prod_00003,sell_0234,30/09/2017 12:39,145.79,25.44
ord_005368,2,prod_00644,sell_0093,29/09/2017 12:39,48.99,3.15
ord_005369,1,prod_00784,sell_0247,14/06/2017 13:33,114.29,21.25
ord_005369,2,prod_00148,sell_0099,12/06/2017 13:33,69.2,11.11
ord_005370,1,prod_00653,sell_0149,27/05/2017 16:17,29.06,3.1
ord_005370,2,prod_00772,sell_0093,30/05/2017 16:17,38.13,3.1
ord_005371,1,prod_00040,sell_0170,25/06/2018 14:35,32.56,2.03
ord_005372,1,prod_00685,sell_0098,27/05/2017 11:07,60.48,12.25
ord_005373,1,prod_00054,sell_0100,13/12/2018 10:24,106.85,16.32
ord_005374,1,prod_00627,sell_0046,31/10/2017 11:17,45.07,5.01
ord_005374,2,prod_00509,sell_0163,03/11/2017 11:17,111.91,25.48
ord_005375,1,prod_00280,sell_0224,12/02/2017 18:40,129.6,13.99
ord_005376,1,prod_00084,sell_0247,03/11/2018 22:45,113.65,22.86
ord_005377,1,prod_00097,sell_0101,29/12/2017 14:55,59.93,3.21
ord_005378,1,prod_00766,sell_0196,13/12/2017 21:13,155.46,25.73
ord_005379,1,prod_00441,sell_0235,03/06/2017 10:53,63.87,15.62
ord_005380,1,prod_00377,sell_0229,15/07/2018 21:50,46.34,4.36
ord_005380,2,prod_00246,sell_0248,16/07/2018 21:50,68.92,14
ord_005381,1,prod_00630,sell_0113,24/12/2017 14:51,139.28,8.19
ord_005382,1,prod_00681,sell_0188,16/10/2018 19:44,190.22,27.69
ord_005383,1,prod_00752,sell_0194,28/06/2018 17:16,141.88,27.23
ord_005384,1,prod_00504,sell_0053,16/11/2018 19:52,23.82,1.49
ord_005385,1,prod_00282,sell_0183,20/06/2018 21:35,55.46,10.11
ord_005386,1,prod_00238,sell_0231,20/09/2018 08:44,115.77,19.82
ord_005387,1,prod_00085,sell_0213,04/08/2018 11:12,91.33,11.03
ord_005388,1,prod_00780,sell_0100,08/03/2018 09:09,61.8,12.85
ord_005388,2,prod_00304,sell_0198,07/03/2018 09:09,58.6,7.03
ord_005389,1,prod_00449,sell_0133,31/07/2018 15:16,80.74,10.45
ord_005390,1,prod_00383,sell_0141,19/07/2018 13:30,61.27,12.86
ord_005391,1,prod_00427,sell_0163,15/01/2017 15:24,181.69,29.06
ord_005392,1,prod_00468,sell_0148,08/08/2018 14:53,191.67,17.7
ord_005393,1,prod_00604,sell_0143,22/10/2017 12:00,42.75,6.4
ord_005394,1,prod_00086,sell_0075,01/05/2018 20:04,56.49,11.84
ord_005395,1,prod_00172,sell_0184,26/05/2017 19:19,93.02,16.69
ord_005396,1,prod_00641,sell_0049,08/02/2017 20:10,328.69,37.18
ord_005396,2,prod_00359,sell_0228,08/02/2017 20:10,41.15,3.87
ord_005397,1,prod_00615,sell_0133,27/01/2017 10:24,8.52,1.5
ord_005398,1,prod_00198,sell_0090,13/07/2017 14:43,228.72,54.15
ord_005399,1,prod_00516,sell_0143,02/02/2017 17:59,24.21,3.17
ord_005400,1,prod_00301,sell_0023,21/06/2017 18:12,58.92,8.95
ord_005401,1,prod_00494,sell_0169,13/05/2018 09:15,84.07,8.42
ord_005402,1,prod_00196,sell_0165,23/01/2018 22:46,34,5.46
ord_005403,1,prod_00783,sell_0035,27/12/2018 19:16,34.85,6.39
ord_005403,2,prod_00460,sell_0032,27/12/2018 19:16,57.74,3.88
ord_005404,1,prod_00238,sell_0159,09/10/2018 15:42,49.46,10.54
ord_005405,1,prod_00502,sell_0099,05/07/2017 22:35,64.96,3.66
ord_005406,1,prod_00073,sell_0074,04/02/2018 08:51,30.84,4.9
ord_005407,1,prod_00310,sell_0165,17/02/2018 22:02,36.7,3.76
ord_005408,1,prod_00229,sell_0090,26/12/2017 13:58,22.98,4.98
ord_005409,1,prod_00540,sell_0083,04/04/2018 22:57,46.03,7.6
ord_005410,1,prod_00154,sell_0195,24/07/2018 22:01,82.59,9.37
ord_005411,1,prod_00285,sell_0023,06/07/2018 10:29,55.27,12.32
ord_005412,1,prod_00611,sell_0188,21/12/2017 17:24,104.35,19.29
ord_005413,1,prod_00557,sell_0005,13/08/2018 12:15,77.65,16.38
ord_005414,1,prod_00388,sell_0134,11/11/2017 17:58,292.27,64.78
ord_005415,1,prod_00311,sell_0019,26/10/2018 20:10,100.69,19.64
ord_005416,1,prod_00781,sell_0130,20/12/2018 10:15,41.26,6.97
ord_005417,1,prod_00686,sell_0013,16/11/2017 18:00,33.13,6.08
ord_005418,1,prod_00300,sell_0184,27/09/2018 18:34,74.7,16.57
ord_005419,1,prod_00720,sell_0155,14/10/2018 17:51,56.81,13.41
ord_005420,1,prod_00219,sell_0105,28/03/2018 16:37,27.22,5.03
ord_005421,1,prod_00015,sell_0200,03/05/2017 15:39,24.77,5.77
ord_005422,1,prod_00704,sell_0085,26/09/2018 13:03,16.45,2.67
ord_005423,1,prod_00313,sell_0006,28/01/2018 08:42,30.5,2.05
ord_005424,1,prod_00662,sell_0071,02/09/2017 17:24,72.99,11.79
ord_005425,1,prod_00653,sell_0186,27/06/2018 19:28,144.92,33.74
ord_005426,1,prod_00205,sell_0058,19/02/2018 11:35,92.51,19.32
ord_005427,1,prod_00179,sell_0111,28/04/2017 13:58,29.86,4.21
ord_005428,1,prod_00051,sell_0197,26/12/2018 18:44,40.62,9.68
ord_005429,1,prod_00445,sell_0134,02/10/2017 18:41,73,13.72
ord_005430,1,prod_00226,sell_0188,10/04/2018 19:25,106.45,13.49
ord_005431,1,prod_00662,sell_0194,19/07/2018 20:02,41.38,6.46
ord_005432,1,prod_00457,sell_0184,03/06/2017 17:32,24.16,2.1
ord_005433,1,prod_00449,sell_0073,01/09/2018 08:39,37.93,3.13
ord_005433,2,prod_00485,sell_0107,03/09/2018 08:39,55.33,12.19
ord_005434,1,prod_00506,sell_0105,08/07/2018 08:42,92.74,22.76
ord_005435,1,prod_00401,sell_0235,29/03/2018 15:36,70.81,10.35
ord_005436,1,prod_00577,sell_0068,21/04/2018 17:18,132.62,21
ord_005437,1,prod_00003,sell_0042,10/12/2018 17:13,114.1,20.44
ord_005438,1,prod_00589,sell_0174,26/11/2018 19:05,71.26,9.64
ord_005439,1,prod_00747,sell_0042,28/05/2017 10:42,46.86,4.57
ord_005440,1,prod_00615,sell_0206,02/01/2018 08:58,72.38,9.65
ord_005440,2,prod_00377,sell_0144,31/12/2017 08:58,54.43,8.51
ord_005441,1,prod_00483,sell_0026,16/04/2018 08:31,176.2,19.67
ord_005442,1,prod_00289,sell_0240,29/11/2018 22:40,67.12,8.38
ord_005443,1,prod_00572,sell_0155,16/10/2018 17:41,66.99,14.17
ord_005443,2,prod_00371,sell_0070,14/10/2018 17:41,45.95,10.13
ord_005444,1,prod_00260,sell_0204,15/01/2018 18:09,87.45,17.39
ord_005445,1,prod_00581,sell_0135,21/11/2018 12:11,37.36,5.14
ord_005446,1,prod_00783,sell_0141,07/01/2018 11:12,59.09,11.34
ord_005447,1,prod_00189,sell_0121,26/10/2017 17:55,29.64,2.6
ord_005448,1,prod_00328,sell_0075,12/06/2018 16:00,30.93,2.99
ord_005449,1,prod_00152,sell_0055,23/12/2017 18:32,105.66,16.67
ord_005450,1,prod_00255,sell_0113,24/06/2018 19:22,84.34,18.13
ord_005451,1,prod_00304,sell_0154,01/02/2018 14:39,80.39,18.69
ord_005452,1,prod_00671,sell_0035,30/09/2018 18:13,53.62,6.24
ord_005452,2,prod_00531,sell_0243,30/09/2018 18:13,44.02,4.87
ord_005453,1,prod_00038,sell_0189,11/12/2018 16:57,38.44,7.43
ord_005453,2,prod_00665,sell_0231,12/12/2018 16:57,21.42,3.07
ord_005454,1,prod_00182,sell_0142,25/10/2017 08:19,24.08,1.83
ord_005455,1,prod_00598,sell_0186,12/04/2018 16:55,34.68,7.77
ord_005456,1,prod_00115,sell_0034,24/08/2018 22:35,66.11,12.37
ord_005457,1,prod_00333,sell_0049,17/07/2017 16:24,42.58,10.37
ord_005458,1,prod_00372,sell_0072,05/10/2018 14:44,64.34,8.22
ord_005459,1,prod_00153,sell_0011,30/05/2018 16:33,67.4,15.76
ord_005460,1,prod_00311,sell_0156,09/07/2017 20:08,145.02,8.49
ord_005460,2,prod_00492,sell_0031,04/07/2017 20:08,38.32,6.26
ord_005461,1,prod_00351,sell_0205,13/11/2018 22:42,131,24.94
ord_005462,1,prod_00354,sell_0032,12/02/2018 16:34,52.11,10.57
ord_005463,1,prod_00497,sell_0038,01/08/2017 16:33,105.1,9.32
ord_005464,1,prod_00656,sell_0202,19/08/2017 13:44,58.41,6.84
ord_005465,1,prod_00379,sell_0043,25/09/2018 11:39,24.01,5.52
ord_005466,1,prod_00685,sell_0067,05/12/2018 15:21,31.64,5.95
ord_005467,1,prod_00203,sell_0043,06/01/2018 20:19,195.27,26.5
ord_005467,2,prod_00277,sell_0176,05/01/2018 20:19,45.66,5.47
ord_005468,1,prod_00040,sell_0215,23/04/2017 17:15,99.35,20.74
ord_005469,1,prod_00143,sell_0117,13/05/2017 11:34,73.68,6.54
ord_005469,2,prod_00295,sell_0245,16/05/2017 11:34,81.63,8.52
ord_005470,1,prod_00576,sell_0083,12/07/2018 22:17,46.75,7.86
ord_005471,1,prod_00335,sell_0068,02/01/2018 09:07,95.09,8.36
ord_005471,2,prod_00598,sell_0119,01/01/2018 09:07,55.33,10.77
ord_005472,1,prod_00233,sell_0088,13/02/2018 15:46,71.88,15.18
ord_005473,1,prod_00032,sell_0185,05/12/2017 18:12,94.52,15.28
ord_005474,1,prod_00572,sell_0030,14/03/2018 20:09,73.2,5.15
ord_005475,1,prod_00284,sell_0201,03/07/2018 16:50,97.26,5.01
ord_005476,1,prod_00754,sell_0076,02/05/2018 20:42,167.62,23.24
ord_005477,1,prod_00549,sell_0160,24/07/2017 12:45,182.6,37.01
ord_005478,1,prod_00627,sell_0107,27/03/2018 13:21,195.41,41.1
ord_005479,1,prod_00554,sell_0095,07/03/2018 15:37,74.09,9.16
ord_005480,1,prod_00599,sell_0022,03/05/2018 11:55,96.62,17.82
ord_005481,1,prod_00572,sell_0174,26/05/2017 21:16,223.65,48.04
ord_005482,1,prod_00740,sell_0117,10/07/2017 11:04,71.82,12.74
ord_005483,1,prod_00047,sell_0123,22/04/2018 14:10,58.99,8.1
ord_005484,1,prod_00507,sell_0132,28/10/2017 21:53,343.03,52.11
ord_005485,1,prod_00634,sell_0016,27/06/2018 20:16,72.71,6.02
ord_005485,2,prod_00297,sell_0155,27/06/2018 20:16,62.85,7.17
ord_005486,1,prod_00556,sell_0149,03/01/2018 18:29,58.12,12.04
ord_005487,1,prod_00170,sell_0011,15/09/2017 12:32,57.41,14.31
ord_005488,1,prod_00203,sell_0103,12/07/2018 10:57,12.51,0.7
ord_005488,2,prod_00271,sell_0053,14/07/2018 10:57,51.54,6.81
ord_005489,1,prod_00136,sell_0116,20/01/2018 10:18,143.91,25.31
ord_005490,1,prod_00702,sell_0168,14/07/2017 11:31,163.44,26.03
ord_005491,1,prod_00243,sell_0128,12/10/2018 18:57,230.07,15.98
ord_005492,1,prod_00644,sell_0238,15/02/2018 13:12,27.19,3.74
ord_005493,1,prod_00337,sell_0080,01/12/2018 08:35,45.47,9.58
ord_005494,1,prod_00503,sell_0132,16/08/2017 22:03,58.38,10.44
ord_005494,2,prod_00326,sell_0232,16/08/2017 22:03,49.33,11.34
ord_005495,1,prod_00256,sell_0229,16/11/2018 22:15,25.89,5.49
ord_005496,1,prod_00544,sell_0135,15/10/2018 21:04,157.67,21.13
ord_005497,1,prod_00782,sell_0054,22/05/2017 21:19,49.88,5.65
ord_005498,1,prod_00422,sell_0095,26/04/2018 12:12,274.03,39.94
ord_005499,1,prod_00504,sell_0233,13/07/2018 10:47,110.78,22.98
ord_005499,2,prod_00072,sell_0054,13/07/2018 10:47,30.66,2.66
ord_005500,1,prod_00168,sell_0114,31/03/2018 09:27,133.12,24.58
ord_005501,1,prod_00232,sell_0005,15/01/2018 22:24,104.63,10.42
ord_005502,1,prod_00614,sell_0129,08/12/2018 20:41,73.11,11.38
ord_005503,1,prod_00773,sell_0157,06/08/2018 19:56,63.95,15.82
ord_005504,1,prod_00166,sell_0094,19/12/2018 09:18,23.79,3.3
ord_005505,1,prod_00299,sell_0009,30/10/2018 12:04,111.2,15.33
ord_005506,1,prod_00204,sell_0000,15/10/2018 09:06,105.29,5.39
ord_005507,1,prod_00359,sell_0233,23/08/2018 22:51,51.92,11.31
ord_005508,1,prod_00176,sell_0051,09/07/2018 16:50,43.45,3.97
ord_005509,1,prod_00673,sell_0188,20/11/2018 13:28,126.72,13.33
ord_005510,1,prod_00019,sell_0092,14/06/2018 21:08,102.33,22.1
ord_005511,1,prod_00475,sell_0237,18/04/2017 10:31,43.65,8.12
ord_005511,2,prod_00158,sell_0038,16/04/2017 10:31,37.6,8.92
ord_005512,1,prod_00028,sell_0008,26/05/2018 11:40,68.14,7.68
ord_005513,1,prod_00733,sell_0169,20/05/2017 17:19,63.72,15.73
ord_005514,1,prod_00406,sell_0001,07/12/2018 09:04,22.7,1.33
ord_005515,1,prod_00050,sell_0177,08/07/2018 14:19,29.82,6.8
ord_005516,1,prod_00316,sell_0246,11/05/2018 08:41,41.71,3.65
ord_005517,1,prod_00373,sell_0223,20/08/2017 22:58,99.1,22.55
ord_005518,1,prod_00473,sell_0037,16/04/2018 09:11,78.06,17.63
ord_005519,1,prod_00484,sell_0203,13/12/2017 14:54,126.86,19.8
ord_005519,2,prod_00424,sell_0120,08/12/2017 14:54,27.75,3.34
ord_005520,1,prod_00365,sell_0040,22/07/2018 16:27,42.88,9.88
ord_005520,2,prod_00186,sell_0176,25/07/2018 16:27,54.88,3.76
ord_005521,1,prod_00379,sell_0235,12/06/2018 21:39,40.73,4.81
ord_005522,1,prod_00488,sell_0173,04/04/2018 22:51,67.17,14.52
ord_005523,1,prod_00066,sell_0060,12/10/2017 22:33,177.84,36.43
ord_005524,1,prod_00128,sell_0223,23/04/2018 13:03,112.27,18.91
ord_005524,2,prod_00281,sell_0124,20/04/2018 13:03,48.72,11.06
ord_005525,1,prod_00434,sell_0087,06/03/2018 18:15,23.31,3.46
ord_005526,1,prod_00493,sell_0066,31/10/2018 08:48,110.27,18.46
ord_005526,2,prod_00025,sell_0199,03/11/2018 08:48,172.16,18.45
ord_005527,1,prod_00382,sell_0234,24/11/2018 14:33,111.18,19.89
ord_005527,2,prod_00247,sell_0186,24/11/2018 14:33,59.62,8.54
ord_005527,3,prod_00149,sell_0122,23/11/2018 14:33,46.65,3.28
ord_005528,1,prod_00163,sell_0040,09/09/2018 19:19,85.46,14.94
ord_005529,1,prod_00106,sell_0143,27/11/2017 20:34,88.25,20.03
ord_005529,2,prod_00539,sell_0110,30/11/2017 20:34,105.44,7.53
ord_005530,1,prod_00677,sell_0074,26/02/2017 16:16,26.98,2.41
ord_005531,1,prod_00733,sell_0190,29/11/2018 19:14,144.57,28.07
ord_005532,1,prod_00011,sell_0172,01/01/2019 17:49,51.29,4.63
ord_005533,1,prod_00768,sell_0048,15/06/2017 09:24,47.38,3.59
ord_005534,1,prod_00462,sell_0244,29/07/2018 18:16,54.35,3.31
ord_005535,1,prod_00671,sell_0048,09/02/2018 08:24,48.27,9.37
ord_005535,2,prod_00462,sell_0158,12/02/2018 08:24,29.17,5.84
ord_005536,1,prod_00537,sell_0067,08/07/2017 15:55,43.08,2.97
ord_005537,1,prod_00005,sell_0167,03/01/2019 20:10,28.49,5.93
ord_005538,1,prod_00460,sell_0213,04/12/2018 12:11,79.82,10.19
ord_005539,1,prod_00439,sell_0190,26/12/2018 21:21,36.28,7.4
ord_005540,1,prod_00326,sell_0058,30/06/2017 21:03,65.18,6.77
ord_005541,1,prod_00274,sell_0163,01/04/2018 16:04,99.74,5.29
ord_005542,1,prod_00592,sell_0223,25/11/2018 16:00,152.62,14.33
ord_005543,1,prod_00620,sell_0214,26/07/2018 10:08,21.36,2.76
ord_005543,2,prod_00595,sell_0201,23/07/2018 10:08,79.01,15.61
ord_005544,1,prod_00028,sell_0003,16/02/2018 18:38,77.57,10.07
ord_005545,1,prod_00210,sell_0130,16/04/2018 16:11,139.05,24.55
ord_005546,1,prod_00244,sell_0179,28/02/2017 11:22,54.15,9.12
ord_005546,2,prod_00540,sell_0032,01/03/2017 11:22,86.64,18.09
ord_005546,3,prod_00358,sell_0198,01/03/2017 11:22,53.44,5.73
ord_005547,1,prod_00450,sell_0246,17/06/2018 22:42,52.27,6.69
ord_005547,2,prod_00605,sell_0152,13/06/2018 22:42,53.89,12.03
ord_005548,1,prod_00590,sell_0129,09/11/2018 08:01,90.27,13.31
ord_005549,1,prod_00165,sell_0025,08/01/2017 13:12,55.6,13.27
ord_005550,1,prod_00041,sell_0212,17/07/2017 14:59,46.83,8.56
ord_005551,1,prod_00302,sell_0169,16/04/2018 10:35,30.57,4.39
ord_005552,1,prod_00797,sell_0055,15/05/2018 15:39,79.33,15.13
ord_005553,1,prod_00182,sell_0057,11/12/2017 16:30,258.47,52.45
ord_005554,1,prod_00154,sell_0193,12/02/2017 12:57,55.19,4.14
ord_005555,1,prod_00256,sell_0234,03/09/2018 12:08,148.2,27.35
ord_005556,1,prod_00636,sell_0213,01/10/2017 09:04,28.59,4.81
ord_005557,1,prod_00757,sell_0235,05/07/2018 13:48,263.24,27.47
ord_005558,1,prod_00222,sell_0225,15/05/2018 10:00,191.3,27.87
ord_005559,1,prod_00352,sell_0159,14/02/2018 15:33,43.45,6.94
ord_005560,1,prod_00028,sell_0245,01/06/2018 16:00,73.62,13.1
ord_005561,1,prod_00278,sell_0171,03/08/2018 11:20,165.7,19.76
ord_005562,1,prod_00031,sell_0128,24/05/2018 19:39,52.32,7.2
ord_005563,1,prod_00498,sell_0236,15/05/2018 20:32,171.98,34.55
ord_005564,1,prod_00700,sell_0226,18/02/2018 14:33,28.45,6.1
ord_005564,2,prod_00513,sell_0002,18/02/2018 14:33,28.95,4.16
ord_005565,1,prod_00731,sell_0183,17/02/2018 13:09,124.99,28.16
ord_005566,1,prod_00668,sell_0179,30/03/2018 16:17,43.36,3.72
ord_005567,1,prod_00401,sell_0058,01/03/2018 11:42,61.33,12.37
ord_005568,1,prod_00420,sell_0116,23/02/2018 08:01,18.32,3.68
ord_005569,1,prod_00476,sell_0082,06/09/2017 13:35,146.99,24.47
ord_005570,1,prod_00001,sell_0105,25/08/2018 20:31,72.56,4.53
ord_005571,1,prod_00268,sell_0172,22/06/2017 11:20,25.85,2.89
ord_005572,1,prod_00714,sell_0081,25/11/2018 13:20,130.73,27.7
ord_005573,1,prod_00304,sell_0021,25/06/2018 18:47,77.4,4.51
ord_005574,1,prod_00295,sell_0109,16/03/2017 18:22,44.66,2.71
ord_005575,1,prod_00769,sell_0027,13/07/2018 12:04,49.22,6.1
ord_005575,2,prod_00400,sell_0048,16/07/2018 12:04,227.35,50.43
ord_005576,1,prod_00340,sell_0054,27/12/2017 19:57,152.82,27.36
ord_005577,1,prod_00137,sell_0137,01/12/2018 08:07,86.83,9.14
ord_005578,1,prod_00442,sell_0095,05/12/2018 11:47,165.14,12.06
ord_005579,1,prod_00153,sell_0127,01/11/2018 11:00,42.31,2.79
ord_005580,1,prod_00484,sell_0226,17/05/2018 13:21,28.85,6.28
ord_005581,1,prod_00167,sell_0172,28/11/2018 13:30,283.12,46.44
ord_005581,2,prod_00421,sell_0006,30/11/2018 13:30,23.52,4.85
ord_005581,3,prod_00712,sell_0197,29/11/2018 13:30,103.2,18.35
ord_005582,1,prod_00651,sell_0078,09/07/2018 11:01,149.96,18.26
ord_005583,1,prod_00107,sell_0191,13/11/2018 09:44,124.18,20.96
ord_005584,1,prod_00383,sell_0062,16/07/2017 17:15,36.03,5.41
ord_005585,1,prod_00080,sell_0152,24/11/2018 22:32,76.62,7.27
ord_005586,1,prod_00013,sell_0073,19/07/2018 19:47,86.61,8.02
ord_005587,1,prod_00538,sell_0191,25/11/2017 12:35,70.77,11.09
ord_005588,1,prod_00556,sell_0100,04/01/2019 16:27,71.73,9.72
ord_005588,2,prod_00438,sell_0004,06/01/2019 16:27,131.93,13.51
ord_005589,1,prod_00297,sell_0093,31/07/2018 17:20,23.66,4.43
ord_005590,1,prod_00461,sell_0082,29/11/2018 09:02,81.23,8.92
ord_005591,1,prod_00021,sell_0151,15/01/2017 14:54,105.1,11.68
ord_005591,2,prod_00519,sell_0170,11/01/2017 14:54,94.74,21.5
ord_005592,1,prod_00715,sell_0109,06/05/2018 11:35,103.91,14.13
ord_005593,1,prod_00669,sell_0057,14/08/2018 10:37,41.51,4.16
ord_005594,1,prod_00295,sell_0228,23/01/2017 10:26,479.65,51.98
ord_005595,1,prod_00614,sell_0094,14/09/2018 20:22,54.58,9.48
ord_005596,1,prod_00466,sell_0240,11/07/2018 22:02,103.69,5.26
ord_005597,1,prod_00590,sell_0132,27/10/2017 09:10,60.83,14.11
ord_005598,1,prod_00019,sell_0135,02/08/2018 11:25,22.58,1.45
ord_005599,1,prod_00164,sell_0044,20/06/2017 21:14,183.7,14.76
ord_005600,1,prod_00240,sell_0214,15/10/2018 13:02,24.75,5.64
ord_005601,1,prod_00252,sell_0081,10/11/2018 18:32,174.13,43.07
ord_005602,1,prod_00504,sell_0199,28/03/2018 08:27,28.29,4.55
ord_005602,2,prod_00744,sell_0152,26/03/2018 08:27,55.89,12.69
ord_005603,1,prod_00498,sell_0099,09/04/2018 11:25,41.13,8.39
ord_005604,1,prod_00550,sell_0011,24/01/2018 12:47,103.77,18.16
ord_005604,2,prod_00284,sell_0177,24/01/2018 12:47,145.77,28.4
ord_005605,1,prod_00162,sell_0098,13/12/2017 08:35,106.23,26.09
ord_005606,1,prod_00323,sell_0028,14/11/2018 19:00,73.8,18.14
ord_005607,1,prod_00738,sell_0220,23/11/2017 21:45,103.36,24.28
ord_005608,1,prod_00726,sell_0167,28/01/2018 12:28,13.44,2.8
ord_005609,1,prod_00363,sell_0248,19/11/2017 18:31,117.08,5.91
ord_005609,2,prod_00427,sell_0085,20/11/2017 18:31,106.16,14.27
ord_005610,1,prod_00453,sell_0218,16/07/2018 19:53,100.81,12.4
ord_005610,2,prod_00397,sell_0235,13/07/2018 19:53,52.25,8.29
ord_005611,1,prod_00087,sell_0238,10/10/2018 13:06,500.45,97.53
ord_005612,1,prod_00689,sell_0235,22/07/2017 14:35,91.68,21.84
ord_005613,1,prod_00680,sell_0247,13/10/2017 19:16,89.94,20.8
ord_005614,1,prod_00178,sell_0112,17/05/2017 21:02,38.17,2.22
ord_005615,1,prod_00661,sell_0238,17/07/2017 16:26,10.65,2.09
ord_005616,1,prod_00587,sell_0175,29/01/2018 18:17,75.96,15.9
ord_005617,1,prod_00552,sell_0065,21/09/2018 21:00,94.4,4.87
ord_005617,2,prod_00233,sell_0059,19/09/2018 21:00,89.1,14.27
ord_005617,3,prod_00489,sell_0098,19/09/2018 21:00,20.93,1.57
ord_005618,1,prod_00371,sell_0243,30/04/2018 20:29,32.79,2.28
ord_005619,1,prod_00092,sell_0089,22/03/2017 15:18,123.43,19.63
ord_005620,1,prod_00379,sell_0097,23/06/2018 13:26,191.21,18.5
ord_005620,2,prod_00443,sell_0133,27/06/2018 13:26,127.52,12.75
ord_005621,1,prod_00558,sell_0171,03/10/2018 12:00,49.33,12.23
ord_005622,1,prod_00695,sell_0130,21/01/2018 14:24,102.72,9.74
ord_005622,2,prod_00609,sell_0016,19/01/2018 14:24,20.13,2.92
ord_005623,1,prod_00201,sell_0190,03/10/2017 18:28,83.56,11.76
ord_005624,1,prod_00426,sell_0154,16/09/2018 16:27,210.69,19.38
ord_005625,1,prod_00667,sell_0120,08/02/2017 14:43,58.34,5.17
ord_005626,1,prod_00394,sell_0220,12/10/2018 18:59,35.41,3.41
ord_005627,1,prod_00710,sell_0152,05/10/2018 15:01,43.94,3.97
ord_005628,1,prod_00375,sell_0197,19/11/2018 16:23,87.97,6.56
ord_005629,1,prod_00728,sell_0132,01/05/2017 09:51,19.47,2.3
ord_005630,1,prod_00377,sell_0027,26/05/2017 17:37,84.52,7.33
ord_005630,2,prod_00736,sell_0197,22/05/2017 17:37,129.05,25.5
ord_005631,1,prod_00321,sell_0151,13/11/2018 17:59,67.41,14.47
ord_005632,1,prod_00134,sell_0191,21/03/2018 18:42,38.66,7.96
ord_005633,1,prod_00312,sell_0013,16/01/2018 19:43,73.84,7.87
ord_005634,1,prod_00010,sell_0098,21/05/2018 18:04,180.54,38.03
ord_005635,1,prod_00136,sell_0223,25/03/2017 14:16,24.61,2.81
ord_005636,1,prod_00146,sell_0105,05/07/2018 21:35,76.13,15.45
ord_005637,1,prod_00231,sell_0119,09/12/2018 15:31,65.69,10.52
ord_005638,1,prod_00270,sell_0079,26/07/2018 18:45,93.98,14.34
ord_005639,1,prod_00104,sell_0226,13/03/2018 11:59,137.59,12.38
ord_005640,1,prod_00043,sell_0209,18/12/2018 19:12,98.16,23.22
ord_005641,1,prod_00201,sell_0215,02/08/2018 17:25,58.11,8.65
ord_005642,1,prod_00377,sell_0185,25/03/2017 13:52,40.95,5.79
ord_005642,2,prod_00755,sell_0162,25/03/2017 13:52,43.72,7.58
ord_005643,1,prod_00057,sell_0009,21/07/2018 12:50,197.83,45.1
ord_005644,1,prod_00057,sell_0184,27/03/2017 17:49,23.84,2.53
ord_005645,1,prod_00181,sell_0109,25/11/2017 19:37,50.42,12.56
ord_005646,1,prod_00653,sell_0202,18/06/2018 10:59,75.84,16.9
ord_005647,1,prod_00773,sell_0094,11/09/2017 17:21,62.68,12.93
ord_005648,1,prod_00482,sell_0205,02/03/2017 11:06,48.26,4.22
ord_005649,1,prod_00160,sell_0067,19/06/2018 12:07,74.71,18.09
ord_005650,1,prod_00702,sell_0100,10/11/2017 21:26,56.79,5.88
ord_005651,1,prod_00080,sell_0027,27/04/2018 17:48,193.99,42.92
ord_005652,1,prod_00080,sell_0185,18/10/2017 22:27,78.32,18.05
ord_005653,1,prod_00323,sell_0065,30/07/2018 08:36,15.74,1.92
ord_005654,1,prod_00774,sell_0244,24/11/2018 22:21,74.2,12.45
ord_005655,1,prod_00712,sell_0198,28/04/2017 09:42,67.26,13.04
ord_005656,1,prod_00226,sell_0144,24/09/2018 17:09,73.78,11.59
ord_005657,1,prod_00320,sell_0061,14/07/2017 08:31,23.81,5.87
ord_005657,2,prod_00517,sell_0164,13/07/2017 08:31,51.75,7.16
ord_005658,1,prod_00423,sell_0241,01/12/2017 10:11,137.06,27.19
ord_005659,1,prod_00178,sell_0227,24/12/2017 12:28,53.76,4.32
ord_005660,1,prod_00035,sell_0232,30/08/2017 20:25,157.72,21
ord_005661,1,prod_00412,sell_0124,18/04/2017 20:36,64.69,7.78
ord_005662,1,prod_00558,sell_0108,18/09/2018 13:30,74.76,13.71
ord_005663,1,prod_00273,sell_0171,29/09/2018 10:58,84.41,18.9
ord_005664,1,prod_00524,sell_0148,06/01/2019 12:54,60.72,13.39
ord_005664,2,prod_00705,sell_0177,04/01/2019 12:54,45.93,10.85
ord_005665,1,prod_00114,sell_0169,02/12/2018 17:17,99.05,13
ord_005666,1,prod_00268,sell_0059,20/02/2018 15:07,28.97,6.06
ord_005667,1,prod_00146,sell_0191,20/06/2017 17:03,51.81,8.05
ord_005668,1,prod_00558,sell_0112,24/01/2017 17:11,150.82,20.23
ord_005668,2,prod_00050,sell_0067,19/01/2017 17:11,63.71,5.87
ord_005668,3,prod_00248,sell_0099,24/01/2017 17:11,20.76,2.24
ord_005669,1,prod_00577,sell_0175,28/04/2018 09:13,39.65,7.39
ord_005669,2,prod_00041,sell_0063,28/04/2018 09:13,178.83,30.47
ord_005669,3,prod_00667,sell_0108,28/04/2018 09:13,46.24,7.04
ord_005670,1,prod_00120,sell_0142,05/11/2018 09:53,116.24,9.18
ord_005670,2,prod_00683,sell_0169,05/11/2018 09:53,112.98,11.43
ord_005671,1,prod_00640,sell_0013,22/10/2017 22:55,234.65,18.8
ord_005672,1,prod_00790,sell_0134,23/08/2017 18:13,82.23,14.36
ord_005673,1,prod_00695,sell_0070,21/02/2018 19:45,48.86,9.13
ord_005674,1,prod_00678,sell_0015,23/11/2018 11:50,24.3,5.05
ord_005675,1,prod_00157,sell_0017,02/03/2018 22:22,106.34,21.61
ord_005676,1,prod_00695,sell_0096,23/08/2018 16:52,92.59,10.05
ord_005677,1,prod_00379,sell_0094,09/03/2018 11:59,188.2,39.65
ord_005678,1,prod_00550,sell_0080,05/01/2018 12:58,33.77,6.28
ord_005679,1,prod_00744,sell_0222,21/02/2018 11:44,85.61,12.82
ord_005680,1,prod_00597,sell_0118,15/09/2018 15:22,44.17,10.91
ord_005681,1,prod_00612,sell_0026,09/09/2018 14:13,101.55,14.34
ord_005682,1,prod_00578,sell_0137,18/02/2018 18:59,88.45,14.31
ord_005683,1,prod_00178,sell_0145,22/10/2017 16:16,117.25,14
ord_005684,1,prod_00708,sell_0200,27/06/2017 18:26,82.67,6.86
ord_005685,1,prod_00468,sell_0091,08/01/2017 21:15,70.7,12.75
ord_005686,1,prod_00537,sell_0143,28/05/2017 15:29,143.67,14.99
ord_005687,1,prod_00103,sell_0234,23/07/2017 21:06,63.34,11.98
ord_005688,1,prod_00594,sell_0056,01/08/2018 17:48,66.83,10.5
ord_005688,2,prod_00566,sell_0095,03/08/2018 17:48,38.17,8.83
ord_005689,1,prod_00600,sell_0236,15/10/2018 13:30,42.03,3.68
ord_005690,1,prod_00482,sell_0118,31/08/2018 12:25,16.71,1.72
ord_005691,1,prod_00029,sell_0188,21/08/2018 22:21,154.82,19.48
ord_005692,1,prod_00373,sell_0109,31/12/2018 11:34,115,25.03
ord_005693,1,prod_00733,sell_0166,18/12/2018 15:46,109.16,15.75
ord_005694,1,prod_00709,sell_0106,22/10/2017 08:54,100.32,7.88
ord_005695,1,prod_00394,sell_0081,05/07/2017 18:50,67.56,14.81
ord_005696,1,prod_00519,sell_0240,11/07/2017 14:26,73.34,17.52
ord_005697,1,prod_00533,sell_0021,24/11/2018 13:50,21.89,2.31
ord_005698,1,prod_00167,sell_0220,19/05/2017 09:31,83.55,16.3
ord_005699,1,prod_00585,sell_0019,10/12/2017 11:38,53.14,11.32
ord_005700,1,prod_00641,sell_0074,22/04/2018 22:40,25.37,3.77
ord_005700,2,prod_00540,sell_0233,26/04/2018 22:40,57.47,13.81
ord_005701,1,prod_00546,sell_0137,16/06/2018 08:23,99.76,16.86
ord_005702,1,prod_00170,sell_0028,08/06/2018 08:29,138.58,34.3
ord_005703,1,prod_00269,sell_0180,27/09/2018 10:41,70.16,8.23
ord_005704,1,prod_00716,sell_0249,23/05/2018 16:18,45.74,8.99
ord_005704,2,prod_00034,sell_0066,22/05/2018 16:18,99.77,7.59
ord_005705,1,prod_00320,sell_0045,02/11/2018 20:44,85.85,6.26
ord_005705,2,prod_00709,sell_0111,31/10/2018 20:44,93.62,18.66
ord_005706,1,prod_00059,sell_0098,29/04/2017 17:21,49.48,7.1
ord_005707,1,prod_00196,sell_0118,05/11/2018 12:35,44.99,3.05
ord_005708,1,prod_00233,sell_0021,04/06/2018 19:50,164.2,27.51
ord_005709,1,prod_00214,sell_0001,12/09/2017 19:01,62.86,11.52
ord_005709,2,prod_00431,sell_0055,12/09/2017 19:01,110.23,10.86
ord_005710,1,prod_00403,sell_0063,24/12/2018 22:14,178.09,28.56
ord_005710,2,prod_00056,sell_0105,23/12/2018 22:14,54.49,12.86
ord_005710,3,prod_00726,sell_0094,23/12/2018 22:14,46.42,10.41
ord_005711,1,prod_00362,sell_0115,02/12/2018 08:33,18.52,1.63
ord_005712,1,prod_00385,sell_0074,28/10/2018 14:06,33.36,2.2
ord_005713,1,prod_00703,sell_0050,29/11/2018 11:12,231.62,14.81
ord_005713,2,prod_00048,sell_0094,29/11/2018 11:12,363.91,74.84
ord_005714,1,prod_00341,sell_0059,08/01/2018 14:44,242.35,38.11
ord_005715,1,prod_00554,sell_0055,18/09/2017 18:01,88.13,9.82
ord_005716,1,prod_00795,sell_0033,11/08/2017 10:36,66.49,4.29
ord_005716,2,prod_00187,sell_0181,06/08/2017 10:36,347.84,19.53
ord_005717,1,prod_00582,sell_0090,14/11/2018 20:02,152.42,17.61
ord_005717,2,prod_00635,sell_0061,14/11/2018 20:02,55.32,11.3
ord_005718,1,prod_00247,sell_0240,19/10/2018 13:06,22.6,5.56
ord_005719,1,prod_00608,sell_0153,28/12/2018 15:23,87.27,14.19
ord_005719,2,prod_00599,sell_0105,26/12/2018 15:23,144.97,26.43
ord_005720,1,prod_00737,sell_0022,31/10/2018 10:57,85.17,4.59
ord_005721,1,prod_00499,sell_0126,30/06/2018 19:32,29.36,6.62
ord_005722,1,prod_00469,sell_0037,28/06/2017 19:18,160.43,28.31
ord_005723,1,prod_00449,sell_0031,20/07/2017 22:24,68.42,12.79
ord_005723,2,prod_00016,sell_0082,23/07/2017 22:24,228.64,19.12
ord_005724,1,prod_00701,sell_0207,20/03/2018 13:34,146.07,20.04
ord_005725,1,prod_00543,sell_0172,14/09/2018 16:37,72.78,10.25
ord_005726,1,prod_00451,sell_0084,28/07/2017 20:16,192.84,16.22
ord_005727,1,prod_00796,sell_0203,28/11/2018 18:11,111.54,9.24
ord_005728,1,prod_00466,sell_0233,29/07/2018 11:29,24.46,3.8
ord_005729,1,prod_00260,sell_0049,28/11/2017 15:38,28.72,5.11
ord_005730,1,prod_00068,sell_0068,19/11/2018 10:48,146,9
ord_005731,1,prod_00538,sell_0058,06/06/2018 16:35,33.57,4
ord_005731,2,prod_00372,sell_0102,08/06/2018 16:35,35.67,4.35
ord_005732,1,prod_00174,sell_0096,29/08/2018 19:41,35.9,3.12
ord_005733,1,prod_00166,sell_0118,15/01/2018 14:29,44.39,2.37
ord_005734,1,prod_00453,sell_0190,19/01/2018 11:34,186.78,30.33
ord_005735,1,prod_00269,sell_0094,21/01/2017 11:38,124.16,29.68
ord_005736,1,prod_00474,sell_0155,28/04/2018 14:14,25.98,1.77
ord_005737,1,prod_00480,sell_0208,14/09/2018 15:56,687.33,170
ord_005738,1,prod_00663,sell_0174,19/12/2018 16:20,45.17,9.59
ord_005739,1,prod_00029,sell_0199,21/11/2018 14:36,74,16.58
ord_005740,1,prod_00535,sell_0051,30/04/2017 10:33,55.07,8.21
ord_005741,1,prod_00623,sell_0168,24/12/2018 08:51,65.39,14.8
ord_005741,2,prod_00300,sell_0086,24/12/2018 08:51,52.07,5.23
ord_005742,1,prod_00215,sell_0143,06/07/2017 17:06,97.04,16.24
ord_005743,1,prod_00561,sell_0080,05/03/2017 14:53,65.24,13.21
ord_005743,2,prod_00606,sell_0058,05/03/2017 14:53,83.92,4.87
ord_005744,1,prod_00143,sell_0237,06/09/2018 22:08,56.65,11.79
ord_005745,1,prod_00203,sell_0058,28/11/2018 12:08,69.38,12.42
ord_005745,2,prod_00772,sell_0199,26/11/2018 12:08,34.45,8.36
ord_005746,1,prod_00406,sell_0058,13/12/2018 13:51,180.95,38.12
ord_005747,1,prod_00795,sell_0187,19/10/2018 18:15,122.21,8.91
ord_005748,1,prod_00690,sell_0195,29/08/2017 12:36,56.5,7.9
ord_005749,1,prod_00490,sell_0092,12/07/2017 16:27,39.24,3.65
ord_005750,1,prod_00030,sell_0047,28/03/2017 14:56,188.27,23.23
ord_005751,1,prod_00387,sell_0164,27/05/2018 15:46,180.73,30.88
ord_005752,1,prod_00070,sell_0166,24/03/2018 22:20,137.98,7.5
ord_005753,1,prod_00327,sell_0117,23/05/2017 19:48,30.1,6.26
ord_005753,2,prod_00698,sell_0230,22/05/2017 19:48,209.92,38.14
ord_005754,1,prod_00521,sell_0079,13/03/2018 11:13,56.02,9.97
ord_005755,1,prod_00378,sell_0152,17/05/2018 10:36,12.97,2.78
ord_005756,1,prod_00356,sell_0182,21/08/2018 19:45,64.53,8.21
ord_005757,1,prod_00631,sell_0149,03/02/2018 13:42,131.28,32.25
ord_005758,1,prod_00267,sell_0160,27/11/2017 08:39,111.08,24.96
ord_005759,1,prod_00213,sell_0059,20/07/2018 15:49,62.07,11.46
ord_005760,1,prod_00648,sell_0025,30/07/2018 22:33,68.25,11.08
ord_005761,1,prod_00295,sell_0198,27/10/2017 17:55,118.81,8.6
ord_005761,2,prod_00702,sell_0128,25/10/2017 17:55,92.92,20.92
ord_005762,1,prod_00092,sell_0248,03/02/2017 13:08,80.34,10.72
ord_005763,1,prod_00748,sell_0224,08/12/2018 15:21,111.2,23.35
ord_005764,1,prod_00481,sell_0075,11/09/2018 17:46,100.39,15.22
ord_005765,1,prod_00102,sell_0006,27/08/2017 15:18,191.94,28.54
ord_005766,1,prod_00516,sell_0157,20/05/2018 16:26,58.86,12.48
ord_005766,2,prod_00679,sell_0089,16/05/2018 16:26,49.72,7.11
ord_005766,3,prod_00030,sell_0102,17/05/2018 16:26,264.2,28
ord_005767,1,prod_00412,sell_0224,03/06/2018 10:46,55.92,8.8
ord_005767,2,prod_00359,sell_0006,06/06/2018 10:46,43.74,5.32
ord_005768,1,prod_00180,sell_0118,13/06/2017 12:32,164.62,34.55
ord_005768,2,prod_00738,sell_0007,10/06/2017 12:32,74.11,6.73
ord_005769,1,prod_00024,sell_0124,16/08/2017 21:11,627.54,147.96
ord_005769,2,prod_00734,sell_0071,17/08/2017 21:11,146.2,29.65
ord_005770,1,prod_00155,sell_0249,14/12/2018 14:10,91.86,5.05
ord_005771,1,prod_00665,sell_0021,11/04/2018 14:18,390.99,21.52
ord_005772,1,prod_00148,sell_0077,15/08/2017 21:18,28.62,1.58
ord_005773,1,prod_00382,sell_0025,06/10/2018 17:08,63.1,8.89
ord_005774,1,prod_00237,sell_0082,12/03/2018 14:50,113.8,18.34
ord_005775,1,prod_00330,sell_0130,03/07/2018 18:16,63.2,3.61
ord_005776,1,prod_00323,sell_0087,18/11/2017 22:48,33.74,2.71
ord_005777,1,prod_00049,sell_0205,27/03/2017 14:58,120.72,23.39
ord_005778,1,prod_00600,sell_0239,25/07/2017 10:19,157.61,32.2
ord_005778,2,prod_00300,sell_0209,25/07/2017 10:19,14.75,1.09
ord_005779,1,prod_00094,sell_0033,21/12/2018 21:58,94.37,8.69
ord_005780,1,prod_00035,sell_0065,22/06/2018 20:11,234.12,35.58
ord_005780,2,prod_00292,sell_0125,23/06/2018 20:11,57.86,12.86
ord_005781,1,prod_00653,sell_0189,21/10/2018 11:38,135.72,14.48
ord_005782,1,prod_00756,sell_0055,03/02/2017 08:59,221.37,16.94
ord_005783,1,prod_00767,sell_0098,14/09/2018 22:48,60.49,6.18
ord_005784,1,prod_00552,sell_0135,22/03/2018 22:13,84.67,17.89
ord_005785,1,prod_00334,sell_0235,19/07/2018 21:15,89.13,9.35
ord_005786,1,prod_00056,sell_0137,20/12/2017 09:15,76.8,3.92
ord_005787,1,prod_00713,sell_0091,23/06/2018 19:56,34.35,4.62
ord_005788,1,prod_00060,sell_0114,26/02/2017 17:14,23.24,3.65
ord_005789,1,prod_00644,sell_0044,13/03/2017 17:30,35,4.31
ord_005789,2,prod_00447,sell_0066,10/03/2017 17:30,26.41,5.58
ord_005790,1,prod_00634,sell_0228,05/10/2018 15:20,39.54,2.18
ord_005791,1,prod_00759,sell_0118,08/06/2017 10:21,42.49,2.84
ord_005792,1,prod_00472,sell_0064,26/01/2017 21:24,106.38,11.05
ord_005793,1,prod_00708,sell_0119,29/11/2018 08:20,27.68,3.62
ord_005794,1,prod_00027,sell_0038,24/10/2017 14:35,102.47,18.49
ord_005795,1,prod_00592,sell_0213,26/05/2018 17:25,133.21,31.26
ord_005796,1,prod_00781,sell_0121,27/10/2018 10:26,20.55,5.02
ord_005797,1,prod_00120,sell_0148,05/09/2018 08:30,52.06,6.65
ord_005798,1,prod_00102,sell_0029,09/03/2017 14:21,103.14,18.56
ord_005799,1,prod_00341,sell_0198,16/05/2018 17:45,160.11,23.01
ord_005800,1,prod_00746,sell_0072,04/05/2018 11:30,141.81,23.71
ord_005801,1,prod_00156,sell_0191,15/12/2017 15:30,69.82,8.11
ord_005801,2,prod_00476,sell_0190,18/12/2017 15:30,110.21,22.55
ord_005801,3,prod_00450,sell_0027,18/12/2017 15:30,35.59,5.54
ord_005802,1,prod_00341,sell_0183,11/09/2018 14:12,123.32,10.68
ord_005802,2,prod_00667,sell_0138,08/09/2018 14:12,47.5,9.1
ord_005803,1,prod_00265,sell_0241,19/12/2018 10:01,54.96,7.71
ord_005804,1,prod_00022,sell_0060,04/07/2017 08:48,71,4.69
ord_005804,2,prod_00617,sell_0151,02/07/2017 08:48,41.2,7.46
ord_005805,1,prod_00669,sell_0053,05/07/2017 09:51,94.56,19.34
ord_005805,2,prod_00074,sell_0038,03/07/2017 09:51,41.92,5.1
ord_005806,1,prod_00796,sell_0072,29/08/2018 21:14,121.97,6.68
ord_005806,2,prod_00161,sell_0023,27/08/2018 21:14,6.88,0.92
ord_005807,1,prod_00716,sell_0100,03/03/2018 14:21,22.86,2.59
ord_005808,1,prod_00369,sell_0124,03/10/2018 13:21,101.71,19.27
ord_005809,1,prod_00333,sell_0195,28/06/2017 13:41,92.85,14.51
ord_005810,1,prod_00138,sell_0230,03/03/2017 14:11,228.33,29
ord_005811,1,prod_00487,sell_0090,05/08/2018 13:58,38.55,6.08
ord_005812,1,prod_00024,sell_0052,01/01/2019 22:03,17.47,4.26
ord_005812,2,prod_00434,sell_0115,01/01/2019 22:03,59.49,8.22
ord_005813,1,prod_00686,sell_0121,11/05/2017 16:58,204.68,13.84
ord_005814,1,prod_00146,sell_0205,11/11/2018 10:04,32.39,6.04
ord_005815,1,prod_00074,sell_0204,13/01/2018 11:19,19.51,1.59
ord_005816,1,prod_00332,sell_0084,28/01/2017 22:15,86.41,8
ord_005817,1,prod_00739,sell_0033,10/04/2018 12:15,67.34,9.96
ord_005818,1,prod_00408,sell_0186,01/11/2017 13:59,39.87,4.81
ord_005819,1,prod_00394,sell_0133,05/08/2018 09:27,90.76,13.01
ord_005820,1,prod_00386,sell_0193,10/11/2017 17:07,45.18,8.89
ord_005821,1,prod_00312,sell_0007,24/03/2018 08:58,25.59,3.67
ord_005822,1,prod_00100,sell_0157,28/08/2017 12:14,9.57,1.21
ord_005823,1,prod_00119,sell_0057,23/10/2018 13:04,130.62,20.17
ord_005824,1,prod_00721,sell_0193,30/11/2018 10:01,191.35,34.98
ord_005824,2,prod_00462,sell_0181,03/12/2018 10:01,71.82,9.63
ord_005825,1,prod_00383,sell_0128,23/01/2018 16:27,71.36,5.87
ord_005825,2,prod_00638,sell_0241,28/01/2018 16:27,210.33,33.26
ord_005825,3,prod_00790,sell_0210,28/01/2018 16:27,85.51,8.42
ord_005826,1,prod_00630,sell_0062,01/03/2018 12:55,54.56,2.9
ord_005826,2,prod_00388,sell_0026,28/02/2018 12:55,55.9,9.65
ord_005827,1,prod_00717,sell_0012,30/12/2018 12:01,47.63,2.66
ord_005827,2,prod_00126,sell_0239,29/12/2018 12:01,74.77,13.76
ord_005827,3,prod_00152,sell_0169,25/12/2018 12:01,29.32,1.49
ord_005828,1,prod_00449,sell_0171,26/06/2017 09:43,38.91,3.09
ord_005829,1,prod_00591,sell_0197,09/10/2018 15:15,93.15,14.93
ord_005830,1,prod_00188,sell_0118,20/05/2018 11:13,23.25,2.97
ord_005831,1,prod_00142,sell_0175,15/11/2018 14:42,68.66,14.6
ord_005832,1,prod_00439,sell_0225,16/11/2017 17:44,85.71,19.58
ord_005833,1,prod_00562,sell_0051,17/11/2017 08:33,71.48,6.85
ord_005834,1,prod_00562,sell_0223,03/12/2017 19:12,84.47,18.43
ord_005834,2,prod_00774,sell_0037,03/12/2017 19:12,93.01,19.37
ord_005835,1,prod_00579,sell_0189,29/01/2017 16:00,47.58,6.95
ord_005835,2,prod_00474,sell_0190,31/01/2017 16:00,166.14,8.93
ord_005836,1,prod_00712,sell_0041,25/07/2017 21:44,116.73,20.13
ord_005837,1,prod_00505,sell_0249,01/01/2019 17:35,165.04,21.37
ord_005838,1,prod_00665,sell_0118,05/10/2017 18:25,40.31,5.36
ord_005838,2,prod_00061,sell_0158,10/10/2017 18:25,74.66,18.63
ord_005839,1,prod_00268,sell_0143,02/02/2017 22:12,39.55,2.85
ord_005840,1,prod_00133,sell_0038,03/11/2017 20:45,51.57,6.52
ord_005841,1,prod_00224,sell_0066,31/01/2018 20:04,40.2,2.41
ord_005842,1,prod_00371,sell_0046,06/05/2018 14:38,43.6,3.05
ord_005843,1,prod_00669,sell_0154,09/04/2017 17:41,55.24,5.11
ord_005843,2,prod_00394,sell_0171,07/04/2017 17:41,52.14,9.71
ord_005844,1,prod_00639,sell_0060,30/09/2018 17:13,93.49,9.38
ord_005845,1,prod_00357,sell_0145,18/10/2018 20:28,108.29,12.71
ord_005845,2,prod_00282,sell_0179,19/10/2018 20:28,14.56,2.17
ord_005845,3,prod_00538,sell_0169,16/10/2018 20:28,145.42,29.51
ord_005846,1,prod_00367,sell_0112,05/09/2017 22:31,38.12,4.65
ord_005846,2,prod_00573,sell_0186,06/09/2017 22:31,83.31,15.36
ord_005847,1,prod_00178,sell_0013,02/10/2018 16:35,30.68,1.87
ord_005848,1,prod_00763,sell_0204,22/12/2017 21:54,84.16,19.7
ord_005848,2,prod_00582,sell_0129,22/12/2017 21:54,60.04,6.05
ord_005848,3,prod_00372,sell_0220,22/12/2017 21:54,39.96,6.49
ord_005849,1,prod_00121,sell_0185,11/02/2018 16:32,92.29,16.11
ord_005850,1,prod_00092,sell_0112,06/12/2018 08:04,28.22,5.37
ord_005850,2,prod_00791,sell_0146,02/12/2018 08:04,260.11,18.35
ord_005851,1,prod_00228,sell_0074,25/11/2018 19:20,30.29,3.89
ord_005852,1,prod_00204,sell_0043,02/01/2018 14:37,105.08,12.92
ord_005853,1,prod_00467,sell_0125,25/03/2018 11:19,129,10.89
ord_005854,1,prod_00530,sell_0138,07/11/2017 08:46,91.6,5.54
ord_005854,2,prod_00143,sell_0056,09/11/2017 08:46,90.43,17.49
ord_005855,1,prod_00604,sell_0127,13/04/2018 15:11,21.53,3.94
ord_005856,1,prod_00058,sell_0013,31/07/2018 16:08,91.02,21.23
ord_005857,1,prod_00541,sell_0071,04/05/2017 19:13,36.44,3.67
ord_005857,2,prod_00792,sell_0147,05/05/2017 19:13,56.95,5
ord_005858,1,prod_00457,sell_0238,02/12/2018 12:52,63.27,14.77
ord_005859,1,prod_00082,sell_0240,20/08/2018 19:40,43.49,8.68
ord_005860,1,prod_00197,sell_0244,08/05/2017 17:31,124.62,26.88
ord_005861,1,prod_00368,sell_0205,13/11/2018 10:18,121.45,29.98
ord_005862,1,prod_00764,sell_0082,05/09/2018 22:55,20.74,3.79
ord_005863,1,prod_00483,sell_0036,28/11/2017 18:53,58.12,4.09
ord_005864,1,prod_00318,sell_0161,20/04/2018 20:23,35.48,2.04
ord_005865,1,prod_00777,sell_0166,04/11/2018 18:45,122.68,11.96
ord_005866,1,prod_00365,sell_0185,17/12/2018 10:54,38.55,2.17
ord_005867,1,prod_00701,sell_0113,07/11/2017 15:18,20.48,4.64
ord_005868,1,prod_00789,sell_0175,08/07/2018 15:19,120.79,11.34
ord_005869,1,prod_00534,sell_0088,07/11/2018 12:32,57.38,10.03
ord_005870,1,prod_00491,sell_0173,30/12/2018 22:24,52.26,3
ord_005871,1,prod_00312,sell_0126,13/04/2017 11:45,74.97,10.52
ord_005872,1,prod_00090,sell_0052,08/04/2018 12:32,219.67,16.01
ord_005873,1,prod_00647,sell_0055,13/11/2018 11:12,47.85,7.22
ord_005874,1,prod_00328,sell_0154,12/01/2017 11:21,69.33,3.89
ord_005875,1,prod_00388,sell_0121,21/02/2018 22:40,97.07,8.54
ord_005875,2,prod_00515,sell_0244,20/02/2018 22:40,57.62,5.33
ord_005875,3,prod_00498,sell_0220,19/02/2018 22:40,106.87,16.75
ord_005876,1,prod_00789,sell_0154,01/06/2018 18:03,39.93,8.14
ord_005877,1,prod_00337,sell_0112,24/04/2018 08:20,184.3,24.95
ord_005878,1,prod_00462,sell_0154,30/08/2018 21:00,72.59,16.32
ord_005879,1,prod_00328,sell_0173,07/04/2017 19:49,47.39,4.52
ord_005880,1,prod_00246,sell_0040,25/09/2018 12:07,24.79,1.39
ord_005881,1,prod_00726,sell_0170,07/11/2017 10:04,16.99,2.54
ord_005882,1,prod_00097,sell_0016,20/10/2018 20:47,100.73,21.17
ord_005883,1,prod_00027,sell_0114,08/02/2018 18:05,54.82,12.05
ord_005883,2,prod_00162,sell_0032,07/02/2018 18:05,120.52,7.15
ord_005883,3,prod_00185,sell_0063,08/02/2018 18:05,98.52,10.27
ord_005884,1,prod_00083,sell_0053,06/03/2017 22:41,63.46,9.65
ord_005885,1,prod_00239,sell_0081,16/12/2018 20:22,35.75,8.54
ord_005886,1,prod_00509,sell_0019,24/09/2018 10:49,65,14.8
ord_005886,2,prod_00187,sell_0139,22/09/2018 10:49,37.56,6.41
ord_005887,1,prod_00270,sell_0219,12/12/2017 08:10,33.28,6.94
ord_005888,1,prod_00694,sell_0197,27/10/2017 10:05,56.56,6.94
ord_005889,1,prod_00663,sell_0148,30/05/2018 16:13,38.07,4.78
ord_005889,2,prod_00284,sell_0187,31/05/2018 16:13,141.5,19.01
ord_005890,1,prod_00635,sell_0155,01/01/2019 22:55,46.97,7.02
ord_005891,1,prod_00563,sell_0235,13/11/2017 10:49,108.59,15.38
ord_005892,1,prod_00084,sell_0097,10/12/2018 08:17,66.47,6.3
ord_005893,1,prod_00219,sell_0202,01/12/2017 17:12,90.11,16.58
ord_005894,1,prod_00027,sell_0102,10/08/2018 09:09,123.61,28.66
ord_005895,1,prod_00472,sell_0124,08/01/2018 17:13,145.17,13.34
ord_005896,1,prod_00235,sell_0035,28/04/2017 11:12,34.07,3.33
ord_005897,1,prod_00320,sell_0236,30/11/2018 21:53,53.55,8.73
ord_005898,1,prod_00173,sell_0128,20/07/2017 20:01,186.03,35.08
ord_005899,1,prod_00667,sell_0179,05/12/2018 11:52,31.88,5.93
ord_005900,1,prod_00539,sell_0217,19/05/2017 16:02,106.75,22.24
ord_005901,1,prod_00295,sell_0033,23/10/2017 11:49,76.27,7.87
ord_005902,1,prod_00112,sell_0123,01/12/2018 21:25,33.71,4.48
ord_005902,2,prod_00695,sell_0051,28/11/2018 21:25,375.47,42.65
ord_005903,1,prod_00070,sell_0073,15/07/2018 10:04,52.89,8.61
ord_005904,1,prod_00350,sell_0104,16/08/2017 11:47,216.8,39.41
ord_005905,1,prod_00264,sell_0036,01/06/2018 20:15,171.84,28.2
ord_005906,1,prod_00377,sell_0066,04/08/2017 22:52,36.94,7.81
ord_005907,1,prod_00007,sell_0025,13/11/2018 22:45,51.55,6
ord_005908,1,prod_00608,sell_0218,17/03/2017 16:58,53.75,7.17
ord_005909,1,prod_00305,sell_0149,24/04/2018 18:49,89.46,15.55
ord_005910,1,prod_00311,sell_0006,02/04/2017 14:14,42.59,5.45
ord_005910,2,prod_00436,sell_0036,01/04/2017 14:14,38.96,4.44
ord_005911,1,prod_00250,sell_0182,08/08/2018 16:24,185.47,29.96
ord_005911,2,prod_00245,sell_0188,03/08/2018 16:24,23.39,1.5
ord_005912,1,prod_00395,sell_0010,02/12/2018 13:41,73.61,12.77
ord_005913,1,prod_00498,sell_0094,21/10/2018 17:18,79.95,15.68
ord_005914,1,prod_00369,sell_0074,01/01/2018 11:32,163.08,38.44
ord_005915,1,prod_00616,sell_0199,26/09/2017 12:14,17.47,1.75
ord_005916,1,prod_00558,sell_0062,06/06/2017 11:39,99.74,7.56
ord_005917,1,prod_00288,sell_0133,11/11/2018 14:20,55.97,6.36
ord_005918,1,prod_00124,sell_0141,20/04/2017 09:03,40.42,6.99
ord_005919,1,prod_00306,sell_0187,29/06/2018 18:58,45.95,4.97
ord_005920,1,prod_00328,sell_0202,28/12/2017 12:50,25.5,6.28
ord_005921,1,prod_00044,sell_0176,05/01/2019 17:18,96.57,15.47
ord_005922,1,prod_00490,sell_0249,12/04/2018 16:07,87.75,15.01
ord_005923,1,prod_00401,sell_0120,09/05/2018 13:44,26.61,4.12
ord_005924,1,prod_00458,sell_0228,01/12/2018 20:13,48.24,8.74
ord_005925,1,prod_00072,sell_0247,21/12/2018 21:36,167.3,13.07
ord_005926,1,prod_00749,sell_0012,29/05/2018 11:46,401.16,33.6
ord_005927,1,prod_00267,sell_0152,05/10/2018 21:16,156.54,27.14
ord_005928,1,prod_00695,sell_0143,03/07/2018 09:17,46.39,10.77
ord_005929,1,prod_00408,sell_0005,11/02/2018 19:03,53.36,6.59
ord_005930,1,prod_00148,sell_0187,23/03/2017 12:19,52.06,7.81
ord_005931,1,prod_00768,sell_0216,19/08/2018 08:35,72.61,8.63
ord_005932,1,prod_00465,sell_0128,11/08/2018 20:09,70.81,15.09
ord_005933,1,prod_00193,sell_0201,01/06/2017 21:57,95.35,11.99
ord_005933,2,prod_00566,sell_0081,04/06/2017 21:57,218.88,41.28
ord_005934,1,prod_00380,sell_0025,24/09/2017 21:43,63.95,9
ord_005934,2,prod_00298,sell_0053,21/09/2017 21:43,64.27,9.41
ord_005935,1,prod_00197,sell_0122,28/08/2018 14:12,62.57,10.27
ord_005936,1,prod_00743,sell_0217,08/07/2017 21:31,62.65,11.8
ord_005937,1,prod_00617,sell_0022,03/08/2018 14:23,87.44,6.81
ord_005938,1,prod_00048,sell_0094,18/08/2018 11:22,89.37,19.15
ord_005939,1,prod_00734,sell_0123,16/12/2017 19:33,88.69,4.6
ord_005939,2,prod_00763,sell_0005,21/12/2017 19:33,28.59,3.1
ord_005940,1,prod_00372,sell_0241,13/10/2017 13:06,88.67,20.23
ord_005941,1,prod_00585,sell_0056,05/01/2018 14:12,128.73,23.22
ord_005941,2,prod_00380,sell_0116,02/01/2018 14:12,228.59,29.89
ord_005941,3,prod_00552,sell_0184,03/01/2018 14:12,41.49,4.81
ord_005942,1,prod_00217,sell_0156,23/12/2017 13:08,31.2,7.63
ord_005943,1,prod_00096,sell_0064,12/06/2018 22:10,51.11,3.56
ord_005943,2,prod_00705,sell_0243,10/06/2018 22:10,39.36,4.12
ord_005944,1,prod_00682,sell_0005,05/09/2018 09:39,268.54,27.42
ord_005944,2,prod_00776,sell_0207,05/09/2018 09:39,283.94,27.12
ord_005945,1,prod_00189,sell_0105,08/11/2018 13:59,47.44,6.72
ord_005946,1,prod_00313,sell_0177,18/02/2017 14:39,73.3,11.57
ord_005947,1,prod_00262,sell_0239,26/08/2018 20:59,28.99,4.68
ord_005948,1,prod_00293,sell_0239,28/11/2017 20:34,35.84,8.75
ord_005948,2,prod_00472,sell_0201,28/11/2017 20:34,47.91,3.12
ord_005949,1,prod_00337,sell_0212,23/10/2018 20:16,124.36,11.86
ord_005950,1,prod_00714,sell_0142,14/04/2017 21:52,72.49,10.16
ord_005950,2,prod_00624,sell_0188,14/04/2017 21:52,90.52,18.41
ord_005950,3,prod_00106,sell_0225,16/04/2017 21:52,44.19,10.2
ord_005951,1,prod_00034,sell_0218,11/05/2018 13:04,65.15,13.59
ord_005952,1,prod_00527,sell_0049,04/05/2018 18:06,242.78,15.05
ord_005953,1,prod_00579,sell_0135,29/11/2017 08:56,92.11,19.43
ord_005953,2,prod_00648,sell_0192,29/11/2017 08:56,58.98,9.06
ord_005954,1,prod_00346,sell_0207,21/12/2018 16:39,180.65,42.51
ord_005955,1,prod_00643,sell_0096,22/05/2017 21:55,94.28,15
ord_005955,2,prod_00569,sell_0220,22/05/2017 21:55,117.11,6.17
ord_005956,1,prod_00020,sell_0249,25/06/2017 22:07,110.91,24.02
ord_005957,1,prod_00609,sell_0076,09/07/2018 12:46,104.75,19.45
ord_005958,1,prod_00323,sell_0033,12/04/2018 08:14,95.35,17.77
ord_005959,1,prod_00696,sell_0195,20/10/2017 15:20,124.02,9.39
ord_005960,1,prod_00523,sell_0152,22/11/2017 10:53,49.48,3.92
ord_005961,1,prod_00030,sell_0101,17/07/2017 14:24,35.2,3.5
ord_005962,1,prod_00066,sell_0008,10/11/2018 17:40,71.99,6.8
ord_005963,1,prod_00058,sell_0078,20/05/2018 15:53,45.08,3.98
ord_005964,1,prod_00066,sell_0182,04/10/2017 12:52,62.35,6.91
ord_005965,1,prod_00731,sell_0137,21/01/2018 21:00,26.82,3.09
ord_005965,2,prod_00772,sell_0144,16/01/2018 21:00,27.04,5.42
ord_005966,1,prod_00133,sell_0061,26/11/2018 19:09,98.11,8.4
ord_005967,1,prod_00662,sell_0009,20/11/2018 15:55,68.06,8.64
ord_005968,1,prod_00385,sell_0140,08/04/2017 10:33,366.31,49.02
ord_005969,1,prod_00170,sell_0158,14/07/2018 19:28,52.21,10.88
ord_005969,2,prod_00704,sell_0241,12/07/2018 19:28,68.34,3.81
ord_005970,1,prod_00753,sell_0059,12/07/2017 09:03,78.99,12.1
ord_005971,1,prod_00360,sell_0224,02/09/2017 15:01,133.35,13.73
ord_005972,1,prod_00658,sell_0240,11/11/2018 08:57,29.65,6.51
ord_005972,2,prod_00647,sell_0112,10/11/2018 08:57,62.49,5.6
ord_005973,1,prod_00681,sell_0143,24/11/2018 15:28,138.42,29.31
ord_005974,1,prod_00624,sell_0044,24/04/2017 09:47,32.62,4.01
ord_005975,1,prod_00561,sell_0074,16/11/2018 15:13,81.27,10.66
ord_005976,1,prod_00637,sell_0040,24/08/2018 19:14,82.61,15.47
ord_005976,2,prod_00601,sell_0055,23/08/2018 19:14,128.39,11.31
ord_005977,1,prod_00316,sell_0031,19/09/2018 15:33,127.05,17.35
ord_005978,1,prod_00166,sell_0211,03/10/2018 12:52,165.25,28.54
ord_005979,1,prod_00009,sell_0106,08/04/2018 18:17,67.44,8.44
ord_005980,1,prod_00768,sell_0241,10/12/2018 10:19,69.41,15.19
ord_005980,2,prod_00021,sell_0248,10/12/2018 10:19,22.25,4.32
ord_005981,1,prod_00434,sell_0038,24/08/2017 14:33,31.98,4.63
ord_005982,1,prod_00573,sell_0128,08/04/2018 14:02,34.51,3.82
ord_005982,2,prod_00751,sell_0069,08/04/2018 14:02,32.43,3.8
ord_005983,1,prod_00412,sell_0196,26/11/2017 18:22,85.13,8.77
ord_005984,1,prod_00514,sell_0226,19/10/2018 13:33,122.08,21.76
ord_005985,1,prod_00164,sell_0214,27/04/2017 20:00,15.44,2.37
ord_005986,1,prod_00645,sell_0248,14/02/2018 22:38,168.49,10.62
ord_005987,1,prod_00329,sell_0011,20/09/2018 16:03,118.89,10.4
ord_005987,2,prod_00512,sell_0067,22/09/2018 16:03,62.89,10.18
ord_005988,1,prod_00424,sell_0043,26/11/2017 18:43,76.1,15.15
ord_005989,1,prod_00598,sell_0156,02/10/2017 16:48,62.96,9.55
ord_005990,1,prod_00403,sell_0029,18/10/2017 20:50,181.92,30.99
ord_005991,1,prod_00156,sell_0211,16/08/2018 12:40,147.87,33.4
ord_005992,1,prod_00766,sell_0037,09/11/2017 08:33,84.55,21.11
ord_005993,1,prod_00082,sell_0194,23/01/2018 10:18,209.57,42.86
ord_005993,2,prod_00526,sell_0218,25/01/2018 10:18,127.75,27.64
ord_005994,1,prod_00271,sell_0109,03/05/2018 18:25,112.43,8.02
ord_005995,1,prod_00303,sell_0206,06/12/2018 20:05,32.95,3.74
ord_005995,2,prod_00348,sell_0108,04/12/2018 20:05,108.61,19.68
ord_005996,1,prod_00325,sell_0080,29/09/2018 22:42,43.59,2.57
ord_005997,1,prod_00739,sell_0072,11/08/2017 14:01,165.4,38.57
ord_005998,1,prod_00381,sell_0069,21/11/2018 08:24,37.5,2.37
ord_005998,2,prod_00261,sell_0063,16/11/2018 08:24,87.05,21.56
ord_005999,1,prod_00501,sell_0115,29/10/2018 16:30,78.49,10.62
ord_005999,2,prod_00521,sell_0133,30/10/2018 16:30,57.4,7.11
ord_006000,1,prod_00502,sell_0176,02/09/2018 12:39,145.33,13.29
ord_006001,1,prod_00398,sell_0072,17/04/2018 17:20,22.19,3.01
ord_006002,1,prod_00536,sell_0094,08/04/2017 12:26,17.25,2.13
ord_006003,1,prod_00200,sell_0166,18/08/2018 19:35,83.34,9.56
ord_006003,2,prod_00369,sell_0236,17/08/2018 19:35,18,3
ord_006004,1,prod_00021,sell_0114,15/04/2018 09:55,36.42,4.25
ord_006005,1,prod_00654,sell_0235,25/11/2017 11:40,78.98,9.26
ord_006006,1,prod_00187,sell_0192,21/01/2017 08:15,278.31,25.38
ord_006007,1,prod_00665,sell_0069,23/09/2017 16:50,69.65,10.67
ord_006008,1,prod_00271,sell_0118,12/06/2018 16:03,140.44,31.15
ord_006008,2,prod_00050,sell_0027,12/06/2018 16:03,93.48,16.75
ord_006009,1,prod_00109,sell_0183,29/05/2017 22:16,272.28,47.62
ord_006010,1,prod_00029,sell_0114,12/07/2018 13:06,251.46,48.32
ord_006010,2,prod_00497,sell_0021,15/07/2018 13:06,116.52,18.64
ord_006011,1,prod_00038,sell_0083,18/10/2018 18:26,46.46,4.6
ord_006012,1,prod_00337,sell_0188,30/11/2017 11:38,31.71,4.27
ord_006013,1,prod_00727,sell_0072,21/04/2017 10:31,43.92,10.74
ord_006014,1,prod_00182,sell_0026,28/06/2017 17:48,145.06,31.02
ord_006015,1,prod_00512,sell_0193,25/12/2017 18:34,66.41,4.2
ord_006016,1,prod_00339,sell_0231,11/10/2018 08:13,75.73,11.1
ord_006017,1,prod_00007,sell_0220,02/07/2018 16:32,47.92,3.03
ord_006017,2,prod_00083,sell_0016,30/06/2018 16:32,108.88,9.45
ord_006018,1,prod_00413,sell_0094,13/11/2018 16:44,49.64,9.38
ord_006019,1,prod_00329,sell_0182,04/01/2019 21:30,127.28,9.08
ord_006020,1,prod_00589,sell_0006,25/08/2017 10:26,87.07,13.82
ord_006021,1,prod_00536,sell_0200,06/08/2018 11:31,53.98,9.26
ord_006022,1,prod_00163,sell_0015,11/03/2018 16:32,118.63,21.23
ord_006022,2,prod_00252,sell_0046,10/03/2018 16:32,40.77,7.4
ord_006023,1,prod_00401,sell_0192,31/03/2018 16:18,279.91,69.1
ord_006024,1,prod_00248,sell_0193,28/11/2017 10:51,27.38,2.82
ord_006025,1,prod_00402,sell_0096,09/12/2017 14:12,120.6,8.08
ord_006026,1,prod_00659,sell_0194,25/07/2018 22:01,49.33,10.85
ord_006027,1,prod_00507,sell_0015,21/06/2018 13:44,44.4,10.97
ord_006028,1,prod_00208,sell_0151,30/11/2017 14:50,114.43,11.72
ord_006029,1,prod_00691,sell_0000,05/06/2017 13:38,47.87,9.97
ord_006030,1,prod_00494,sell_0108,26/05/2018 14:28,21.2,4.49
ord_006031,1,prod_00432,sell_0040,29/08/2018 15:58,65.07,8.77
ord_006031,2,prod_00264,sell_0067,31/08/2018 15:58,34.78,7.97
ord_006031,3,prod_00668,sell_0125,03/09/2018 15:58,129.47,20.51
ord_006032,1,prod_00639,sell_0125,15/05/2018 19:22,40.56,7.25
ord_006033,1,prod_00379,sell_0042,09/01/2017 14:24,189.05,25.24
ord_006033,2,prod_00510,sell_0244,13/01/2017 14:24,32.29,3.22
ord_006034,1,prod_00092,sell_0175,08/11/2017 19:35,67.28,9.97
ord_006034,2,prod_00540,sell_0044,03/11/2017 19:35,109.72,6.69
ord_006034,3,prod_00640,sell_0111,07/11/2017 19:35,222.74,32.03
ord_006035,1,prod_00583,sell_0142,22/09/2018 16:25,21.03,4.91
ord_006036,1,prod_00519,sell_0047,31/08/2018 13:33,67.71,16.91
ord_006037,1,prod_00006,sell_0149,19/01/2017 20:57,41.35,10.17
ord_006038,1,prod_00299,sell_0100,12/03/2018 08:14,131.33,7.42
ord_006039,1,prod_00707,sell_0069,21/02/2018 18:08,114.23,28.21
ord_006040,1,prod_00667,sell_0150,12/07/2018 17:25,155.86,14.86
ord_006040,2,prod_00006,sell_0094,09/07/2018 17:25,59.53,9.3
ord_006041,1,prod_00024,sell_0144,09/06/2017 10:30,79.25,7.12
ord_006042,1,prod_00646,sell_0022,20/06/2018 15:42,106.04,22.46
ord_006043,1,prod_00549,sell_0220,09/12/2018 20:57,163.61,13.7
ord_006043,2,prod_00302,sell_0215,06/12/2018 20:57,180.69,37.9
ord_006044,1,prod_00742,sell_0028,03/01/2018 14:41,131.67,27.53
ord_006045,1,prod_00137,sell_0231,07/12/2017 19:59,113.58,12.7
ord_006046,1,prod_00049,sell_0083,12/02/2017 17:14,234.96,39.41
ord_006047,1,prod_00512,sell_0200,23/03/2017 13:12,325.09,63.52
ord_006048,1,prod_00465,sell_0203,03/12/2018 10:18,157.08,28.52
ord_006049,1,prod_00690,sell_0195,25/12/2018 15:47,49.79,8.13
ord_006050,1,prod_00485,sell_0120,14/01/2017 12:11,57.69,9.53
ord_006051,1,prod_00410,sell_0082,28/11/2018 09:11,60.95,14.55
ord_006052,1,prod_00680,sell_0027,31/07/2017 14:24,40.31,9.24
ord_006053,1,prod_00117,sell_0081,14/05/2018 13:19,292.51,56.71
ord_006054,1,prod_00192,sell_0213,28/07/2018 14:38,51.36,9.7
ord_006054,2,prod_00511,sell_0015,28/07/2018 14:38,74.15,12.04
ord_006055,1,prod_00727,sell_0001,22/12/2017 08:53,226.84,44.92
ord_006056,1,prod_00281,sell_0248,21/04/2018 12:08,27.57,5.24
ord_006057,1,prod_00222,sell_0018,25/06/2018 10:32,177.7,19.58
ord_006057,2,prod_00072,sell_0109,25/06/2018 10:32,29.97,6.49
ord_006058,1,prod_00614,sell_0188,17/08/2017 15:05,77.72,9.86
ord_006058,2,prod_00685,sell_0059,19/08/2017 15:05,144.54,35.05
ord_006059,1,prod_00748,sell_0205,04/01/2019 15:13,93.59,16.6
ord_006059,2,prod_00705,sell_0005,03/01/2019 15:13,32.73,5.72
ord_006059,3,prod_00608,sell_0030,02/01/2019 15:13,161.52,24.53
ord_006060,1,prod_00203,sell_0119,28/08/2017 21:18,278.03,44.05
ord_006061,1,prod_00781,sell_0206,19/01/2017 22:34,215.67,32.1
ord_006062,1,prod_00398,sell_0230,07/12/2018 22:33,78.24,12.39
ord_006063,1,prod_00601,sell_0083,11/02/2018 09:38,132.64,14.51
ord_006064,1,prod_00115,sell_0072,24/01/2018 15:49,17.35,2.89
ord_006065,1,prod_00210,sell_0248,30/10/2017 13:11,38.92,3.63
ord_006066,1,prod_00151,sell_0138,10/02/2017 09:44,166.76,11.09
ord_006066,2,prod_00669,sell_0184,14/02/2017 09:44,55.92,7.97
ord_006067,1,prod_00368,sell_0044,19/10/2017 11:40,79.52,6.77
ord_006068,1,prod_00189,sell_0041,17/01/2018 10:04,26.25,4.64
ord_006069,1,prod_00582,sell_0068,15/04/2018 18:20,163.81,36.29
ord_006070,1,prod_00222,sell_0240,08/03/2018 16:01,110.56,16.32
ord_006070,2,prod_00078,sell_0067,06/03/2018 16:01,105.31,17.49
ord_006070,3,prod_00587,sell_0244,08/03/2018 16:01,52.43,7.5
ord_006071,1,prod_00058,sell_0212,16/11/2018 10:05,172.45,41.66
ord_006072,1,prod_00070,sell_0019,25/11/2018 12:17,52.25,3.32
ord_006073,1,prod_00477,sell_0040,30/11/2017 13:14,62.54,12.47
ord_006074,1,prod_00005,sell_0028,16/12/2018 14:54,51.45,7.08
ord_006075,1,prod_00477,sell_0210,09/11/2018 09:53,119.97,19.68
ord_006075,2,prod_00347,sell_0180,11/11/2018 09:53,69.17,8.33
ord_006075,3,prod_00230,sell_0013,09/11/2018 09:53,26.7,4.89
ord_006076,1,prod_00536,sell_0234,04/12/2018 14:34,24.54,1.36
ord_006077,1,prod_00154,sell_0012,12/08/2018 18:44,110.36,23.52
ord_006078,1,prod_00127,sell_0120,25/08/2017 22:59,57.78,3.9
ord_006079,1,prod_00326,sell_0091,18/08/2017 09:24,323.63,62.29
ord_006080,1,prod_00164,sell_0198,27/11/2018 16:31,16.05,2.7
ord_006080,2,prod_00417,sell_0103,30/11/2018 16:31,33.52,4.9
ord_006081,1,prod_00402,sell_0236,06/04/2018 22:39,103.2,16.93
ord_006082,1,prod_00441,sell_0234,23/11/2018 14:55,104.64,24.13
ord_006083,1,prod_00453,sell_0227,20/08/2018 18:47,89.77,9.71
ord_006084,1,prod_00246,sell_0052,04/09/2017 17:03,15.65,1.86
ord_006085,1,prod_00118,sell_0167,10/01/2018 22:42,71.15,17.57
ord_006086,1,prod_00256,sell_0238,21/12/2018 10:15,62.84,10.81
ord_006087,1,prod_00540,sell_0242,03/02/2017 13:15,230.57,55.95
ord_006088,1,prod_00091,sell_0059,17/08/2018 17:32,30.91,4.99
ord_006089,1,prod_00759,sell_0222,28/12/2018 11:41,41.97,5.48
ord_006090,1,prod_00616,sell_0204,17/05/2017 12:09,67.29,13.67
ord_006091,1,prod_00683,sell_0142,28/10/2017 22:18,47.93,11.68
ord_006092,1,prod_00263,sell_0011,08/05/2018 11:42,77.42,15.8
ord_006093,1,prod_00546,sell_0048,31/10/2018 19:09,117.13,11.31
ord_006093,2,prod_00718,sell_0103,31/10/2018 19:09,77.05,6.61
ord_006094,1,prod_00613,sell_0210,08/04/2018 08:50,66.82,3.89
ord_006095,1,prod_00187,sell_0006,26/03/2017 15:27,61.48,15.14
ord_006096,1,prod_00210,sell_0226,13/06/2017 14:35,75.38,8.45
ord_006097,1,prod_00645,sell_0050,06/01/2018 18:04,96.17,8.7
ord_006097,2,prod_00067,sell_0247,04/01/2018 18:04,68.24,7.46
ord_006098,1,prod_00481,sell_0184,28/11/2017 11:57,11.72,0.77
ord_006099,1,prod_00212,sell_0202,11/09/2017 10:54,72.81,3.75
ord_006100,1,prod_00291,sell_0170,25/10/2018 14:11,54.07,7.59
ord_006101,1,prod_00453,sell_0174,14/02/2017 16:39,50.68,5.32
ord_006101,2,prod_00098,sell_0200,15/02/2017 16:39,129.73,28.5
ord_006102,1,prod_00073,sell_0218,18/10/2018 13:47,119.57,29.52
ord_006103,1,prod_00316,sell_0223,30/11/2018 08:07,39.37,2.48
ord_006104,1,prod_00565,sell_0116,25/06/2018 17:34,122.88,21.79
ord_006105,1,prod_00107,sell_0170,23/06/2018 18:51,65.4,10.27
ord_006105,2,prod_00160,sell_0207,27/06/2018 18:51,49.12,5.66
ord_006106,1,prod_00254,sell_0117,06/07/2017 21:30,79.87,6.7
ord_006106,2,prod_00770,sell_0123,04/07/2017 21:30,32.27,3.71
ord_006107,1,prod_00691,sell_0102,18/05/2018 15:55,113.65,9.66
ord_006108,1,prod_00449,sell_0180,06/01/2018 22:02,129.41,28.97
ord_006109,1,prod_00092,sell_0046,23/09/2017 15:55,67.33,15.29
ord_006110,1,prod_00282,sell_0245,26/05/2018 08:58,82.65,13.35
ord_006111,1,prod_00360,sell_0173,05/01/2017 19:09,30.47,7.26
ord_006112,1,prod_00747,sell_0076,03/11/2017 17:25,140.44,26.31
ord_006113,1,prod_00053,sell_0009,15/07/2018 13:37,40.18,7.59
ord_006114,1,prod_00014,sell_0171,03/03/2018 19:53,113.2,16.54
ord_006115,1,prod_00393,sell_0073,03/07/2017 14:09,29.41,4.04
ord_006116,1,prod_00772,sell_0131,05/01/2017 20:20,349.45,34
ord_006116,2,prod_00406,sell_0032,06/01/2017 20:20,348.16,55.36
ord_006117,1,prod_00519,sell_0025,24/10/2017 19:47,125.88,24.56
ord_006118,1,prod_00001,sell_0235,04/05/2018 08:24,40.28,6.38
ord_006118,2,prod_00762,sell_0021,06/05/2018 08:24,77.14,6.31
ord_006119,1,prod_00569,sell_0150,25/04/2018 09:36,82.86,4.37
ord_006120,1,prod_00670,sell_0125,15/06/2017 19:33,44.98,7.13
ord_006121,1,prod_00067,sell_0013,18/06/2018 12:58,107.88,14.97
ord_006122,1,prod_00314,sell_0013,02/01/2019 09:08,63.51,13.1
ord_006123,1,prod_00726,sell_0184,31/05/2018 13:56,36.9,5.16
ord_006124,1,prod_00182,sell_0145,23/04/2018 21:33,121.43,24.21
ord_006125,1,prod_00018,sell_0106,20/06/2018 22:54,65.74,10.52
ord_006125,2,prod_00130,sell_0132,22/06/2018 22:54,31.33,4.64
ord_006126,1,prod_00558,sell_0146,16/11/2018 16:07,45.59,10.25
ord_006126,2,prod_00653,sell_0012,15/11/2018 16:07,215.75,44.41
ord_006127,1,prod_00242,sell_0116,09/12/2018 21:38,212.14,21.58
ord_006128,1,prod_00193,sell_0008,04/03/2017 10:50,241.69,36.44
ord_006129,1,prod_00003,sell_0033,29/08/2017 13:47,203.75,22.45
ord_006130,1,prod_00459,sell_0177,02/06/2017 11:00,101.9,14.39
ord_006131,1,prod_00604,sell_0249,16/09/2018 14:27,39.43,3.88
ord_006131,2,prod_00783,sell_0088,19/09/2018 14:27,151.92,22.24
ord_006132,1,prod_00791,sell_0183,09/03/2017 20:06,199.42,30.92
ord_006133,1,prod_00614,sell_0208,28/11/2018 21:09,153.73,24.36
ord_006134,1,prod_00649,sell_0161,04/02/2017 22:42,118.55,8.61
ord_006135,1,prod_00090,sell_0131,10/06/2018 13:57,105.41,18.65
ord_006136,1,prod_00021,sell_0022,31/10/2017 13:38,1003.58,120.46
ord_006136,2,prod_00344,sell_0208,29/10/2017 13:38,137.83,27.12
ord_006137,1,prod_00714,sell_0093,14/03/2018 08:06,46.82,10.2
ord_006138,1,prod_00580,sell_0195,21/02/2018 13:14,92.19,16.46
ord_006138,2,prod_00336,sell_0155,24/02/2018 13:14,24.92,3.05
ord_006139,1,prod_00741,sell_0085,06/09/2018 11:22,78.59,12.48
ord_006140,1,prod_00023,sell_0071,03/04/2018 17:07,184.58,40.44
ord_006141,1,prod_00544,sell_0044,05/02/2018 19:50,142.3,18.57
ord_006142,1,prod_00080,sell_0081,28/08/2018 20:11,63.85,11.48
ord_006143,1,prod_00447,sell_0138,01/12/2018 21:07,59.36,7.05
ord_006144,1,prod_00177,sell_0183,02/10/2018 09:43,28.84,4.14
ord_006145,1,prod_00590,sell_0230,27/08/2018 19:07,59.39,4.66
ord_006146,1,prod_00750,sell_0028,24/03/2018 14:24,96.66,8.69
ord_006147,1,prod_00350,sell_0246,28/11/2018 18:30,56.85,6.91
ord_006148,1,prod_00281,sell_0142,27/03/2018 17:04,129.37,15.93
ord_006149,1,prod_00660,sell_0197,02/12/2018 22:33,95.9,12.81
ord_006149,2,prod_00243,sell_0243,01/12/2018 22:33,83.53,5.51
ord_006150,1,prod_00614,sell_0194,05/10/2018 18:28,26.83,6.51
ord_006151,1,prod_00059,sell_0003,07/07/2017 11:40,139.97,33.94
ord_006151,2,prod_00566,sell_0123,05/07/2017 11:40,59.69,8.5
ord_006152,1,prod_00461,sell_0178,11/03/2017 12:13,127.39,29.81
ord_006153,1,prod_00672,sell_0022,04/09/2018 16:21,27.54,4.12
ord_006154,1,prod_00101,sell_0085,29/07/2018 21:39,46.63,10.81
ord_006155,1,prod_00596,sell_0097,07/06/2018 13:02,34.9,7.15
ord_006155,2,prod_00575,sell_0091,07/06/2018 13:02,94.21,16.71
ord_006156,1,prod_00706,sell_0224,25/12/2018 13:06,58.39,13.03
ord_006157,1,prod_00422,sell_0051,03/05/2018 11:17,148.53,22.68
ord_006158,1,prod_00781,sell_0199,12/12/2017 17:06,140.48,32.9
ord_006159,1,prod_00596,sell_0019,17/05/2018 10:02,99.95,20.2
ord_006160,1,prod_00598,sell_0053,13/02/2017 21:59,142.73,29.78
ord_006161,1,prod_00791,sell_0085,28/05/2018 12:27,57.86,10.54
ord_006161,2,prod_00338,sell_0239,25/05/2018 12:27,83.03,7.6
ord_006162,1,prod_00673,sell_0028,26/11/2018 12:32,144.01,11.36
ord_006163,1,prod_00722,sell_0045,10/01/2017 16:15,109.41,21.03
ord_006163,2,prod_00478,sell_0038,10/01/2017 16:15,321.36,71.81
ord_006164,1,prod_00592,sell_0218,01/11/2018 17:00,131.58,15.28
ord_006165,1,prod_00665,sell_0121,08/10/2018 17:45,36.52,6.26
ord_006166,1,prod_00537,sell_0215,23/05/2017 08:43,121.97,10.75
ord_006167,1,prod_00693,sell_0035,31/10/2018 19:58,274.6,65.3
ord_006167,2,prod_00174,sell_0222,31/10/2018 19:58,226.85,17.56
ord_006168,1,prod_00753,sell_0202,17/09/2018 20:01,95.62,12.46
ord_006169,1,prod_00290,sell_0192,31/03/2018 09:08,160.74,32.58
ord_006170,1,prod_00658,sell_0111,06/10/2017 16:42,115.41,22.89
ord_006171,1,prod_00554,sell_0226,07/11/2017 17:19,126.08,18.96
ord_006172,1,prod_00626,sell_0120,15/06/2018 11:03,37.68,3.01
ord_006173,1,prod_00471,sell_0053,06/10/2017 13:18,81.04,13.37
ord_006174,1,prod_00253,sell_0134,29/11/2017 12:05,61.44,10.52
ord_006175,1,prod_00757,sell_0239,29/11/2018 12:50,137.49,27.33
ord_006176,1,prod_00070,sell_0068,23/08/2018 11:52,40.36,3.39
ord_006177,1,prod_00077,sell_0061,29/08/2018 09:38,75.74,8.03
ord_006178,1,prod_00479,sell_0054,14/12/2018 09:23,21.67,2.56
ord_006178,2,prod_00602,sell_0055,16/12/2018 09:23,98.38,13.45
ord_006179,1,prod_00498,sell_0242,15/01/2017 22:46,28.32,2
ord_006179,2,prod_00647,sell_0087,12/01/2017 22:46,29.91,4.14
ord_006180,1,prod_00122,sell_0028,03/10/2017 15:37,22.24,3.91
ord_006181,1,prod_00572,sell_0155,17/07/2018 17:47,14.05,2.89
ord_006182,1,prod_00618,sell_0141,21/02/2018 16:30,122.42,25.65
ord_006183,1,prod_00282,sell_0157,28/05/2017 09:57,163.61,19.96
ord_006184,1,prod_00118,sell_0046,27/09/2018 16:17,71.17,7.53
ord_006185,1,prod_00760,sell_0094,12/03/2017 10:36,65.03,7.92
ord_006186,1,prod_00633,sell_0065,02/05/2018 19:48,29.15,3.81
ord_006187,1,prod_00250,sell_0211,18/05/2018 21:53,20.34,2.93
ord_006187,2,prod_00173,sell_0033,17/05/2018 21:53,142.61,34.88
ord_006188,1,prod_00446,sell_0130,30/06/2018 17:56,55.04,8.09
ord_006189,1,prod_00236,sell_0246,29/11/2017 09:23,7.28,1.32
ord_006190,1,prod_00469,sell_0087,06/02/2017 15:41,144.41,8.3
ord_006190,2,prod_00049,sell_0070,07/02/2017 15:41,22.9,3.89
ord_006191,1,prod_00353,sell_0056,20/11/2018 12:17,297.65,69.1
ord_006192,1,prod_00326,sell_0046,02/12/2018 21:38,214.63,48.91
ord_006193,1,prod_00135,sell_0039,24/03/2018 17:11,50.58,5.76
ord_006194,1,prod_00079,sell_0005,07/02/2017 15:25,125.63,15.77
ord_006195,1,prod_00201,sell_0026,27/05/2018 17:55,126.77,22.42
ord_006196,1,prod_00532,sell_0143,30/11/2017 12:48,288.18,56.23
ord_006197,1,prod_00621,sell_0049,09/08/2017 17:29,39.01,7.33
ord_006198,1,prod_00189,sell_0143,26/07/2017 22:08,71.13,5.57
ord_006199,1,prod_00486,sell_0106,05/08/2017 18:23,54.74,5.67
ord_006199,2,prod_00733,sell_0153,03/08/2017 18:23,158.86,29.56
ord_006200,1,prod_00151,sell_0147,02/12/2017 18:08,124.71,29.79
ord_006201,1,prod_00355,sell_0158,04/11/2017 19:04,41.24,5.2
ord_006202,1,prod_00768,sell_0192,25/10/2018 13:54,95.08,5.78
ord_006203,1,prod_00176,sell_0170,02/04/2018 17:29,26.58,4.62
ord_006204,1,prod_00098,sell_0179,14/02/2018 12:05,176.59,27.95
ord_006205,1,prod_00025,sell_0057,30/06/2017 09:43,41.55,3.36
ord_006206,1,prod_00513,sell_0030,12/11/2018 12:04,47.87,10.09
ord_006207,1,prod_00470,sell_0051,19/03/2017 14:23,371.3,20.8
ord_006208,1,prod_00345,sell_0149,30/09/2017 22:13,117.14,9.2
ord_006208,2,prod_00072,sell_0125,02/10/2017 22:13,74.22,4.57
ord_006209,1,prod_00508,sell_0053,25/06/2018 12:09,29.19,6.02
ord_006209,2,prod_00126,sell_0242,21/06/2018 12:09,143.42,23.39
ord_006210,1,prod_00442,sell_0162,08/08/2018 10:32,26.3,3.17
ord_006211,1,prod_00679,sell_0053,04/10/2018 11:43,56.48,7.47
ord_006212,1,prod_00030,sell_0185,01/02/2018 20:29,87.94,11.83
ord_006213,1,prod_00674,sell_0101,14/12/2017 11:49,56.04,13.18
ord_006214,1,prod_00783,sell_0150,11/11/2017 22:55,21.99,2.4
ord_006215,1,prod_00651,sell_0039,22/05/2018 21:48,65.23,7.67
ord_006216,1,prod_00423,sell_0138,13/12/2017 19:57,66.79,8.44
ord_006217,1,prod_00699,sell_0161,29/11/2017 13:55,102.59,5.13
ord_006218,1,prod_00434,sell_0186,30/01/2017 08:49,68.91,10.92
ord_006219,1,prod_00577,sell_0024,08/12/2018 13:17,26.86,3.29
ord_006220,1,prod_00315,sell_0065,30/03/2017 18:10,63.46,8.73
ord_006221,1,prod_00491,sell_0081,26/10/2017 22:43,37.53,5.6
ord_006222,1,prod_00057,sell_0054,01/12/2018 08:50,18.88,1.26
ord_006222,2,prod_00434,sell_0097,03/12/2018 08:50,28.94,1.68
ord_006223,1,prod_00195,sell_0012,26/08/2018 09:49,48.47,2.75
ord_006224,1,prod_00570,sell_0156,25/05/2018 20:38,88.51,8.29
ord_006224,2,prod_00510,sell_0093,25/05/2018 20:38,44.38,7.06
ord_006225,1,prod_00735,sell_0073,17/07/2018 17:49,123.82,30.1
ord_006226,1,prod_00164,sell_0035,13/05/2017 20:42,70.28,14.28
ord_006227,1,prod_00090,sell_0229,10/10/2018 10:39,159.74,35.58
ord_006227,2,prod_00557,sell_0183,07/10/2018 10:39,48.95,11.34
ord_006228,1,prod_00080,sell_0185,09/10/2017 11:02,226.77,28.74
ord_006229,1,prod_00321,sell_0174,11/12/2018 10:27,103.15,5.84
ord_006230,1,prod_00795,sell_0083,21/09/2017 22:02,84.48,5.63
ord_006231,1,prod_00445,sell_0140,24/06/2018 09:05,267.83,41.55
ord_006232,1,prod_00374,sell_0107,03/05/2018 10:32,41.04,5.8
ord_006233,1,prod_00283,sell_0090,02/07/2017 20:02,95.48,17.67
ord_006233,2,prod_00343,sell_0132,28/06/2017 20:02,283.41,34.5
ord_006233,3,prod_00283,sell_0081,01/07/2017 20:02,76.83,13.18
ord_006234,1,prod_00344,sell_0128,25/12/2017 20:54,124.59,13.46
ord_006235,1,prod_00164,sell_0129,24/09/2018 09:27,122.42,10.92
ord_006236,1,prod_00276,sell_0037,03/09/2017 20:41,62.08,9.05
ord_006237,1,prod_00284,sell_0010,14/12/2018 10:08,105.77,12.11
ord_006238,1,prod_00271,sell_0115,17/11/2017 14:50,50.03,12.39
ord_006239,1,prod_00140,sell_0081,25/06/2018 22:28,26.8,4.32
ord_006240,1,prod_00262,sell_0106,22/06/2018 15:33,54.42,4.94
ord_006241,1,prod_00658,sell_0213,15/03/2018 15:38,79.04,15.02
ord_006242,1,prod_00523,sell_0140,14/07/2018 12:32,123.08,27.49
ord_006243,1,prod_00023,sell_0098,05/09/2018 17:33,138.88,14.2
ord_006244,1,prod_00087,sell_0024,23/06/2018 22:44,246.74,24.59
ord_006244,2,prod_00043,sell_0040,19/06/2018 22:44,163.11,39.89
ord_006245,1,prod_00390,sell_0204,14/05/2018 19:48,55.33,11.23
ord_006246,1,prod_00210,sell_0047,10/06/2018 15:18,227.42,13.73
ord_006247,1,prod_00487,sell_0151,23/01/2018 16:55,141.26,21.14
ord_006247,2,prod_00263,sell_0002,22/01/2018 16:55,80.12,4.37
ord_006248,1,prod_00118,sell_0138,13/04/2017 21:21,75.1,4.91
ord_006248,2,prod_00586,sell_0155,11/04/2017 21:21,78.39,4.17
ord_006249,1,prod_00698,sell_0141,14/07/2017 15:16,23.85,2
ord_006250,1,prod_00182,sell_0145,11/06/2018 08:18,142.26,23.33
ord_006251,1,prod_00596,sell_0004,30/11/2018 09:21,80.68,6.8
ord_006252,1,prod_00527,sell_0057,10/02/2017 08:19,66.81,3.58
ord_006253,1,prod_00588,sell_0156,04/05/2018 18:50,156.64,30.7
ord_006254,1,prod_00131,sell_0002,09/10/2017 21:33,44.58,9.8
ord_006255,1,prod_00064,sell_0060,16/05/2018 16:58,98.75,24.66
ord_006255,2,prod_00759,sell_0242,18/05/2018 16:58,99.18,8.35
ord_006255,3,prod_00740,sell_0091,17/05/2018 16:58,44.49,3.54
ord_006256,1,prod_00065,sell_0099,05/09/2018 16:05,168.49,19.61
ord_006257,1,prod_00349,sell_0118,29/08/2018 22:36,136.07,13.62
ord_006258,1,prod_00405,sell_0170,23/08/2018 17:05,65.84,16.07
ord_006259,1,prod_00357,sell_0046,21/09/2018 15:27,35.15,5.38
ord_006260,1,prod_00452,sell_0081,10/04/2017 20:22,46.48,2.61
ord_006261,1,prod_00496,sell_0108,08/04/2018 13:40,22.47,3.34
ord_006262,1,prod_00456,sell_0158,16/10/2017 08:44,37.66,5.98
ord_006263,1,prod_00799,sell_0056,01/12/2018 08:14,10.89,2.01
ord_006264,1,prod_00039,sell_0122,24/09/2018 15:11,362.01,69.62
ord_006265,1,prod_00075,sell_0200,24/05/2017 08:25,107.92,24.1
ord_006266,1,prod_00741,sell_0126,03/10/2017 18:14,134.13,22.05
ord_006267,1,prod_00788,sell_0161,06/03/2018 12:40,41.55,6.51
ord_006267,2,prod_00766,sell_0176,04/03/2018 12:40,122.97,29.34
ord_006267,3,prod_00202,sell_0088,03/03/2018 12:40,180.49,17.13
ord_006268,1,prod_00404,sell_0148,14/12/2018 22:31,91.47,9.84
ord_006269,1,prod_00646,sell_0094,26/05/2017 16:49,88.84,19.96
ord_006270,1,prod_00363,sell_0082,20/05/2018 08:58,101.88,19.51
ord_006270,2,prod_00187,sell_0032,18/05/2018 08:58,80.38,19.61
ord_006271,1,prod_00540,sell_0241,08/12/2017 15:22,56.25,4.83
ord_006272,1,prod_00626,sell_0025,06/07/2018 17:54,24.56,3.93
ord_006273,1,prod_00042,sell_0182,10/07/2018 22:46,109.6,8.55
ord_006274,1,prod_00424,sell_0023,30/09/2017 15:08,91.6,10.94
ord_006275,1,prod_00051,sell_0239,24/09/2018 10:50,157.27,38.2
ord_006276,1,prod_00438,sell_0094,04/05/2017 09:28,82.3,14.73
ord_006276,2,prod_00494,sell_0014,07/05/2017 09:28,24.39,5.42
ord_006277,1,prod_00535,sell_0045,13/10/2018 14:42,51.85,6.21
ord_006278,1,prod_00246,sell_0243,04/09/2017 13:42,38.02,6.59
ord_006279,1,prod_00495,sell_0182,01/06/2018 15:53,42.47,9.49
ord_006279,2,prod_00291,sell_0033,31/05/2018 15:53,406.89,55.39
ord_006280,1,prod_00033,sell_0194,15/12/2017 10:45,20.81,4.55
ord_006280,2,prod_00607,sell_0212,13/12/2017 10:45,57.11,12.38
ord_006281,1,prod_00699,sell_0075,12/06/2018 18:49,63.85,11.48
ord_006281,2,prod_00578,sell_0245,13/06/2018 18:49,13.72,1.57
ord_006282,1,prod_00558,sell_0242,21/10/2017 15:19,28.47,3.02
ord_006283,1,prod_00053,sell_0036,19/05/2018 15:58,45.47,8.14
ord_006283,2,prod_00475,sell_0072,17/05/2018 15:58,147.33,26.88
ord_006284,1,prod_00281,sell_0204,16/01/2017 10:39,60.2,7.5
ord_006285,1,prod_00221,sell_0197,02/01/2018 11:46,26.79,5.06
ord_006286,1,prod_00239,sell_0195,21/10/2018 14:51,38.76,3.77
ord_006287,1,prod_00321,sell_0164,08/03/2018 10:07,17.72,3.94
ord_006288,1,prod_00309,sell_0010,04/04/2018 22:20,67.18,11.88
ord_006289,1,prod_00221,sell_0178,21/06/2018 09:50,71.77,6.06
ord_006290,1,prod_00447,sell_0179,18/02/2018 14:55,130.04,21.49
ord_006291,1,prod_00722,sell_0191,10/11/2018 14:45,91.01,14.5
ord_006292,1,prod_00429,sell_0007,26/01/2018 16:28,110.65,27.48
ord_006292,2,prod_00007,sell_0163,24/01/2018 16:28,199.22,46.04
ord_006293,1,prod_00490,sell_0097,09/12/2018 15:15,70.89,13.64
ord_006294,1,prod_00078,sell_0159,16/11/2018 19:31,80.87,15.37
ord_006295,1,prod_00510,sell_0094,06/02/2018 08:23,104.19,6.18
ord_006295,2,prod_00333,sell_0040,07/02/2018 08:23,94.76,17.62
ord_006295,3,prod_00714,sell_0165,10/02/2018 08:23,45.25,9.85
ord_006296,1,prod_00457,sell_0197,30/12/2017 14:53,66.2,9.68
ord_006296,2,prod_00736,sell_0137,28/12/2017 14:53,59.94,5.89
ord_006296,3,prod_00057,sell_0233,27/12/2017 14:53,48.3,10.07
ord_006297,1,prod_00367,sell_0107,23/07/2018 14:34,37.06,5.28
ord_006297,2,prod_00573,sell_0032,26/07/2018 14:34,72.67,9.33
ord_006298,1,prod_00706,sell_0037,08/09/2018 09:23,100.01,5.5
ord_006299,1,prod_00657,sell_0062,13/08/2017 12:29,37.98,2.36
ord_006300,1,prod_00477,sell_0228,30/09/2017 21:56,52.56,8.73
ord_006300,2,prod_00297,sell_0168,28/09/2017 21:56,74.7,4.06
ord_006301,1,prod_00701,sell_0210,02/07/2017 12:36,209.17,41.47
ord_006302,1,prod_00479,sell_0067,10/09/2018 22:13,94.22,11.04
ord_006303,1,prod_00070,sell_0243,17/08/2018 14:30,233.22,56.4
ord_006304,1,prod_00070,sell_0186,13/08/2017 08:27,42.75,9.83
ord_006305,1,prod_00478,sell_0135,26/04/2018 09:18,56.79,9.4
ord_006306,1,prod_00557,sell_0014,15/09/2018 09:44,63.41,14.9
ord_006307,1,prod_00345,sell_0130,09/12/2018 20:16,129.5,23.58
ord_006308,1,prod_00325,sell_0200,02/08/2017 08:29,97.58,17.39
ord_006309,1,prod_00012,sell_0019,22/11/2017 09:26,24.46,5.85
ord_006310,1,prod_00408,sell_0071,12/12/2017 16:28,365.06,26.8
ord_006311,1,prod_00719,sell_0060,25/06/2018 15:34,21.33,3.81
ord_006312,1,prod_00389,sell_0103,22/06/2017 10:40,17.63,2.08
ord_006313,1,prod_00089,sell_0183,20/08/2017 18:08,178.59,26.9
ord_006314,1,prod_00115,sell_0235,26/09/2018 14:17,110.98,10.34
ord_006315,1,prod_00595,sell_0179,30/04/2018 13:46,27.34,2.28
ord_006316,1,prod_00796,sell_0100,16/07/2017 16:54,69.83,7.15
ord_006317,1,prod_00022,sell_0088,14/01/2018 16:02,99.24,21.88
ord_006318,1,prod_00029,sell_0202,22/06/2017 18:04,32.51,2.15
ord_006319,1,prod_00670,sell_0010,23/12/2017 13:56,51.57,7.9
ord_006320,1,prod_00451,sell_0208,25/01/2018 22:08,235.23,41.07
ord_006321,1,prod_00066,sell_0218,26/05/2017 22:58,36.3,6.14
ord_006322,1,prod_00717,sell_0230,28/03/2017 21:49,26.28,3.61
ord_006323,1,prod_00036,sell_0164,19/11/2018 09:07,102.75,23.28
ord_006323,2,prod_00605,sell_0004,20/11/2018 09:07,116.69,16.26
ord_006324,1,prod_00401,sell_0065,19/11/2018 17:06,81.2,13.31
ord_006325,1,prod_00250,sell_0025,06/01/2017 11:58,52.12,7.88
ord_006326,1,prod_00639,sell_0120,03/07/2018 21:15,102.7,7.47
ord_006327,1,prod_00256,sell_0240,09/05/2017 16:32,22.96,3.98
ord_006328,1,prod_00133,sell_0166,11/10/2018 11:14,78.88,12.71
ord_006329,1,prod_00494,sell_0176,16/11/2018 14:36,82.65,16.07
ord_006330,1,prod_00022,sell_0053,19/06/2018 20:50,82.55,7.71
ord_006330,2,prod_00296,sell_0043,21/06/2018 20:50,66.54,14.43
ord_006331,1,prod_00664,sell_0173,18/06/2018 08:39,135.22,30.17
ord_006332,1,prod_00514,sell_0025,04/01/2018 17:02,451.75,83.12
ord_006333,1,prod_00320,sell_0082,11/10/2017 20:35,95.7,6.26
ord_006333,2,prod_00639,sell_0084,11/10/2017 20:35,26.32,4.92
ord_006334,1,prod_00217,sell_0092,06/04/2018 18:39,253.73,61.75
ord_006335,1,prod_00264,sell_0030,18/06/2017 13:12,118.55,28.63
ord_006336,1,prod_00010,sell_0112,23/07/2018 13:45,39.16,5.73
ord_006337,1,prod_00501,sell_0125,17/03/2018 17:37,67.3,10.24
ord_006338,1,prod_00751,sell_0050,05/08/2017 09:00,38.27,4.32
ord_006339,1,prod_00150,sell_0099,30/05/2018 18:57,105.57,13.29
ord_006340,1,prod_00594,sell_0040,03/10/2018 13:26,285.68,46.87
ord_006341,1,prod_00685,sell_0035,31/05/2018 22:13,63.4,6.43
ord_006341,2,prod_00798,sell_0042,04/06/2018 22:13,16.04,3.81
ord_006342,1,prod_00485,sell_0058,23/04/2018 15:05,65.27,9.88
ord_006342,2,prod_00344,sell_0071,26/04/2018 15:05,87.09,20.27
ord_006343,1,prod_00422,sell_0086,30/10/2018 11:22,914.1,145.64
ord_006344,1,prod_00670,sell_0161,22/01/2017 18:18,61.7,4.96
ord_006345,1,prod_00601,sell_0076,16/06/2018 14:17,72.27,7.99
ord_006346,1,prod_00099,sell_0226,28/01/2018 10:47,78.77,14.13
ord_006347,1,prod_00638,sell_0197,20/08/2017 18:38,37.01,6.3
ord_006348,1,prod_00794,sell_0186,27/12/2018 16:07,101.49,13.66
ord_006349,1,prod_00221,sell_0210,25/01/2018 15:42,198.42,22.31
ord_006350,1,prod_00536,sell_0126,02/12/2017 15:43,218.03,21.93
ord_006351,1,prod_00257,sell_0191,25/07/2017 12:30,67.36,9.67
ord_006352,1,prod_00093,sell_0192,06/01/2019 13:59,185.85,12.16
ord_006352,2,prod_00362,sell_0126,01/01/2019 13:59,63.98,7.27
ord_006353,1,prod_00194,sell_0093,03/11/2018 10:17,20.72,2.57
ord_006354,1,prod_00638,sell_0054,08/04/2017 18:03,33.94,5.33
ord_006355,1,prod_00135,sell_0091,19/05/2018 15:01,27.21,3.3
ord_006356,1,prod_00060,sell_0232,05/07/2017 15:19,57.11,5.38
ord_006356,2,prod_00690,sell_0086,07/07/2017 15:19,54.39,13.29
ord_006356,3,prod_00494,sell_0247,04/07/2017 15:19,24.17,4.13
ord_006357,1,prod_00156,sell_0227,16/08/2018 10:29,107.19,16.08
ord_006358,1,prod_00279,sell_0136,26/03/2018 12:04,164.19,32.59
ord_006359,1,prod_00088,sell_0219,27/05/2017 15:33,65.79,16.3
ord_006360,1,prod_00612,sell_0226,11/05/2018 17:54,239.09,38.3
ord_006361,1,prod_00749,sell_0005,25/11/2018 18:47,171.15,35.31
ord_006362,1,prod_00205,sell_0012,08/12/2017 17:40,61.59,13.41
ord_006363,1,prod_00436,sell_0222,14/03/2017 19:39,107.61,22.67
ord_006363,2,prod_00589,sell_0200,18/03/2017 19:39,76.38,7.28
ord_006363,3,prod_00501,sell_0047,15/03/2017 19:39,138.84,14.87
ord_006364,1,prod_00260,sell_0239,07/12/2018 15:43,100.09,14.76
ord_006365,1,prod_00518,sell_0003,29/06/2017 22:29,147.41,20.92
ord_006366,1,prod_00548,sell_0048,20/03/2018 11:24,58.8,14.31
ord_006367,1,prod_00318,sell_0234,04/05/2018 08:18,56.59,3.92
ord_006368,1,prod_00216,sell_0126,29/09/2017 21:05,222.27,51.74
ord_006369,1,prod_00620,sell_0132,03/08/2017 21:33,80.22,6.42
ord_006370,1,prod_00625,sell_0186,27/05/2017 12:28,152.03,14.24
ord_006371,1,prod_00070,sell_0046,08/04/2017 21:07,139.46,26.04
ord_006372,1,prod_00713,sell_0001,07/04/2018 16:16,23.74,5.63
ord_006372,2,prod_00733,sell_0105,08/04/2018 16:16,78.42,4.29
ord_006373,1,prod_00082,sell_0096,30/10/2018 16:47,340.4,78.17
ord_006374,1,prod_00201,sell_0125,12/06/2017 21:15,72.85,4.43
ord_006375,1,prod_00226,sell_0195,07/08/2018 17:25,103.5,10.58
ord_006376,1,prod_00201,sell_0241,30/01/2018 15:09,197.12,21.39
ord_006376,2,prod_00130,sell_0206,02/02/2018 15:09,82.72,12.75
ord_006377,1,prod_00307,sell_0085,23/02/2017 20:10,48.94,6.62
ord_006378,1,prod_00570,sell_0195,28/04/2018 08:45,16.17,2.36
ord_006379,1,prod_00457,sell_0218,08/10/2017 14:04,292.73,22.65
ord_006380,1,prod_00616,sell_0225,12/06/2018 18:17,51,9.54
ord_006381,1,prod_00725,sell_0048,15/12/2017 22:58,80.44,11.71
ord_006381,2,prod_00710,sell_0071,15/12/2017 22:58,35.65,8.46
ord_006382,1,prod_00123,sell_0213,22/07/2018 16:28,21.51,4.75
ord_006383,1,prod_00115,sell_0072,01/12/2018 14:36,161.24,27.03
ord_006384,1,prod_00235,sell_0244,01/10/2017 21:38,84.59,15.22
ord_006385,1,prod_00500,sell_0123,03/12/2018 09:11,67.84,8.05
ord_006385,2,prod_00331,sell_0108,07/12/2018 09:11,36.83,5.46
ord_006386,1,prod_00722,sell_0169,28/08/2017 17:22,65.49,12.56
ord_006387,1,prod_00317,sell_0088,08/04/2017 15:24,71.42,14.76
ord_006388,1,prod_00578,sell_0050,19/08/2017 16:13,75.53,10.61
ord_006389,1,prod_00541,sell_0231,11/10/2018 09:14,40.94,4.11
ord_006390,1,prod_00374,sell_0106,28/07/2018 18:36,38.79,3.72
ord_006391,1,prod_00401,sell_0010,22/12/2018 20:06,72.68,9.24
ord_006392,1,prod_00509,sell_0047,17/08/2018 10:07,395.46,54.72
ord_006392,2,prod_00036,sell_0116,15/08/2018 10:07,101.01,10.08
ord_006393,1,prod_00053,sell_0219,04/02/2018 16:34,40.42,9.77
ord_006394,1,prod_00412,sell_0052,24/11/2018 10:26,128.84,31.32
ord_006395,1,prod_00759,sell_0130,14/12/2018 08:36,152.47,37.32
ord_006396,1,prod_00482,sell_0126,02/10/2018 16:01,28.88,1.52
ord_006396,2,prod_00267,sell_0233,27/09/2018 16:01,242.86,17.28
ord_006397,1,prod_00300,sell_0151,09/05/2018 09:42,138.69,12.38
ord_006397,2,prod_00567,sell_0044,10/05/2018 09:42,44.08,4.64
ord_006398,1,prod_00721,sell_0118,18/10/2018 21:50,157.01,18.93
ord_006398,2,prod_00136,sell_0037,19/10/2018 21:50,322.59,25.47
ord_006399,1,prod_00224,sell_0032,02/08/2017 16:31,27.37,6.79
ord_006400,1,prod_00473,sell_0197,27/11/2018 20:50,39.76,2.32
ord_006401,1,prod_00340,sell_0230,02/01/2019 21:23,118.8,14.64
ord_006402,1,prod_00376,sell_0244,18/07/2018 15:04,141.81,23.5
ord_006402,2,prod_00229,sell_0098,17/07/2018 15:04,29.16,5.81
ord_006403,1,prod_00532,sell_0070,18/08/2017 10:22,24.39,1.33
ord_006404,1,prod_00543,sell_0119,02/07/2017 20:26,56.93,7.71
ord_006405,1,prod_00199,sell_0021,14/12/2018 16:51,52.5,10.56
ord_006406,1,prod_00710,sell_0081,10/11/2018 15:20,67.58,10.5
ord_006407,1,prod_00116,sell_0225,08/09/2018 18:18,38.34,5.83
ord_006408,1,prod_00376,sell_0056,12/12/2018 13:53,71.89,8.45
ord_006409,1,prod_00067,sell_0059,09/04/2018 14:15,33.25,4.87
ord_006410,1,prod_00530,sell_0181,22/11/2018 20:38,98.22,22.43
ord_006411,1,prod_00565,sell_0053,21/07/2017 19:19,56.9,11.06
ord_006412,1,prod_00408,sell_0045,10/08/2017 19:57,78.45,4.15
ord_006412,2,prod_00221,sell_0093,06/08/2017 19:57,86.98,9.99
ord_006413,1,prod_00377,sell_0071,14/04/2018 10:11,143.67,12.27
ord_006414,1,prod_00245,sell_0017,05/12/2017 16:43,127.23,27.08
ord_006415,1,prod_00015,sell_0198,17/02/2018 08:33,36.08,4.78
ord_006416,1,prod_00262,sell_0129,02/10/2018 09:58,67.57,13.36
ord_006417,1,prod_00353,sell_0200,18/03/2017 18:59,179.26,32.51
ord_006418,1,prod_00733,sell_0153,21/08/2018 11:47,52.1,6.81
ord_006419,1,prod_00178,sell_0093,29/04/2017 13:06,51.94,8.54
ord_006419,2,prod_00242,sell_0024,03/05/2017 13:06,71.89,13.38
ord_006419,3,prod_00342,sell_0096,01/05/2017 13:06,82.89,12.17
ord_006420,1,prod_00281,sell_0043,02/11/2018 15:28,106.52,14.73
ord_006421,1,prod_00756,sell_0227,25/08/2017 15:51,159.67,17.45
ord_006422,1,prod_00591,sell_0114,31/08/2018 12:38,153.28,19.26
ord_006423,1,prod_00636,sell_0110,03/06/2018 10:52,26.35,3.86
ord_006424,1,prod_00417,sell_0221,11/01/2018 14:47,32.34,2.31
ord_006425,1,prod_00500,sell_0034,21/10/2017 12:18,285.16,20.51
ord_006425,2,prod_00559,sell_0150,21/10/2017 12:18,389.54,26.46
ord_006426,1,prod_00451,sell_0105,28/03/2017 22:11,89.38,9.74
ord_006426,2,prod_00344,sell_0145,25/03/2017 22:11,99.13,19.49
ord_006427,1,prod_00284,sell_0179,20/12/2017 16:19,160.21,25
ord_006427,2,prod_00253,sell_0173,17/12/2017 16:19,83.99,6.16
ord_006428,1,prod_00148,sell_0179,24/08/2017 13:41,33.37,6.66
ord_006429,1,prod_00463,sell_0226,21/06/2017 19:28,44.63,6.76
ord_006430,1,prod_00462,sell_0015,30/08/2018 17:02,43.58,4.88
ord_006431,1,prod_00627,sell_0087,05/09/2017 11:44,251.52,35.93
ord_006432,1,prod_00517,sell_0199,12/09/2017 17:02,88.22,15.79
ord_006433,1,prod_00287,sell_0015,10/12/2017 21:24,292.65,36.5
ord_006433,2,prod_00262,sell_0225,10/12/2017 21:24,96.85,22.25
ord_006434,1,prod_00298,sell_0197,12/03/2018 12:27,71.37,6.84
ord_006435,1,prod_00301,sell_0030,14/04/2018 13:30,91.45,15.86
ord_006435,2,prod_00327,sell_0049,15/04/2018 13:30,42.31,3.55
ord_006436,1,prod_00394,sell_0240,21/07/2018 10:08,61.61,14.25
ord_006437,1,prod_00223,sell_0061,31/05/2018 22:44,14.36,3.34
ord_006438,1,prod_00691,sell_0106,21/03/2018 13:50,130.09,22.18
ord_006439,1,prod_00091,sell_0190,18/01/2018 19:41,43.53,8.45
ord_006440,1,prod_00517,sell_0174,24/10/2017 18:57,108.37,25.13
ord_006441,1,prod_00393,sell_0088,12/08/2018 20:15,214.89,28.21
ord_006441,2,prod_00700,sell_0066,16/08/2018 20:15,32.24,7.68
ord_006442,1,prod_00752,sell_0092,25/11/2017 18:09,34.51,8.46
ord_006442,2,prod_00064,sell_0022,29/11/2017 18:09,27.7,6.17
ord_006443,1,prod_00133,sell_0205,03/11/2018 15:04,43.21,10.52
ord_006444,1,prod_00627,sell_0220,30/05/2018 10:43,120.62,18.81
ord_006445,1,prod_00191,sell_0197,01/07/2018 13:09,22.4,2.04
ord_006445,2,prod_00488,sell_0150,01/07/2018 13:09,113.62,17.06
ord_006446,1,prod_00305,sell_0011,09/04/2018 22:56,52.17,12.53
ord_006447,1,prod_00236,sell_0083,01/12/2018 11:35,79.51,11.13
ord_006448,1,prod_00318,sell_0166,10/02/2018 12:48,52.33,7.33
ord_006449,1,prod_00327,sell_0244,14/02/2018 18:26,251.88,31.69
ord_006450,1,prod_00450,sell_0071,26/11/2018 21:44,67.91,12.06
ord_006450,2,prod_00164,sell_0210,26/11/2018 21:44,126.25,19.86
ord_006451,1,prod_00118,sell_0016,09/06/2018 10:26,23.46,4.88
ord_006452,1,prod_00290,sell_0207,02/03/2018 20:32,60.96,12.87
ord_006453,1,prod_00764,sell_0151,20/10/2017 09:46,87.92,9.28
ord_006454,1,prod_00505,sell_0117,02/10/2017 15:14,265.87,65.31
ord_006455,1,prod_00505,sell_0018,04/10/2018 20:53,37.95,9.01
ord_006456,1,prod_00669,sell_0108,05/11/2017 16:42,62.01,6.47
ord_006457,1,prod_00297,sell_0218,16/01/2017 11:44,144.07,30.14
ord_006458,1,prod_00205,sell_0234,31/01/2017 21:14,44.8,3.33
ord_006458,2,prod_00642,sell_0001,02/02/2017 21:14,75.92,14
ord_006458,3,prod_00489,sell_0092,31/01/2017 21:14,198.92,28.97
ord_006459,1,prod_00399,sell_0036,27/12/2018 22:05,28.01,4.86
ord_006460,1,prod_00499,sell_0150,15/05/2018 14:04,199.08,32.07
ord_006461,1,prod_00505,sell_0067,29/03/2018 14:38,63.32,3.98
ord_006462,1,prod_00355,sell_0107,27/11/2018 21:09,22.09,2.49
ord_006463,1,prod_00385,sell_0135,18/12/2017 21:59,20.92,1.07
ord_006463,2,prod_00122,sell_0079,18/12/2017 21:59,54.73,9.93
ord_006464,1,prod_00119,sell_0069,01/10/2018 08:57,135.19,22.77
ord_006465,1,prod_00091,sell_0091,23/08/2018 21:01,44.31,6.24
ord_006466,1,prod_00528,sell_0053,21/03/2018 08:43,117.51,18.97
ord_006467,1,prod_00162,sell_0223,22/09/2018 14:15,50.36,3.6
ord_006467,2,prod_00662,sell_0024,18/09/2018 14:15,48.91,6.76
ord_006468,1,prod_00551,sell_0190,21/12/2018 14:20,105.53,24.3
ord_006469,1,prod_00740,sell_0012,24/08/2017 22:14,32.67,6.11
ord_006470,1,prod_00574,sell_0060,29/01/2017 09:49,152.12,28.27
ord_006470,2,prod_00379,sell_0032,30/01/2017 09:49,92.76,14.41
ord_006471,1,prod_00005,sell_0023,19/10/2018 20:53,165.02,21.76
ord_006472,1,prod_00211,sell_0031,28/01/2018 22:02,81.37,8.57
ord_006472,2,prod_00143,sell_0024,25/01/2018 22:02,164.39,28.96
ord_006473,1,prod_00476,sell_0031,06/05/2018 19:16,51.47,6.72
ord_006473,2,prod_00067,sell_0237,01/05/2018 19:16,48.52,2.96
ord_006474,1,prod_00159,sell_0042,15/09/2017 14:26,125.41,28.7
ord_006474,2,prod_00760,sell_0099,17/09/2017 14:26,30.66,3.47
ord_006475,1,prod_00262,sell_0127,27/10/2018 22:31,59.58,10.86
ord_006476,1,prod_00704,sell_0241,18/08/2018 11:05,41.67,6.32
ord_006477,1,prod_00206,sell_0175,10/12/2018 16:49,45.83,4.55
ord_006478,1,prod_00772,sell_0054,16/03/2018 18:56,131.2,19.48
ord_006479,1,prod_00360,sell_0029,21/12/2018 08:24,104.67,13.05
ord_006480,1,prod_00558,sell_0223,11/04/2018 17:51,84.39,8.29
ord_006481,1,prod_00230,sell_0212,22/06/2018 12:40,48.01,8.03
ord_006482,1,prod_00469,sell_0092,21/07/2018 11:35,60.23,14.66
ord_006483,1,prod_00269,sell_0061,26/03/2018 19:49,109.45,5.6
ord_006483,2,prod_00492,sell_0134,26/03/2018 19:49,191.92,45.04
ord_006484,1,prod_00051,sell_0246,13/05/2018 14:28,22.01,4.19
ord_006485,1,prod_00759,sell_0064,17/09/2017 21:32,81.53,19.06
ord_006486,1,prod_00144,sell_0105,26/12/2017 13:16,68.64,9.6
ord_006487,1,prod_00053,sell_0157,08/08/2018 18:42,106.51,24.39
ord_006487,2,prod_00081,sell_0062,07/08/2018 18:42,267.48,25.27
ord_006488,1,prod_00268,sell_0157,28/02/2017 16:09,18.67,2.31
ord_006489,1,prod_00564,sell_0115,09/08/2018 10:14,145,27.23
ord_006490,1,prod_00651,sell_0074,25/11/2017 08:28,170.35,29.15
ord_006491,1,prod_00215,sell_0130,25/10/2017 14:23,320.5,47.67
ord_006492,1,prod_00226,sell_0011,07/08/2018 22:14,54.19,6.73
ord_006493,1,prod_00787,sell_0183,05/09/2017 20:11,67.85,3.8
ord_006494,1,prod_00495,sell_0170,18/12/2018 17:51,81.25,7.18
ord_006495,1,prod_00363,sell_0118,02/01/2019 20:35,67.89,8.01
ord_006496,1,prod_00645,sell_0129,07/03/2018 11:22,81.8,10.36
ord_006497,1,prod_00777,sell_0050,22/01/2018 14:50,57.36,9.26
ord_006498,1,prod_00490,sell_0140,21/04/2017 13:49,70.04,5.23
ord_006499,1,prod_00039,sell_0082,24/09/2018 22:06,31.62,6.41
ord_006500,1,prod_00618,sell_0094,22/07/2017 22:34,105.6,10.86
ord_006500,2,prod_00693,sell_0003,19/07/2017 22:34,36.5,2.77
ord_006501,1,prod_00212,sell_0204,02/12/2018 17:18,69.66,16.98
ord_006502,1,prod_00636,sell_0068,01/01/2019 13:32,45.32,7.98
ord_006503,1,prod_00751,sell_0036,08/06/2017 10:43,79.67,10.54
ord_006503,2,prod_00653,sell_0217,10/06/2017 10:43,102.37,21.58
ord_006504,1,prod_00462,sell_0054,27/07/2018 18:00,56.15,3.78
ord_006505,1,prod_00257,sell_0177,09/03/2018 11:30,32,2.93
ord_006506,1,prod_00073,sell_0069,03/05/2018 19:17,74.08,9.32
ord_006506,2,prod_00184,sell_0177,30/04/2018 19:17,33.12,7.18
ord_006507,1,prod_00039,sell_0243,04/08/2017 21:32,52.54,11.26
ord_006508,1,prod_00352,sell_0001,22/08/2018 16:06,105.71,14.83
ord_006509,1,prod_00495,sell_0077,23/07/2017 17:49,54.74,3.82
ord_006510,1,prod_00315,sell_0181,22/11/2018 11:32,43.6,4.11
ord_006511,1,prod_00004,sell_0244,02/03/2018 08:12,122.69,12.49
ord_006512,1,prod_00298,sell_0082,29/06/2018 09:46,94.93,16.86
ord_006513,1,prod_00573,sell_0013,01/12/2018 22:02,363.52,61.82
ord_006514,1,prod_00320,sell_0099,31/08/2018 18:35,84.82,15.36
ord_006515,1,prod_00464,sell_0173,04/05/2018 18:30,110.06,26.18
ord_006516,1,prod_00550,sell_0022,28/01/2018 22:02,26.79,3.29
ord_006517,1,prod_00670,sell_0053,10/03/2018 10:14,41.36,9.68
ord_006518,1,prod_00137,sell_0004,08/12/2017 19:04,58.79,3.86
ord_006518,2,prod_00700,sell_0083,10/12/2017 19:04,86.48,10.06
ord_006519,1,prod_00563,sell_0155,11/12/2018 09:43,48.85,5.87
ord_006520,1,prod_00510,sell_0141,12/10/2017 14:42,58.16,11.6
ord_006520,2,prod_00547,sell_0239,09/10/2017 14:42,84.98,20.91
ord_006521,1,prod_00185,sell_0092,29/01/2018 13:05,75.76,14.64
ord_006521,2,prod_00262,sell_0204,30/01/2018 13:05,133.62,30.64
ord_006522,1,prod_00046,sell_0081,21/09/2018 16:06,87.26,19.71
ord_006523,1,prod_00256,sell_0236,29/12/2017 15:52,47.26,11.19
ord_006524,1,prod_00744,sell_0177,23/11/2018 10:12,39.57,9.75
ord_006525,1,prod_00565,sell_0065,01/10/2017 22:18,74,14.83
ord_006526,1,prod_00282,sell_0197,17/02/2017 13:41,207.57,30.31
ord_006527,1,prod_00366,sell_0027,28/06/2018 09:03,61.71,6.02
ord_006528,1,prod_00463,sell_0031,09/04/2018 20:56,337.3,61.52
ord_006529,1,prod_00566,sell_0052,03/12/2018 22:01,86.98,12.73
ord_006530,1,prod_00385,sell_0101,12/02/2018 15:50,142.88,22.51
ord_006531,1,prod_00209,sell_0237,23/06/2017 20:21,218.22,17.99
ord_006532,1,prod_00784,sell_0199,29/11/2017 15:09,20.92,3.71
ord_006533,1,prod_00528,sell_0222,18/01/2018 10:22,144.13,23.85
ord_006534,1,prod_00421,sell_0149,29/05/2018 11:58,125.93,26.6
ord_006535,1,prod_00320,sell_0136,29/10/2017 09:31,29.11,5.09
ord_006536,1,prod_00678,sell_0011,10/05/2018 16:03,175.93,17.83
ord_006537,1,prod_00052,sell_0217,29/11/2018 14:56,20.9,4.48
ord_006538,1,prod_00640,sell_0055,11/02/2018 09:08,46.47,7.55
ord_006538,2,prod_00294,sell_0120,09/02/2018 09:08,19.34,4.48
ord_006538,3,prod_00179,sell_0032,07/02/2018 09:08,102.28,7.97
ord_006539,1,prod_00646,sell_0000,11/07/2018 10:03,92.89,13.08
ord_006540,1,prod_00379,sell_0077,22/09/2017 21:02,38.7,9.57
ord_006541,1,prod_00484,sell_0135,06/10/2018 12:49,63.36,6.55
ord_006542,1,prod_00367,sell_0124,27/10/2017 22:09,82.51,15.31
ord_006543,1,prod_00465,sell_0165,28/05/2018 13:10,92.77,19.41
ord_006544,1,prod_00363,sell_0072,19/11/2017 10:56,64.48,7.93
ord_006545,1,prod_00728,sell_0178,06/04/2017 13:36,124.01,18.41
ord_006546,1,prod_00219,sell_0168,26/11/2017 10:17,53.32,3.55
ord_006547,1,prod_00162,sell_0065,03/09/2017 13:35,69.55,10.96
ord_006547,2,prod_00584,sell_0022,04/09/2017 13:35,18.05,2.21
ord_006547,3,prod_00616,sell_0219,05/09/2017 13:35,581.46,73.96
ord_006548,1,prod_00136,sell_0180,22/11/2018 21:14,78.79,15.53
ord_006548,2,prod_00463,sell_0158,21/11/2018 21:14,31.35,2.63
ord_006549,1,prod_00405,sell_0210,24/10/2017 17:29,31.28,7.57
ord_006550,1,prod_00259,sell_0063,20/12/2018 19:20,142.41,27.64
ord_006551,1,prod_00768,sell_0064,02/04/2018 14:37,32.98,3.28
ord_006552,1,prod_00405,sell_0178,14/09/2017 14:45,82.79,13.8
ord_006553,1,prod_00058,sell_0202,17/01/2018 08:20,31.57,2.35
ord_006554,1,prod_00614,sell_0078,11/08/2017 10:08,226.72,28.57
ord_006555,1,prod_00022,sell_0081,22/10/2018 08:21,48.44,7.18
ord_006556,1,prod_00211,sell_0013,04/06/2017 11:45,79.47,10.94
ord_006557,1,prod_00189,sell_0064,11/11/2018 15:47,31.27,1.85
ord_006557,2,prod_00425,sell_0066,14/11/2018 15:47,18.98,3.91
ord_006558,1,prod_00264,sell_0165,10/03/2017 21:47,61.09,11.12
ord_006559,1,prod_00410,sell_0049,22/11/2017 14:58,15.73,3.07
ord_006559,2,prod_00243,sell_0241,18/11/2017 14:58,30.56,3.39
ord_006560,1,prod_00567,sell_0153,24/06/2017 13:49,55.88,8.94
ord_006561,1,prod_00778,sell_0149,30/07/2018 10:58,46.93,9.95
ord_006562,1,prod_00462,sell_0216,15/04/2018 12:37,43.86,8.88
ord_006563,1,prod_00529,sell_0240,04/12/2018 13:13,56.91,8.91
ord_006564,1,prod_00199,sell_0007,28/12/2017 12:36,81.74,10.17
ord_006565,1,prod_00510,sell_0075,06/03/2017 09:11,65.8,16.2
ord_006565,2,prod_00241,sell_0049,05/03/2017 09:11,17.31,1.32
ord_006566,1,prod_00284,sell_0155,16/09/2018 21:05,68.47,17.04
ord_006567,1,prod_00414,sell_0240,24/05/2018 18:18,186.11,41.03
ord_006568,1,prod_00679,sell_0010,19/10/2018 12:21,136.74,17.09
ord_006569,1,prod_00104,sell_0159,09/02/2018 13:42,61.4,12.46
ord_006570,1,prod_00252,sell_0141,28/08/2018 20:21,27.5,2.69
ord_006571,1,prod_00698,sell_0009,27/07/2017 10:00,79.77,4.01
ord_006572,1,prod_00149,sell_0123,07/01/2019 18:55,121.76,16.26
ord_006573,1,prod_00048,sell_0232,02/08/2017 08:35,59.68,9.37
ord_006574,1,prod_00102,sell_0054,20/10/2018 11:12,78.29,17.04
ord_006575,1,prod_00054,sell_0071,05/09/2017 20:15,270.12,55.71
ord_006576,1,prod_00687,sell_0015,24/09/2018 12:07,104.18,20.04
ord_006577,1,prod_00701,sell_0008,06/11/2018 21:54,44.34,2.6
ord_006578,1,prod_00481,sell_0111,14/11/2018 21:13,33.84,4.84
ord_006578,2,prod_00140,sell_0131,14/11/2018 21:13,17.83,0.91
ord_006579,1,prod_00652,sell_0060,20/03/2018 10:56,121.07,16.64
ord_006580,1,prod_00009,sell_0227,14/02/2018 17:15,36.27,5.43
ord_006580,2,prod_00790,sell_0228,16/02/2018 17:15,112.62,25.99
ord_006581,1,prod_00343,sell_0041,26/10/2018 08:47,108.55,21.34
ord_006582,1,prod_00267,sell_0125,27/05/2018 20:00,16.57,2.27
ord_006583,1,prod_00492,sell_0168,24/06/2018 15:28,82.7,15.33
ord_006583,2,prod_00440,sell_0072,19/06/2018 15:28,49.11,7.66
ord_006584,1,prod_00226,sell_0203,24/09/2017 14:22,110.61,27.46
ord_006585,1,prod_00109,sell_0062,23/02/2018 12:20,58.04,13.4
ord_006586,1,prod_00520,sell_0198,29/12/2017 21:59,111.88,15.74
ord_006587,1,prod_00018,sell_0237,17/07/2018 09:43,23.37,2.54
ord_006588,1,prod_00474,sell_0093,21/08/2017 16:15,39.93,9.07
ord_006589,1,prod_00777,sell_0072,26/01/2018 10:45,26.15,3.16
ord_006590,1,prod_00349,sell_0122,31/10/2018 13:07,72.71,5.67
ord_006591,1,prod_00141,sell_0084,05/05/2018 22:55,54.37,2.76
ord_006592,1,prod_00335,sell_0005,27/11/2018 14:25,40.38,6.78
ord_006593,1,prod_00426,sell_0191,21/09/2017 14:11,117.48,6.87
ord_006594,1,prod_00173,sell_0111,24/02/2018 09:16,60.97,6.83
ord_006595,1,prod_00352,sell_0163,03/04/2018 13:09,148.76,19.99
ord_006596,1,prod_00786,sell_0242,21/01/2018 08:55,130.17,32.34
ord_006597,1,prod_00550,sell_0001,29/07/2018 21:18,43.63,5.09
ord_006598,1,prod_00085,sell_0200,04/07/2017 17:08,41.72,5.38
ord_006599,1,prod_00006,sell_0053,18/04/2018 21:48,150.44,13.43
ord_006600,1,prod_00047,sell_0060,27/06/2017 10:12,61.69,10.96
ord_006601,1,prod_00135,sell_0085,29/06/2018 12:05,33.61,7.68
ord_006601,2,prod_00215,sell_0180,28/06/2018 12:05,120.5,17.65
ord_006602,1,prod_00197,sell_0151,23/10/2018 13:40,87.61,6.17
ord_006603,1,prod_00280,sell_0121,04/02/2017 18:00,191.77,37.19
ord_006604,1,prod_00370,sell_0008,03/03/2018 13:49,155.84,12.17
ord_006605,1,prod_00321,sell_0148,31/03/2018 21:33,44.68,8.94
ord_006606,1,prod_00049,sell_0102,23/08/2018 19:14,43.98,4.02
ord_006606,2,prod_00616,sell_0047,20/08/2018 19:14,258.81,30.57
ord_006607,1,prod_00142,sell_0105,15/04/2017 21:28,264.96,51.97
ord_006608,1,prod_00274,sell_0221,29/01/2018 18:15,89.31,10.57
ord_006609,1,prod_00179,sell_0025,25/09/2018 10:31,11.24,2.61
ord_006609,2,prod_00324,sell_0050,25/09/2018 10:31,66.07,10.6
ord_006610,1,prod_00020,sell_0026,27/04/2018 15:34,65.45,3.44
ord_006611,1,prod_00546,sell_0219,05/09/2018 20:46,40.59,7.12
ord_006612,1,prod_00361,sell_0218,25/12/2017 12:27,30.42,2.48
ord_006613,1,prod_00028,sell_0012,01/12/2018 09:47,513.15,65.67
ord_006614,1,prod_00204,sell_0014,19/04/2017 10:04,123.45,21.53
ord_006614,2,prod_00448,sell_0109,16/04/2017 10:04,60.76,14.73
ord_006615,1,prod_00639,sell_0116,06/05/2017 15:55,318.27,40.51
ord_006615,2,prod_00243,sell_0088,06/05/2017 15:55,131.54,14.97
ord_006616,1,prod_00779,sell_0113,25/04/2018 13:11,59.68,8.32
ord_006617,1,prod_00303,sell_0061,16/03/2018 10:50,30.58,6.06
ord_006617,2,prod_00621,sell_0080,14/03/2018 10:50,179.91,33.89
ord_006618,1,prod_00155,sell_0044,30/06/2018 17:29,39.46,8.92
ord_006618,2,prod_00301,sell_0123,02/07/2018 17:29,66,4.63
ord_006618,3,prod_00596,sell_0143,02/07/2018 17:29,139.84,25.69
ord_006619,1,prod_00010,sell_0241,22/09/2017 21:06,127.57,20.44
ord_006619,2,prod_00684,sell_0238,23/09/2017 21:06,39.53,4.48
ord_006620,1,prod_00077,sell_0111,19/09/2017 17:21,100.66,7.46
ord_006621,1,prod_00346,sell_0190,03/09/2018 11:55,12.7,1
ord_006622,1,prod_00183,sell_0235,11/11/2017 22:50,64.36,3.82
ord_006623,1,prod_00481,sell_0117,23/08/2018 10:43,52.33,8.02
ord_006624,1,prod_00765,sell_0239,01/07/2018 13:22,130.98,15.12
ord_006625,1,prod_00142,sell_0026,28/04/2017 10:35,87.57,7.13
ord_006626,1,prod_00704,sell_0049,14/08/2018 20:13,39.5,2.09
ord_006627,1,prod_00097,sell_0032,19/11/2018 16:38,52.35,8.89
ord_006628,1,prod_00568,sell_0201,14/10/2018 17:15,213.57,46.94
ord_006629,1,prod_00755,sell_0159,19/01/2017 08:49,25.09,5.98
ord_006630,1,prod_00676,sell_0013,03/05/2018 16:42,53.96,10.46
ord_006631,1,prod_00732,sell_0136,28/11/2018 15:23,133.93,30.39
ord_006631,2,prod_00636,sell_0008,30/11/2018 15:23,179.18,42.08
ord_006632,1,prod_00455,sell_0153,10/06/2018 11:39,19.87,4.45
ord_006633,1,prod_00600,sell_0079,10/11/2017 20:19,94.15,23.19
ord_006634,1,prod_00027,sell_0236,21/08/2017 08:09,119.28,12.87
ord_006634,2,prod_00340,sell_0069,18/08/2017 08:09,29.93,4.38
ord_006635,1,prod_00095,sell_0193,30/07/2018 16:14,64.75,15.96
ord_006636,1,prod_00350,sell_0246,21/09/2018 20:16,98.13,16.14
ord_006636,2,prod_00375,sell_0131,19/09/2018 20:16,68.01,6.38
ord_006637,1,prod_00389,sell_0129,27/11/2018 15:13,42.93,3.9
ord_006638,1,prod_00360,sell_0066,24/11/2018 14:40,119.17,7.9
ord_006639,1,prod_00317,sell_0161,09/12/2017 19:44,96.12,16.09
ord_006640,1,prod_00684,sell_0135,09/06/2018 15:27,15.43,2.86
ord_006641,1,prod_00447,sell_0174,15/05/2017 12:59,89.79,14.01
ord_006642,1,prod_00033,sell_0036,06/05/2017 19:53,217.62,40.05
ord_006643,1,prod_00103,sell_0108,12/04/2017 19:05,71.17,6.15
ord_006643,2,prod_00082,sell_0150,09/04/2017 19:05,39.79,6.8
ord_006644,1,prod_00711,sell_0195,03/12/2018 11:27,125.99,12.37
ord_006645,1,prod_00447,sell_0149,12/07/2017 12:54,330.53,54.97
ord_006646,1,prod_00388,sell_0246,24/03/2018 15:13,26.44,1.55
ord_006647,1,prod_00163,sell_0082,16/02/2018 16:22,66.81,13.52
ord_006648,1,prod_00520,sell_0160,30/11/2017 09:56,586.53,123.16
ord_006649,1,prod_00508,sell_0203,01/05/2018 22:46,299.48,62.25
ord_006650,1,prod_00615,sell_0245,08/01/2017 12:49,108.84,10.76
ord_006651,1,prod_00750,sell_0154,08/01/2018 12:52,149.99,24.85
ord_006652,1,prod_00598,sell_0013,20/03/2018 21:10,15.94,2.7
ord_006653,1,prod_00508,sell_0130,09/10/2018 12:41,103.74,10.96
ord_006654,1,prod_00134,sell_0241,07/08/2018 11:48,21.02,1.48
ord_006654,2,prod_00330,sell_0057,06/08/2018 11:48,40.86,9.04
ord_006655,1,prod_00773,sell_0194,31/10/2018 18:13,255.53,60.07
ord_006655,2,prod_00039,sell_0148,30/10/2018 18:13,280.69,65.07
ord_006655,3,prod_00547,sell_0126,02/11/2018 18:13,58.89,9.1
ord_006656,1,prod_00437,sell_0066,05/01/2018 19:02,18.93,3.98
ord_006657,1,prod_00560,sell_0118,25/06/2017 13:10,74.12,15.53
ord_006658,1,prod_00278,sell_0017,26/01/2018 08:44,63.17,12.09
ord_006659,1,prod_00341,sell_0107,16/12/2018 10:41,47.54,5.7
ord_006660,1,prod_00585,sell_0122,05/09/2017 09:53,61.21,4.22
ord_006661,1,prod_00114,sell_0095,01/08/2017 22:19,143.25,11.91
ord_006662,1,prod_00660,sell_0018,06/12/2018 15:37,239.55,32.63
ord_006663,1,prod_00368,sell_0125,10/12/2018 16:01,62.98,9.19
ord_006664,1,prod_00060,sell_0195,05/07/2017 22:56,146.24,29.55
ord_006665,1,prod_00291,sell_0076,19/09/2018 15:33,82.8,17.03
ord_006666,1,prod_00376,sell_0032,12/02/2018 10:44,113.33,23.07
ord_006667,1,prod_00637,sell_0161,29/03/2018 15:17,17.08,1.5
ord_006668,1,prod_00410,sell_0052,02/04/2018 12:04,127.96,21.54
ord_006669,1,prod_00442,sell_0242,21/12/2018 19:03,89.9,8.47
ord_006670,1,prod_00607,sell_0090,10/08/2017 16:48,11.2,2.44
ord_006670,2,prod_00281,sell_0084,12/08/2017 16:48,62.81,15.04
ord_006671,1,prod_00751,sell_0122,21/09/2018 08:09,262.03,26.28
ord_006671,2,prod_00641,sell_0028,20/09/2018 08:09,26.72,2.8
ord_006672,1,prod_00765,sell_0056,16/01/2017 19:49,157.78,28.86
ord_006673,1,prod_00173,sell_0181,27/06/2018 09:15,127.14,20.72
ord_006674,1,prod_00289,sell_0193,10/07/2018 17:32,130.97,18.61
ord_006675,1,prod_00599,sell_0109,09/09/2018 15:15,100.66,15.75
ord_006676,1,prod_00308,sell_0156,28/11/2018 16:03,61.68,7.67
ord_006676,2,prod_00421,sell_0163,02/12/2018 16:03,180.26,18.57
ord_006677,1,prod_00349,sell_0127,09/09/2018 21:32,39.39,4.63
ord_006678,1,prod_00157,sell_0165,27/08/2018 13:22,433.76,49.83
ord_006679,1,prod_00365,sell_0017,13/10/2017 13:26,54.8,8.57
ord_006680,1,prod_00297,sell_0140,02/01/2019 10:36,38.29,4.98
ord_006680,2,prod_00681,sell_0199,04/01/2019 10:36,135.07,10.04
ord_006680,3,prod_00637,sell_0109,02/01/2019 10:36,161.39,16.86
ord_006681,1,prod_00097,sell_0098,16/03/2018 10:18,95.04,18.4
ord_006682,1,prod_00621,sell_0063,07/02/2018 21:33,16.59,3.19
ord_006683,1,prod_00388,sell_0132,04/04/2018 21:39,17.06,1.22
ord_006684,1,prod_00725,sell_0155,17/01/2018 19:05,78.06,13.23
ord_006685,1,prod_00532,sell_0060,06/06/2018 15:21,55.04,3.44
ord_006686,1,prod_00507,sell_0064,17/12/2017 08:05,80.81,9.07
ord_006686,2,prod_00040,sell_0010,13/12/2017 08:05,88.18,5.49
ord_006687,1,prod_00717,sell_0161,27/09/2017 10:00,170.1,39.36
ord_006687,2,prod_00385,sell_0193,27/09/2017 10:00,45.98,6.79
ord_006688,1,prod_00058,sell_0024,30/11/2018 14:03,85.33,16.52
ord_006689,1,prod_00344,sell_0020,29/11/2018 20:35,68.44,9.28
ord_006690,1,prod_00720,sell_0143,30/03/2018 22:05,44.7,5.18
ord_006691,1,prod_00323,sell_0026,19/12/2018 09:52,151.24,22.67
ord_006692,1,prod_00446,sell_0132,04/02/2018 13:45,65.23,3.92
ord_006692,2,prod_00375,sell_0094,04/02/2018 13:45,152.63,36.32
ord_006693,1,prod_00344,sell_0212,14/01/2018 10:00,92.04,8.46
ord_006694,1,prod_00428,sell_0140,01/12/2018 15:34,21.49,3.24
ord_006695,1,prod_00220,sell_0096,02/07/2018 09:00,17.1,4.16
ord_006696,1,prod_00684,sell_0235,15/09/2018 11:06,61.21,12.56
ord_006697,1,prod_00528,sell_0174,30/01/2018 22:59,28.98,3.44
ord_006698,1,prod_00229,sell_0153,30/01/2018 08:27,28.86,5.17
ord_006699,1,prod_00265,sell_0065,28/04/2017 13:01,177.27,12.29
ord_006700,1,prod_00380,sell_0176,16/12/2018 17:51,81.25,4.64
ord_006701,1,prod_00101,sell_0006,22/09/2017 17:55,41.48,2.41
ord_006702,1,prod_00031,sell_0198,01/04/2018 17:32,86.42,6.83
ord_006703,1,prod_00073,sell_0224,02/06/2017 22:42,372.23,78.5
ord_006704,1,prod_00241,sell_0153,09/07/2018 19:46,162.44,25.99
ord_006705,1,prod_00670,sell_0021,15/01/2018 08:44,241.04,56.33
ord_006706,1,prod_00521,sell_0075,17/09/2018 19:29,82.29,6.03
ord_006707,1,prod_00040,sell_0175,26/04/2018 16:49,72.7,6.17
ord_006708,1,prod_00231,sell_0115,16/06/2017 10:31,39.09,9.65
ord_006708,2,prod_00386,sell_0228,15/06/2017 10:31,149.49,8.55
ord_006709,1,prod_00578,sell_0089,23/01/2017 19:15,63.31,9.6
ord_006710,1,prod_00572,sell_0198,04/09/2017 11:00,43.34,4.96
ord_006710,2,prod_00562,sell_0029,04/09/2017 11:00,66.17,6.18
ord_006711,1,prod_00212,sell_0233,21/08/2018 12:21,68.55,6.12
ord_006712,1,prod_00353,sell_0049,21/10/2018 22:04,148.77,36.67
ord_006713,1,prod_00557,sell_0197,09/12/2017 17:03,182.29,18.43
ord_006714,1,prod_00408,sell_0206,01/05/2018 19:28,64.62,6.58
ord_006715,1,prod_00583,sell_0170,30/09/2017 14:56,47.22,5.73
ord_006716,1,prod_00019,sell_0246,18/11/2018 19:06,139.33,16.32
ord_006717,1,prod_00347,sell_0149,20/12/2018 11:16,72.35,7.84
ord_006717,2,prod_00707,sell_0015,17/12/2018 11:16,70.09,10.35
ord_006718,1,prod_00279,sell_0182,08/09/2018 17:49,42.65,8.26
ord_006718,2,prod_00220,sell_0074,06/09/2018 17:49,105.24,19.5
ord_006719,1,prod_00390,sell_0047,29/04/2017 17:24,40.47,4.86
ord_006719,2,prod_00718,sell_0024,03/05/2017 17:24,101.85,13.49
ord_006720,1,prod_00239,sell_0140,19/02/2018 19:45,88.02,15.55
ord_006720,2,prod_00103,sell_0086,19/02/2018 19:45,79.72,11.97
ord_006721,1,prod_00065,sell_0009,02/01/2019 09:32,38,7.1
ord_006721,2,prod_00221,sell_0228,29/12/2018 09:32,211.31,17.29
ord_006722,1,prod_00020,sell_0134,19/09/2017 18:36,48.95,6.61
ord_006723,1,prod_00143,sell_0093,19/07/2018 11:09,38.9,8.15
ord_006723,2,prod_00424,sell_0009,24/07/2018 11:09,50.66,9.34
ord_006724,1,prod_00121,sell_0080,05/12/2018 12:21,32.22,6.99
ord_006725,1,prod_00168,sell_0212,18/09/2018 21:37,32.76,2.67
ord_006726,1,prod_00093,sell_0152,16/06/2018 20:01,173.64,40.18
ord_006727,1,prod_00264,sell_0207,09/04/2018 19:11,162.85,14.21
ord_006727,2,prod_00621,sell_0247,09/04/2018 19:11,88.83,5.8
ord_006728,1,prod_00339,sell_0156,01/12/2018 16:23,59.4,6.11
ord_006729,1,prod_00173,sell_0183,22/01/2018 20:40,417.72,99.34
ord_006729,2,prod_00678,sell_0158,21/01/2018 20:40,95.67,21.32
ord_006730,1,prod_00020,sell_0012,28/11/2018 14:30,26.85,5.49
ord_006731,1,prod_00199,sell_0120,16/02/2018 18:43,104.14,7.36
ord_006731,2,prod_00346,sell_0144,17/02/2018 18:43,75.73,16.3
ord_006732,1,prod_00793,sell_0164,08/09/2018 16:43,89.53,13.32
ord_006733,1,prod_00138,sell_0052,26/11/2018 19:01,22.07,4.46
ord_006734,1,prod_00441,sell_0201,07/05/2018 13:54,33.2,7.1
ord_006735,1,prod_00157,sell_0185,25/11/2017 12:49,298.29,46.08
ord_006736,1,prod_00097,sell_0008,18/03/2017 16:16,90.44,18.8
ord_006737,1,prod_00490,sell_0236,07/10/2018 13:29,70.18,9.2
ord_006738,1,prod_00553,sell_0135,20/06/2018 09:18,82.43,9.71
ord_006739,1,prod_00536,sell_0102,22/10/2017 18:54,38.62,2.53
ord_006740,1,prod_00613,sell_0016,13/11/2018 22:22,51.01,7.22
ord_006741,1,prod_00107,sell_0132,02/12/2018 19:23,29.32,1.71
ord_006741,2,prod_00119,sell_0021,27/11/2018 19:23,57.77,10.66
ord_006742,1,prod_00684,sell_0167,22/11/2018 20:54,108.87,24.42
ord_006742,2,prod_00436,sell_0174,22/11/2018 20:54,96.01,16.06
ord_006743,1,prod_00635,sell_0049,12/06/2018 14:36,65,12.06
ord_006744,1,prod_00783,sell_0003,22/12/2018 21:08,54.86,11.5
ord_006745,1,prod_00234,sell_0037,17/11/2018 11:37,32.17,7.74
ord_006746,1,prod_00091,sell_0129,19/05/2017 10:47,50.89,3.98
ord_006747,1,prod_00642,sell_0179,24/12/2018 11:20,96.45,23.44
ord_006748,1,prod_00249,sell_0133,05/05/2018 20:31,16.06,2.72
ord_006749,1,prod_00050,sell_0104,29/11/2018 19:37,86.78,15.39
ord_006750,1,prod_00401,sell_0224,13/09/2018 15:30,51.4,7.38
ord_006751,1,prod_00444,sell_0114,08/07/2018 20:59,37.35,7.07
ord_006752,1,prod_00023,sell_0153,03/12/2017 08:30,80.6,14.91
ord_006753,1,prod_00456,sell_0162,15/02/2017 19:38,35.19,3
ord_006754,1,prod_00135,sell_0098,01/11/2017 15:47,64.06,8.05
ord_006755,1,prod_00320,sell_0140,01/08/2018 15:08,16.75,2.91
ord_006756,1,prod_00592,sell_0119,07/11/2018 12:02,49.55,9.16
ord_006756,2,prod_00718,sell_0128,08/11/2018 12:02,12.74,2.45
ord_006757,1,prod_00715,sell_0078,10/01/2017 18:58,95.97,14.46
ord_006758,1,prod_00580,sell_0159,02/09/2017 13:43,78.47,12.27
ord_006759,1,prod_00606,sell_0134,24/07/2018 22:23,18.88,3.22
ord_006759,2,prod_00474,sell_0196,26/07/2018 22:23,26.41,6.4
ord_006759,3,prod_00178,sell_0050,22/07/2018 22:23,147.42,14.01
ord_006760,1,prod_00670,sell_0233,05/11/2017 21:01,182.78,12.03
ord_006761,1,prod_00685,sell_0136,28/06/2017 18:09,67.33,13.49
ord_006762,1,prod_00581,sell_0095,21/04/2017 19:00,121.89,6.28
ord_006762,2,prod_00672,sell_0119,21/04/2017 19:00,129.72,14.9
ord_006763,1,prod_00778,sell_0207,30/06/2018 20:23,125.54,7.06
ord_006764,1,prod_00605,sell_0083,06/06/2018 11:33,55.52,8.68
ord_006765,1,prod_00366,sell_0125,07/11/2018 22:09,260.97,53.9
ord_006765,2,prod_00042,sell_0177,03/11/2018 22:09,99.25,16.45
ord_006766,1,prod_00710,sell_0022,25/11/2017 12:38,36.02,4.7
ord_006767,1,prod_00712,sell_0023,21/06/2017 09:57,147.76,26.07
ord_006767,2,prod_00164,sell_0248,25/06/2017 09:57,85.36,18.51
ord_006768,1,prod_00449,sell_0028,06/10/2018 15:59,63.92,10.54
ord_006769,1,prod_00394,sell_0209,28/12/2018 14:49,28.57,2.85
ord_006769,2,prod_00368,sell_0130,28/12/2018 14:49,99.28,7.36
ord_006770,1,prod_00780,sell_0136,22/12/2017 12:26,112.07,27.38
ord_006771,1,prod_00658,sell_0100,09/11/2018 13:32,49.38,6.65
ord_006772,1,prod_00494,sell_0000,13/09/2018 11:30,45.24,5.03
ord_006773,1,prod_00098,sell_0177,27/11/2018 20:09,26.03,3.99
ord_006774,1,prod_00466,sell_0109,11/02/2018 19:51,99.03,9.13
ord_006775,1,prod_00582,sell_0224,17/05/2017 08:40,69.36,13.08
ord_006776,1,prod_00574,sell_0186,06/06/2017 15:38,56.09,6.83
ord_006777,1,prod_00701,sell_0147,12/09/2018 12:13,139.1,13.42
ord_006778,1,prod_00260,sell_0103,09/11/2018 12:09,46.86,11.53
ord_006779,1,prod_00523,sell_0114,03/03/2018 14:52,47.71,8.89
ord_006780,1,prod_00635,sell_0150,26/03/2017 19:10,173.48,19.01
ord_006781,1,prod_00502,sell_0199,06/04/2017 16:04,55.99,10.81
ord_006781,2,prod_00624,sell_0198,06/04/2017 16:04,58.57,10.39
ord_006782,1,prod_00574,sell_0127,05/06/2018 08:37,200.01,36.84
ord_006783,1,prod_00310,sell_0189,28/11/2018 12:42,44.48,5.04
ord_006784,1,prod_00628,sell_0145,24/01/2018 10:07,66.04,12.87
ord_006785,1,prod_00378,sell_0161,10/07/2018 18:12,56.49,8.5
ord_006786,1,prod_00551,sell_0140,03/05/2018 08:47,32.93,7.08
ord_006787,1,prod_00469,sell_0115,24/11/2018 18:55,74.96,17.82
ord_006787,2,prod_00389,sell_0213,24/11/2018 18:55,44.57,9.3
ord_006788,1,prod_00620,sell_0110,24/10/2018 16:28,115.84,24.7
ord_006788,2,prod_00243,sell_0072,21/10/2018 16:28,163.78,17.13
ord_006789,1,prod_00132,sell_0200,26/08/2017 18:47,62.62,4.87
ord_006790,1,prod_00776,sell_0231,27/07/2018 17:19,216.06,16.74
ord_006791,1,prod_00655,sell_0163,01/11/2018 21:42,114.5,24.64
ord_006791,2,prod_00208,sell_0041,28/10/2018 21:42,55.64,6.91
ord_006792,1,prod_00702,sell_0167,04/12/2018 21:33,46.45,9
ord_006793,1,prod_00070,sell_0129,02/06/2018 14:50,155.39,11.82
ord_006794,1,prod_00462,sell_0170,04/08/2017 17:46,122.27,16.33
ord_006795,1,prod_00734,sell_0172,11/05/2018 21:17,72.61,8.73
ord_006796,1,prod_00100,sell_0032,19/07/2018 10:08,288.57,57.39
ord_006797,1,prod_00742,sell_0209,28/10/2017 16:48,85.51,19.01
ord_006798,1,prod_00437,sell_0111,23/12/2018 22:01,70.78,8.84
ord_006798,2,prod_00513,sell_0078,20/12/2018 22:01,76.97,19.05
ord_006799,1,prod_00711,sell_0125,18/09/2017 08:40,38.31,4.02
ord_006800,1,prod_00561,sell_0022,28/11/2018 12:28,54.03,4.76
ord_006801,1,prod_00739,sell_0021,08/02/2018 09:04,168.54,24.97
ord_006801,2,prod_00606,sell_0123,11/02/2018 09:04,115.06,21.9
ord_006801,3,prod_00524,sell_0152,11/02/2018 09:04,56.96,11.03
ord_006802,1,prod_00572,sell_0137,07/01/2017 15:41,37.55,6.84
ord_006803,1,prod_00575,sell_0228,01/05/2018 21:28,26.75,3.72
ord_006804,1,prod_00294,sell_0088,29/06/2018 17:51,28.87,3.74
ord_006805,1,prod_00674,sell_0071,13/11/2018 14:12,160.15,38.59
ord_006806,1,prod_00029,sell_0177,29/04/2018 20:00,196.21,40.15
ord_006807,1,prod_00577,sell_0008,06/05/2017 12:07,137.36,29.27
ord_006808,1,prod_00203,sell_0012,02/12/2018 17:16,54.24,9.77
ord_006809,1,prod_00589,sell_0026,20/05/2018 13:39,58.21,3.74
ord_006810,1,prod_00103,sell_0148,26/10/2017 12:21,99.78,12.85
ord_006810,2,prod_00250,sell_0141,30/10/2017 12:21,24.89,2.56
ord_006810,3,prod_00088,sell_0188,27/10/2017 12:21,40.02,9.64
ord_006811,1,prod_00770,sell_0222,27/11/2018 15:07,9.65,0.8
ord_006812,1,prod_00771,sell_0159,08/06/2017 22:58,65.54,13.29
ord_006813,1,prod_00485,sell_0205,13/05/2017 18:06,36.14,4.99
ord_006814,1,prod_00267,sell_0128,25/04/2018 15:21,145.15,12.53
ord_006814,2,prod_00626,sell_0191,26/04/2018 15:21,49.29,6.65
ord_006815,1,prod_00051,sell_0095,26/06/2018 10:52,34.94,7.11
ord_006816,1,prod_00521,sell_0071,09/04/2018 14:39,97.33,8.11
ord_006817,1,prod_00718,sell_0145,29/11/2018 18:19,40.16,9.79
ord_006818,1,prod_00723,sell_0017,18/10/2017 13:58,45.23,8.14
ord_006819,1,prod_00545,sell_0106,29/12/2018 20:30,113.92,23.79
ord_006820,1,prod_00270,sell_0022,01/02/2017 16:00,51.93,8.54
ord_006821,1,prod_00201,sell_0127,06/06/2017 11:00,346.22,41.28
ord_006822,1,prod_00355,sell_0174,12/08/2017 20:56,25.03,4.25
ord_006823,1,prod_00532,sell_0189,23/04/2017 10:16,69.34,5
ord_006824,1,prod_00568,sell_0159,22/02/2018 13:48,83.73,12.05
ord_006825,1,prod_00785,sell_0202,12/11/2018 14:02,92.5,9.39
ord_006826,1,prod_00544,sell_0245,17/10/2018 16:08,197.88,14.03
ord_006827,1,prod_00115,sell_0049,03/09/2018 17:51,81.3,19.17
ord_006828,1,prod_00609,sell_0209,14/01/2017 09:59,100.23,24.17
ord_006829,1,prod_00709,sell_0034,12/11/2018 17:03,30.62,3.56
ord_006829,2,prod_00187,sell_0058,12/11/2018 17:03,106.94,26.13
ord_006830,1,prod_00479,sell_0079,22/01/2018 11:10,83.6,8.52
ord_006831,1,prod_00051,sell_0046,29/08/2018 21:43,102.99,16
ord_006832,1,prod_00225,sell_0008,22/08/2018 13:31,79.95,5.62
ord_006833,1,prod_00608,sell_0006,05/08/2017 13:24,67.46,15.5
ord_006834,1,prod_00627,sell_0023,13/04/2018 17:11,54.51,10.29
ord_006835,1,prod_00747,sell_0030,01/12/2018 19:56,34.15,3.26
ord_006836,1,prod_00551,sell_0081,19/10/2017 22:10,194.07,27.51
ord_006837,1,prod_00326,sell_0186,16/08/2018 14:15,113.34,11.6
ord_006838,1,prod_00400,sell_0046,13/12/2018 17:19,166.72,25.36
ord_006838,2,prod_00145,sell_0076,14/12/2018 17:19,104.66,9.39
ord_006839,1,prod_00546,sell_0053,24/12/2017 13:08,118.87,13.52
ord_006839,2,prod_00704,sell_0204,22/12/2017 13:08,66.96,10.73
ord_006840,1,prod_00764,sell_0075,13/01/2018 16:32,62.64,10.39
ord_006841,1,prod_00764,sell_0224,01/03/2018 16:20,94.74,17.59
ord_006842,1,prod_00261,sell_0059,12/10/2018 19:36,83.8,17.23
ord_006843,1,prod_00418,sell_0132,22/02/2018 10:22,123.6,18.62
ord_006844,1,prod_00783,sell_0209,25/03/2018 17:06,58.37,11.67
ord_006845,1,prod_00643,sell_0201,15/09/2017 13:52,414.48,100.58
ord_006846,1,prod_00204,sell_0133,28/12/2018 14:30,138.9,12.87
ord_006847,1,prod_00313,sell_0148,24/11/2018 18:19,43.4,2.59
ord_006847,2,prod_00295,sell_0237,26/11/2018 18:19,28.67,4.87
ord_006848,1,prod_00231,sell_0034,08/06/2018 20:00,37.98,8.25
ord_006849,1,prod_00779,sell_0096,14/12/2018 15:35,76.8,6.85
ord_006850,1,prod_00526,sell_0225,29/07/2018 11:46,108.64,13.66
ord_006851,1,prod_00166,sell_0147,13/12/2018 09:39,197.8,37.72
ord_006852,1,prod_00168,sell_0119,18/07/2017 17:47,39.2,3.3
ord_006853,1,prod_00682,sell_0035,16/09/2017 11:09,81.93,4.7
ord_006854,1,prod_00591,sell_0223,22/11/2018 16:58,62.8,12.7
ord_006855,1,prod_00118,sell_0077,05/02/2018 19:12,41.88,4.17
ord_006856,1,prod_00450,sell_0230,31/12/2017 14:16,364.05,20.42
ord_006856,2,prod_00631,sell_0181,01/01/2018 14:16,55.28,9.83
ord_006857,1,prod_00676,sell_0008,10/09/2018 19:30,36.46,6.13
ord_006858,1,prod_00641,sell_0067,28/06/2018 14:00,57.49,9.12
ord_006859,1,prod_00130,sell_0180,11/12/2017 17:26,90.93,9.58
ord_006859,2,prod_00268,sell_0090,10/12/2017 17:26,234.28,32.35
ord_006860,1,prod_00365,sell_0019,19/01/2018 08:11,31.32,4.81
ord_006861,1,prod_00780,sell_0132,29/01/2018 18:44,80.85,5.32
ord_006862,1,prod_00190,sell_0062,15/06/2017 15:45,102.41,14.79
ord_006863,1,prod_00598,sell_0002,18/09/2017 19:36,99.45,22.39
ord_006864,1,prod_00777,sell_0131,02/05/2018 11:25,39.95,7.64
ord_006865,1,prod_00075,sell_0245,24/09/2018 20:18,43.17,5.94
ord_006866,1,prod_00743,sell_0095,06/02/2018 17:49,84.64,13.72
ord_006867,1,prod_00058,sell_0060,09/01/2018 15:30,116.94,25.72
ord_006867,2,prod_00085,sell_0065,08/01/2018 15:30,90.64,15.25
ord_006868,1,prod_00562,sell_0016,10/07/2018 10:29,91.6,20.8
ord_006869,1,prod_00003,sell_0204,17/07/2017 08:06,33.05,6.59
ord_006870,1,prod_00793,sell_0116,10/01/2018 16:13,109.73,26.81
ord_006871,1,prod_00798,sell_0160,30/08/2017 13:21,54.62,13.42
ord_006872,1,prod_00656,sell_0154,11/07/2018 15:41,36.48,8.54
ord_006873,1,prod_00535,sell_0000,30/05/2017 14:50,116.19,8.13
ord_006874,1,prod_00274,sell_0036,24/02/2018 15:59,91.75,22.67
ord_006875,1,prod_00663,sell_0163,04/06/2018 22:25,89.43,10.65
ord_006876,1,prod_00332,sell_0198,25/10/2018 19:27,209.96,37.35
ord_006876,2,prod_00451,sell_0192,24/10/2018 19:27,142.17,34.54
ord_006877,1,prod_00258,sell_0153,23/08/2018 21:45,106.57,19.88
ord_006878,1,prod_00545,sell_0198,05/12/2018 13:19,76.03,18.52
ord_006879,1,prod_00113,sell_0055,30/07/2018 21:32,27.14,2.31
ord_006880,1,prod_00391,sell_0172,18/12/2017 18:40,97.08,21.86
ord_006881,1,prod_00656,sell_0236,25/09/2017 10:14,21.33,4.73
ord_006882,1,prod_00137,sell_0092,26/03/2017 21:16,32.95,7.26
ord_006882,2,prod_00079,sell_0156,23/03/2017 21:16,95.12,7.18
ord_006883,1,prod_00040,sell_0073,30/10/2017 21:21,78.27,4.14
ord_006884,1,prod_00446,sell_0037,22/06/2017 20:34,183.57,35.5
ord_006885,1,prod_00695,sell_0090,29/12/2017 09:16,29.15,1.88
ord_006886,1,prod_00687,sell_0229,09/08/2018 22:12,30,1.96
ord_006887,1,prod_00045,sell_0229,02/08/2018 11:08,32.64,4.32
ord_006888,1,prod_00777,sell_0156,29/11/2017 17:48,205.01,50.27
ord_006889,1,prod_00722,sell_0138,11/04/2018 22:53,67.03,11.92
ord_006890,1,prod_00595,sell_0091,09/09/2017 21:54,42.41,5.73
ord_006891,1,prod_00751,sell_0156,05/04/2018 16:49,38.04,3.04
ord_006892,1,prod_00724,sell_0212,11/04/2018 17:08,106.47,15.39
ord_006893,1,prod_00023,sell_0109,22/11/2017 08:05,62.5,11.97
ord_006893,2,prod_00176,sell_0239,20/11/2017 08:05,90.24,4.66
ord_006894,1,prod_00352,sell_0202,17/10/2017 13:29,156.93,12.47
ord_006895,1,prod_00241,sell_0236,27/12/2018 17:31,65.91,4.67
ord_006895,2,prod_00718,sell_0225,24/12/2018 17:31,65.02,5.08
ord_006896,1,prod_00538,sell_0178,27/04/2018 13:43,144.92,25.51
ord_006897,1,prod_00491,sell_0131,18/05/2018 20:13,223.68,37.04
ord_006897,2,prod_00643,sell_0195,18/05/2018 20:13,65.71,15.69
ord_006898,1,prod_00046,sell_0197,18/01/2017 11:55,30.27,5.52
ord_006899,1,prod_00661,sell_0018,07/08/2017 22:18,61.77,6.52
ord_006900,1,prod_00200,sell_0113,19/12/2017 15:34,101.63,20.6
ord_006900,2,prod_00418,sell_0094,22/12/2017 15:34,83.78,15.17
ord_006901,1,prod_00465,sell_0130,20/12/2018 17:51,74.14,10.78
ord_006901,2,prod_00696,sell_0122,17/12/2018 17:51,56.09,8.07
ord_006901,3,prod_00792,sell_0028,17/12/2018 17:51,23.67,4.46
ord_006902,1,prod_00102,sell_0065,30/07/2017 09:31,47.69,5.49
ord_006903,1,prod_00799,sell_0227,20/11/2017 11:45,69.09,10.87
ord_006904,1,prod_00391,sell_0090,01/01/2019 16:44,91.03,6.37
ord_006905,1,prod_00660,sell_0049,20/03/2018 21:47,65.95,10.53
ord_006906,1,prod_00241,sell_0063,26/11/2017 20:48,70.02,11.81
ord_006907,1,prod_00659,sell_0086,30/06/2018 17:23,73.16,16.35
ord_006907,2,prod_00411,sell_0091,28/06/2018 17:23,28.04,5.13
ord_006908,1,prod_00361,sell_0138,04/04/2018 13:21,21,4.14
ord_006909,1,prod_00627,sell_0054,12/12/2018 17:48,46.23,4.12
ord_006909,2,prod_00707,sell_0175,12/12/2018 17:48,37.82,6.25
ord_006910,1,prod_00514,sell_0090,27/04/2017 13:34,144.7,29.51
ord_006911,1,prod_00744,sell_0000,02/10/2018 14:36,66.51,9.2
ord_006912,1,prod_00547,sell_0035,31/10/2017 20:24,145.31,13.87
ord_006913,1,prod_00668,sell_0158,08/10/2018 13:12,70.79,8.57
ord_006913,2,prod_00654,sell_0237,06/10/2018 13:12,194.6,20.65
ord_006914,1,prod_00754,sell_0176,29/10/2018 15:27,66.36,8.85
ord_006915,1,prod_00794,sell_0142,01/11/2018 10:58,74.36,12.58
ord_006916,1,prod_00277,sell_0218,09/11/2018 20:17,117.88,11.87
ord_006917,1,prod_00527,sell_0090,17/08/2018 22:16,92.45,16.81
ord_006917,2,prod_00032,sell_0084,18/08/2018 22:16,140.9,13.3
ord_006918,1,prod_00317,sell_0206,27/06/2017 14:07,173.84,35.52
ord_006918,2,prod_00058,sell_0214,29/06/2017 14:07,87.36,4.46
ord_006919,1,prod_00110,sell_0076,19/03/2017 17:28,93.99,9.46
ord_006920,1,prod_00599,sell_0137,09/12/2017 12:17,25.35,1.94
ord_006921,1,prod_00717,sell_0073,30/03/2018 22:41,114.9,14.39
ord_006922,1,prod_00053,sell_0228,20/11/2017 10:08,77.27,14.54
ord_006923,1,prod_00335,sell_0169,04/09/2018 09:14,6.3,1.06
ord_006924,1,prod_00521,sell_0212,23/08/2018 19:03,47.04,9.69
ord_006925,1,prod_00438,sell_0192,22/12/2018 11:02,51.91,7.44
ord_006926,1,prod_00175,sell_0078,25/01/2018 17:48,59.72,3.98
ord_006927,1,prod_00318,sell_0162,24/09/2018 15:54,62.38,10.83
ord_006927,2,prod_00603,sell_0111,26/09/2018 15:54,60.22,3.04
ord_006928,1,prod_00538,sell_0070,31/08/2018 18:45,97.91,7.57
ord_006928,2,prod_00250,sell_0207,03/09/2018 18:45,48.65,2.8
ord_006929,1,prod_00493,sell_0131,01/01/2019 12:51,36.74,7.18
ord_006930,1,prod_00470,sell_0244,18/09/2018 17:05,97.96,9.04
ord_006931,1,prod_00329,sell_0017,06/11/2017 09:53,24.14,1.77
ord_006932,1,prod_00763,sell_0100,29/01/2017 12:27,460.18,53.3
ord_006933,1,prod_00696,sell_0219,17/12/2018 19:46,80.37,18.74
ord_006934,1,prod_00795,sell_0138,18/08/2018 08:36,44.89,2.77
ord_006935,1,prod_00294,sell_0180,09/10/2018 21:20,14.64,3.38
ord_006936,1,prod_00384,sell_0142,29/09/2018 16:15,19.89,1.15
ord_006937,1,prod_00203,sell_0207,28/08/2018 18:07,88.41,15.21
ord_006937,2,prod_00339,sell_0232,31/08/2018 18:07,112.06,9.34
ord_006938,1,prod_00260,sell_0005,07/09/2018 15:24,47.61,7.48
ord_006939,1,prod_00378,sell_0079,01/12/2018 17:29,91.58,21.22
ord_006940,1,prod_00490,sell_0209,01/12/2018 22:58,56.04,2.96
ord_006941,1,prod_00360,sell_0005,06/01/2018 12:02,174.79,33.95
ord_006942,1,prod_00375,sell_0226,19/02/2017 15:35,37.21,7.11
ord_006942,2,prod_00562,sell_0000,18/02/2017 15:35,125.72,15.4
ord_006943,1,prod_00541,sell_0080,03/03/2017 19:31,37.2,2.49
ord_006944,1,prod_00671,sell_0050,01/03/2018 16:01,40.97,5.01
ord_006945,1,prod_00678,sell_0220,23/10/2018 19:19,163.51,35.22
ord_006946,1,prod_00482,sell_0113,01/11/2018 13:25,86.78,10.47
ord_006947,1,prod_00262,sell_0171,24/01/2018 09:29,83.08,10.31
ord_006948,1,prod_00144,sell_0090,20/11/2017 13:14,19.09,1.02
ord_006948,2,prod_00589,sell_0216,23/11/2017 13:14,88.79,4.98
ord_006949,1,prod_00597,sell_0074,08/04/2018 11:02,44.2,9.15
ord_006950,1,prod_00510,sell_0213,21/10/2018 21:17,47.06,2.77
ord_006951,1,prod_00783,sell_0110,03/07/2018 21:50,22.34,5.49
ord_006951,2,prod_00147,sell_0095,01/07/2018 21:50,398.07,23.17
ord_006952,1,prod_00421,sell_0157,29/06/2017 14:48,146.08,26.11
ord_006953,1,prod_00758,sell_0100,25/12/2017 11:10,58.3,10.46
ord_006954,1,prod_00006,sell_0064,14/05/2018 21:38,59.1,3.14
ord_006955,1,prod_00447,sell_0003,02/05/2018 18:55,57.06,13.64
ord_006955,2,prod_00381,sell_0185,29/04/2018 18:55,58.53,10.55
ord_006956,1,prod_00041,sell_0060,21/10/2018 08:10,56.31,8.09
ord_006957,1,prod_00535,sell_0002,02/12/2018 22:07,48.25,3.13
ord_006958,1,prod_00330,sell_0039,15/05/2017 14:01,34.85,8.09
ord_006959,1,prod_00467,sell_0129,18/09/2017 12:10,50.86,4.96
ord_006959,2,prod_00298,sell_0090,18/09/2017 12:10,95.08,4.86
ord_006960,1,prod_00006,sell_0221,15/01/2018 11:48,171.44,39.85
ord_006961,1,prod_00325,sell_0000,14/11/2017 12:48,59.51,11.66
ord_006962,1,prod_00500,sell_0025,29/01/2018 21:32,174.9,25.28
ord_006963,1,prod_00504,sell_0021,01/03/2017 16:20,102.82,17.58
ord_006964,1,prod_00315,sell_0152,03/04/2017 18:48,56.94,7.58
ord_006965,1,prod_00057,sell_0048,23/10/2018 20:11,22.67,3.78
ord_006966,1,prod_00368,sell_0111,18/05/2017 18:08,8.36,1.6
ord_006967,1,prod_00401,sell_0217,16/10/2018 15:05,127.81,14.49
ord_006968,1,prod_00015,sell_0014,23/11/2017 16:51,36.46,7.78
ord_006969,1,prod_00379,sell_0214,25/11/2017 20:42,89.81,13.92
ord_006970,1,prod_00524,sell_0067,14/05/2017 16:37,77.16,4.37
ord_006971,1,prod_00518,sell_0153,27/01/2017 09:43,220.09,54.86
ord_006971,2,prod_00771,sell_0041,23/01/2017 09:43,26.71,5.66
ord_006972,1,prod_00407,sell_0054,22/12/2017 18:08,73.11,5.48
ord_006973,1,prod_00544,sell_0081,23/10/2018 17:23,34.17,5.24
ord_006974,1,prod_00158,sell_0116,01/12/2018 15:48,19.03,3.07
ord_006974,2,prod_00312,sell_0240,30/11/2018 15:48,23.93,3.45
ord_006975,1,prod_00183,sell_0188,02/04/2017 12:55,79.73,19.93
ord_006976,1,prod_00779,sell_0111,21/02/2017 14:30,31.25,5.16
ord_006976,2,prod_00343,sell_0248,17/02/2017 14:30,18.41,1.48
ord_006976,3,prod_00168,sell_0004,17/02/2017 14:30,166.31,36.49
ord_006977,1,prod_00136,sell_0052,13/07/2017 08:07,66.43,8.69
ord_006977,2,prod_00261,sell_0032,15/07/2017 08:07,285.47,52.52
ord_006978,1,prod_00527,sell_0212,17/09/2018 12:58,124.32,11.8
ord_006978,2,prod_00566,sell_0185,15/09/2018 12:58,61.03,5.48
ord_006979,1,prod_00695,sell_0159,31/08/2017 11:23,52.67,8.56
ord_006980,1,prod_00520,sell_0237,23/09/2017 20:19,37.35,7.34
ord_006981,1,prod_00764,sell_0105,19/11/2018 20:07,52.16,5.1
ord_006981,2,prod_00343,sell_0131,19/11/2018 20:07,54.74,9.38
ord_006982,1,prod_00772,sell_0012,13/11/2018 09:00,307.24,16.39
ord_006983,1,prod_00798,sell_0144,22/07/2018 09:36,22.66,1.35
ord_006984,1,prod_00221,sell_0166,24/07/2017 09:36,103.12,24.3
ord_006985,1,prod_00465,sell_0222,07/01/2018 16:14,43.53,7.9
ord_006986,1,prod_00429,sell_0228,29/09/2017 08:09,234.01,42.34
ord_006987,1,prod_00476,sell_0150,23/07/2018 10:31,87.07,4.49
ord_006988,1,prod_00700,sell_0165,25/09/2018 21:26,92.28,14.34
ord_006989,1,prod_00283,sell_0014,30/06/2017 17:18,436.39,104.79
ord_006990,1,prod_00037,sell_0039,26/11/2018 09:13,36.59,8.52
ord_006991,1,prod_00658,sell_0189,11/03/2018 15:51,317.49,67.53
ord_006992,1,prod_00505,sell_0024,30/09/2018 11:59,67.3,4.55
ord_006993,1,prod_00486,sell_0162,17/03/2017 17:21,167.58,12.62
ord_006994,1,prod_00331,sell_0097,23/12/2017 17:41,43.49,6.83
ord_006995,1,prod_00628,sell_0179,27/01/2017 18:51,120.45,16.12
ord_006995,2,prod_00748,sell_0132,30/01/2017 18:51,176.72,41.17
ord_006996,1,prod_00177,sell_0095,21/08/2018 17:01,49.01,7.23
ord_006996,2,prod_00552,sell_0224,21/08/2018 17:01,203.04,30.69
ord_006997,1,prod_00353,sell_0242,20/04/2017 13:54,19.05,3.28
ord_006997,2,prod_00714,sell_0043,23/04/2017 13:54,99,21.77
ord_006998,1,prod_00256,sell_0187,09/12/2017 11:29,37.15,5.04
ord_006999,1,prod_00033,sell_0230,25/09/2018 15:33,93.79,6.53