order_id,customer_id,order_status,order_purchase_timestamp,order_approved_at,order_delivered_carrier_date,order_delivered_customer_date,order_estimated_delivery_date
ord_000000,cust_001767,delivered,14/10/2018 18:44,,19/10/2018 18:44,23/10/2018 18:44,01/11/2018 18:44
ord_000001,cust_002696,delivered,27/08/2018 15:38,27/08/2018 17:38,28/08/2018 17:38,02/09/2018 17:38,18/09/2018 15:38
ord_000002,cust_000938,delivered,30/05/2018 16:41,31/05/2018 18:41,02/06/2018 18:41,07/06/2018 18:41,20/06/2018 16:41
ord_000003,cust_002656,delivered,16/02/2018 14:39,17/02/2018 14:39,22/02/2018 14:39,27/02/2018 14:39,05/03/2018 14:39
ord_000004,cust_001532,delivered,06/09/2018 17:38,07/09/2018 08:38,08/09/2018 08:38,14/09/2018 08:38,17/09/2018 17:38
ord_000005,cust_000753,delivered,27/08/2018 21:20,29/08/2018 02:20,03/09/2018 02:20,05/09/2018 02:20,18/09/2018 21:20
ord_000006,cust_002878,canceled,19/06/2017 21:01,,,,30/06/2017 21:01
ord_000007,cust_001869,delivered,26/09/2018 15:26,28/09/2018 01:26,29/09/2018 01:26,07/10/2018 01:26,06/10/2018 15:26
ord_000008,cust_001639,delivered,15/04/2017 21:02,17/04/2017 08:02,21/04/2017 08:02,28/04/2017 08:02,28/04/2017 21:02
ord_000009,cust_000499,delivered,31/03/2018 11:28,02/04/2018 08:28,05/04/2018 08:28,13/04/2018 08:28,14/04/2018 11:28
ord_000010,cust_001657,delivered,02/07/2018 20:27,03/07/2018 05:27,07/07/2018 05:27,11/07/2018 05:27,23/07/2018 20:27
ord_000011,cust_000694,delivered,12/10/2018 17:10,12/10/2018 20:10,18/10/2018 20:10,21/10/2018 20:10,30/10/2018 17:10
ord_000012,cust_001263,delivered,05/03/2018 22:47,06/03/2018 03:47,07/03/2018 03:47,20/03/2018 03:47,28/03/2018 22:47
ord_000013,cust_002761,delivered,22/09/2017 08:42,,27/09/2017 09:42,11/10/2017 09:42,03/10/2017 08:42
ord_000014,cust_002985,delivered,24/03/2018 09:33,24/03/2018 23:33,26/03/2018 23:33,02/04/2018 23:33,17/04/2018 09:33
ord_000015,cust_001205,delivered,04/10/2017 18:55,05/10/2017 00:55,09/10/2017 00:55,20/10/2017 00:55,21/10/2017 18:55
ord_000016,cust_000960,canceled,19/04/2018 09:17,21/04/2018 05:17,,,07/05/2018 09:17
ord_000017,cust_000625,canceled,05/03/2018 18:15,06/03/2018 10:15,,,15/03/2018 18:15
ord_000018,cust_000627,delivered,19/09/2018 18:11,20/09/2018 04:11,25/09/2018 04:11,03/10/2018 04:11,09/10/2018 18:11
ord_000019,cust_001572,delivered,26/09/2017 10:32,27/09/2017 11:32,01/10/2017 11:32,12/10/2017 11:32,13/10/2017 10:32
ord_000020,cust_002900,delivered,20/08/2017 18:12,,24/08/2017 14:12,04/09/2017 14:12,10/09/2017 18:12
ord_000021,cust_002553,delivered,13/03/2018 21:52,13/03/2018 21:52,17/03/2018 21:52,23/03/2018 21:52,05/04/2018 21:52
ord_000022,cust_000869,delivered,12/03/2017 09:18,14/03/2017 07:18,18/03/2017 07:18,31/03/2017 07:18,25/03/2017 09:18
ord_000023,cust_002498,delivered,16/09/2017 16:29,18/09/2017 01:29,19/09/2017 01:29,29/09/2017 01:29,10/10/2017 16:29
ord_000024,cust_001413,delivered,14/12/2017 11:31,16/12/2017 02:31,20/12/2017 02:31,26/12/2017 02:31,31/12/2017 11:31
ord_000025,cust_001986,delivered,22/03/2018 22:18,24/03/2018 19:18,27/03/2018 19:18,04/04/2018 19:18,05/04/2018 22:18
ord_000026,cust_000764,delivered,21/10/2017 11:44,23/10/2017 05:44,24/10/2017 05:44,29/10/2017 05:44,10/11/2017 11:44
ord_000027,cust_002440,delivered,10/05/2018 16:41,11/05/2018 03:41,15/05/2018 03:41,18/05/2018 03:41,20/05/2018 16:41
ord_000028,cust_001398,delivered,12/11/2018 17:45,14/11/2018 05:45,18/11/2018 05:45,20/11/2018 05:45,02/12/2018 17:45
ord_000029,cust_002338,delivered,29/04/2018 18:36,,04/05/2018 18:36,11/05/2018 18:36,22/05/2018 18:36
ord_000030,cust_000744,shipped,04/11/2017 14:27,05/11/2017 07:27,08/11/2017 07:27,,17/11/2017 14:27
ord_000031,cust_002890,delivered,26/03/2017 11:26,27/03/2017 23:26,01/04/2017 23:26,15/04/2017 23:26,13/04/2017 11:26
ord_000032,cust_001265,delivered,19/06/2017 17:42,21/06/2017 02:42,23/06/2017 02:42,06/07/2017 02:42,10/07/2017 17:42
ord_000033,cust_001967,canceled,10/05/2018 19:22,12/05/2018 07:22,,,28/05/2018 19:22
ord_000034,cust_001605,delivered,25/07/2018 18:26,27/07/2018 06:26,02/08/2018 06:26,13/08/2018 06:26,17/08/2018 18:26
ord_000035,cust_001793,delivered,11/03/2017 13:09,11/03/2017 15:09,15/03/2017 15:09,25/03/2017 15:09,02/04/2017 13:09
ord_000036,cust_000770,delivered,07/08/2017 11:40,08/08/2017 14:40,13/08/2017 14:40,24/08/2017 14:40,21/08/2017 11:40
ord_000037,cust_002716,canceled,24/11/2017 11:04,25/11/2017 16:04,,,09/12/2017 11:04
ord_000038,cust_000625,delivered,24/11/2017 12:59,24/11/2017 19:59,29/11/2017 19:59,07/12/2017 19:59,14/12/2017 12:59
ord_000039,cust_001084,delivered,10/12/2018 10:08,10/12/2018 21:08,16/12/2018 21:08,28/12/2018 21:08,26/12/2018 10:08
ord_000040,cust_001292,delivered,24/08/2017 14:22,,31/08/2017 13:22,05/09/2017 13:22,08/09/2017 14:22
ord_000041,cust_001478,delivered,27/03/2017 21:14,29/03/2017 03:14,04/04/2017 03:14,17/04/2017 03:14,18/04/2017 21:14
ord_000042,cust_000677,delivered,14/12/2017 14:17,16/12/2017 06:17,18/12/2017 06:17,29/12/2017 06:17,25/12/2017 14:17
ord_000043,cust_002577,delivered,16/06/2017 11:19,17/06/2017 21:19,23/06/2017 21:19,26/06/2017 21:19,03/07/2017 11:19
ord_000044,cust_001847,delivered,08/06/2017 11:43,10/06/2017 09:43,13/06/2017 09:43,17/06/2017 09:43,23/06/2017 11:43
ord_000045,cust_002936,shipped,24/01/2018 19:10,25/01/2018 05:10,31/01/2018 05:10,,14/02/2018 19:10
ord_000046,cust_001053,delivered,20/11/2017 15:15,21/11/2017 09:15,22/11/2017 09:15,27/11/2017 09:15,14/12/2017 15:15
ord_000047,cust_001263,delivered,01/05/2017 21:06,02/05/2017 09:06,08/05/2017 09:06,20/05/2017 09:06,24/05/2017 21:06
ord_000048,cust_001711,shipped,07/06/2018 14:19,,11/06/2018 08:19,,22/06/2018 14:19
ord_000049,cust_001769,delivered,01/04/2018 13:56,02/04/2018 18:56,04/04/2018 18:56,18/04/2018 18:56,16/04/2018 13:56
ord_000050,cust_000517,delivered,14/04/2017 16:22,15/04/2017 16:22,19/04/2017 16:22,22/04/2017 16:22,25/04/2017 16:22
ord_000051,cust_002513,delivered,03/11/2018 20:46,04/11/2018 23:46,08/11/2018 23:46,17/11/2018 23:46,26/11/2018 20:46
ord_000052,cust_002984,delivered,02/11/2017 10:27,03/11/2017 01:27,04/11/2017 01:27,16/11/2017 01:27,16/11/2017 10:27
ord_000053,cust_001556,delivered,12/12/2018 14:26,14/12/2018 08:26,18/12/2018 08:26,01/01/2019 08:26,26/12/2018 14:26
ord_000054,cust_001135,delivered,28/11/2018 13:49,29/11/2018 18:49,04/12/2018 18:49,07/12/2018 18:49,13/12/2018 13:49
ord_000055,cust_001213,delivered,13/02/2018 22:01,,17/02/2018 22:01,27/02/2018 22:01,08/03/2018 22:01
ord_000056,cust_000185,delivered,15/09/2017 20:51,17/09/2017 05:51,21/09/2017 05:51,24/09/2017 05:51,09/10/2017 20:51
ord_000057,cust_000194,delivered,19/10/2018 13:29,21/10/2018 03:29,27/10/2018 03:29,30/10/2018 03:29,02/11/2018 13:29
ord_000058,cust_001122,canceled,20/12/2017 09:21,21/12/2017 03:21,,,08/01/2018 09:21
ord_000059,cust_000636,delivered,16/07/2017 11:54,17/07/2017 22:54,19/07/2017 22:54,02/08/2017 22:54,29/07/2017 11:54
ord_000060,cust_000886,delivered,04/05/2018 09:20,05/05/2018 23:20,11/05/2018 23:20,15/05/2018 23:20,20/05/2018 09:20
ord_000061,cust_000994,delivered,23/03/2018 15:58,24/03/2018 22:58,25/03/2018 22:58,06/04/2018 22:58,12/04/2018 15:58
ord_000062,cust_000537,delivered,27/10/2018 20:56,,30/10/2018 01:56,12/11/2018 01:56,13/11/2018 20:56
ord_000063,cust_001204,delivered,21/08/2018 12:16,21/08/2018 21:16,23/08/2018 21:16,31/08/2018 21:16,13/09/2018 12:16
ord_000064,cust_000109,delivered,10/11/2018 16:20,10/11/2018 17:20,15/11/2018 17:20,19/11/2018 17:20,27/11/2018 16:20
ord_000065,cust_002328,delivered,24/08/2018 08:48,24/08/2018 21:48,25/08/2018 21:48,05/09/2018 21:48,14/09/2018 08:48
ord_000066,cust_002082,delivered,30/06/2018 09:11,30/06/2018 16:11,03/07/2018 16:11,12/07/2018 16:11,16/07/2018 09:11
ord_000067,cust_000500,delivered,31/03/2018 22:43,02/04/2018 01:43,05/04/2018 01:43,11/04/2018 01:43,21/04/2018 22:43
ord_000068,cust_000491,delivered,25/12/2018 17:07,27/12/2018 12:07,28/12/2018 12:07,10/01/2019 12:07,16/01/2019 17:07
ord_000069,cust_000217,delivered,11/12/2018 11:12,,12/12/2018 14:12,22/12/2018 14:12,04/01/2019 11:12
ord_000070,cust_000554,delivered,27/10/2018 17:30,28/10/2018 06:30,31/10/2018 06:30,05/11/2018 06:30,11/11/2018 17:30
ord_000071,cust_001763,delivered,16/09/2018 13:44,16/09/2018 15:44,17/09/2018 15:44,24/09/2018 15:44,04/10/2018 13:44
ord_000072,cust_000226,delivered,21/05/2018 19:44,21/05/2018 23:44,27/05/2018 23:44,02/06/2018 23:44,10/06/2018 19:44
ord_000073,cust_000024,delivered,12/10/2017 09:36,12/10/2017 11:36,15/10/2017 11:36,23/10/2017 11:36,04/11/2017 09:36
ord_000074,cust_001712,delivered,10/11/2018 11:16,11/11/2018 16:16,12/11/2018 16:16,17/11/2018 16:16,21/11/2018 11:16
ord_000075,cust_002792,delivered,17/01/2017 22:24,19/01/2017 18:24,23/01/2017 18:24,02/02/2017 18:24,27/01/2017 22:24
ord_000076,cust_001406,canceled,14/09/2017 19:14,16/09/2017 05:14,,,25/09/2017 19:14
ord_000077,cust_000768,shipped,22/01/2018 22:16,,28/01/2018 07:16,,02/02/2018 22:16
ord_000078,cust_002494,delivered,26/05/2018 10:19,26/05/2018 17:19,30/05/2018 17:19,01/06/2018 17:19,09/06/2018 10:19
ord_000079,cust_002500,delivered,10/05/2018 10:35,12/05/2018 02:35,13/05/2018 02:35,16/05/2018 02:35,24/05/2018 10:35
ord_000080,cust_002507,delivered,28/07/2017 10:12,29/07/2017 13:12,03/08/2017 13:12,07/08/2017 13:12,08/08/2017 10:12
ord_000081,cust_001138,delivered,16/05/2017 18:02,18/05/2017 16:02,24/05/2017 16:02,27/05/2017 16:02,09/06/2017 18:02
ord_000082,cust_000121,delivered,10/09/2017 14:41,11/09/2017 08:41,14/09/2017 08:41,24/09/2017 08:41,02/10/2017 14:41
ord_000083,cust_002996,delivered,11/12/2017 14:01,12/12/2017 23:01,13/12/2017 23:01,22/12/2017 23:01,23/12/2017 14:01
ord_000084,cust_002685,delivered,21/01/2017 10:58,22/01/2017 09:58,24/01/2017 09:58,26/01/2017 09:58,05/02/2017 10:58
ord_000085,cust_001503,shipped,31/07/2018 19:21,,05/08/2018 19:21,,15/08/2018 19:21
ord_000086,cust_002354,delivered,02/10/2017 21:00,03/10/2017 02:00,07/10/2017 02:00,12/10/2017 02:00,24/10/2017 21:00
ord_000087,cust_002888,delivered,13/12/2017 08:53,14/12/2017 06:53,20/12/2017 06:53,28/12/2017 06:53,23/12/2017 08:53
ord_000088,cust_000174,delivered,30/11/2017 18:35,01/12/2017 02:35,04/12/2017 02:35,13/12/2017 02:35,22/12/2017 18:35
ord_000089,cust_001406,delivered,08/04/2018 13:49,10/04/2018 00:49,16/04/2018 00:49,24/04/2018 00:49,19/04/2018 13:49
ord_000090,cust_002584,delivered,02/11/2018 17:26,04/11/2018 03:26,06/11/2018 03:26,13/11/2018 03:26,19/11/2018 17:26
ord_000091,cust_002142,delivered,02/07/2017 13:21,04/07/2017 06:21,08/07/2017 06:21,10/07/2017 06:21,20/07/2017 13:21
ord_000092,cust_000330,delivered,04/12/2017 16:39,05/12/2017 14:39,09/12/2017 14:39,21/12/2017 14:39,17/12/2017 16:39
ord_000093,cust_000190,delivered,30/07/2018 20:24,01/08/2018 11:24,03/08/2018 11:24,15/08/2018 11:24,10/08/2018 20:24
ord_000094,cust_000975,delivered,04/03/2017 11:33,,09/03/2017 05:33,22/03/2017 05:33,20/03/2017 11:33
ord_000095,cust_001334,delivered,17/10/2018 16:16,18/10/2018 15:16,23/10/2018 15:16,03/11/2018 15:16,09/11/2018 16:16
ord_000096,cust_000370,delivered,12/12/2018 09:19,14/12/2018 06:19,18/12/2018 06:19,24/12/2018 06:19,30/12/2018 09:19
ord_000097,cust_000812,delivered,09/06/2018 09:04,10/06/2018 22:04,14/06/2018 22:04,24/06/2018 22:04,02/07/2018 09:04
ord_000098,cust_001536,delivered,09/12/2018 22:46,10/12/2018 11:46,14/12/2018 11:46,27/12/2018 11:46,24/12/2018 22:46
ord_000099,cust_002379,canceled,28/01/2018 08:20,29/01/2018 06:20,,,16/02/2018 08:20
ord_000100,cust_001701,delivered,30/01/2018 11:58,30/01/2018 15:58,05/02/2018 15:58,13/02/2018 15:58,22/02/2018 11:58
ord_000101,cust_001597,delivered,17/05/2017 14:15,,21/05/2017 08:15,31/05/2017 08:15,01/06/2017 14:15
ord_000102,cust_002225,delivered,20/02/2017 17:28,21/02/2017 10:28,24/02/2017 10:28,10/03/2017 10:28,16/03/2017 17:28
ord_000103,cust_001920,delivered,29/09/2017 10:18,30/09/2017 00:18,06/10/2017 00:18,14/10/2017 00:18,22/10/2017 10:18
ord_000104,cust_000678,delivered,16/03/2018 09:41,17/03/2018 02:41,20/03/2018 02:41,02/04/2018 02:41,03/04/2018 09:41
ord_000105,cust_000761,delivered,05/04/2018 22:48,06/04/2018 00:48,12/04/2018 00:48,23/04/2018 00:48,22/04/2018 22:48
ord_000106,cust_000347,delivered,05/09/2017 13:29,06/09/2017 10:29,12/09/2017 10:29,24/09/2017 10:29,17/09/2017 13:29
ord_000107,cust_000350,delivered,12/06/2018 08:22,12/06/2018 17:22,17/06/2018 17:22,20/06/2018 17:22,24/06/2018 08:22
ord_000108,cust_002488,delivered,02/08/2017 08:44,02/08/2017 18:44,07/08/2017 18:44,15/08/2017 18:44,25/08/2017 08:44
ord_000109,cust_002041,delivered,26/11/2017 21:11,,04/12/2017 08:11,15/12/2017 08:11,11/12/2017 21:11
ord_000110,cust_001924,delivered,16/08/2017 18:35,18/08/2017 12:35,20/08/2017 12:35,23/08/2017 12:35,08/09/2017 18:35
ord_000111,cust_001326,delivered,02/08/2018 14:44,02/08/2018 22:44,05/08/2018 22:44,19/08/2018 22:44,17/08/2018 14:44
ord_000112,cust_000271,delivered,11/04/2018 18:16,12/04/2018 20:16,16/04/2018 20:16,26/04/2018 20:16,24/04/2018 18:16
ord_000113,cust_001251,delivered,25/08/2018 19:39,27/08/2018 14:39,29/08/2018 14:39,11/09/2018 14:39,12/09/2018 19:39
ord_000114,cust_000461,canceled,20/03/2017 12:44,21/03/2017 17:44,,,03/04/2017 12:44
ord_000115,cust_002891,delivered,06/02/2018 17:07,06/02/2018 20:07,10/02/2018 20:07,23/02/2018 20:07,22/02/2018 17:07
ord_000116,cust_001208,delivered,14/12/2018 10:19,15/12/2018 23:19,19/12/2018 23:19,01/01/2019 23:19,30/12/2018 10:19
ord_000117,cust_000354,delivered,16/03/2017 08:24,,20/03/2017 10:24,22/03/2017 10:24,07/04/2017 08:24
ord_000118,cust_000849,delivered,01/02/2018 14:46,02/02/2018 19:46,03/02/2018 19:46,17/02/2018 19:46,23/02/2018 14:46
ord_000119,cust_001931,delivered,27/02/2017 10:34,28/02/2017 09:34,03/03/2017 09:34,11/03/2017 09:34,18/03/2017 10:34
ord_000120,cust_001353,delivered,29/06/2017 17:26,30/06/2017 18:26,06/07/2017 18:26,14/07/2017 18:26,23/07/2017 17:26
ord_000121,cust_000180,delivered,05/03/2018 21:19,06/03/2018 07:19,08/03/2018 07:19,13/03/2018 07:19,18/03/2018 21:19
ord_000122,cust_001085,processing,10/07/2017 14:00,12/07/2017 08:00,,,29/07/2017 14:00
ord_000123,cust_002054,delivered,12/04/2018 14:01,12/04/2018 18:01,16/04/2018 18:01,25/04/2018 18:01,28/04/2018 14:01
ord_000124,cust_001593,delivered,26/11/2018 22:14,28/11/2018 19:14,02/12/2018 19:14,10/12/2018 19:14,12/12/2018 22:14
ord_000125,cust_001678,delivered,21/08/2017 20:07,,23/08/2017 22:07,03/09/2017 22:07,10/09/2017 20:07
ord_000126,cust_001982,delivered,18/05/2017 12:07,19/05/2017 02:07,20/05/2017 02:07,30/05/2017 02:07,02/06/2017 12:07
ord_000127,cust_002180,delivered,14/10/2018 13:36,15/10/2018 14:36,20/10/2018 14:36,31/10/2018 14:36,27/10/2018 13:36
ord_000128,cust_001282,delivered,03/03/2018 14:36,04/03/2018 14:36,08/03/2018 14:36,17/03/2018 14:36,20/03/2018 14:36
ord_000129,cust_002252,delivered,14/11/2018 20:02,15/11/2018 08:02,21/11/2018 08:02,05/12/2018 08:02,25/11/2018 20:02
ord_000130,cust_002716,delivered,20/11/2017 14:35,21/11/2017 03:35,27/11/2017 03:35,10/12/2017 03:35,08/12/2017 14:35
ord_000131,cust_000396,delivered,21/06/2018 15:08,22/06/2018 17:08,23/06/2018 17:08,07/07/2018 17:08,11/07/2018 15:08
ord_000132,cust_002185,delivered,26/11/2018 11:22,,29/11/2018 12:22,10/12/2018 12:22,08/12/2018 11:22
ord_000133,cust_000824,shipped,24/07/2017 17:59,25/07/2017 00:59,30/07/2017 00:59,,09/08/2017 17:59
ord_000134,cust_000324,delivered,01/10/2018 13:31,02/10/2018 07:31,04/10/2018 07:31,18/10/2018 07:31,15/10/2018 13:31
ord_000135,cust_000757,delivered,24/06/2018 12:02,24/06/2018 13:02,26/06/2018 13:02,09/07/2018 13:02,05/07/2018 12:02
ord_000136,cust_002789,canceled,07/10/2018 13:20,07/10/2018 17:20,,,18/10/2018 13:20
ord_000137,cust_001824,delivered,23/07/2017 10:40,23/07/2017 11:40,27/07/2017 11:40,09/08/2017 11:40,09/08/2017 10:40
ord_000138,cust_001375,delivered,13/02/2018 11:13,15/02/2018 02:13,18/02/2018 02:13,26/02/2018 02:13,03/03/2018 11:13
ord_000139,cust_000775,delivered,11/06/2017 13:57,11/06/2017 18:57,17/06/2017 18:57,28/06/2017 18:57,29/06/2017 13:57
ord_000140,cust_001598,delivered,11/12/2018 17:25,,18/12/2018 01:25,24/12/2018 01:25,21/12/2018 17:25
ord_000141,cust_001547,delivered,27/03/2017 20:01,29/03/2017 10:01,30/03/2017 10:01,04/04/2017 10:01,06/04/2017 20:01
ord_000142,cust_001222,delivered,30/03/2017 13:32,31/03/2017 09:32,06/04/2017 09:32,13/04/2017 09:32,10/04/2017 13:32
ord_000143,cust_001326,delivered,21/11/2018 15:40,22/11/2018 12:40,23/11/2018 12:40,27/11/2018 12:40,12/12/2018 15:40
ord_000144,cust_002170,canceled,16/11/2017 18:27,18/11/2017 01:27,,,05/12/2017 18:27
ord_000145,cust_001756,delivered,02/06/2018 21:55,04/06/2018 02:55,10/06/2018 02:55,17/06/2018 02:55,19/06/2018 21:55
ord_000146,cust_000085,delivered,05/11/2017 15:54,06/11/2017 10:54,09/11/2017 10:54,23/11/2017 10:54,15/11/2017 15:54
ord_000147,cust_001054,canceled,04/07/2018 17:08,,,,14/07/2018 17:08
ord_000148,cust_000186,delivered,13/08/2017 09:04,13/08/2017 19:04,14/08/2017 19:04,20/08/2017 19:04,28/08/2017 09:04
ord_000149,cust_002774,delivered,02/03/2018 11:18,02/03/2018 21:18,05/03/2018 21:18,10/03/2018 21:18,24/03/2018 11:18
ord_000150,cust_000966,delivered,22/04/2018 09:36,23/04/2018 09:36,29/04/2018 09:36,03/05/2018 09:36,03/05/2018 09:36
ord_000151,cust_002895,delivered,29/11/2017 14:36,01/12/2017 07:36,04/12/2017 07:36,06/12/2017 07:36,17/12/2017 14:36
ord_000152,cust_000749,delivered,06/10/2017 15:16,08/10/2017 10:16,11/10/2017 10:16,15/10/2017 10:16,24/10/2017 15:16
ord_000153,cust_001052,delivered,22/06/2017 17:57,24/06/2017 04:57,25/06/2017 04:57,03/07/2017 04:57,16/07/2017 17:57
ord_000154,cust_001232,delivered,08/08/2018 12:18,08/08/2018 12:18,12/08/2018 12:18,19/08/2018 12:18,22/08/2018 12:18
ord_000155,cust_002742,delivered,21/07/2017 15:48,,25/07/2017 01:48,04/08/2017 01:48,04/08/2017 15:48
ord_000156,cust_000270,delivered,09/11/2017 15:49,09/11/2017 22:49,14/11/2017 22:49,27/11/2017 22:49,28/11/2017 15:49
ord_000157,cust_002379,delivered,01/12/2017 09:05,03/12/2017 02:05,08/12/2017 02:05,11/12/2017 02:05,17/12/2017 09:05
ord_000158,cust_001969,delivered,27/02/2018 14:13,27/02/2018 19:13,04/03/2018 19:13,10/03/2018 19:13,11/03/2018 14:13
ord_000159,cust_000678,delivered,06/08/2018 08:12,06/08/2018 14:12,10/08/2018 14:12,23/08/2018 14:12,25/08/2018 08:12
ord_000160,cust_002529,delivered,08/02/2018 12:55,09/02/2018 12:55,13/02/2018 12:55,18/02/2018 12:55,04/03/2018 12:55
ord_000161,cust_001688,delivered,08/11/2018 19:21,,12/11/2018 20:21,15/11/2018 20:21,01/12/2018 19:21
ord_000162,cust_001511,delivered,23/07/2018 22:50,24/07/2018 14:50,29/07/2018 14:50,03/08/2018 14:50,03/08/2018 22:50
ord_000163,cust_001132,delivered,21/10/2018 11:28,22/10/2018 10:28,27/10/2018 10:28,03/11/2018 10:28,11/11/2018 11:28
ord_000164,cust_001255,delivered,14/08/2018 21:27,16/08/2018 07:27,18/08/2018 07:27,23/08/2018 07:27,03/09/2018 21:27
ord_000165,cust_002402,delivered,01/07/2017 13:54,02/07/2017 20:54,04/07/2017 20:54,12/07/2017 20:54,20/07/2017 13:54
ord_000166,cust_002909,delivered,20/12/2018 17:26,22/12/2018 03:26,27/12/2018 03:26,31/12/2018 03:26,05/01/2019 17:26
ord_000167,cust_002681,delivered,23/09/2018 21:44,24/09/2018 08:44,27/09/2018 08:44,06/10/2018 08:44,14/10/2018 21:44
ord_000168,cust_001004,delivered,18/05/2018 13:25,19/05/2018 15:25,21/05/2018 15:25,03/06/2018 15:25,05/06/2018 13:25
ord_000169,cust_001867,delivered,18/07/2017 08:06,,24/07/2017 14:06,30/07/2017 14:06,29/07/2017 08:06
ord_000170,cust_002995,delivered,25/07/2017 22:03,26/07/2017 09:03,01/08/2017 09:03,10/08/2017 09:03,05/08/2017 22:03
ord_000171,cust_001890,delivered,13/06/2018 20:12,15/06/2018 18:12,20/06/2018 18:12,01/07/2018 18:12,03/07/2018 20:12
ord_000172,cust_000007,delivered,31/01/2018 16:43,31/01/2018 18:43,03/02/2018 18:43,05/02/2018 18:43,16/02/2018 16:43
ord_000173,cust_002163,delivered,20/07/2018 22:22,21/07/2018 20:22,25/07/2018 20:22,31/07/2018 20:22,07/08/2018 22:22
ord_000174,cust_001714,shipped,29/12/2017 21:27,30/12/2017 20:27,05/01/2018 20:27,,20/01/2018 21:27
ord_000175,cust_001485,delivered,09/04/2018 21:06,10/04/2018 08:06,14/04/2018 08:06,19/04/2018 08:06,23/04/2018 21:06
ord_000176,cust_000109,shipped,09/08/2017 12:37,09/08/2017 14:37,14/08/2017 14:37,,01/09/2017 12:37
ord_000177,cust_001411,delivered,08/07/2017 18:48,,15/07/2017 00:48,22/07/2017 00:48,21/07/2017 18:48
ord_000178,cust_002370,delivered,12/04/2017 13:37,14/04/2017 00:37,19/04/2017 00:37,03/05/2017 00:37,28/04/2017 13:37
ord_000179,cust_001689,delivered,11/10/2018 17:59,12/10/2018 21:59,16/10/2018 21:59,19/10/2018 21:59,25/10/2018 17:59
ord_000180,cust_000807,delivered,07/05/2018 09:00,08/05/2018 11:00,11/05/2018 11:00,21/05/2018 11:00,27/05/2018 09:00
ord_000181,cust_002455,delivered,04/12/2018 16:00,04/12/2018 23:00,07/12/2018 23:00,21/12/2018 23:00,15/12/2018 16:00
ord_000182,cust_001344,delivered,02/09/2018 10:30,03/09/2018 12:30,08/09/2018 12:30,21/09/2018 12:30,17/09/2018 10:30
ord_000183,cust_001942,delivered,13/09/2018 12:15,13/09/2018 20:15,16/09/2018 20:15,25/09/2018 20:15,27/09/2018 12:15
ord_000184,cust_000043,delivered,06/04/2018 13:41,07/04/2018 03:41,09/04/2018 03:41,16/04/2018 03:41,26/04/2018 13:41
ord_000185,cust_000431,delivered,09/10/2018 13:47,,13/10/2018 10:47,16/10/2018 10:47,20/10/2018 13:47
ord_000186,cust_000601,delivered,02/12/2018 10:06,03/12/2018 07:06,07/12/2018 07:06,12/12/2018 07:06,21/12/2018 10:06
ord_000187,cust_000421,delivered,17/08/2018 10:55,17/08/2018 11:55,23/08/2018 11:55,04/09/2018 11:55,06/09/2018 10:55
ord_000188,cust_001277,delivered,16/05/2017 12:01,17/05/2017 16:01,20/05/2017 16:01,22/05/2017 16:01,05/06/2017 12:01
ord_000189,cust_001247,delivered,06/07/2018 12:41,06/07/2018 20:41,10/07/2018 20:41,21/07/2018 20:41,23/07/2018 12:41
ord_000190,cust_000241,delivered,02/06/2017 13:23,02/06/2017 13:23,04/06/2017 13:23,18/06/2017 13:23,21/06/2017 13:23
ord_000191,cust_001977,delivered,14/04/2017 09:40,15/04/2017 17:40,18/04/2017 17:40,25/04/2017 17:40,25/04/2017 09:40
ord_000192,cust_001449,delivered,31/07/2018 11:05,01/08/2018 17:05,04/08/2018 17:05,16/08/2018 17:05,18/08/2018 11:05
ord_000193,cust_001173,delivered,19/10/2018 18:56,20/10/2018 04:56,23/10/2018 04:56,06/11/2018 04:56,08/11/2018 18:56
ord_000194,cust_000728,delivered,11/07/2017 17:56,,19/07/2017 04:56,30/07/2017 04:56,24/07/2017 17:56
ord_000195,cust_001145,delivered,10/04/2017 14:31,10/04/2017 22:31,16/04/2017 22:31,24/04/2017 22:31,22/04/2017 14:31
ord_000196,cust_000489,delivered,16/11/2018 13:30,17/11/2018 13:30,19/11/2018 13:30,28/11/2018 13:30,30/11/2018 13:30
ord_000197,cust_002686,delivered,14/06/2017 21:38,15/06/2017 23:38,18/06/2017 23:38,22/06/2017 23:38,01/07/2017 21:38
ord_000198,cust_001543,delivered,20/02/2017 08:34,20/02/2017 13:34,21/02/2017 13:34,24/02/2017 13:34,02/03/2017 08:34
ord_000199,cust_002604,delivered,16/08/2018 13:32,17/08/2018 22:32,22/08/2018 22:32,03/09/2018 22:32,08/09/2018 13:32
ord_000200,cust_002567,delivered,26/10/2018 16:35,27/10/2018 16:35,01/11/2018 16:35,09/11/2018 16:35,14/11/2018 16:35
ord_000201,cust_001426,delivered,10/04/2018 20:51,11/04/2018 16:51,17/04/2018 16:51,01/05/2018 16:51,01/05/2018 20:51
ord_000202,cust_001193,canceled,26/04/2018 22:36,,,,18/05/2018 22:36
ord_000203,cust_002154,delivered,01/12/2017 12:11,03/12/2017 01:11,09/12/2017 01:11,14/12/2017 01:11,19/12/2017 12:11
ord_000204,cust_001151,delivered,24/09/2017 20:54,25/09/2017 19:54,26/09/2017 19:54,10/10/2017 19:54,15/10/2017 20:54
ord_000205,cust_001356,delivered,05/09/2018 08:12,06/09/2018 23:12,09/09/2018 23:12,11/09/2018 23:12,23/09/2018 08:12
ord_000206,cust_001229,delivered,27/10/2018 18:09,27/10/2018 20:09,30/10/2018 20:09,02/11/2018 20:09,17/11/2018 18:09
ord_000207,cust_001809,delivered,24/11/2017 08:59,25/11/2017 13:59,30/11/2017 13:59,09/12/2017 13:59,04/12/2017 08:59
ord_000208,cust_000162,delivered,24/10/2017 09:12,24/10/2017 22:12,26/10/2017 22:12,04/11/2017 22:12,15/11/2017 09:12
ord_000209,cust_000823,delivered,19/10/2017 22:06,21/10/2017 01:06,23/10/2017 01:06,03/11/2017 01:06,04/11/2017 22:06
ord_000210,cust_002042,delivered,12/03/2017 19:33,,15/03/2017 00:33,25/03/2017 00:33,29/03/2017 19:33
ord_000211,cust_001492,delivered,31/10/2017 16:49,02/11/2017 07:49,08/11/2017 07:49,13/11/2017 07:49,14/11/2017 16:49
ord_000212,cust_002076,delivered,07/02/2017 08:03,08/02/2017 10:03,11/02/2017 10:03,14/02/2017 10:03,23/02/2017 08:03
ord_000213,cust_001927,delivered,24/09/2018 10:29,24/09/2018 10:29,25/09/2018 10:29,09/10/2018 10:29,11/10/2018 10:29
ord_000214,cust_000997,delivered,09/10/2017 22:04,11/10/2017 20:04,13/10/2017 20:04,19/10/2017 20:04,24/10/2017 22:04
ord_000215,cust_001325,delivered,29/07/2018 14:25,30/07/2018 14:25,03/08/2018 14:25,07/08/2018 14:25,22/08/2018 14:25
ord_000216,cust_000207,delivered,29/04/2018 10:20,29/04/2018 15:20,02/05/2018 15:20,04/05/2018 15:20,16/05/2018 10:20
ord_000217,cust_002278,delivered,21/10/2018 11:08,21/10/2018 17:08,25/10/2018 17:08,06/11/2018 17:08,11/11/2018 11:08
ord_000218,cust_001330,delivered,11/12/2018 15:55,11/12/2018 16:55,12/12/2018 16:55,24/12/2018 16:55,04/01/2019 15:55
ord_000219,cust_000801,delivered,25/12/2017 14:38,26/12/2017 00:38,01/01/2018 00:38,14/01/2018 00:38,13/01/2018 14:38
ord_000220,cust_001601,delivered,27/04/2017 18:50,28/04/2017 06:50,03/05/2017 06:50,16/05/2017 06:50,12/05/2017 18:50
ord_000221,cust_000038,delivered,02/09/2018 20:54,04/09/2018 17:54,06/09/2018 17:54,10/09/2018 17:54,22/09/2018 20:54
ord_000222,cust_001246,delivered,01/02/2017 20:55,03/02/2017 11:55,06/02/2017 11:55,08/02/2017 11:55,11/02/2017 20:55
ord_000223,cust_002742,delivered,10/09/2017 22:44,10/09/2017 22:44,11/09/2017 22:44,19/09/2017 22:44,30/09/2017 22:44
ord_000224,cust_001149,delivered,15/03/2017 15:18,16/03/2017 07:18,17/03/2017 07:18,25/03/2017 07:18,25/03/2017 15:18
ord_000225,cust_001083,delivered,21/11/2018 16:49,22/11/2018 06:49,28/11/2018 06:49,30/11/2018 06:49,07/12/2018 16:49
ord_000226,cust_001349,invoiced,09/01/2017 19:31,10/01/2017 16:31,,,23/01/2017 19:31
ord_000227,cust_000756,delivered,26/03/2018 09:16,26/03/2018 16:16,29/03/2018 16:16,08/04/2018 16:16,17/04/2018 09:16
ord_000228,cust_000660,delivered,05/02/2018 16:23,06/02/2018 04:23,12/02/2018 04:23,22/02/2018 04:23,24/02/2018 16:23
ord_000229,cust_001428,delivered,07/07/2018 14:18,08/07/2018 17:18,10/07/2018 17:18,19/07/2018 17:18,26/07/2018 14:18
ord_000230,cust_001985,shipped,07/11/2017 09:27,08/11/2017 09:27,13/11/2017 09:27,,26/11/2017 09:27
ord_000231,cust_000748,delivered,09/11/2018 14:46,11/11/2018 06:46,12/11/2018 06:46,24/11/2018 06:46,30/11/2018 14:46
ord_000232,cust_000635,delivered,24/08/2018 09:29,26/08/2018 05:29,01/09/2018 05:29,10/09/2018 05:29,05/09/2018 09:29
ord_000233,cust_002199,canceled,11/02/2018 20:16,12/02/2018 14:16,,,21/02/2018 20:16
ord_000234,cust_001500,delivered,18/12/2017 12:05,20/12/2017 03:05,26/12/2017 03:05,07/01/2018 03:05,10/01/2018 12:05
ord_000235,cust_000920,delivered,09/10/2018 16:51,11/10/2018 08:51,15/10/2018 08:51,21/10/2018 08:51,27/10/2018 16:51
ord_000236,cust_002540,delivered,06/09/2018 15:25,07/09/2018 07:25,13/09/2018 07:25,26/09/2018 07:25,26/09/2018 15:25
ord_000237,cust_002975,delivered,18/01/2018 19:26,19/01/2018 16:26,24/01/2018 16:26,27/01/2018 16:26,02/02/2018 19:26
ord_000238,cust_002543,delivered,05/12/2017 13:45,06/12/2017 19:45,09/12/2017 19:45,11/12/2017 19:45,27/12/2017 13:45
ord_000239,cust_000828,delivered,25/02/2017 12:50,27/02/2017 07:50,05/03/2017 07:50,07/03/2017 07:50,07/03/2017 12:50
ord_000240,cust_002927,delivered,19/04/2017 12:30,21/04/2017 01:30,23/04/2017 01:30,29/04/2017 01:30,05/05/2017 12:30
ord_000241,cust_001085,shipped,16/03/2017 11:37,18/03/2017 03:37,24/03/2017 03:37,,04/04/2017 11:37
ord_000242,cust_000236,delivered,05/02/2017 14:14,07/02/2017 04:14,13/02/2017 04:14,26/02/2017 04:14,21/02/2017 14:14
ord_000243,cust_001615,delivered,05/07/2017 19:56,06/07/2017 03:56,09/07/2017 03:56,22/07/2017 03:56,28/07/2017 19:56
ord_000244,cust_002866,delivered,31/10/2018 08:34,31/10/2018 18:34,02/11/2018 18:34,04/11/2018 18:34,10/11/2018 08:34
ord_000245,cust_000009,delivered,29/09/2018 18:43,01/10/2018 12:43,02/10/2018 12:43,13/10/2018 12:43,19/10/2018 18:43
ord_000246,cust_000024,delivered,25/10/2018 11:06,26/10/2018 08:06,30/10/2018 08:06,03/11/2018 08:06,17/11/2018 11:06
ord_000247,cust_000012,delivered,19/06/2018 15:38,20/06/2018 00:38,25/06/2018 00:38,02/07/2018 00:38,30/06/2018 15:38
ord_000248,cust_002521,delivered,19/06/2018 12:22,20/06/2018 02:22,24/06/2018 02:22,07/07/2018 02:22,08/07/2018 12:22
ord_000249,cust_000701,delivered,05/06/2017 15:27,06/06/2017 14:27,10/06/2017 14:27,24/06/2017 14:27,15/06/2017 15:27
ord_000250,cust_001486,delivered,03/08/2018 15:40,04/08/2018 17:40,05/08/2018 17:40,17/08/2018 17:40,22/08/2018 15:40
ord_000251,cust_000244,delivered,30/10/2017 22:47,31/10/2017 07:47,01/11/2017 07:47,05/11/2017 07:47,14/11/2017 22:47
ord_000252,cust_002832,delivered,13/04/2018 08:20,13/04/2018 20:20,15/04/2018 20:20,17/04/2018 20:20,05/05/2018 08:20
ord_000253,cust_002280,delivered,08/12/2018 08:52,09/12/2018 02:52,15/12/2018 02:52,29/12/2018 02:52,21/12/2018 08:52
ord_000254,cust_001709,delivered,07/11/2018 17:13,08/11/2018 03:13,12/11/2018 03:13,17/11/2018 03:13,22/11/2018 17:13
ord_000255,cust_002615,delivered,19/09/2017 20:33,21/09/2017 19:33,24/09/2017 19:33,28/09/2017 19:33,29/09/2017 20:33
ord_000256,cust_000612,delivered,25/08/2018 08:09,25/08/2018 08:09,29/08/2018 08:09,06/09/2018 08:09,15/09/2018 08:09
ord_000257,cust_001239,delivered,15/05/2017 20:17,17/05/2017 08:17,20/05/2017 08:17,24/05/2017 08:17,25/05/2017 20:17
ord_000258,cust_002910,delivered,08/02/2017 15:53,09/02/2017 05:53,10/02/2017 05:53,20/02/2017 05:53,28/02/2017 15:53
ord_000259,cust_001549,invoiced,10/02/2017 12:00,11/02/2017 14:00,,,25/02/2017 12:00
ord_000260,cust_000913,delivered,23/07/2017 09:54,23/07/2017 23:54,28/07/2017 23:54,03/08/2017 23:54,16/08/2017 09:54
ord_000261,cust_001838,delivered,01/08/2018 16:19,03/08/2018 12:19,09/08/2018 12:19,17/08/2018 12:19,13/08/2018 16:19
ord_000262,cust_002806,delivered,22/12/2017 09:41,24/12/2017 07:41,27/12/2017 07:41,09/01/2018 07:41,10/01/2018 09:41
ord_000263,cust_000284,delivered,24/01/2017 08:05,25/01/2017 01:05,27/01/2017 01:05,09/02/2017 01:05,05/02/2017 08:05
ord_000264,cust_002984,canceled,25/12/2018 16:38,25/12/2018 17:38,,,04/01/2019 16:38
ord_000265,cust_001409,delivered,22/04/2018 16:54,23/04/2018 00:54,26/04/2018 00:54,07/05/2018 00:54,15/05/2018 16:54
ord_000266,cust_000267,delivered,14/01/2018 12:33,15/01/2018 22:33,16/01/2018 22:33,18/01/2018 22:33,06/02/2018 12:33
ord_000267,cust_002878,invoiced,12/04/2018 12:21,14/04/2018 03:21,,,06/05/2018 12:21
ord_000268,cust_001710,delivered,13/04/2018 10:47,13/04/2018 11:47,14/04/2018 11:47,24/04/2018 11:47,25/04/2018 10:47
ord_000269,cust_000623,delivered,10/03/2018 18:42,10/03/2018 18:42,16/03/2018 18:42,19/03/2018 18:42,01/04/2018 18:42
ord_000270,cust_000548,delivered,12/06/2018 10:07,13/06/2018 09:07,18/06/2018 09:07,22/06/2018 09:07,29/06/2018 10:07
ord_000271,cust_000252,delivered,15/11/2018 19:39,17/11/2018 09:39,20/11/2018 09:39,27/11/2018 09:39,28/11/2018 19:39
ord_000272,cust_001588,delivered,16/11/2017 08:39,17/11/2017 20:39,21/11/2017 20:39,28/11/2017 20:39,01/12/2017 08:39
ord_000273,cust_000841,delivered,22/03/2018 22:45,22/03/2018 23:45,25/03/2018 23:45,03/04/2018 23:45,03/04/2018 22:45
ord_000274,cust_000952,delivered,06/01/2017 12:18,08/01/2017 11:18,11/01/2017 11:18,24/01/2017 11:18,25/01/2017 12:18
ord_000275,cust_001643,delivered,02/11/2018 19:24,03/11/2018 08:24,09/11/2018 08:24,16/11/2018 08:24,20/11/2018 19:24
ord_000276,cust_002875,delivered,20/11/2017 19:57,21/11/2017 05:57,26/11/2017 05:57,01/12/2017 05:57,02/12/2017 19:57
ord_000277,cust_002605,delivered,22/10/2017 14:34,23/10/2017 07:34,27/10/2017 07:34,31/10/2017 07:34,12/11/2017 14:34
ord_000278,cust_000315,delivered,30/12/2018 15:30,01/01/2019 03:30,07/01/2019 03:30,20/01/2019 03:30,17/01/2019 15:30
ord_000279,cust_001064,delivered,25/05/2018 09:59,26/05/2018 00:59,27/05/2018 00:59,31/05/2018 00:59,13/06/2018 09:59
ord_000280,cust_000663,delivered,04/06/2017 16:13,05/06/2017 23:13,11/06/2017 23:13,13/06/2017 23:13,16/06/2017 16:13
ord_000281,cust_001034,delivered,17/10/2017 16:23,18/10/2017 03:23,20/10/2017 03:23,28/10/2017 03:23,08/11/2017 16:23
ord_000282,cust_002706,delivered,14/12/2017 20:45,15/12/2017 01:45,17/12/2017 01:45,28/12/2017 01:45,29/12/2017 20:45
ord_000283,cust_001029,delivered,24/12/2018 13:42,24/12/2018 18:42,28/12/2018 18:42,30/12/2018 18:42,10/01/2019 13:42
ord_000284,cust_001941,invoiced,10/02/2018 08:58,11/02/2018 05:58,,,22/02/2018 08:58
ord_000285,cust_002522,delivered,17/09/2017 15:39,17/09/2017 15:39,20/09/2017 15:39,27/09/2017 15:39,11/10/2017 15:39
ord_000286,cust_000819,delivered,16/05/2018 17:18,17/05/2018 19:18,20/05/2018 19:18,01/06/2018 19:18,02/06/2018 17:18
ord_000287,cust_001407,delivered,22/01/2018 18:23,24/01/2018 07:23,25/01/2018 07:23,27/01/2018 07:23,12/02/2018 18:23
ord_000288,cust_002439,delivered,17/03/2017 18:05,18/03/2017 21:05,20/03/2017 21:05,02/04/2017 21:05,05/04/2017 18:05
ord_000289,cust_000994,delivered,02/11/2018 10:55,03/11/2018 07:55,06/11/2018 07:55,19/11/2018 07:55,12/11/2018 10:55
ord_000290,cust_002005,delivered,24/01/2017 19:07,25/01/2017 03:07,26/01/2017 03:07,05/02/2017 03:07,13/02/2017 19:07
ord_000291,cust_000530,delivered,21/11/2018 11:32,21/11/2018 18:32,27/11/2018 18:32,07/12/2018 18:32,06/12/2018 11:32
ord_000292,cust_002756,delivered,26/09/2018 08:24,26/09/2018 13:24,29/09/2018 13:24,10/10/2018 13:24,14/10/2018 08:24
ord_000293,cust_000376,delivered,12/04/2017 12:08,12/04/2017 15:08,17/04/2017 15:08,21/04/2017 15:08,30/04/2017 12:08
ord_000294,cust_002068,delivered,18/08/2018 12:17,19/08/2018 15:17,21/08/2018 15:17,03/09/2018 15:17,08/09/2018 12:17
ord_000295,cust_002922,delivered,14/09/2018 09:38,14/09/2018 22:38,18/09/2018 22:38,29/09/2018 22:38,27/09/2018 09:38
ord_000296,cust_000427,delivered,06/06/2018 12:01,07/06/2018 19:01,08/06/2018 19:01,19/06/2018 19:01,30/06/2018 12:01
ord_000297,cust_001459,delivered,21/05/2018 08:57,22/05/2018 01:57,24/05/2018 01:57,01/06/2018 01:57,06/06/2018 08:57
ord_000298,cust_002847,delivered,11/03/2017 09:54,12/03/2017 00:54,17/03/2017 00:54,20/03/2017 00:54,31/03/2017 09:54
ord_000299,cust_000216,delivered,23/03/2017 10:05,24/03/2017 08:05,27/03/2017 08:05,04/04/2017 08:05,11/04/2017 10:05
ord_000300,cust_000920,delivered,20/08/2018 16:52,21/08/2018 09:52,27/08/2018 09:52,05/09/2018 09:52,07/09/2018 16:52
ord_000301,cust_002719,delivered,16/05/2017 09:19,16/05/2017 13:19,22/05/2017 13:19,27/05/2017 13:19,03/06/2017 09:19
ord_000302,cust_000400,delivered,27/09/2017 19:04,27/09/2017 20:04,28/09/2017 20:04,12/10/2017 20:04,16/10/2017 19:04
ord_000303,cust_002862,delivered,30/03/2018 10:18,01/04/2018 09:18,05/04/2018 09:18,12/04/2018 09:18,21/04/2018 10:18
ord_000304,cust_002238,delivered,17/07/2017 20:48,18/07/2017 01:48,23/07/2017 01:48,06/08/2017 01:48,31/07/2017 20:48
ord_000305,cust_000711,delivered,24/09/2018 18:39,25/09/2018 06:39,27/09/2018 06:39,10/10/2018 06:39,07/10/2018 18:39
ord_000306,cust_000621,delivered,04/10/2018 08:14,05/10/2018 03:14,11/10/2018 03:14,13/10/2018 03:14,28/10/2018 08:14
ord_000307,cust_000948,delivered,23/10/2018 21:43,24/10/2018 18:43,29/10/2018 18:43,01/11/2018 18:43,15/11/2018 21:43
ord_000308,cust_001588,delivered,10/03/2017 11:42,11/03/2017 22:42,13/03/2017 22:42,20/03/2017 22:42,25/03/2017 11:42
ord_000309,cust_002881,delivered,08/02/2018 18:44,10/02/2018 04:44,11/02/2018 04:44,21/02/2018 04:44,22/02/2018 18:44
ord_000310,cust_002378,delivered,26/10/2018 22:32,28/10/2018 03:32,31/10/2018 03:32,03/11/2018 03:32,16/11/2018 22:32
ord_000311,cust_000047,delivered,22/12/2017 08:49,22/12/2017 22:49,25/12/2017 22:49,29/12/2017 22:49,14/01/2018 08:49
ord_000312,cust_001767,delivered,01/08/2018 08:38,03/08/2018 05:38,07/08/2018 05:38,20/08/2018 05:38,25/08/2018 08:38
ord_000313,cust_000972,delivered,28/05/2018 19:07,28/05/2018 22:07,30/05/2018 22:07,06/06/2018 22:07,10/06/2018 19:07
ord_000314,cust_001590,delivered,09/12/2017 19:48,10/12/2017 09:48,12/12/2017 09:48,21/12/2017 09:48,22/12/2017 19:48
ord_000315,cust_001290,delivered,27/10/2017 17:19,28/10/2017 11:19,03/11/2017 11:19,11/11/2017 11:19,13/11/2017 17:19
ord_000316,cust_001766,delivered,07/07/2018 11:42,08/07/2018 03:42,14/07/2018 03:42,28/07/2018 03:42,19/07/2018 11:42
ord_000317,cust_002311,delivered,16/06/2017 10:40,17/06/2017 12:40,22/06/2017 12:40,25/06/2017 12:40,09/07/2017 10:40
ord_000318,cust_000713,delivered,02/11/2018 10:20,02/11/2018 12:20,05/11/2018 12:20,13/11/2018 12:20,17/11/2018 10:20
ord_000319,cust_001103,delivered,20/05/2018 15:09,22/05/2018 07:09,25/05/2018 07:09,28/05/2018 07:09,03/06/2018 15:09
ord_000320,cust_000139,delivered,23/05/2017 19:41,24/05/2017 02:41,26/05/2017 02:41,28/05/2017 02:41,16/06/2017 19:41
ord_000321,cust_001015,delivered,06/08/2018 08:50,07/08/2018 01:50,10/08/2018 01:50,18/08/2018 01:50,28/08/2018 08:50
ord_000322,cust_002966,delivered,10/02/2018 18:50,11/02/2018 21:50,15/02/2018 21:50,28/02/2018 21:50,06/03/2018 18:50
ord_000323,cust_002188,delivered,24/08/2017 17:37,26/08/2017 11:37,01/09/2017 11:37,08/09/2017 11:37,10/09/2017 17:37
ord_000324,cust_002028,delivered,11/12/2018 13:13,12/12/2018 15:13,17/12/2018 15:13,28/12/2018 15:13,01/01/2019 13:13
ord_000325,cust_002547,delivered,15/08/2018 11:18,16/08/2018 13:18,18/08/2018 13:18,31/08/2018 13:18,31/08/2018 11:18
ord_000326,cust_001707,delivered,31/05/2018 12:45,31/05/2018 23:45,06/06/2018 23:45,08/06/2018 23:45,11/06/2018 12:45
ord_000327,cust_000279,delivered,27/10/2018 15:24,29/10/2018 01:24,30/10/2018 01:24,10/11/2018 01:24,15/11/2018 15:24
ord_000328,cust_001974,delivered,29/04/2018 18:43,30/04/2018 20:43,01/05/2018 20:43,14/05/2018 20:43,10/05/2018 18:43
ord_000329,cust_000427,delivered,18/02/2018 22:18,18/02/2018 23:18,24/02/2018 23:18,09/03/2018 23:18,02/03/2018 22:18
ord_000330,cust_000585,delivered,10/08/2017 11:00,11/08/2017 07:00,13/08/2017 07:00,24/08/2017 07:00,24/08/2017 11:00
ord_000331,cust_001979,delivered,06/07/2017 10:36,08/07/2017 04:36,14/07/2017 04:36,28/07/2017 04:36,25/07/2017 10:36
ord_000332,cust_002771,delivered,11/02/2018 20:36,13/02/2018 13:36,14/02/2018 13:36,23/02/2018 13:36,04/03/2018 20:36
ord_000333,cust_000943,delivered,28/02/2018 22:37,01/03/2018 08:37,03/03/2018 08:37,05/03/2018 08:37,12/03/2018 22:37
ord_000334,cust_000900,delivered,23/08/2018 21:16,25/08/2018 08:16,30/08/2018 08:16,13/09/2018 08:16,13/09/2018 21:16
ord_000335,cust_002005,delivered,18/02/2018 12:48,19/02/2018 03:48,21/02/2018 03:48,06/03/2018 03:48,10/03/2018 12:48
ord_000336,cust_000938,delivered,31/05/2018 17:29,02/06/2018 05:29,06/06/2018 05:29,10/06/2018 05:29,18/06/2018 17:29
ord_000337,cust_000521,delivered,18/10/2018 22:45,19/10/2018 23:45,24/10/2018 23:45,07/11/2018 23:45,06/11/2018 22:45
ord_000338,cust_000691,delivered,28/12/2018 12:36,29/12/2018 03:36,01/01/2019 03:36,11/01/2019 03:36,13/01/2019 12:36
ord_000339,cust_002412,delivered,25/11/2017 13:24,27/11/2017 11:24,28/11/2017 11:24,05/12/2017 11:24,07/12/2017 13:24
ord_000340,cust_001839,delivered,21/11/2018 20:40,22/11/2018 07:40,27/11/2018 07:40,09/12/2018 07:40,03/12/2018 20:40
ord_000341,cust_000964,delivered,03/10/2018 08:34,04/10/2018 00:34,08/10/2018 00:34,18/10/2018 00:34,14/10/2018 08:34
ord_000342,cust_002989,delivered,03/04/2017 17:30,05/04/2017 13:30,11/04/2017 13:30,23/04/2017 13:30,20/04/2017 17:30
ord_000343,cust_001005,delivered,29/11/2017 12:38,29/11/2017 22:38,04/12/2017 22:38,10/12/2017 22:38,18/12/2017 12:38
ord_000344,cust_002059,delivered,07/09/2017 22:05,08/09/2017 07:05,13/09/2017 07:05,20/09/2017 07:05,19/09/2017 22:05
ord_000345,cust_000536,shipped,14/07/2018 17:54,16/07/2018 15:54,20/07/2018 15:54,,25/07/2018 17:54
ord_000346,cust_002818,delivered,07/05/2018 14:20,08/05/2018 13:20,13/05/2018 13:20,26/05/2018 13:20,27/05/2018 14:20
ord_000347,cust_000634,delivered,27/03/2018 11:13,29/03/2018 01:13,01/04/2018 01:13,06/04/2018 01:13,15/04/2018 11:13
ord_000348,cust_001292,delivered,10/09/2018 13:46,10/09/2018 17:46,16/09/2018 17:46,19/09/2018 17:46,03/10/2018 13:46
ord_000349,cust_001795,delivered,28/11/2017 10:13,29/11/2017 17:13,04/12/2017 17:13,07/12/2017 17:13,22/12/2017 10:13
ord_000350,cust_001562,delivered,06/01/2018 22:59,07/01/2018 02:59,09/01/2018 02:59,16/01/2018 02:59,30/01/2018 22:59
ord_000351,cust_001744,delivered,05/11/2018 11:25,06/11/2018 06:25,12/11/2018 06:25,20/11/2018 06:25,16/11/2018 11:25
ord_000352,cust_002322,delivered,17/12/2018 14:17,17/12/2018 23:17,19/12/2018 23:17,31/12/2018 23:17,01/01/2019 14:17
ord_000353,cust_002473,delivered,17/09/2018 10:03,18/09/2018 06:03,23/09/2018 06:03,03/10/2018 06:03,04/10/2018 10:03
ord_000354,cust_001018,delivered,05/09/2017 17:02,06/09/2017 11:02,12/09/2017 11:02,24/09/2017 11:02,26/09/2017 17:02
ord_000355,cust_001890,delivered,24/05/2017 17:05,26/05/2017 14:05,29/05/2017 14:05,31/05/2017 14:05,16/06/2017 17:05
ord_000356,cust_001708,delivered,29/08/2017 10:00,30/08/2017 17:00,01/09/2017 17:00,03/09/2017 17:00,20/09/2017 10:00
ord_000357,cust_001283,delivered,05/02/2018 13:19,05/02/2018 16:19,11/02/2018 16:19,15/02/2018 16:19,01/03/2018 13:19
ord_000358,cust_001518,delivered,22/09/2017 12:18,23/09/2017 11:18,28/09/2017 11:18,05/10/2017 11:18,02/10/2017 12:18
ord_000359,cust_002410,delivered,21/11/2018 22:25,23/11/2018 10:25,26/11/2018 10:25,28/11/2018 10:25,01/12/2018 22:25
ord_000360,cust_002038,delivered,18/07/2018 20:13,19/07/2018 19:13,25/07/2018 19:13,07/08/2018 19:13,03/08/2018 20:13
ord_000361,cust_000049,delivered,31/01/2018 15:03,01/02/2018 19:03,02/02/2018 19:03,16/02/2018 19:03,22/02/2018 15:03
ord_000362,cust_000192,delivered,24/10/2017 11:04,25/10/2017 11:04,29/10/2017 11:04,06/11/2017 11:04,07/11/2017 11:04
ord_000363,cust_002105,delivered,04/01/2018 08:10,06/01/2018 06:10,08/01/2018 06:10,20/01/2018 06:10,17/01/2018 08:10
ord_000364,cust_001595,delivered,14/03/2018 10:18,15/03/2018 17:18,17/03/2018 17:18,21/03/2018 17:18,27/03/2018 10:18
ord_000365,cust_001629,delivered,12/08/2018 19:08,13/08/2018 21:08,16/08/2018 21:08,18/08/2018 21:08,02/09/2018 19:08
ord_000366,cust_002539,delivered,28/04/2017 17:21,30/04/2017 14:21,04/05/2017 14:21,17/05/2017 14:21,19/05/2017 17:21
ord_000367,cust_000662,delivered,27/10/2018 14:55,28/10/2018 03:55,30/10/2018 03:55,11/11/2018 03:55,11/11/2018 14:55
ord_000368,cust_000764,delivered,09/06/2017 14:15,11/06/2017 02:15,15/06/2017 02:15,26/06/2017 02:15,19/06/2017 14:15
ord_000369,cust_001912,delivered,15/10/2017 11:10,17/10/2017 00:10,22/10/2017 00:10,03/11/2017 00:10,28/10/2017 11:10
ord_000370,cust_002344,delivered,28/12/2018 20:39,29/12/2018 13:39,30/12/2018 13:39,10/01/2019 13:39,11/01/2019 20:39
ord_000371,cust_002959,delivered,11/08/2017 12:29,13/08/2017 11:29,14/08/2017 11:29,26/08/2017 11:29,28/08/2017 12:29
ord_000372,cust_002787,delivered,11/05/2017 15:02,12/05/2017 05:02,17/05/2017 05:02,31/05/2017 05:02,26/05/2017 15:02
ord_000373,cust_001039,delivered,28/06/2018 21:47,30/06/2018 16:47,03/07/2018 16:47,16/07/2018 16:47,10/07/2018 21:47
ord_000374,cust_000533,invoiced,14/01/2018 16:42,14/01/2018 16:42,,,07/02/2018 16:42
ord_000375,cust_001915,invoiced,01/05/2017 09:58,01/05/2017 23:58,,,17/05/2017 09:58
ord_000376,cust_000562,delivered,06/01/2017 17:56,07/01/2017 07:56,10/01/2017 07:56,22/01/2017 07:56,19/01/2017 17:56
ord_000377,cust_001318,delivered,16/04/2017 20:35,17/04/2017 12:35,18/04/2017 12:35,23/04/2017 12:35,01/05/2017 20:35
ord_000378,cust_000905,delivered,15/04/2018 12:41,16/04/2018 08:41,18/04/2018 08:41,24/04/2018 08:41,06/05/2018 12:41
ord_000379,cust_001177,delivered,17/09/2017 15:24,,23/09/2017 03:24,06/10/2017 03:24,11/10/2017 15:24
ord_000380,cust_002656,delivered,18/09/2018 18:53,19/09/2018 14:53,21/09/2018 14:53,27/09/2018 14:53,04/10/2018 18:53
ord_000381,cust_000921,shipped,31/10/2018 10:33,01/11/2018 14:33,07/11/2018 14:33,,18/11/2018 10:33
ord_000382,cust_002557,processing,27/06/2017 19:19,28/06/2017 00:19,,,11/07/2017 19:19
ord_000383,cust_000686,delivered,01/12/2017 13:00,01/12/2017 13:00,02/12/2017 13:00,07/12/2017 13:00,21/12/2017 13:00
ord_000384,cust_000896,canceled,29/06/2017 12:35,30/06/2017 06:35,,,19/07/2017 12:35
ord_000385,cust_000706,delivered,04/11/2017 22:31,05/11/2017 04:31,08/11/2017 04:31,17/11/2017 04:31,16/11/2017 22:31
ord_000386,cust_002244,delivered,25/09/2017 12:48,25/09/2017 17:48,26/09/2017 17:48,28/09/2017 17:48,13/10/2017 12:48
ord_000387,cust_002322,delivered,23/09/2018 10:11,23/09/2018 14:11,24/09/2018 14:11,03/10/2018 14:11,17/10/2018 10:11
ord_000388,cust_000105,delivered,08/12/2017 15:48,09/12/2017 04:48,10/12/2017 04:48,13/12/2017 04:48,21/12/2017 15:48
ord_000389,cust_000971,delivered,28/03/2018 11:00,28/03/2018 19:00,02/04/2018 19:00,10/04/2018 19:00,14/04/2018 11:00
ord_000390,cust_002811,delivered,19/07/2018 18:35,20/07/2018 00:35,22/07/2018 00:35,28/07/2018 00:35,08/08/2018 18:35
ord_000391,cust_001588,delivered,12/10/2018 18:23,13/10/2018 08:23,16/10/2018 08:23,25/10/2018 08:23,23/10/2018 18:23
ord_000392,cust_000532,delivered,16/11/2017 09:19,16/11/2017 21:19,17/11/2017 21:19,29/11/2017 21:19,03/12/2017 09:19
ord_000393,cust_000640,delivered,29/08/2017 15:25,31/08/2017 13:25,06/09/2017 13:25,09/09/2017 13:25,17/09/2017 15:25
ord_000394,cust_001395,delivered,20/12/2018 21:13,22/12/2018 03:13,28/12/2018 03:13,31/12/2018 03:13,07/01/2019 21:13
ord_000395,cust_000637,delivered,24/11/2017 12:11,25/11/2017 20:11,30/11/2017 20:11,07/12/2017 20:11,08/12/2017 12:11
ord_000396,cust_001309,delivered,18/07/2018 16:48,,22/07/2018 00:48,02/08/2018 00:48,09/08/2018 16:48
ord_000397,cust_001761,delivered,22/07/2018 21:13,22/07/2018 23:13,26/07/2018 23:13,31/07/2018 23:13,05/08/2018 21:13
ord_000398,cust_001398,delivered,09/04/2018 14:44,10/04/2018 13:44,13/04/2018 13:44,25/04/2018 13:44,26/04/2018 14:44
ord_000399,cust_001748,delivered,15/09/2017 08:42,16/09/2017 13:42,22/09/2017 13:42,24/09/2017 13:42,29/09/2017 08:42
ord_000400,cust_000169,delivered,24/06/2017 10:02,26/06/2017 07:02,30/06/2017 07:02,05/07/2017 07:02,16/07/2017 10:02
ord_000401,cust_001515,delivered,22/03/2018 09:52,23/03/2018 05:52,24/03/2018 05:52,01/04/2018 05:52,07/04/2018 09:52
ord_000402,cust_000164,delivered,07/04/2018 18:47,08/04/2018 07:47,09/04/2018 07:47,19/04/2018 07:47,22/04/2018 18:47
ord_000403,cust_002079,delivered,15/09/2018 18:47,17/09/2018 06:47,22/09/2018 06:47,28/09/2018 06:47,29/09/2018 18:47
ord_000404,cust_001572,delivered,10/08/2018 15:48,10/08/2018 23:48,15/08/2018 23:48,28/08/2018 23:48,28/08/2018 15:48
ord_000405,cust_001911,delivered,23/11/2018 08:34,25/11/2018 02:34,30/11/2018 02:34,07/12/2018 02:34,14/12/2018 08:34
ord_000406,cust_001005,delivered,17/12/2018 19:59,18/12/2018 12:59,20/12/2018 12:59,30/12/2018 12:59,05/01/2019 19:59
ord_000407,cust_000600,delivered,20/08/2018 13:10,20/08/2018 16:10,25/08/2018 16:10,28/08/2018 16:10,01/09/2018 13:10
ord_000408,cust_002032,delivered,13/04/2017 18:04,14/04/2017 10:04,16/04/2017 10:04,30/04/2017 10:04,23/04/2017 18:04
ord_000409,cust_000166,delivered,23/01/2018 19:42,25/01/2018 18:42,29/01/2018 18:42,06/02/2018 18:42,04/02/2018 19:42
ord_000410,cust_001450,delivered,10/06/2018 18:17,11/06/2018 14:17,13/06/2018 14:17,21/06/2018 14:17,03/07/2018 18:17
ord_000411,cust_000809,delivered,29/05/2018 09:36,29/05/2018 11:36,30/05/2018 11:36,04/06/2018 11:36,09/06/2018 09:36
ord_000412,cust_001065,delivered,03/08/2017 13:23,04/08/2017 06:23,09/08/2017 06:23,18/08/2017 06:23,15/08/2017 13:23
ord_000413,cust_001293,delivered,24/05/2018 10:20,25/05/2018 21:20,30/05/2018 21:20,01/06/2018 21:20,09/06/2018 10:20
ord_000414,cust_001375,delivered,11/12/2017 20:53,11/12/2017 22:53,16/12/2017 22:53,23/12/2017 22:53,23/12/2017 20:53
ord_000415,cust_000624,delivered,03/12/2017 13:08,05/12/2017 08:08,09/12/2017 08:08,21/12/2017 08:08,14/12/2017 13:08
ord_000416,cust_000377,delivered,19/10/2018 08:11,20/10/2018 20:11,24/10/2018 20:11,05/11/2018 20:11,31/10/2018 08:11
ord_000417,cust_001447,delivered,04/02/2018 08:40,05/02/2018 20:40,10/02/2018 20:40,20/02/2018 20:40,14/02/2018 08:40
ord_000418,cust_000850,delivered,18/04/2018 17:46,20/04/2018 05:46,24/04/2018 05:46,30/04/2018 05:46,05/05/2018 17:46
ord_000419,cust_000110,delivered,11/05/2018 12:49,11/05/2018 19:49,17/05/2018 19:49,25/05/2018 19:49,25/05/2018 12:49
ord_000420,cust_002571,delivered,11/05/2018 10:13,13/05/2018 00:13,18/05/2018 00:13,22/05/2018 00:13,25/05/2018 10:13
ord_000421,cust_001431,delivered,01/09/2017 21:52,02/09/2017 06:52,06/09/2017 06:52,16/09/2017 06:52,25/09/2017 21:52
ord_000422,cust_000266,delivered,04/06/2018 16:36,04/06/2018 23:36,08/06/2018 23:36,12/06/2018 23:36,27/06/2018 16:36
ord_000423,cust_001054,delivered,29/11/2017 18:49,29/11/2017 19:49,05/12/2017 19:49,11/12/2017 19:49,09/12/2017 18:49
ord_000424,cust_000356,delivered,08/07/2018 11:04,08/07/2018 17:04,12/07/2018 17:04,23/07/2018 17:04,31/07/2018 11:04
ord_000425,cust_002877,delivered,28/06/2017 10:21,28/06/2017 16:21,29/06/2017 16:21,02/07/2017 16:21,08/07/2017 10:21
ord_000426,cust_001450,delivered,28/12/2018 11:31,30/12/2018 05:31,05/01/2019 05:31,11/01/2019 05:31,15/01/2019 11:31
ord_000427,cust_002630,delivered,14/09/2018 10:34,14/09/2018 12:34,15/09/2018 12:34,21/09/2018 12:34,02/10/2018 10:34
ord_000428,cust_001025,delivered,31/01/2018 18:05,02/02/2018 01:05,04/02/2018 01:05,18/02/2018 01:05,19/02/2018 18:05
ord_000429,cust_002853,delivered,16/11/2017 12:32,16/11/2017 14:32,18/11/2017 14:32,30/11/2017 14:32,03/12/2017 12:32
ord_000430,cust_002800,delivered,10/01/2018 08:39,12/01/2018 06:39,13/01/2018 06:39,19/01/2018 06:39,30/01/2018 08:39
ord_000431,cust_001976,processing,16/08/2018 19:21,17/08/2018 21:21,,,27/08/2018 19:21
ord_000432,cust_001255,delivered,08/07/2018 08:30,09/07/2018 08:30,11/07/2018 08:30,16/07/2018 08:30,24/07/2018 08:30
ord_000433,cust_002915,delivered,05/08/2018 21:17,06/08/2018 00:17,10/08/2018 00:17,22/08/2018 00:17,28/08/2018 21:17
ord_000434,cust_001717,delivered,17/11/2018 20:52,19/11/2018 13:52,25/11/2018 13:52,01/12/2018 13:52,05/12/2018 20:52
ord_000435,cust_000568,delivered,28/02/2018 12:35,01/03/2018 08:35,03/03/2018 08:35,16/03/2018 08:35,20/03/2018 12:35
ord_000436,cust_000211,delivered,17/07/2018 08:33,17/07/2018 14:33,20/07/2018 14:33,02/08/2018 14:33,27/07/2018 08:33
ord_000437,cust_001597,delivered,18/02/2018 21:56,20/02/2018 07:56,25/02/2018 07:56,02/03/2018 07:56,07/03/2018 21:56
ord_000438,cust_000743,canceled,28/06/2018 10:39,30/06/2018 07:39,,,09/07/2018 10:39
ord_000439,cust_002229,delivered,13/03/2018 08:16,13/03/2018 08:16,19/03/2018 08:16,01/04/2018 08:16,31/03/2018 08:16
ord_000440,cust_001648,canceled,17/09/2018 20:38,18/09/2018 05:38,,,02/10/2018 20:38
ord_000441,cust_001447,delivered,09/01/2017 13:57,10/01/2017 19:57,15/01/2017 19:57,25/01/2017 19:57,30/01/2017 13:57
ord_000442,cust_000845,delivered,04/09/2017 19:01,04/09/2017 21:01,10/09/2017 21:01,18/09/2017 21:01,25/09/2017 19:01
ord_000443,cust_000641,canceled,12/11/2017 09:37,13/11/2017 21:37,,,23/11/2017 09:37
ord_000444,cust_000603,delivered,03/12/2018 21:09,05/12/2018 02:09,11/12/2018 02:09,20/12/2018 02:09,18/12/2018 21:09
ord_000445,cust_001961,delivered,04/04/2018 16:48,05/04/2018 17:48,11/04/2018 17:48,19/04/2018 17:48,27/04/2018 16:48
ord_000446,cust_002352,delivered,23/12/2017 20:38,24/12/2017 11:38,25/12/2017 11:38,31/12/2017 11:38,02/01/2018 20:38
ord_000447,cust_002913,delivered,22/01/2018 22:56,23/01/2018 20:56,28/01/2018 20:56,05/02/2018 20:56,02/02/2018 22:56
ord_000448,cust_002030,delivered,25/02/2018 20:40,25/02/2018 23:40,01/03/2018 23:40,15/03/2018 23:40,21/03/2018 20:40
ord_000449,cust_001569,delivered,06/11/2018 22:01,08/11/2018 09:01,13/11/2018 09:01,15/11/2018 09:01,22/11/2018 22:01
ord_000450,cust_002069,delivered,12/12/2018 09:30,13/12/2018 14:30,17/12/2018 14:30,21/12/2018 14:30,31/12/2018 09:30
ord_000451,cust_000744,delivered,24/10/2018 18:54,25/10/2018 19:54,27/10/2018 19:54,29/10/2018 19:54,06/11/2018 18:54
ord_000452,cust_002630,delivered,23/10/2018 18:13,25/10/2018 07:13,28/10/2018 07:13,07/11/2018 07:13,08/11/2018 18:13
ord_000453,cust_000121,shipped,19/08/2017 21:04,20/08/2017 21:04,25/08/2017 21:04,,07/09/2017 21:04
ord_000454,cust_002716,delivered,20/10/2017 09:43,21/10/2017 04:43,27/10/2017 04:43,29/10/2017 04:43,03/11/2017 09:43
ord_000455,cust_000312,delivered,01/06/2018 22:30,03/06/2018 12:30,04/06/2018 12:30,08/06/2018 12:30,23/06/2018 22:30
ord_000456,cust_002837,canceled,09/07/2018 10:02,11/07/2018 06:02,,,01/08/2018 10:02
ord_000457,cust_002331,delivered,23/08/2017 22:16,25/08/2017 14:16,27/08/2017 14:16,30/08/2017 14:16,11/09/2017 22:16
ord_000458,cust_001259,delivered,31/08/2018 17:19,01/09/2018 17:19,05/09/2018 17:19,16/09/2018 17:19,13/09/2018 17:19
ord_000459,cust_001455,delivered,20/08/2017 11:40,21/08/2017 04:40,22/08/2017 04:40,24/08/2017 04:40,02/09/2017 11:40
ord_000460,cust_000882,delivered,15/10/2017 19:28,16/10/2017 01:28,22/10/2017 01:28,04/11/2017 01:28,25/10/2017 19:28
ord_000461,cust_000625,delivered,20/11/2017 15:29,21/11/2017 10:29,26/11/2017 10:29,10/12/2017 10:29,11/12/2017 15:29
ord_000462,cust_000940,delivered,25/10/2018 16:48,27/10/2018 07:48,02/11/2018 07:48,15/11/2018 07:48,17/11/2018 16:48
ord_000463,cust_002580,canceled,23/08/2018 18:16,25/08/2018 08:16,,,16/09/2018 18:16
ord_000464,cust_000761,delivered,20/04/2018 11:40,20/04/2018 17:40,22/04/2018 17:40,26/04/2018 17:40,14/05/2018 11:40
ord_000465,cust_001308,delivered,11/10/2018 17:22,12/10/2018 19:22,15/10/2018 19:22,29/10/2018 19:22,23/10/2018 17:22
ord_000466,cust_002056,delivered,07/10/2018 20:25,09/10/2018 04:25,14/10/2018 04:25,24/10/2018 04:25,27/10/2018 20:25
ord_000467,cust_002387,delivered,11/01/2018 13:33,12/01/2018 21:33,16/01/2018 21:33,25/01/2018 21:33,24/01/2018 13:33
ord_000468,cust_000912,delivered,20/09/2018 10:41,22/09/2018 04:41,25/09/2018 04:41,08/10/2018 04:41,02/10/2018 10:41
ord_000469,cust_002433,delivered,26/08/2017 21:56,27/08/2017 00:56,29/08/2017 00:56,02/09/2017 00:56,12/09/2017 21:56
ord_000470,cust_000525,delivered,02/04/2018 14:16,03/04/2018 12:16,05/04/2018 12:16,12/04/2018 12:16,22/04/2018 14:16
ord_000471,cust_002153,delivered,30/05/2017 15:06,30/05/2017 19:06,02/06/2017 19:06,05/06/2017 19:06,20/06/2017 15:06
ord_000472,cust_000329,invoiced,07/02/2018 18:25,09/02/2018 04:25,,,24/02/2018 18:25
ord_000473,cust_002917,delivered,13/04/2018 09:32,14/04/2018 10:32,20/04/2018 10:32,24/04/2018 10:32,24/04/2018 09:32
ord_000474,cust_000299,delivered,17/04/2017 18:13,18/04/2017 14:13,21/04/2017 14:13,24/04/2017 14:13,28/04/2017 18:13
ord_000475,cust_002690,delivered,05/03/2018 14:53,07/03/2018 05:53,13/03/2018 05:53,19/03/2018 05:53,15/03/2018 14:53
ord_000476,cust_002281,delivered,06/07/2018 18:47,08/07/2018 10:47,10/07/2018 10:47,19/07/2018 10:47,27/07/2018 18:47
ord_000477,cust_000376,canceled,13/06/2018 14:29,14/06/2018 05:29,,,01/07/2018 14:29
ord_000478,cust_002324,delivered,17/03/2017 15:27,19/03/2017 06:27,20/03/2017 06:27,02/04/2017 06:27,01/04/2017 15:27
ord_000479,cust_001031,delivered,05/05/2017 10:02,07/05/2017 08:02,12/05/2017 08:02,24/05/2017 08:02,26/05/2017 10:02
ord_000480,cust_002947,delivered,13/12/2017 20:32,13/12/2017 22:32,19/12/2017 22:32,01/01/2018 22:32,28/12/2017 20:32
ord_000481,cust_002862,delivered,23/10/2018 15:35,25/10/2018 03:35,27/10/2018 03:35,02/11/2018 03:35,06/11/2018 15:35
ord_000482,cust_002784,delivered,07/11/2018 14:53,07/11/2018 19:53,12/11/2018 19:53,19/11/2018 19:53,29/11/2018 14:53
ord_000483,cust_001966,delivered,21/11/2017 15:30,23/11/2017 04:30,24/11/2017 04:30,02/12/2017 04:30,09/12/2017 15:30
ord_000484,cust_002690,delivered,15/08/2018 15:09,16/08/2018 23:09,22/08/2018 23:09,04/09/2018 23:09,04/09/2018 15:09
ord_000485,cust_001331,delivered,21/05/2018 10:10,23/05/2018 02:10,26/05/2018 02:10,03/06/2018 02:10,12/06/2018 10:10
ord_000486,cust_000176,delivered,23/12/2018 11:09,24/12/2018 14:09,27/12/2018 14:09,03/01/2019 14:09,06/01/2019 11:09
ord_000487,cust_002586,delivered,04/05/2017 11:56,04/05/2017 23:56,10/05/2017 23:56,20/05/2017 23:56,14/05/2017 11:56
ord_000488,cust_000143,delivered,02/05/2018 13:47,03/05/2018 22:47,09/05/2018 22:47,12/05/2018 22:47,21/05/2018 13:47
ord_000489,cust_001916,delivered,30/05/2018 13:49,31/05/2018 04:49,02/06/2018 04:49,16/06/2018 04:49,14/06/2018 13:49
ord_000490,cust_001622,delivered,20/11/2017 19:50,20/11/2017 20:50,26/11/2017 20:50,06/12/2017 20:50,14/12/2017 19:50
ord_000491,cust_001111,delivered,07/03/2017 12:05,07/03/2017 17:05,09/03/2017 17:05,16/03/2017 17:05,21/03/2017 12:05
ord_000492,cust_002217,delivered,14/03/2017 12:42,16/03/2017 05:42,21/03/2017 05:42,24/03/2017 05:42,04/04/2017 12:42
ord_000493,cust_000813,delivered,27/02/2018 17:42,28/02/2018 11:42,05/03/2018 11:42,11/03/2018 11:42,19/03/2018 17:42
ord_000494,cust_002792,delivered,31/07/2018 22:13,01/08/2018 04:13,05/08/2018 04:13,14/08/2018 04:13,20/08/2018 22:13
ord_000495,cust_002553,delivered,04/08/2018 14:29,04/08/2018 15:29,08/08/2018 15:29,22/08/2018 15:29,23/08/2018 14:29
ord_000496,cust_002756,delivered,02/08/2017 10:39,02/08/2017 11:39,05/08/2017 11:39,13/08/2017 11:39,13/08/2017 10:39
ord_000497,cust_002540,delivered,01/11/2018 08:53,02/11/2018 20:53,05/11/2018 20:53,19/11/2018 20:53,23/11/2018 08:53
ord_000498,cust_002480,delivered,02/01/2018 09:06,02/01/2018 15:06,06/01/2018 15:06,14/01/2018 15:06,16/01/2018 09:06
ord_000499,cust_002754,delivered,13/12/2018 10:53,15/12/2018 00:53,21/12/2018 00:53,02/01/2019 00:53,31/12/2018 10:53
ord_000500,cust_002755,delivered,30/05/2017 20:55,31/05/2017 22:55,03/06/2017 22:55,06/06/2017 22:55,12/06/2017 20:55
ord_000501,cust_002353,delivered,20/10/2018 20:55,21/10/2018 06:55,25/10/2018 06:55,06/11/2018 06:55,02/11/2018 20:55
ord_000502,cust_002393,delivered,23/11/2018 15:00,25/11/2018 10:00,30/11/2018 10:00,05/12/2018 10:00,08/12/2018 15:00
ord_000503,cust_000554,delivered,12/10/2018 14:13,13/10/2018 13:13,19/10/2018 13:13,26/10/2018 13:13,28/10/2018 14:13
ord_000504,cust_000523,delivered,05/10/2018 11:41,06/10/2018 05:41,12/10/2018 05:41,18/10/2018 05:41,28/10/2018 11:41
ord_000505,cust_001165,delivered,20/12/2017 10:19,21/12/2017 18:19,24/12/2017 18:19,02/01/2018 18:19,04/01/2018 10:19
ord_000506,cust_001097,delivered,12/08/2018 13:03,13/08/2018 20:03,19/08/2018 20:03,28/08/2018 20:03,05/09/2018 13:03
ord_000507,cust_000984,delivered,22/05/2018 18:45,24/05/2018 05:45,27/05/2018 05:45,02/06/2018 05:45,11/06/2018 18:45
ord_000508,cust_000893,delivered,06/02/2018 16:01,07/02/2018 21:01,08/02/2018 21:01,10/02/2018 21:01,25/02/2018 16:01
ord_000509,cust_000773,delivered,28/12/2018 19:26,30/12/2018 17:26,31/12/2018 17:26,10/01/2019 17:26,21/01/2019 19:26
ord_000510,cust_001703,delivered,07/11/2017 11:56,08/11/2017 06:56,10/11/2017 06:56,17/11/2017 06:56,01/12/2017 11:56
ord_000511,cust_002384,delivered,29/01/2018 20:26,30/01/2018 05:26,02/02/2018 05:26,14/02/2018 05:26,14/02/2018 20:26
ord_000512,cust_002431,delivered,21/11/2018 14:54,21/11/2018 20:54,24/11/2018 20:54,05/12/2018 20:54,06/12/2018 14:54
ord_000513,cust_000373,delivered,06/11/2017 10:24,06/11/2017 21:24,08/11/2017 21:24,14/11/2017 21:24,25/11/2017 10:24
ord_000514,cust_001623,shipped,05/07/2017 16:20,07/07/2017 05:20,09/07/2017 05:20,,18/07/2017 16:20
ord_000515,cust_001437,delivered,21/11/2017 12:06,23/11/2017 04:06,24/11/2017 04:06,02/12/2017 04:06,03/12/2017 12:06
ord_000516,cust_002399,delivered,07/09/2018 12:21,08/09/2018 02:21,14/09/2018 02:21,26/09/2018 02:21,21/09/2018 12:21
ord_000517,cust_002596,delivered,02/11/2018 20:20,03/11/2018 00:20,05/11/2018 00:20,17/11/2018 00:20,20/11/2018 20:20
ord_000518,cust_000994,delivered,26/05/2017 10:50,27/05/2017 20:50,31/05/2017 20:50,06/06/2017 20:50,19/06/2017 10:50
ord_000519,cust_002366,delivered,18/06/2018 13:55,20/06/2018 02:55,23/06/2018 02:55,27/06/2018 02:55,08/07/2018 13:55
ord_000520,cust_001786,delivered,14/05/2018 09:01,14/05/2018 11:01,17/05/2018 11:01,19/05/2018 11:01,28/05/2018 09:01
ord_000521,cust_000802,delivered,16/07/2018 21:05,17/07/2018 03:05,19/07/2018 03:05,28/07/2018 03:05,06/08/2018 21:05
ord_000522,cust_001682,delivered,18/07/2018 08:38,19/07/2018 00:38,20/07/2018 00:38,25/07/2018 00:38,04/08/2018 08:38
ord_000523,cust_000106,delivered,11/12/2018 12:29,12/12/2018 10:29,13/12/2018 10:29,25/12/2018 10:29,04/01/2019 12:29
ord_000524,cust_000162,shipped,09/12/2017 14:17,09/12/2017 19:17,14/12/2017 19:17,,28/12/2017 14:17
ord_000525,cust_001241,delivered,15/11/2017 15:15,16/11/2017 19:15,19/11/2017 19:15,21/11/2017 19:15,09/12/2017 15:15
ord_000526,cust_002875,invoiced,23/05/2018 11:13,24/05/2018 10:13,,,13/06/2018 11:13
ord_000527,cust_001780,delivered,09/02/2018 09:31,10/02/2018 21:31,11/02/2018 21:31,16/02/2018 21:31,26/02/2018 09:31
ord_000528,cust_002014,delivered,13/03/2018 16:01,15/03/2018 13:01,21/03/2018 13:01,03/04/2018 13:01,03/04/2018 16:01
ord_000529,cust_002564,delivered,04/04/2017 14:44,04/04/2017 19:44,05/04/2017 19:44,07/04/2017 19:44,26/04/2017 14:44
ord_000530,cust_001344,delivered,01/07/2017 08:18,02/07/2017 05:18,07/07/2017 05:18,13/07/2017 05:18,14/07/2017 08:18
ord_000531,cust_001584,delivered,28/11/2018 22:25,30/11/2018 13:25,06/12/2018 13:25,08/12/2018 13:25,19/12/2018 22:25
ord_000532,cust_000837,delivered,03/04/2017 08:31,03/04/2017 08:31,04/04/2017 08:31,14/04/2017 08:31,27/04/2017 08:31
ord_000533,cust_000797,delivered,29/05/2018 14:12,31/05/2018 06:12,03/06/2018 06:12,11/06/2018 06:12,15/06/2018 14:12
ord_000534,cust_002753,delivered,05/09/2018 09:53,06/09/2018 04:53,12/09/2018 04:53,20/09/2018 04:53,21/09/2018 09:53
ord_000535,cust_002072,invoiced,18/01/2017 20:40,20/01/2017 10:40,,,28/01/2017 20:40
ord_000536,cust_000395,delivered,10/09/2017 08:52,11/09/2017 12:52,13/09/2017 12:52,26/09/2017 12:52,01/10/2017 08:52
ord_000537,cust_001204,delivered,01/01/2018 15:28,03/01/2018 11:28,05/01/2018 11:28,11/01/2018 11:28,25/01/2018 15:28
ord_000538,cust_002317,delivered,04/04/2018 21:25,05/04/2018 04:25,08/04/2018 04:25,17/04/2018 04:25,23/04/2018 21:25
ord_000539,cust_002475,delivered,05/12/2017 11:14,07/12/2017 04:14,10/12/2017 04:14,20/12/2017 04:14,29/12/2017 11:14
ord_000540,cust_001977,delivered,04/07/2018 21:32,06/07/2018 00:32,08/07/2018 00:32,21/07/2018 00:32,16/07/2018 21:32
ord_000541,cust_000071,delivered,13/09/2017 16:35,15/09/2017 04:35,16/09/2017 04:35,20/09/2017 04:35,30/09/2017 16:35
ord_000542,cust_001124,delivered,07/02/2017 11:25,09/02/2017 00:25,12/02/2017 00:25,20/02/2017 00:25,28/02/2017 11:25
ord_000543,cust_001257,delivered,03/01/2017 22:08,05/01/2017 01:08,08/01/2017 01:08,20/01/2017 01:08,18/01/2017 22:08
ord_000544,cust_000546,delivered,08/12/2017 22:16,09/12/2017 19:16,11/12/2017 19:16,16/12/2017 19:16,30/12/2017 22:16
ord_000545,cust_001266,delivered,21/12/2017 12:00,23/12/2017 02:00,28/12/2017 02:00,03/01/2018 02:00,01/01/2018 12:00
ord_000546,cust_001103,delivered,05/12/2018 17:19,06/12/2018 17:19,08/12/2018 17:19,15/12/2018 17:19,27/12/2018 17:19
ord_000547,cust_001762,delivered,04/03/2017 14:34,06/03/2017 12:34,12/03/2017 12:34,23/03/2017 12:34,14/03/2017 14:34
ord_000548,cust_000938,delivered,20/04/2018 17:57,22/04/2018 01:57,23/04/2018 01:57,03/05/2018 01:57,01/05/2018 17:57
ord_000549,cust_001075,delivered,21/05/2018 16:10,22/05/2018 22:10,26/05/2018 22:10,29/05/2018 22:10,12/06/2018 16:10
ord_000550,cust_002606,processing,03/08/2018 18:03,04/08/2018 21:03,,,27/08/2018 18:03
ord_000551,cust_001206,delivered,28/06/2018 20:17,29/06/2018 07:17,01/07/2018 07:17,13/07/2018 07:17,14/07/2018 20:17
ord_000552,cust_000572,delivered,13/01/2017 18:09,15/01/2017 05:09,19/01/2017 05:09,29/01/2017 05:09,26/01/2017 18:09
ord_000553,cust_002204,delivered,24/06/2018 14:41,25/06/2018 01:41,30/06/2018 01:41,08/07/2018 01:41,12/07/2018 14:41
ord_000554,cust_000787,delivered,25/11/2017 17:00,26/11/2017 22:00,29/11/2017 22:00,06/12/2017 22:00,09/12/2017 17:00
ord_000555,cust_000513,delivered,15/09/2018 08:58,16/09/2018 22:58,20/09/2018 22:58,04/10/2018 22:58,29/09/2018 08:58
ord_000556,cust_002291,delivered,09/08/2017 15:51,10/08/2017 12:51,14/08/2017 12:51,27/08/2017 12:51,19/08/2017 15:51
ord_000557,cust_000715,delivered,13/08/2018 09:29,15/08/2018 08:29,18/08/2018 08:29,25/08/2018 08:29,01/09/2018 09:29
ord_000558,cust_000020,delivered,20/06/2018 16:55,20/06/2018 23:55,23/06/2018 23:55,29/06/2018 23:55,02/07/2018 16:55
ord_000559,cust_000307,delivered,06/07/2018 18:37,07/07/2018 04:37,10/07/2018 04:37,23/07/2018 04:37,27/07/2018 18:37
ord_000560,cust_002229,delivered,28/07/2017 12:59,29/07/2017 02:59,30/07/2017 02:59,05/08/2017 02:59,10/08/2017 12:59
ord_000561,cust_000773,delivered,17/07/2018 12:16,19/07/2018 10:16,22/07/2018 10:16,29/07/2018 10:16,09/08/2018 12:16
ord_000562,cust_001183,delivered,25/08/2018 18:59,26/08/2018 19:59,28/08/2018 19:59,10/09/2018 19:59,14/09/2018 18:59
ord_000563,cust_001516,delivered,23/03/2018 20:10,24/03/2018 08:10,27/03/2018 08:10,30/03/2018 08:10,09/04/2018 20:10
ord_000564,cust_000831,invoiced,04/12/2017 20:21,06/12/2017 18:21,,,20/12/2017 20:21
ord_000565,cust_000567,delivered,19/07/2017 11:56,20/07/2017 06:56,24/07/2017 06:56,03/08/2017 06:56,02/08/2017 11:56
ord_000566,cust_000210,delivered,07/11/2017 22:22,08/11/2017 10:22,09/11/2017 10:22,15/11/2017 10:22,18/11/2017 22:22
ord_000567,cust_000220,canceled,10/09/2018 08:12,12/09/2018 03:12,,,21/09/2018 08:12
ord_000568,cust_002744,delivered,26/01/2018 16:03,26/01/2018 23:03,28/01/2018 23:03,10/02/2018 23:03,13/02/2018 16:03
ord_000569,cust_002989,delivered,06/08/2018 11:08,08/08/2018 09:08,12/08/2018 09:08,24/08/2018 09:08,28/08/2018 11:08
ord_000570,cust_001920,delivered,27/08/2018 22:21,28/08/2018 00:21,30/08/2018 00:21,12/09/2018 00:21,16/09/2018 22:21
ord_000571,cust_001365,delivered,19/07/2018 13:25,20/07/2018 16:25,23/07/2018 16:25,29/07/2018 16:25,10/08/2018 13:25
ord_000572,cust_002432,delivered,19/07/2018 08:32,20/07/2018 11:32,21/07/2018 11:32,04/08/2018 11:32,09/08/2018 08:32
ord_000573,cust_002494,delivered,11/06/2018 21:48,13/06/2018 18:48,16/06/2018 18:48,27/06/2018 18:48,26/06/2018 21:48
ord_000574,cust_001326,delivered,12/04/2018 11:00,14/04/2018 07:00,17/04/2018 07:00,22/04/2018 07:00,06/05/2018 11:00
ord_000575,cust_002216,delivered,18/08/2017 19:50,20/08/2017 11:50,22/08/2017 11:50,30/08/2017 11:50,31/08/2017 19:50
ord_000576,cust_000290,delivered,24/10/2018 21:34,26/10/2018 16:34,27/10/2018 16:34,02/11/2018 16:34,07/11/2018 21:34
ord_000577,cust_000496,delivered,13/12/2018 15:45,15/12/2018 08:45,19/12/2018 08:45,27/12/2018 08:45,02/01/2019 15:45
ord_000578,cust_002538,delivered,08/03/2018 18:45,09/03/2018 18:45,11/03/2018 18:45,15/03/2018 18:45,18/03/2018 18:45
ord_000579,cust_001536,delivered,28/11/2018 12:54,30/11/2018 05:54,03/12/2018 05:54,14/12/2018 05:54,19/12/2018 12:54
ord_000580,cust_002445,delivered,31/12/2018 08:05,01/01/2019 21:05,06/01/2019 21:05,13/01/2019 21:05,14/01/2019 08:05
ord_000581,cust_001703,delivered,21/03/2018 17:34,22/03/2018 11:34,23/03/2018 11:34,02/04/2018 11:34,10/04/2018 17:34
ord_000582,cust_000350,delivered,18/08/2018 16:54,20/08/2018 10:54,25/08/2018 10:54,04/09/2018 10:54,08/09/2018 16:54
ord_000583,cust_000473,delivered,01/07/2018 21:43,01/07/2018 22:43,04/07/2018 22:43,14/07/2018 22:43,12/07/2018 21:43
ord_000584,cust_001598,delivered,23/09/2017 10:05,23/09/2017 14:05,27/09/2017 14:05,08/10/2017 14:05,07/10/2017 10:05
ord_000585,cust_000335,delivered,07/03/2017 10:36,07/03/2017 17:36,08/03/2017 17:36,18/03/2017 17:36,31/03/2017 10:36
ord_000586,cust_002536,delivered,26/02/2018 18:47,27/02/2018 19:47,02/03/2018 19:47,10/03/2018 19:47,21/03/2018 18:47
ord_000587,cust_000789,delivered,23/09/2018 09:16,23/09/2018 12:16,26/09/2018 12:16,05/10/2018 12:16,11/10/2018 09:16
ord_000588,cust_002086,delivered,26/11/2017 13:37,26/11/2017 23:37,28/11/2017 23:37,08/12/2017 23:37,12/12/2017 13:37
ord_000589,cust_000783,delivered,21/09/2018 08:50,21/09/2018 19:50,25/09/2018 19:50,07/10/2018 19:50,10/10/2018 08:50
ord_000590,cust_002322,delivered,08/07/2018 09:31,08/07/2018 20:31,12/07/2018 20:31,20/07/2018 20:31,28/07/2018 09:31
ord_000591,cust_000832,delivered,01/08/2018 21:11,01/08/2018 23:11,04/08/2018 23:11,09/08/2018 23:11,11/08/2018 21:11
ord_000592,cust_001550,delivered,03/11/2017 18:32,04/11/2017 04:32,08/11/2017 04:32,13/11/2017 04:32,17/11/2017 18:32
ord_000593,cust_000757,delivered,10/03/2018 20:35,11/03/2018 09:35,14/03/2018 09:35,18/03/2018 09:35,20/03/2018 20:35
ord_000594,cust_002625,delivered,03/08/2017 20:24,05/08/2017 08:24,10/08/2017 08:24,19/08/2017 08:24,20/08/2017 20:24
ord_000595,cust_001640,delivered,01/10/2017 10:40,02/10/2017 14:40,04/10/2017 14:40,15/10/2017 14:40,12/10/2017 10:40
ord_000596,cust_001566,delivered,28/04/2017 22:25,29/04/2017 13:25,04/05/2017 13:25,10/05/2017 13:25,21/05/2017 22:25
ord_000597,cust_000883,canceled,08/06/2017 20:52,09/06/2017 02:52,,,23/06/2017 20:52
ord_000598,cust_000549,delivered,30/08/2017 17:47,31/08/2017 17:47,04/09/2017 17:47,10/09/2017 17:47,22/09/2017 17:47
ord_000599,cust_002314,delivered,23/05/2018 16:48,24/05/2018 07:48,25/05/2018 07:48,07/06/2018 07:48,16/06/2018 16:48
ord_000600,cust_000159,delivered,18/02/2018 13:31,19/02/2018 22:31,20/02/2018 22:31,05/03/2018 22:31,04/03/2018 13:31
ord_000601,cust_000157,delivered,19/10/2017 09:11,19/10/2017 19:11,25/10/2017 19:11,08/11/2017 19:11,08/11/2017 09:11
ord_000602,cust_001966,delivered,02/11/2018 16:43,04/11/2018 15:43,05/11/2018 15:43,18/11/2018 15:43,12/11/2018 16:43
ord_000603,cust_001864,delivered,17/04/2018 08:04,17/04/2018 12:04,21/04/2018 12:04,04/05/2018 12:04,11/05/2018 08:04
ord_000604,cust_000983,delivered,26/11/2018 08:31,28/11/2018 00:31,01/12/2018 00:31,10/12/2018 00:31,17/12/2018 08:31
ord_000605,cust_002317,delivered,26/06/2018 13:03,27/06/2018 21:03,01/07/2018 21:03,10/07/2018 21:03,16/07/2018 13:03
ord_000606,cust_000178,delivered,24/01/2017 19:31,26/01/2017 03:31,27/01/2017 03:31,01/02/2017 03:31,11/02/2017 19:31
ord_000607,cust_001311,delivered,24/11/2018 08:41,26/11/2018 02:41,28/11/2018 02:41,09/12/2018 02:41,05/12/2018 08:41
ord_000608,cust_002720,delivered,31/10/2018 21:25,01/11/2018 18:25,04/11/2018 18:25,10/11/2018 18:25,13/11/2018 21:25
ord_000609,cust_000957,delivered,26/06/2018 22:25,28/06/2018 08:25,04/07/2018 08:25,10/07/2018 08:25,16/07/2018 22:25
ord_000610,cust_002353,delivered,23/04/2018 09:07,24/04/2018 10:07,27/04/2018 10:07,11/05/2018 10:07,06/05/2018 09:07
ord_000611,cust_000909,delivered,26/02/2018 09:18,27/02/2018 17:18,03/03/2018 17:18,05/03/2018 17:18,17/03/2018 09:18
ord_000612,cust_000694,delivered,19/03/2018 13:26,20/03/2018 15:26,24/03/2018 15:26,27/03/2018 15:26,10/04/2018 13:26
ord_000613,cust_000983,delivered,13/09/2018 15:51,15/09/2018 14:51,18/09/2018 14:51,30/09/2018 14:51,06/10/2018 15:51
ord_000614,cust_000870,delivered,09/04/2018 08:53,09/04/2018 23:53,14/04/2018 23:53,24/04/2018 23:53,19/04/2018 08:53
ord_000615,cust_000352,canceled,28/07/2017 11:57,29/07/2017 22:57,,,15/08/2017 11:57
ord_000616,cust_002729,shipped,22/03/2017 10:06,22/03/2017 17:06,25/03/2017 17:06,,02/04/2017 10:06
ord_000617,cust_001743,delivered,08/06/2017 09:17,08/06/2017 11:17,10/06/2017 11:17,12/06/2017 11:17,21/06/2017 09:17
ord_000618,cust_002885,delivered,05/10/2017 22:27,07/10/2017 07:27,09/10/2017 07:27,14/10/2017 07:27,28/10/2017 22:27
ord_000619,cust_001870,delivered,25/12/2017 10:38,25/12/2017 20:38,31/12/2017 20:38,13/01/2018 20:38,14/01/2018 10:38
ord_000620,cust_002677,delivered,19/11/2018 15:42,19/11/2018 15:42,20/11/2018 15:42,30/11/2018 15:42,09/12/2018 15:42
ord_000621,cust_001169,delivered,25/09/2017 19:47,27/09/2017 01:47,29/09/2017 01:47,12/10/2017 01:47,16/10/2017 19:47
ord_000622,cust_000563,delivered,24/11/2017 10:29,25/11/2017 15:29,27/11/2017 15:29,29/11/2017 15:29,05/12/2017 10:29
ord_000623,cust_002867,delivered,10/09/2017 17:33,11/09/2017 23:33,16/09/2017 23:33,22/09/2017 23:33,27/09/2017 17:33
ord_000624,cust_002475,delivered,30/04/2018 22:57,01/05/2018 19:57,06/05/2018 19:57,16/05/2018 19:57,13/05/2018 22:57
ord_000625,cust_002734,delivered,15/06/2018 20:14,17/06/2018 11:14,23/06/2018 11:14,25/06/2018 11:14,26/06/2018 20:14
ord_000626,cust_002769,delivered,21/04/2018 15:48,21/04/2018 15:48,26/04/2018 15:48,03/05/2018 15:48,14/05/2018 15:48
ord_000627,cust_000893,delivered,07/12/2018 12:42,07/12/2018 19:42,10/12/2018 19:42,23/12/2018 19:42,23/12/2018 12:42
ord_000628,cust_001636,delivered,29/12/2018 11:08,30/12/2018 05:08,31/12/2018 05:08,04/01/2019 05:08,11/01/2019 11:08
ord_000629,cust_002197,delivered,21/10/2018 11:55,23/10/2018 10:55,29/10/2018 10:55,31/10/2018 10:55,12/11/2018 11:55
ord_000630,cust_002639,delivered,03/10/2018 22:51,05/10/2018 08:51,10/10/2018 08:51,20/10/2018 08:51,23/10/2018 22:51
ord_000631,cust_000348,delivered,24/12/2017 12:46,25/12/2017 12:46,26/12/2017 12:46,31/12/2017 12:46,07/01/2018 12:46
ord_000632,cust_002797,delivered,22/05/2018 11:07,24/05/2018 08:07,30/05/2018 08:07,03/06/2018 08:07,13/06/2018 11:07
ord_000633,cust_002273,delivered,13/12/2017 11:08,15/12/2017 07:08,19/12/2017 07:08,28/12/2017 07:08,02/01/2018 11:08
ord_000634,cust_001420,delivered,21/09/2018 17:40,21/09/2018 22:40,25/09/2018 22:40,04/10/2018 22:40,05/10/2018 17:40
ord_000635,cust_002207,delivered,24/07/2017 08:06,25/07/2017 09:06,28/07/2017 09:06,09/08/2017 09:06,06/08/2017 08:06
ord_000636,cust_000848,delivered,05/09/2017 15:06,07/09/2017 12:06,09/09/2017 12:06,12/09/2017 12:06,17/09/2017 15:06
ord_000637,cust_001069,canceled,24/02/2017 20:24,25/02/2017 04:24,,,10/03/2017 20:24
ord_000638,cust_000598,delivered,10/06/2018 14:00,10/06/2018 21:00,11/06/2018 21:00,21/06/2018 21:00,24/06/2018 14:00
ord_000639,cust_001160,delivered,28/07/2018 18:43,29/07/2018 10:43,01/08/2018 10:43,11/08/2018 10:43,12/08/2018 18:43
ord_000640,cust_000927,delivered,06/01/2017 19:32,08/01/2017 17:32,09/01/2017 17:32,14/01/2017 17:32,19/01/2017 19:32
ord_000641,cust_001758,delivered,07/04/2018 12:04,07/04/2018 22:04,11/04/2018 22:04,23/04/2018 22:04,19/04/2018 12:04
ord_000642,cust_001301,delivered,01/01/2018 12:32,02/01/2018 18:32,04/01/2018 18:32,07/01/2018 18:32,21/01/2018 12:32
ord_000643,cust_000840,processing,26/09/2018 09:03,26/09/2018 21:03,,,11/10/2018 09:03
ord_000644,cust_001159,delivered,25/02/2017 11:04,26/02/2017 22:04,01/03/2017 22:04,04/03/2017 22:04,08/03/2017 11:04
ord_000645,cust_001718,delivered,09/03/2017 08:29,11/03/2017 02:29,13/03/2017 02:29,23/03/2017 02:29,29/03/2017 08:29
ord_000646,cust_002377,delivered,17/06/2018 19:29,17/06/2018 20:29,18/06/2018 20:29,25/06/2018 20:29,30/06/2018 19:29
ord_000647,cust_002662,delivered,30/05/2018 09:20,31/05/2018 03:20,03/06/2018 03:20,07/06/2018 03:20,15/06/2018 09:20
ord_000648,cust_000795,delivered,17/10/2018 08:37,18/10/2018 11:37,19/10/2018 11:37,23/10/2018 11:37,08/11/2018 08:37
ord_000649,cust_001334,delivered,30/05/2018 11:23,30/05/2018 19:23,01/06/2018 19:23,08/06/2018 19:23,13/06/2018 11:23
ord_000650,cust_002139,delivered,05/12/2018 21:35,07/12/2018 03:35,10/12/2018 03:35,16/12/2018 03:35,17/12/2018 21:35
ord_000651,cust_000612,delivered,22/11/2017 19:20,23/11/2017 12:20,27/11/2017 12:20,04/12/2017 12:20,12/12/2017 19:20
ord_000652,cust_002207,delivered,17/01/2018 21:42,17/01/2018 22:42,20/01/2018 22:42,27/01/2018 22:42,28/01/2018 21:42
ord_000653,cust_001674,delivered,20/12/2018 15:34,21/12/2018 20:34,22/12/2018 20:34,24/12/2018 20:34,06/01/2019 15:34
ord_000654,cust_000413,delivered,18/05/2017 17:09,18/05/2017 18:09,23/05/2017 18:09,30/05/2017 18:09,09/06/2017 17:09
ord_000655,cust_001958,delivered,28/09/2018 11:41,28/09/2018 20:41,01/10/2018 20:41,08/10/2018 20:41,14/10/2018 11:41
ord_000656,cust_000480,delivered,18/01/2017 14:47,18/01/2017 21:47,22/01/2017 21:47,29/01/2017 21:47,30/01/2017 14:47
ord_000657,cust_001577,shipped,21/03/2018 15:03,21/03/2018 17:03,27/03/2018 17:03,,11/04/2018 15:03
ord_000658,cust_000930,delivered,06/07/2017 17:36,07/07/2017 12:36,08/07/2017 12:36,12/07/2017 12:36,26/07/2017 17:36
ord_000659,cust_000070,shipped,03/06/2018 13:47,05/06/2018 06:47,11/06/2018 06:47,,18/06/2018 13:47
ord_000660,cust_002025,delivered,29/09/2018 13:06,30/09/2018 03:06,06/10/2018 03:06,16/10/2018 03:06,11/10/2018 13:06
ord_000661,cust_002007,delivered,17/02/2017 09:54,17/02/2017 20:54,21/02/2017 20:54,02/03/2017 20:54,07/03/2017 09:54
ord_000662,cust_000817,canceled,16/07/2017 13:24,18/07/2017 03:24,,,06/08/2017 13:24
ord_000663,cust_000110,delivered,06/12/2017 12:44,08/12/2017 08:44,10/12/2017 08:44,15/12/2017 08:44,16/12/2017 12:44
ord_000664,cust_002644,delivered,09/10/2017 17:53,10/10/2017 07:53,12/10/2017 07:53,19/10/2017 07:53,26/10/2017 17:53
ord_000665,cust_001252,delivered,06/01/2018 21:59,06/01/2018 23:59,10/01/2018 23:59,14/01/2018 23:59,21/01/2018 21:59
ord_000666,cust_002564,delivered,07/12/2018 12:35,09/12/2018 00:35,14/12/2018 00:35,28/12/2018 00:35,22/12/2018 12:35
ord_000667,cust_001243,delivered,11/05/2017 13:42,12/05/2017 20:42,15/05/2017 20:42,27/05/2017 20:42,24/05/2017 13:42
ord_000668,cust_002225,delivered,05/02/2018 19:15,07/02/2018 18:15,10/02/2018 18:15,13/02/2018 18:15,24/02/2018 19:15
ord_000669,cust_002539,delivered,01/03/2018 20:17,03/03/2018 03:17,04/03/2018 03:17,16/03/2018 03:17,24/03/2018 20:17
ord_000670,cust_002048,delivered,30/10/2017 22:51,01/11/2017 18:51,07/11/2017 18:51,21/11/2017 18:51,10/11/2017 22:51
ord_000671,cust_002588,delivered,28/10/2017 08:23,28/10/2017 15:23,03/11/2017 15:23,13/11/2017 15:23,07/11/2017 08:23
ord_000672,cust_000193,delivered,13/08/2018 13:49,13/08/2018 20:49,14/08/2018 20:49,28/08/2018 20:49,28/08/2018 13:49
ord_000673,cust_002325,delivered,15/06/2018 18:03,17/06/2018 01:03,19/06/2018 01:03,23/06/2018 01:03,05/07/2018 18:03
ord_000674,cust_002154,delivered,07/10/2018 20:13,09/10/2018 07:13,15/10/2018 07:13,20/10/2018 07:13,18/10/2018 20:13
ord_000675,cust_002459,delivered,23/01/2018 13:10,24/01/2018 07:10,27/01/2018 07:10,06/02/2018 07:10,13/02/2018 13:10
ord_000676,cust_001903,canceled,08/06/2018 10:31,09/06/2018 06:31,,,28/06/2018 10:31
ord_000677,cust_000656,delivered,20/11/2018 09:04,21/11/2018 03:04,25/11/2018 03:04,06/12/2018 03:04,04/12/2018 09:04
ord_000678,cust_001819,delivered,28/10/2018 19:20,28/10/2018 21:20,01/11/2018 21:20,15/11/2018 21:20,11/11/2018 19:20
ord_000679,cust_002148,delivered,25/11/2018 17:59,27/11/2018 11:59,03/12/2018 11:59,08/12/2018 11:59,08/12/2018 17:59
ord_000680,cust_002983,delivered,20/10/2017 08:47,22/10/2017 03:47,25/10/2017 03:47,07/11/2017 03:47,09/11/2017 08:47
ord_000681,cust_002247,delivered,24/12/2018 09:45,26/12/2018 06:45,31/12/2018 06:45,03/01/2019 06:45,05/01/2019 09:45
ord_000682,cust_002523,delivered,09/10/2018 12:08,10/10/2018 12:08,13/10/2018 12:08,20/10/2018 12:08,24/10/2018 12:08
ord_000683,cust_002334,delivered,27/09/2018 11:21,27/09/2018 19:21,29/09/2018 19:21,06/10/2018 19:21,11/10/2018 11:21
ord_000684,cust_000306,delivered,16/07/2018 18:40,17/07/2018 13:40,18/07/2018 13:40,30/07/2018 13:40,31/07/2018 18:40
ord_000685,cust_002384,delivered,23/12/2018 18:01,25/12/2018 02:01,30/12/2018 02:01,06/01/2019 02:01,15/01/2019 18:01
ord_000686,cust_002116,delivered,18/02/2018 22:26,19/02/2018 06:26,23/02/2018 06:26,07/03/2018 06:26,28/02/2018 22:26
ord_000687,cust_000489,delivered,28/08/2018 09:55,28/08/2018 16:55,03/09/2018 16:55,06/09/2018 16:55,07/09/2018 09:55
ord_000688,cust_000563,delivered,03/08/2018 19:04,05/08/2018 18:04,07/08/2018 18:04,21/08/2018 18:04,19/08/2018 19:04
ord_000689,cust_000770,delivered,23/08/2018 14:54,23/08/2018 15:54,28/08/2018 15:54,01/09/2018 15:54,08/09/2018 14:54
ord_000690,cust_001759,canceled,03/09/2018 18:11,04/09/2018 22:11,,,27/09/2018 18:11
ord_000691,cust_002351,delivered,11/08/2017 18:11,12/08/2017 01:11,13/08/2017 01:11,21/08/2017 01:11,24/08/2017 18:11
ord_000692,cust_002641,delivered,11/12/2017 13:11,11/12/2017 14:11,15/12/2017 14:11,18/12/2017 14:11,29/12/2017 13:11
ord_000693,cust_000442,delivered,13/01/2018 18:55,15/01/2018 00:55,19/01/2018 00:55,27/01/2018 00:55,02/02/2018 18:55
ord_000694,cust_002943,delivered,01/09/2018 08:36,01/09/2018 16:36,05/09/2018 16:36,18/09/2018 16:36,21/09/2018 08:36
ord_000695,cust_000371,delivered,13/08/2018 11:45,14/08/2018 21:45,20/08/2018 21:45,28/08/2018 21:45,28/08/2018 11:45
ord_000696,cust_001761,delivered,18/10/2018 10:21,20/10/2018 01:21,26/10/2018 01:21,06/11/2018 01:21,09/11/2018 10:21
ord_000697,cust_002931,delivered,24/09/2018 11:52,25/09/2018 11:52,27/09/2018 11:52,11/10/2018 11:52,09/10/2018 11:52
ord_000698,cust_001248,delivered,01/06/2018 09:34,01/06/2018 17:34,03/06/2018 17:34,08/06/2018 17:34,17/06/2018 09:34
ord_000699,cust_002903,delivered,22/06/2017 09:35,24/06/2017 06:35,28/06/2017 06:35,30/06/2017 06:35,02/07/2017 09:35
ord_000700,cust_001897,delivered,26/06/2018 19:45,27/06/2018 12:45,03/07/2018 12:45,13/07/2018 12:45,20/07/2018 19:45
ord_000701,cust_001010,delivered,16/11/2018 08:46,17/11/2018 20:46,22/11/2018 20:46,04/12/2018 20:46,09/12/2018 08:46
ord_000702,cust_002627,delivered,01/07/2018 12:40,01/07/2018 21:40,02/07/2018 21:40,05/07/2018 21:40,14/07/2018 12:40
ord_000703,cust_000025,delivered,20/11/2018 22:07,21/11/2018 05:07,25/11/2018 05:07,01/12/2018 05:07,07/12/2018 22:07
ord_000704,cust_002292,delivered,31/12/2018 13:52,01/01/2019 21:52,04/01/2019 21:52,10/01/2019 21:52,22/01/2019 13:52
ord_000705,cust_001194,delivered,19/12/2017 10:15,19/12/2017 19:15,20/12/2017 19:15,31/12/2017 19:15,30/12/2017 10:15
ord_000706,cust_002146,delivered,17/08/2018 16:59,18/08/2018 17:59,23/08/2018 17:59,05/09/2018 17:59,06/09/2018 16:59
ord_000707,cust_000077,delivered,26/04/2018 12:23,27/04/2018 16:23,29/04/2018 16:23,10/05/2018 16:23,17/05/2018 12:23
ord_000708,cust_002715,delivered,28/02/2018 19:07,01/03/2018 00:07,06/03/2018 00:07,11/03/2018 00:07,19/03/2018 19:07
ord_000709,cust_000430,delivered,25/09/2017 12:18,26/09/2017 03:18,30/09/2017 03:18,10/10/2017 03:18,16/10/2017 12:18
ord_000710,cust_001818,delivered,01/10/2017 14:34,01/10/2017 23:34,04/10/2017 23:34,09/10/2017 23:34,14/10/2017 14:34
ord_000711,cust_000672,delivered,06/08/2017 11:23,06/08/2017 11:23,08/08/2017 11:23,18/08/2017 11:23,22/08/2017 11:23
ord_000712,cust_002771,delivered,24/06/2018 21:49,26/06/2018 18:49,28/06/2018 18:49,12/07/2018 18:49,13/07/2018 21:49
ord_000713,cust_002517,delivered,24/06/2017 22:40,24/06/2017 23:40,27/06/2017 23:40,07/07/2017 23:40,18/07/2017 22:40
ord_000714,cust_002509,delivered,11/02/2018 16:12,13/02/2018 07:12,18/02/2018 07:12,02/03/2018 07:12,21/02/2018 16:12
ord_000715,cust_001125,delivered,16/04/2018 10:32,17/04/2018 05:32,20/04/2018 05:32,01/05/2018 05:32,29/04/2018 10:32
ord_000716,cust_000545,delivered,16/02/2018 14:47,17/02/2018 03:47,18/02/2018 03:47,26/02/2018 03:47,02/03/2018 14:47
ord_000717,cust_000024,delivered,30/10/2018 08:53,31/10/2018 09:53,01/11/2018 09:53,04/11/2018 09:53,21/11/2018 08:53
ord_000718,cust_000608,delivered,19/02/2018 10:23,21/02/2018 05:23,23/02/2018 05:23,09/03/2018 05:23,12/03/2018 10:23
ord_000719,cust_001910,delivered,20/04/2017 13:55,21/04/2017 20:55,25/04/2017 20:55,01/05/2017 20:55,12/05/2017 13:55
ord_000720,cust_001022,delivered,27/12/2018 18:02,27/12/2018 21:02,29/12/2018 21:02,11/01/2019 21:02,15/01/2019 18:02
ord_000721,cust_000211,delivered,25/10/2018 20:40,27/10/2018 08:40,02/11/2018 08:40,14/11/2018 08:40,11/11/2018 20:40
ord_000722,cust_002997,invoiced,11/07/2018 09:46,,,,27/07/2018 09:46
ord_000723,cust_002682,delivered,05/09/2018 08:25,07/09/2018 06:25,10/09/2018 06:25,19/09/2018 06:25,23/09/2018 08:25
ord_000724,cust_001313,delivered,10/06/2017 10:00,10/06/2017 19:00,13/06/2017 19:00,18/06/2017 19:00,21/06/2017 10:00
ord_000725,cust_000736,delivered,11/09/2018 16:41,13/09/2018 08:41,15/09/2018 08:41,18/09/2018 08:41,22/09/2018 16:41
ord_000726,cust_001335,delivered,27/08/2017 15:20,28/08/2017 08:20,03/09/2017 08:20,16/09/2017 08:20,07/09/2017 15:20
ord_000727,cust_000713,delivered,23/03/2018 15:09,24/03/2018 08:09,26/03/2018 08:09,09/04/2018 08:09,03/04/2018 15:09
ord_000728,cust_000218,delivered,30/07/2017 08:09,31/07/2017 14:09,01/08/2017 14:09,11/08/2017 14:09,13/08/2017 08:09
ord_000729,cust_001191,delivered,04/09/2018 08:46,05/09/2018 09:46,09/09/2018 09:46,23/09/2018 09:46,20/09/2018 08:46
ord_000730,cust_000490,delivered,01/10/2017 17:11,02/10/2017 04:11,06/10/2017 04:11,10/10/2017 04:11,25/10/2017 17:11
ord_000731,cust_000322,delivered,07/10/2017 16:29,08/10/2017 02:29,11/10/2017 02:29,19/10/2017 02:29,30/10/2017 16:29
ord_000732,cust_002950,delivered,20/05/2017 09:58,21/05/2017 16:58,24/05/2017 16:58,28/05/2017 16:58,10/06/2017 09:58
ord_000733,cust_000069,delivered,16/08/2018 22:45,18/08/2018 20:45,24/08/2018 20:45,01/09/2018 20:45,29/08/2018 22:45
ord_000734,cust_002486,delivered,12/11/2017 20:32,13/11/2017 07:32,16/11/2017 07:32,29/11/2017 07:32,29/11/2017 20:32
ord_000735,cust_002743,delivered,12/04/2018 20:31,13/04/2018 21:31,17/04/2018 21:31,22/04/2018 21:31,29/04/2018 20:31
ord_000736,cust_001296,canceled,28/11/2017 10:10,29/11/2017 00:10,,,17/12/2017 10:10
ord_000737,cust_002590,delivered,16/09/2018 20:26,17/09/2018 07:26,20/09/2018 07:26,28/09/2018 07:26,26/09/2018 20:26
ord_000738,cust_001521,delivered,13/09/2017 18:08,15/09/2017 08:08,19/09/2017 08:08,27/09/2017 08:08,23/09/2017 18:08
ord_000739,cust_002748,delivered,01/12/2018 14:05,03/12/2018 00:05,06/12/2018 00:05,20/12/2018 00:05,15/12/2018 14:05
ord_000740,cust_002486,delivered,24/11/2017 11:06,25/11/2017 10:06,29/11/2017 10:06,06/12/2017 10:06,05/12/2017 11:06
ord_000741,cust_002029,delivered,15/05/2017 11:36,16/05/2017 10:36,20/05/2017 10:36,25/05/2017 10:36,30/05/2017 11:36
ord_000742,cust_001722,delivered,26/09/2017 08:11,27/09/2017 04:11,03/10/2017 04:11,09/10/2017 04:11,11/10/2017 08:11
ord_000743,cust_000039,shipped,10/04/2017 18:08,12/04/2017 17:08,14/04/2017 17:08,,04/05/2017 18:08
ord_000744,cust_000845,delivered,09/03/2018 16:52,11/03/2018 13:52,12/03/2018 13:52,18/03/2018 13:52,29/03/2018 16:52
ord_000745,cust_002919,canceled,04/10/2017 19:07,04/10/2017 22:07,,,16/10/2017 19:07
ord_000746,cust_002764,delivered,16/11/2018 10:42,18/11/2018 01:42,22/11/2018 01:42,30/11/2018 01:42,04/12/2018 10:42
ord_000747,cust_002126,delivered,11/04/2018 13:25,12/04/2018 05:25,14/04/2018 05:25,20/04/2018 05:25,22/04/2018 13:25
ord_000748,cust_001483,delivered,20/09/2017 15:34,21/09/2017 22:34,27/09/2017 22:34,30/09/2017 22:34,14/10/2017 15:34
ord_000749,cust_001245,delivered,25/02/2018 14:01,27/02/2018 11:01,03/03/2018 11:01,17/03/2018 11:01,07/03/2018 14:01
ord_000750,cust_001256,delivered,16/08/2017 09:00,17/08/2017 05:00,22/08/2017 05:00,25/08/2017 05:00,29/08/2017 09:00
ord_000751,cust_002197,delivered,31/07/2017 11:49,01/08/2017 09:49,05/08/2017 09:49,11/08/2017 09:49,17/08/2017 11:49
ord_000752,cust_000798,shipped,16/11/2017 22:28,18/11/2017 04:28,21/11/2017 04:28,,06/12/2017 22:28
ord_000753,cust_001701,delivered,19/05/2017 08:04,19/05/2017 22:04,25/05/2017 22:04,27/05/2017 22:04,05/06/2017 08:04
ord_000754,cust_001879,delivered,09/08/2017 20:20,10/08/2017 08:20,11/08/2017 08:20,17/08/2017 08:20,02/09/2017 20:20
ord_000755,cust_002015,delivered,29/11/2018 21:30,01/12/2018 02:30,03/12/2018 02:30,17/12/2018 02:30,11/12/2018 21:30
ord_000756,cust_000497,delivered,15/07/2018 21:08,16/07/2018 06:08,21/07/2018 06:08,23/07/2018 06:08,08/08/2018 21:08
ord_000757,cust_002472,delivered,25/11/2018 20:32,27/11/2018 03:32,03/12/2018 03:32,08/12/2018 03:32,08/12/2018 20:32
ord_000758,cust_001300,delivered,10/10/2017 14:31,11/10/2017 01:31,13/10/2017 01:31,16/10/2017 01:31,30/10/2017 14:31
ord_000759,cust_002808,delivered,31/10/2018 12:36,31/10/2018 16:36,04/11/2018 16:36,15/11/2018 16:36,14/11/2018 12:36
ord_000760,cust_001330,delivered,21/12/2017 19:48,21/12/2017 23:48,24/12/2017 23:48,26/12/2017 23:48,10/01/2018 19:48
ord_000761,cust_002389,delivered,27/06/2017 22:24,28/06/2017 10:24,03/07/2017 10:24,05/07/2017 10:24,07/07/2017 22:24
ord_000762,cust_000334,delivered,03/10/2018 19:53,,06/10/2018 23:53,14/10/2018 23:53,23/10/2018 19:53
ord_000763,cust_002687,delivered,23/03/2017 08:28,23/03/2017 22:28,27/03/2017 22:28,07/04/2017 22:28,14/04/2017 08:28
ord_000764,cust_000080,delivered,22/01/2018 18:27,23/01/2018 14:27,28/01/2018 14:27,10/02/2018 14:27,06/02/2018 18:27
ord_000765,cust_001702,delivered,11/10/2018 09:39,11/10/2018 20:39,16/10/2018 20:39,20/10/2018 20:39,01/11/2018 09:39
ord_000766,cust_002244,delivered,15/06/2018 14:37,16/06/2018 15:37,17/06/2018 15:37,26/06/2018 15:37,02/07/2018 14:37
ord_000767,cust_001015,delivered,12/04/2018 08:00,13/04/2018 02:00,17/04/2018 02:00,29/04/2018 02:00,26/04/2018 08:00
ord_000768,cust_002870,canceled,14/12/2017 17:58,14/12/2017 20:58,,,01/01/2018 17:58
ord_000769,cust_002009,delivered,11/04/2017 17:56,12/04/2017 09:56,13/04/2017 09:56,27/04/2017 09:56,29/04/2017 17:56
ord_000770,cust_002706,delivered,27/12/2018 20:16,27/12/2018 20:16,01/01/2019 20:16,03/01/2019 20:16,11/01/2019 20:16
ord_000771,cust_001668,delivered,27/07/2017 09:33,28/07/2017 20:33,31/07/2017 20:33,02/08/2017 20:33,10/08/2017 09:33
ord_000772,cust_002120,delivered,09/10/2017 17:46,10/10/2017 14:46,15/10/2017 14:46,25/10/2017 14:46,25/10/2017 17:46
ord_000773,cust_000168,shipped,22/09/2017 15:55,23/09/2017 19:55,29/09/2017 19:55,,02/10/2017 15:55
ord_000774,cust_000197,delivered,23/11/2018 20:35,24/11/2018 02:35,25/11/2018 02:35,06/12/2018 02:35,11/12/2018 20:35
ord_000775,cust_001727,delivered,10/09/2018 16:01,11/09/2018 12:01,14/09/2018 12:01,25/09/2018 12:01,28/09/2018 16:01
ord_000776,cust_001115,delivered,01/03/2018 19:40,03/03/2018 09:40,04/03/2018 09:40,11/03/2018 09:40,19/03/2018 19:40
ord_000777,cust_001252,delivered,09/12/2018 21:05,10/12/2018 06:05,15/12/2018 06:05,29/12/2018 06:05,29/12/2018 21:05
ord_000778,cust_001843,delivered,15/03/2017 10:40,17/03/2017 09:40,23/03/2017 09:40,05/04/2017 09:40,01/04/2017 10:40
ord_000779,cust_001108,delivered,20/11/2018 15:35,21/11/2018 11:35,27/11/2018 11:35,03/12/2018 11:35,05/12/2018 15:35
ord_000780,cust_002988,canceled,24/03/2017 14:38,24/03/2017 20:38,,,15/04/2017 14:38
ord_000781,cust_002173,delivered,12/01/2018 17:11,13/01/2018 01:11,15/01/2018 01:11,29/01/2018 01:11,25/01/2018 17:11
ord_000782,cust_001812,delivered,16/03/2017 19:29,17/03/2017 17:29,19/03/2017 17:29,02/04/2017 17:29,26/03/2017 19:29
ord_000783,cust_002655,delivered,31/12/2018 16:37,02/01/2019 13:37,08/01/2019 13:37,21/01/2019 13:37,13/01/2019 16:37
ord_000784,cust_000071,delivered,24/11/2018 19:18,25/11/2018 17:18,29/11/2018 17:18,01/12/2018 17:18,14/12/2018 19:18
ord_000785,cust_000591,delivered,25/05/2018 08:10,25/05/2018 16:10,28/05/2018 16:10,08/06/2018 16:10,09/06/2018 08:10
ord_000786,cust_002486,delivered,06/09/2017 22:13,07/09/2017 16:13,09/09/2017 16:13,23/09/2017 16:13,18/09/2017 22:13
ord_000787,cust_002384,delivered,27/10/2017 11:51,29/10/2017 04:51,30/10/2017 04:51,05/11/2017 04:51,13/11/2017 11:51
ord_000788,cust_001750,delivered,24/02/2018 11:27,26/02/2018 10:27,27/02/2018 10:27,10/03/2018 10:27,08/03/2018 11:27
ord_000789,cust_000508,delivered,25/11/2017 13:39,26/11/2017 18:39,01/12/2017 18:39,09/12/2017 18:39,16/12/2017 13:39
ord_000790,cust_000888,delivered,01/02/2017 16:30,03/02/2017 09:30,05/02/2017 09:30,13/02/2017 09:30,12/02/2017 16:30
ord_000791,cust_001729,delivered,09/07/2018 15:50,11/07/2018 05:50,16/07/2018 05:50,27/07/2018 05:50,21/07/2018 15:50
ord_000792,cust_000252,delivered,12/06/2018 16:30,13/06/2018 12:30,19/06/2018 12:30,28/06/2018 12:30,03/07/2018 16:30
ord_000793,cust_002544,delivered,22/11/2018 21:05,24/11/2018 15:05,27/11/2018 15:05,07/12/2018 15:05,12/12/2018 21:05
ord_000794,cust_000990,delivered,15/03/2018 20:11,15/03/2018 23:11,17/03/2018 23:11,21/03/2018 23:11,28/03/2018 20:11
ord_000795,cust_002717,delivered,07/12/2017 12:00,09/12/2017 02:00,11/12/2017 02:00,16/12/2017 02:00,31/12/2017 12:00
ord_000796,cust_001602,delivered,08/04/2018 16:49,09/04/2018 19:49,11/04/2018 19:49,21/04/2018 19:49,18/04/2018 16:49
ord_000797,cust_000925,delivered,15/08/2017 13:39,16/08/2017 17:39,20/08/2017 17:39,29/08/2017 17:39,27/08/2017 13:39
ord_000798,cust_000124,delivered,20/06/2018 13:45,22/06/2018 09:45,27/06/2018 09:45,03/07/2018 09:45,03/07/2018 13:45
ord_000799,cust_002456,delivered,13/09/2018 22:42,14/09/2018 10:42,19/09/2018 10:42,01/10/2018 10:42,30/09/2018 22:42
ord_000800,cust_001986,delivered,06/07/2017 13:49,06/07/2017 22:49,12/07/2017 22:49,18/07/2017 22:49,23/07/2017 13:49
ord_000801,cust_002636,delivered,24/11/2017 08:59,25/11/2017 15:59,29/11/2017 15:59,07/12/2017 15:59,09/12/2017 08:59
ord_000802,cust_000653,delivered,06/11/2018 20:39,08/11/2018 07:39,12/11/2018 07:39,18/11/2018 07:39,19/11/2018 20:39
ord_000803,cust_000518,delivered,03/04/2018 17:15,03/04/2018 17:15,06/04/2018 17:15,15/04/2018 17:15,22/04/2018 17:15
ord_000804,cust_000705,delivered,21/04/2018 14:06,22/04/2018 13:06,25/04/2018 13:06,04/05/2018 13:06,07/05/2018 14:06
ord_000805,cust_001154,delivered,17/08/2018 13:35,18/08/2018 07:35,21/08/2018 07:35,27/08/2018 07:35,09/09/2018 13:35
ord_000806,cust_001128,canceled,21/05/2018 13:46,23/05/2018 04:46,,,01/06/2018 13:46
ord_000807,cust_002328,delivered,05/04/2017 20:33,07/04/2017 13:33,11/04/2017 13:33,15/04/2017 13:33,28/04/2017 20:33
ord_000808,cust_002861,delivered,02/10/2018 13:18,02/10/2018 19:18,04/10/2018 19:18,16/10/2018 19:18,24/10/2018 13:18
ord_000809,cust_000044,delivered,26/11/2018 16:43,27/11/2018 19:43,29/11/2018 19:43,01/12/2018 19:43,12/12/2018 16:43
ord_000810,cust_001602,shipped,15/03/2017 09:26,16/03/2017 19:26,17/03/2017 19:26,,04/04/2017 09:26
ord_000811,cust_001877,delivered,02/06/2017 14:17,03/06/2017 02:17,09/06/2017 02:17,16/06/2017 02:17,23/06/2017 14:17
ord_000812,cust_000717,delivered,05/08/2018 11:50,07/08/2018 07:50,09/08/2018 07:50,16/08/2018 07:50,28/08/2018 11:50
ord_000813,cust_001243,delivered,07/06/2018 14:34,09/06/2018 08:34,10/06/2018 08:34,20/06/2018 08:34,24/06/2018 14:34
ord_000814,cust_002196,delivered,05/01/2018 08:17,05/01/2018 16:17,07/01/2018 16:17,21/01/2018 16:17,16/01/2018 08:17
ord_000815,cust_001552,delivered,26/04/2018 11:19,26/04/2018 11:19,29/04/2018 11:19,10/05/2018 11:19,17/05/2018 11:19
ord_000816,cust_000190,delivered,06/08/2018 20:34,07/08/2018 23:34,13/08/2018 23:34,22/08/2018 23:34,18/08/2018 20:34
ord_000817,cust_001255,delivered,03/04/2018 21:25,05/04/2018 15:25,11/04/2018 15:25,14/04/2018 15:25,26/04/2018 21:25
ord_000818,cust_000977,delivered,22/06/2017 19:09,24/06/2017 03:09,26/06/2017 03:09,10/07/2017 03:09,14/07/2017 19:09
ord_000819,cust_000586,delivered,28/04/2017 20:36,30/04/2017 08:36,04/05/2017 08:36,10/05/2017 08:36,18/05/2017 20:36
ord_000820,cust_000310,delivered,16/02/2018 08:41,17/02/2018 18:41,22/02/2018 18:41,04/03/2018 18:41,03/03/2018 08:41
ord_000821,cust_001045,delivered,26/11/2018 15:00,26/11/2018 22:00,01/12/2018 22:00,13/12/2018 22:00,06/12/2018 15:00
ord_000822,cust_002582,delivered,08/05/2018 20:32,08/05/2018 23:32,11/05/2018 23:32,22/05/2018 23:32,24/05/2018 20:32
ord_000823,cust_002583,delivered,18/12/2017 17:34,18/12/2017 20:34,20/12/2017 20:34,23/12/2017 20:34,31/12/2017 17:34
ord_000824,cust_000468,delivered,23/11/2018 09:19,25/11/2018 08:19,30/11/2018 08:19,05/12/2018 08:19,17/12/2018 09:19
ord_000825,cust_001832,delivered,10/01/2018 18:20,12/01/2018 15:20,15/01/2018 15:20,29/01/2018 15:20,31/01/2018 18:20
ord_000826,cust_002211,delivered,06/04/2018 21:19,08/04/2018 13:19,10/04/2018 13:19,21/04/2018 13:19,18/04/2018 21:19
ord_000827,cust_001431,delivered,28/05/2017 14:26,28/05/2017 17:26,02/06/2017 17:26,12/06/2017 17:26,07/06/2017 14:26
ord_000828,cust_000105,delivered,26/08/2018 08:48,28/08/2018 02:48,03/09/2018 02:48,10/09/2018 02:48,18/09/2018 08:48
ord_000829,cust_002118,delivered,04/08/2018 10:28,06/08/2018 08:28,12/08/2018 08:28,26/08/2018 08:28,21/08/2018 10:28
ord_000830,cust_000497,delivered,27/09/2018 21:59,29/09/2018 10:59,05/10/2018 10:59,16/10/2018 10:59,17/10/2018 21:59
ord_000831,cust_000551,delivered,26/11/2017 11:22,27/11/2017 07:22,01/12/2017 07:22,12/12/2017 07:22,15/12/2017 11:22
ord_000832,cust_000853,delivered,14/02/2018 16:41,14/02/2018 20:41,19/02/2018 20:41,04/03/2018 20:41,28/02/2018 16:41
ord_000833,cust_000250,delivered,21/07/2017 11:32,22/07/2017 03:32,24/07/2017 03:32,07/08/2017 03:32,12/08/2017 11:32
ord_000834,cust_002808,delivered,13/12/2018 20:45,14/12/2018 05:45,16/12/2018 05:45,29/12/2018 05:45,26/12/2018 20:45
ord_000835,cust_001645,delivered,24/04/2017 20:53,26/04/2017 03:53,27/04/2017 03:53,07/05/2017 03:53,16/05/2017 20:53
ord_000836,cust_002445,delivered,04/07/2018 20:30,06/07/2018 14:30,07/07/2018 14:30,11/07/2018 14:30,28/07/2018 20:30
ord_000837,cust_000034,delivered,07/08/2018 22:29,08/08/2018 21:29,14/08/2018 21:29,19/08/2018 21:29,18/08/2018 22:29
ord_000838,cust_000568,delivered,10/07/2017 18:56,10/07/2017 20:56,13/07/2017 20:56,17/07/2017 20:56,31/07/2017 18:56
ord_000839,cust_000444,delivered,23/12/2017 08:56,24/12/2017 02:56,28/12/2017 02:56,09/01/2018 02:56,12/01/2018 08:56
ord_000840,cust_000214,delivered,02/03/2017 20:59,04/03/2017 10:59,05/03/2017 10:59,11/03/2017 10:59,23/03/2017 20:59
ord_000841,cust_002151,delivered,07/05/2018 19:09,09/05/2018 01:09,11/05/2018 01:09,15/05/2018 01:09,28/05/2018 19:09
ord_000842,cust_000499,delivered,29/12/2018 12:00,29/12/2018 13:00,30/12/2018 13:00,10/01/2019 13:00,22/01/2019 12:00
ord_000843,cust_002704,delivered,09/02/2018 17:26,10/02/2018 09:26,13/02/2018 09:26,22/02/2018 09:26,20/02/2018 17:26
ord_000844,cust_002242,delivered,26/12/2018 15:44,27/12/2018 07:44,31/12/2018 07:44,05/01/2019 07:44,09/01/2019 15:44
ord_000845,cust_000855,delivered,08/06/2017 20:04,08/06/2017 21:04,09/06/2017 21:04,15/06/2017 21:04,25/06/2017 20:04
ord_000846,cust_000808,delivered,13/01/2018 21:22,14/01/2018 13:22,19/01/2018 13:22,27/01/2018 13:22,05/02/2018 21:22
ord_000847,cust_001147,delivered,21/11/2018 19:34,23/11/2018 10:34,24/11/2018 10:34,06/12/2018 10:34,10/12/2018 19:34
ord_000848,cust_001618,delivered,11/11/2018 14:12,11/11/2018 20:12,17/11/2018 20:12,19/11/2018 20:12,30/11/2018 14:12
ord_000849,cust_002043,delivered,25/11/2017 10:43,26/11/2017 10:43,02/12/2017 10:43,13/12/2017 10:43,10/12/2017 10:43
ord_000850,cust_001344,delivered,22/07/2018 12:13,23/07/2018 19:13,27/07/2018 19:13,30/07/2018 19:13,02/08/2018 12:13
ord_000851,cust_002414,shipped,16/11/2018 08:50,17/11/2018 16:50,21/11/2018 16:50,,01/12/2018 08:50
ord_000852,cust_002306,delivered,12/09/2018 13:20,13/09/2018 04:20,18/09/2018 04:20,21/09/2018 04:20,29/09/2018 13:20
ord_000853,cust_000780,delivered,22/06/2018 13:35,23/06/2018 16:35,25/06/2018 16:35,30/06/2018 16:35,03/07/2018 13:35
ord_000854,cust_001188,delivered,05/07/2017 15:32,07/07/2017 01:32,13/07/2017 01:32,19/07/2017 01:32,17/07/2017 15:32
ord_000855,cust_002478,delivered,09/04/2017 12:17,10/04/2017 17:17,16/04/2017 17:17,30/04/2017 17:17,30/04/2017 12:17
ord_000856,cust_002176,delivered,13/06/2018 20:26,15/06/2018 12:26,20/06/2018 12:26,27/06/2018 12:26,26/06/2018 20:26
ord_000857,cust_002918,delivered,31/03/2018 22:50,01/04/2018 08:50,07/04/2018 08:50,19/04/2018 08:50,13/04/2018 22:50
ord_000858,cust_000290,delivered,24/09/2017 18:32,24/09/2017 23:32,26/09/2017 23:32,01/10/2017 23:32,05/10/2017 18:32
ord_000859,cust_000263,delivered,09/11/2017 20:03,11/11/2017 16:03,17/11/2017 16:03,24/11/2017 16:03,25/11/2017 20:03
ord_000860,cust_001516,delivered,13/01/2018 15:42,15/01/2018 02:42,16/01/2018 02:42,24/01/2018 02:42,23/01/2018 15:42
ord_000861,cust_000672,delivered,28/03/2018 09:10,29/03/2018 06:10,03/04/2018 06:10,06/04/2018 06:10,14/04/2018 09:10
ord_000862,cust_002220,delivered,11/01/2018 08:29,12/01/2018 11:29,14/01/2018 11:29,16/01/2018 11:29,22/01/2018 08:29
ord_000863,cust_002178,delivered,09/01/2018 16:28,11/01/2018 12:28,17/01/2018 12:28,23/01/2018 12:28,20/01/2018 16:28
ord_000864,cust_001333,delivered,27/05/2017 08:29,29/05/2017 01:29,02/06/2017 01:29,14/06/2017 01:29,20/06/2017 08:29
ord_000865,cust_000110,delivered,05/11/2018 21:01,07/11/2018 11:01,09/11/2018 11:01,12/11/2018 11:01,21/11/2018 21:01
ord_000866,cust_001053,delivered,10/06/2018 19:16,11/06/2018 23:16,13/06/2018 23:16,25/06/2018 23:16,24/06/2018 19:16
ord_000867,cust_000852,delivered,28/06/2017 09:03,29/06/2017 19:03,05/07/2017 19:03,14/07/2017 19:03,10/07/2017 09:03
ord_000868,cust_001187,delivered,05/02/2018 08:24,06/02/2018 11:24,11/02/2018 11:24,16/02/2018 11:24,21/02/2018 08:24
ord_000869,cust_002533,delivered,31/01/2018 15:37,01/02/2018 13:37,04/02/2018 13:37,07/02/2018 13:37,13/02/2018 15:37
ord_000870,cust_002217,delivered,05/06/2018 09:39,06/06/2018 17:39,08/06/2018 17:39,17/06/2018 17:39,18/06/2018 09:39
ord_000871,cust_002044,delivered,10/06/2018 19:03,10/06/2018 20:03,11/06/2018 20:03,18/06/2018 20:03,25/06/2018 19:03
ord_000872,cust_000044,delivered,02/07/2018 18:07,04/07/2018 09:07,05/07/2018 09:07,08/07/2018 09:07,14/07/2018 18:07
ord_000873,cust_001922,delivered,03/08/2018 14:39,04/08/2018 05:39,05/08/2018 05:39,15/08/2018 05:39,20/08/2018 14:39
ord_000874,cust_001560,delivered,14/05/2017 21:31,15/05/2017 23:31,17/05/2017 23:31,29/05/2017 23:31,30/05/2017 21:31
ord_000875,cust_001835,delivered,19/11/2017 14:50,20/11/2017 21:50,22/11/2017 21:50,29/11/2017 21:50,05/12/2017 14:50
ord_000876,cust_001221,delivered,26/01/2017 11:12,27/01/2017 02:12,28/01/2017 02:12,04/02/2017 02:12,16/02/2017 11:12
ord_000877,cust_001505,delivered,27/02/2018 14:07,28/02/2018 05:07,05/03/2018 05:07,18/03/2018 05:07,10/03/2018 14:07
ord_000878,cust_001007,delivered,09/02/2018 08:21,09/02/2018 16:21,15/02/2018 16:21,22/02/2018 16:21,23/02/2018 08:21
ord_000879,cust_002300,canceled,24/08/2018 10:38,24/08/2018 14:38,,,08/09/2018 10:38
ord_000880,cust_001200,delivered,20/07/2017 16:29,22/07/2017 10:29,28/07/2017 10:29,10/08/2017 10:29,04/08/2017 16:29
ord_000881,cust_002595,delivered,24/06/2018 15:05,25/06/2018 15:05,26/06/2018 15:05,04/07/2018 15:05,04/07/2018 15:05
ord_000882,cust_002775,delivered,20/11/2017 14:04,21/11/2017 22:04,22/11/2017 22:04,06/12/2017 22:04,03/12/2017 14:04
ord_000883,cust_002386,delivered,05/01/2018 13:40,05/01/2018 20:40,11/01/2018 20:40,24/01/2018 20:40,18/01/2018 13:40
ord_000884,cust_001576,delivered,15/08/2018 22:17,17/08/2018 14:17,18/08/2018 14:17,30/08/2018 14:17,07/09/2018 22:17
ord_000885,cust_001448,delivered,07/04/2017 11:40,08/04/2017 01:40,13/04/2017 01:40,19/04/2017 01:40,18/04/2017 11:40
ord_000886,cust_001563,delivered,06/12/2017 21:17,,08/12/2017 19:17,19/12/2017 19:17,23/12/2017 21:17
ord_000887,cust_002335,delivered,12/01/2018 20:18,13/01/2018 20:18,14/01/2018 20:18,22/01/2018 20:18,24/01/2018 20:18
ord_000888,cust_002586,delivered,13/08/2018 17:12,15/08/2018 04:12,20/08/2018 04:12,31/08/2018 04:12,06/09/2018 17:12
ord_000889,cust_002266,shipped,19/08/2017 11:59,19/08/2017 16:59,24/08/2017 16:59,,05/09/2017 11:59
ord_000890,cust_002148,delivered,04/12/2018 13:00,06/12/2018 08:00,07/12/2018 08:00,18/12/2018 08:00,18/12/2018 13:00
ord_000891,cust_001367,delivered,30/12/2018 19:07,31/12/2018 00:07,01/01/2019 00:07,09/01/2019 00:07,22/01/2019 19:07
ord_000892,cust_000767,delivered,10/10/2018 09:50,11/10/2018 15:50,17/10/2018 15:50,31/10/2018 15:50,29/10/2018 09:50
ord_000893,cust_001002,delivered,15/11/2017 13:08,15/11/2017 23:08,17/11/2017 23:08,30/11/2017 23:08,27/11/2017 13:08
ord_000894,cust_002992,delivered,13/07/2018 22:16,15/07/2018 18:16,21/07/2018 18:16,26/07/2018 18:16,02/08/2018 22:16
ord_000895,cust_001230,delivered,21/04/2017 17:15,22/04/2017 21:15,26/04/2017 21:15,10/05/2017 21:15,11/05/2017 17:15
ord_000896,cust_001446,delivered,08/11/2018 16:41,10/11/2018 13:41,16/11/2018 13:41,24/11/2018 13:41,25/11/2018 16:41
ord_000897,cust_001479,delivered,11/04/2018 19:24,13/04/2018 15:24,19/04/2018 15:24,24/04/2018 15:24,21/04/2018 19:24
ord_000898,cust_001053,canceled,29/07/2017 17:50,30/07/2017 05:50,,,19/08/2017 17:50
ord_000899,cust_000440,delivered,27/11/2017 20:44,28/11/2017 07:44,29/11/2017 07:44,11/12/2017 07:44,12/12/2017 20:44
ord_000900,cust_000657,delivered,01/10/2018 13:31,01/10/2018 18:31,07/10/2018 18:31,14/10/2018 18:31,12/10/2018 13:31
ord_000901,cust_000655,delivered,07/11/2018 22:14,09/11/2018 08:14,12/11/2018 08:14,22/11/2018 08:14,23/11/2018 22:14
ord_000902,cust_000596,delivered,13/04/2018 18:47,13/04/2018 19:47,15/04/2018 19:47,22/04/2018 19:47,30/04/2018 18:47
ord_000903,cust_000305,delivered,17/03/2018 15:51,18/03/2018 00:51,22/03/2018 00:51,05/04/2018 00:51,28/03/2018 15:51
ord_000904,cust_002802,delivered,02/09/2018 14:50,04/09/2018 09:50,07/09/2018 09:50,10/09/2018 09:50,15/09/2018 14:50
ord_000905,cust_000216,delivered,15/10/2018 17:03,16/10/2018 23:03,21/10/2018 23:03,30/10/2018 23:03,03/11/2018 17:03
ord_000906,cust_000352,delivered,10/09/2018 20:41,11/09/2018 17:41,13/09/2018 17:41,19/09/2018 17:41,30/09/2018 20:41
ord_000907,cust_001698,delivered,07/01/2018 11:42,07/01/2018 17:42,13/01/2018 17:42,25/01/2018 17:42,19/01/2018 11:42
ord_000908,cust_002757,delivered,30/06/2018 15:56,02/07/2018 07:56,03/07/2018 07:56,17/07/2018 07:56,13/07/2018 15:56
ord_000909,cust_002094,delivered,31/10/2018 12:15,02/11/2018 04:15,05/11/2018 04:15,11/11/2018 04:15,22/11/2018 12:15
ord_000910,cust_000393,delivered,04/07/2017 08:47,04/07/2017 10:47,10/07/2017 10:47,23/07/2017 10:47,15/07/2017 08:47
ord_000911,cust_001840,delivered,10/01/2018 22:41,12/01/2018 09:41,18/01/2018 09:41,27/01/2018 09:41,28/01/2018 22:41
ord_000912,cust_001781,delivered,20/03/2017 13:52,21/03/2017 04:52,26/03/2017 04:52,28/03/2017 04:52,05/04/2017 13:52
ord_000913,cust_002180,delivered,25/01/2018 11:41,26/01/2018 19:41,30/01/2018 19:41,11/02/2018 19:41,15/02/2018 11:41
ord_000914,cust_000874,delivered,14/09/2018 16:51,15/09/2018 06:51,19/09/2018 06:51,28/09/2018 06:51,24/09/2018 16:51
ord_000915,cust_001219,delivered,17/08/2017 22:21,17/08/2017 22:21,19/08/2017 22:21,02/09/2017 22:21,29/08/2017 22:21
ord_000916,cust_002899,processing,28/04/2018 09:09,29/04/2018 21:09,,,20/05/2018 09:09
ord_000917,cust_002397,delivered,22/02/2017 19:21,24/02/2017 11:21,28/02/2017 11:21,05/03/2017 11:21,08/03/2017 19:21
ord_000918,cust_000772,delivered,20/11/2018 10:48,21/11/2018 18:48,23/11/2018 18:48,27/11/2018 18:48,05/12/2018 10:48
ord_000919,cust_002243,delivered,11/10/2018 17:07,12/10/2018 00:07,14/10/2018 00:07,17/10/2018 00:07,31/10/2018 17:07
ord_000920,cust_002578,delivered,16/04/2018 18:38,17/04/2018 15:38,22/04/2018 15:38,03/05/2018 15:38,03/05/2018 18:38
ord_000921,cust_002133,delivered,07/08/2018 22:59,08/08/2018 23:59,13/08/2018 23:59,27/08/2018 23:59,23/08/2018 22:59
ord_000922,cust_001882,delivered,15/05/2017 22:53,17/05/2017 12:53,20/05/2017 12:53,30/05/2017 12:53,25/05/2017 22:53
ord_000923,cust_002298,delivered,25/10/2018 19:40,27/10/2018 08:40,29/10/2018 08:40,07/11/2018 08:40,13/11/2018 19:40
ord_000924,cust_001616,shipped,13/08/2018 16:47,15/08/2018 10:47,17/08/2018 10:47,,25/08/2018 16:47
ord_000925,cust_000694,delivered,01/06/2017 22:06,03/06/2017 04:06,05/06/2017 04:06,07/06/2017 04:06,17/06/2017 22:06
ord_000926,cust_001459,delivered,21/12/2018 10:29,23/12/2018 07:29,25/12/2018 07:29,02/01/2019 07:29,05/01/2019 10:29
ord_000927,cust_001708,delivered,02/02/2017 12:31,04/02/2017 03:31,10/02/2017 03:31,18/02/2017 03:31,22/02/2017 12:31
ord_000928,cust_002283,delivered,22/06/2018 12:46,22/06/2018 21:46,24/06/2018 21:46,01/07/2018 21:46,12/07/2018 12:46
ord_000929,cust_002324,delivered,24/07/2017 21:16,26/07/2017 07:16,01/08/2017 07:16,15/08/2017 07:16,12/08/2017 21:16
ord_000930,cust_000394,delivered,15/08/2018 19:06,15/08/2018 23:06,19/08/2018 23:06,25/08/2018 23:06,03/09/2018 19:06
ord_000931,cust_000296,delivered,06/04/2017 19:41,08/04/2017 07:41,11/04/2017 07:41,25/04/2017 07:41,20/04/2017 19:41
ord_000932,cust_000476,shipped,18/04/2017 18:29,19/04/2017 04:29,21/04/2017 04:29,,03/05/2017 18:29
ord_000933,cust_000741,shipped,07/03/2018 09:50,07/03/2018 23:50,12/03/2018 23:50,,30/03/2018 09:50
ord_000934,cust_000832,delivered,28/12/2018 09:28,29/12/2018 12:28,04/01/2019 12:28,09/01/2019 12:28,17/01/2019 09:28
ord_000935,cust_001472,delivered,27/10/2017 10:50,28/10/2017 04:50,03/11/2017 04:50,15/11/2017 04:50,16/11/2017 10:50
ord_000936,cust_002142,delivered,12/06/2018 16:30,13/06/2018 23:30,18/06/2018 23:30,24/06/2018 23:30,05/07/2018 16:30
ord_000937,cust_001242,delivered,12/04/2018 12:46,13/04/2018 12:46,14/04/2018 12:46,21/04/2018 12:46,23/04/2018 12:46
ord_000938,cust_001352,delivered,23/10/2018 11:43,24/10/2018 17:43,30/10/2018 17:43,02/11/2018 17:43,02/11/2018 11:43
ord_000939,cust_002742,canceled,06/11/2017 22:15,08/11/2017 02:15,,,16/11/2017 22:15
ord_000940,cust_002256,delivered,06/05/2018 18:18,07/05/2018 03:18,11/05/2018 03:18,15/05/2018 03:18,23/05/2018 18:18
ord_000941,cust_002251,delivered,06/12/2018 21:53,08/12/2018 06:53,10/12/2018 06:53,21/12/2018 06:53,26/12/2018 21:53
ord_000942,cust_002250,delivered,28/11/2017 12:13,30/11/2017 10:13,04/12/2017 10:13,16/12/2017 10:13,22/12/2017 12:13
ord_000943,cust_000122,delivered,16/02/2018 09:41,17/02/2018 11:41,22/02/2018 11:41,27/02/2018 11:41,07/03/2018 09:41
ord_000944,cust_002200,delivered,17/11/2018 21:08,19/11/2018 02:08,23/11/2018 02:08,07/12/2018 02:08,08/12/2018 21:08
ord_000945,cust_001395,delivered,28/11/2017 20:45,30/11/2017 06:45,01/12/2017 06:45,08/12/2017 06:45,21/12/2017 20:45
ord_000946,cust_001891,delivered,04/01/2018 15:13,04/01/2018 19:13,09/01/2018 19:13,21/01/2018 19:13,16/01/2018 15:13
ord_000947,cust_002287,delivered,18/11/2017 17:35,19/11/2017 00:35,24/11/2017 00:35,29/11/2017 00:35,08/12/2017 17:35
ord_000948,cust_000152,delivered,05/10/2018 20:33,06/10/2018 22:33,11/10/2018 22:33,24/10/2018 22:33,24/10/2018 20:33
ord_000949,cust_002007,delivered,27/11/2018 08:12,28/11/2018 02:12,30/11/2018 02:12,03/12/2018 02:12,10/12/2018 08:12
ord_000950,cust_002649,delivered,23/06/2018 13:29,24/06/2018 22:29,26/06/2018 22:29,02/07/2018 22:29,10/07/2018 13:29
ord_000951,cust_001612,delivered,19/06/2018 13:52,21/06/2018 08:52,24/06/2018 08:52,30/06/2018 08:52,29/06/2018 13:52
ord_000952,cust_001971,delivered,11/01/2018 12:40,13/01/2018 01:40,19/01/2018 01:40,23/01/2018 01:40,28/01/2018 12:40
ord_000953,cust_000255,delivered,19/01/2017 13:59,19/01/2017 23:59,24/01/2017 23:59,07/02/2017 23:59,05/02/2017 13:59
ord_000954,cust_002262,delivered,26/07/2017 21:47,27/07/2017 11:47,28/07/2017 11:47,02/08/2017 11:47,10/08/2017 21:47
ord_000955,cust_002745,delivered,30/06/2017 19:38,01/07/2017 01:38,02/07/2017 01:38,09/07/2017 01:38,17/07/2017 19:38
ord_000956,cust_001061,delivered,28/05/2017 16:33,28/05/2017 20:33,29/05/2017 20:33,31/05/2017 20:33,16/06/2017 16:33
ord_000957,cust_001245,delivered,07/07/2018 08:56,08/07/2018 19:56,14/07/2018 19:56,24/07/2018 19:56,31/07/2018 08:56
ord_000958,cust_001552,delivered,19/06/2017 22:31,21/06/2017 07:31,27/06/2017 07:31,01/07/2017 07:31,04/07/2017 22:31
ord_000959,cust_000435,delivered,24/04/2017 21:24,25/04/2017 06:24,27/04/2017 06:24,02/05/2017 06:24,14/05/2017 21:24
ord_000960,cust_000271,delivered,06/01/2018 09:50,07/01/2018 18:50,13/01/2018 18:50,26/01/2018 18:50,22/01/2018 09:50
ord_000961,cust_000253,delivered,03/10/2017 15:56,04/10/2017 12:56,08/10/2017 12:56,21/10/2017 12:56,26/10/2017 15:56
ord_000962,cust_000476,delivered,28/06/2017 11:28,30/06/2017 05:28,02/07/2017 05:28,05/07/2017 05:28,16/07/2017 11:28
ord_000963,cust_002354,canceled,29/06/2017 18:08,01/07/2017 04:08,,,20/07/2017 18:08
ord_000964,cust_001888,delivered,10/10/2017 22:36,11/10/2017 10:36,12/10/2017 10:36,23/10/2017 10:36,24/10/2017 22:36
ord_000965,cust_001838,delivered,24/04/2018 10:44,25/04/2018 09:44,26/04/2018 09:44,10/05/2018 09:44,13/05/2018 10:44
ord_000966,cust_000225,delivered,06/09/2018 21:22,07/09/2018 08:22,09/09/2018 08:22,14/09/2018 08:22,19/09/2018 21:22
ord_000967,cust_000755,delivered,29/10/2018 17:44,31/10/2018 12:44,04/11/2018 12:44,10/11/2018 12:44,16/11/2018 17:44
ord_000968,cust_002807,delivered,03/09/2018 10:31,04/09/2018 10:31,10/09/2018 10:31,15/09/2018 10:31,15/09/2018 10:31
ord_000969,cust_001599,delivered,22/06/2018 16:18,24/06/2018 10:18,28/06/2018 10:18,06/07/2018 10:18,10/07/2018 16:18
ord_000970,cust_000241,delivered,22/11/2018 12:37,23/11/2018 12:37,26/11/2018 12:37,05/12/2018 12:37,04/12/2018 12:37
ord_000971,cust_002839,delivered,13/04/2018 19:23,14/04/2018 19:23,18/04/2018 19:23,22/04/2018 19:23,30/04/2018 19:23
ord_000972,cust_001697,delivered,25/06/2018 10:47,25/06/2018 18:47,26/06/2018 18:47,28/06/2018 18:47,12/07/2018 10:47
ord_000973,cust_001479,delivered,27/01/2018 10:00,29/01/2018 08:00,02/02/2018 08:00,05/02/2018 08:00,18/02/2018 10:00
ord_000974,cust_001789,delivered,27/11/2017 12:49,28/11/2017 20:49,03/12/2017 20:49,07/12/2017 20:49,08/12/2017 12:49
ord_000975,cust_001171,delivered,28/11/2017 19:18,29/11/2017 09:18,02/12/2017 09:18,11/12/2017 09:18,11/12/2017 19:18
ord_000976,cust_002054,delivered,01/07/2017 15:57,03/07/2017 07:57,07/07/2017 07:57,11/07/2017 07:57,21/07/2017 15:57
ord_000977,cust_000923,delivered,28/09/2018 18:45,29/09/2018 05:45,01/10/2018 05:45,13/10/2018 05:45,21/10/2018 18:45
ord_000978,cust_001063,delivered,18/03/2017 09:14,18/03/2017 13:14,24/03/2017 13:14,03/04/2017 13:14,09/04/2017 09:14
ord_000979,cust_000546,delivered,20/07/2018 09:58,21/07/2018 17:58,23/07/2018 17:58,27/07/2018 17:58,07/08/2018 09:58
ord_000980,cust_000587,delivered,04/11/2018 13:29,06/11/2018 00:29,07/11/2018 00:29,21/11/2018 00:29,18/11/2018 13:29
ord_000981,cust_002731,delivered,29/03/2018 16:31,30/03/2018 19:31,05/04/2018 19:31,16/04/2018 19:31,14/04/2018 16:31
ord_000982,cust_000604,delivered,05/04/2017 08:54,06/04/2017 18:54,10/04/2017 18:54,23/04/2017 18:54,27/04/2017 08:54
ord_000983,cust_000515,delivered,08/02/2018 13:55,09/02/2018 01:55,12/02/2018 01:55,22/02/2018 01:55,21/02/2018 13:55
ord_000984,cust_001427,delivered,06/12/2017 19:41,07/12/2017 08:41,12/12/2017 08:41,22/12/2017 08:41,30/12/2017 19:41
ord_000985,cust_000163,shipped,24/12/2018 18:58,25/12/2018 11:58,27/12/2018 11:58,,07/01/2019 18:58
ord_000986,cust_001230,shipped,30/07/2018 12:19,30/07/2018 21:19,01/08/2018 21:19,,16/08/2018 12:19
ord_000987,cust_000428,delivered,16/08/2018 18:13,17/08/2018 05:13,18/08/2018 05:13,29/08/2018 05:13,03/09/2018 18:13
ord_000988,cust_000773,delivered,10/04/2018 20:01,10/04/2018 22:01,14/04/2018 22:01,28/04/2018 22:01,24/04/2018 20:01
ord_000989,cust_000547,delivered,09/08/2018 21:20,10/08/2018 08:20,15/08/2018 08:20,24/08/2018 08:20,21/08/2018 21:20
ord_000990,cust_002598,delivered,17/08/2018 08:36,18/08/2018 10:36,24/08/2018 10:36,04/09/2018 10:36,31/08/2018 08:36
ord_000991,cust_001274,delivered,01/04/2017 12:18,02/04/2017 05:18,06/04/2017 05:18,20/04/2017 05:18,11/04/2017 12:18
ord_000992,cust_000005,delivered,10/09/2017 15:34,11/09/2017 11:34,12/09/2017 11:34,21/09/2017 11:34,29/09/2017 15:34
ord_000993,cust_002728,canceled,20/01/2017 10:02,22/01/2017 06:02,,,02/02/2017 10:02
ord_000994,cust_002994,delivered,06/04/2018 14:21,06/04/2018 14:21,08/04/2018 14:21,12/04/2018 14:21,22/04/2018 14:21
ord_000995,cust_000404,delivered,10/11/2018 16:44,12/11/2018 08:44,18/11/2018 08:44,01/12/2018 08:44,24/11/2018 16:44
ord_000996,cust_000299,delivered,10/06/2018 17:06,10/06/2018 18:06,14/06/2018 18:06,28/06/2018 18:06,23/06/2018 17:06
ord_000997,cust_000438,delivered,31/03/2018 22:42,01/04/2018 22:42,07/04/2018 22:42,13/04/2018 22:42,24/04/2018 22:42
ord_000998,cust_000811,delivered,26/11/2018 08:45,26/11/2018 14:45,02/12/2018 14:45,15/12/2018 14:45,11/12/2018 08:45
ord_000999,cust_001312,delivered,25/07/2017 21:34,26/07/2017 19:34,01/08/2017 19:34,13/08/2017 19:34,12/08/2017 21:34
ord_001000,cust_002380,canceled,11/04/2017 20:53,13/04/2017 14:53,,,26/04/2017 20:53
ord_001001,cust_002711,delivered,25/11/2018 22:57,25/11/2018 23:57,29/11/2018 23:57,13/12/2018 23:57,11/12/2018 22:57
ord_001002,cust_002574,delivered,21/11/2018 10:02,22/11/2018 10:02,23/11/2018 10:02,02/12/2018 10:02,04/12/2018 10:02
ord_001003,cust_002781,delivered,25/07/2018 17:40,26/07/2018 15:40,29/07/2018 15:40,02/08/2018 15:40,18/08/2018 17:40
ord_001004,cust_000163,delivered,01/10/2017 16:14,02/10/2017 13:14,04/10/2017 13:14,07/10/2017 13:14,20/10/2017 16:14
ord_001005,cust_002852,delivered,16/12/2018 22:24,18/12/2018 03:24,19/12/2018 03:24,27/12/2018 03:24,31/12/2018 22:24
ord_001006,cust_001963,delivered,11/09/2018 19:37,12/09/2018 10:37,13/09/2018 10:37,21/09/2018 10:37,29/09/2018 19:37
ord_001007,cust_000380,delivered,19/07/2018 21:42,21/07/2018 10:42,24/07/2018 10:42,06/08/2018 10:42,12/08/2018 21:42
ord_001008,cust_002980,shipped,10/09/2017 17:50,11/09/2017 04:50,12/09/2017 04:50,,29/09/2017 17:50
ord_001009,cust_002116,delivered,09/04/2018 08:42,10/04/2018 01:42,14/04/2018 01:42,21/04/2018 01:42,03/05/2018 08:42
ord_001010,cust_002257,delivered,12/10/2018 16:46,13/10/2018 14:46,15/10/2018 14:46,21/10/2018 14:46,31/10/2018 16:46
ord_001011,cust_001942,delivered,02/11/2018 11:35,04/11/2018 07:35,06/11/2018 07:35,14/11/2018 07:35,22/11/2018 11:35
ord_001012,cust_002350,delivered,10/05/2018 12:07,11/05/2018 13:07,12/05/2018 13:07,17/05/2018 13:07,25/05/2018 12:07
ord_001013,cust_000091,delivered,15/04/2018 16:01,17/04/2018 08:01,20/04/2018 08:01,01/05/2018 08:01,02/05/2018 16:01
ord_001014,cust_001669,delivered,02/08/2018 09:31,02/08/2018 15:31,04/08/2018 15:31,07/08/2018 15:31,21/08/2018 09:31
ord_001015,cust_002016,delivered,19/04/2018 21:42,20/04/2018 00:42,24/04/2018 00:42,06/05/2018 00:42,11/05/2018 21:42
ord_001016,cust_002587,delivered,01/02/2018 08:06,02/02/2018 08:06,08/02/2018 08:06,12/02/2018 08:06,22/02/2018 08:06
ord_001017,cust_002090,delivered,23/04/2017 14:25,25/04/2017 09:25,30/04/2017 09:25,04/05/2017 09:25,07/05/2017 14:25
ord_001018,cust_000744,delivered,08/06/2017 08:15,08/06/2017 19:15,09/06/2017 19:15,23/06/2017 19:15,24/06/2017 08:15
ord_001019,cust_001969,delivered,08/09/2018 09:34,08/09/2018 19:34,09/09/2018 19:34,16/09/2018 19:34,23/09/2018 09:34
ord_001020,cust_000740,delivered,05/02/2017 17:23,06/02/2017 00:23,12/02/2017 00:23,22/02/2017 00:23,01/03/2017 17:23
ord_001021,cust_000647,delivered,14/03/2017 16:12,16/03/2017 12:12,22/03/2017 12:12,29/03/2017 12:12,27/03/2017 16:12
ord_001022,cust_001853,delivered,22/11/2018 20:00,23/11/2018 00:00,26/11/2018 00:00,10/12/2018 00:00,10/12/2018 20:00
ord_001023,cust_000997,delivered,06/08/2018 15:19,07/08/2018 21:19,10/08/2018 21:19,13/08/2018 21:19,19/08/2018 15:19
ord_001024,cust_000996,delivered,07/01/2017 14:30,08/01/2017 08:30,11/01/2017 08:30,19/01/2017 08:30,18/01/2017 14:30
ord_001025,cust_001661,processing,22/11/2017 17:55,23/11/2017 12:55,,,04/12/2017 17:55
ord_001026,cust_000582,delivered,10/09/2018 16:13,12/09/2018 02:13,14/09/2018 02:13,23/09/2018 02:13,20/09/2018 16:13
ord_001027,cust_000415,delivered,01/02/2018 15:30,02/02/2018 11:30,08/02/2018 11:30,19/02/2018 11:30,23/02/2018 15:30
ord_001028,cust_001309,delivered,09/03/2018 20:33,09/03/2018 21:33,12/03/2018 21:33,20/03/2018 21:33,31/03/2018 20:33
ord_001029,cust_000476,delivered,02/03/2018 21:38,04/03/2018 00:38,06/03/2018 00:38,19/03/2018 00:38,12/03/2018 21:38
ord_001030,cust_002207,delivered,22/08/2017 16:19,22/08/2017 17:19,24/08/2017 17:19,04/09/2017 17:19,05/09/2017 16:19
ord_001031,cust_002096,delivered,16/08/2018 11:05,18/08/2018 03:05,24/08/2018 03:05,07/09/2018 03:05,01/09/2018 11:05
ord_001032,cust_002831,canceled,13/05/2017 16:55,15/05/2017 13:55,,,25/05/2017 16:55
ord_001033,cust_000497,delivered,05/04/2018 08:57,07/04/2018 00:57,12/04/2018 00:57,26/04/2018 00:57,20/04/2018 08:57
ord_001034,cust_002243,delivered,22/07/2017 20:26,23/07/2017 15:26,28/07/2017 15:26,04/08/2017 15:26,14/08/2017 20:26
ord_001035,cust_000050,delivered,07/03/2017 12:34,08/03/2017 07:34,14/03/2017 07:34,28/03/2017 07:34,22/03/2017 12:34
ord_001036,cust_001855,delivered,26/06/2017 20:01,28/06/2017 00:01,29/06/2017 00:01,09/07/2017 00:01,13/07/2017 20:01
ord_001037,cust_000555,delivered,07/11/2018 14:02,09/11/2018 06:02,12/11/2018 06:02,15/11/2018 06:02,29/11/2018 14:02
ord_001038,cust_002166,delivered,28/07/2017 17:04,30/07/2017 05:04,05/08/2017 05:04,08/08/2017 05:04,07/08/2017 17:04
ord_001039,cust_000226,delivered,28/10/2017 12:44,29/10/2017 10:44,30/10/2017 10:44,06/11/2017 10:44,19/11/2017 12:44
ord_001040,cust_000125,delivered,20/06/2017 19:13,22/06/2017 09:13,23/06/2017 09:13,02/07/2017 09:13,06/07/2017 19:13
ord_001041,cust_000846,delivered,24/08/2018 15:11,25/08/2018 11:11,26/08/2018 11:11,29/08/2018 11:11,12/09/2018 15:11
ord_001042,cust_001050,delivered,21/02/2018 16:00,23/02/2018 04:00,24/02/2018 04:00,05/03/2018 04:00,17/03/2018 16:00
ord_001043,cust_002280,delivered,03/12/2018 20:01,04/12/2018 07:01,09/12/2018 07:01,19/12/2018 07:01,23/12/2018 20:01
ord_001044,cust_000575,delivered,14/07/2018 17:24,15/07/2018 14:24,18/07/2018 14:24,29/07/2018 14:24,28/07/2018 17:24
ord_001045,cust_002358,delivered,21/04/2018 11:32,23/04/2018 02:32,24/04/2018 02:32,08/05/2018 02:32,13/05/2018 11:32
ord_001046,cust_001484,delivered,09/07/2018 10:34,09/07/2018 21:34,14/07/2018 21:34,20/07/2018 21:34,22/07/2018 10:34
ord_001047,cust_000214,delivered,27/02/2017 17:27,28/02/2017 22:27,02/03/2017 22:27,04/03/2017 22:27,14/03/2017 17:27
ord_001048,cust_002860,delivered,06/12/2018 13:27,07/12/2018 02:27,08/12/2018 02:27,22/12/2018 02:27,25/12/2018 13:27
ord_001049,cust_001710,delivered,09/12/2018 22:45,10/12/2018 18:45,16/12/2018 18:45,24/12/2018 18:45,25/12/2018 22:45
ord_001050,cust_002552,delivered,26/10/2017 08:17,26/10/2017 23:17,30/10/2017 23:17,09/11/2017 23:17,17/11/2017 08:17
ord_001051,cust_000264,delivered,22/06/2018 08:14,23/06/2018 15:14,26/06/2018 15:14,04/07/2018 15:14,05/07/2018 08:14
ord_001052,cust_001354,delivered,22/08/2017 19:51,24/08/2017 07:51,30/08/2017 07:51,07/09/2017 07:51,10/09/2017 19:51
ord_001053,cust_000561,delivered,01/05/2018 14:41,03/05/2018 07:41,05/05/2018 07:41,09/05/2018 07:41,14/05/2018 14:41
ord_001054,cust_001545,delivered,14/09/2018 13:28,15/09/2018 06:28,19/09/2018 06:28,28/09/2018 06:28,02/10/2018 13:28
ord_001055,cust_002352,delivered,30/11/2018 20:16,01/12/2018 05:16,06/12/2018 05:16,18/12/2018 05:16,24/12/2018 20:16
ord_001056,cust_002547,delivered,03/12/2017 12:08,05/12/2017 08:08,06/12/2017 08:08,09/12/2017 08:08,27/12/2017 12:08
ord_001057,cust_002916,delivered,31/07/2018 11:02,01/08/2018 05:02,03/08/2018 05:02,10/08/2018 05:02,21/08/2018 11:02
ord_001058,cust_000787,delivered,14/08/2018 20:51,16/08/2018 03:51,17/08/2018 03:51,31/08/2018 03:51,02/09/2018 20:51
ord_001059,cust_000814,delivered,08/09/2017 14:35,09/09/2017 08:35,13/09/2017 08:35,20/09/2017 08:35,24/09/2017 14:35
ord_001060,cust_002300,delivered,22/06/2018 11:02,24/06/2018 03:02,29/06/2018 03:02,03/07/2018 03:02,06/07/2018 11:02
ord_001061,cust_002330,delivered,08/07/2018 15:09,08/07/2018 18:09,09/07/2018 18:09,23/07/2018 18:09,18/07/2018 15:09
ord_001062,cust_000989,delivered,10/09/2018 20:16,10/09/2018 21:16,11/09/2018 21:16,14/09/2018 21:16,27/09/2018 20:16
ord_001063,cust_001026,delivered,31/12/2018 19:15,01/01/2019 11:15,04/01/2019 11:15,09/01/2019 11:15,21/01/2019 19:15
ord_001064,cust_000585,delivered,27/02/2017 09:32,28/02/2017 04:32,03/03/2017 04:32,11/03/2017 04:32,21/03/2017 09:32
ord_001065,cust_002353,delivered,22/08/2017 10:23,23/08/2017 22:23,24/08/2017 22:23,31/08/2017 22:23,15/09/2017 10:23
ord_001066,cust_000333,delivered,27/06/2017 12:52,28/06/2017 10:52,03/07/2017 10:52,10/07/2017 10:52,09/07/2017 12:52
ord_001067,cust_001710,delivered,07/07/2017 15:43,08/07/2017 03:43,13/07/2017 03:43,25/07/2017 03:43,30/07/2017 15:43
ord_001068,cust_001157,delivered,27/02/2018 16:54,27/02/2018 19:54,02/03/2018 19:54,11/03/2018 19:54,13/03/2018 16:54
ord_001069,cust_001638,delivered,12/11/2018 14:51,14/11/2018 04:51,17/11/2018 04:51,25/11/2018 04:51,02/12/2018 14:51
ord_001070,cust_002770,delivered,23/02/2018 21:55,24/02/2018 21:55,25/02/2018 21:55,08/03/2018 21:55,16/03/2018 21:55
ord_001071,cust_002426,delivered,16/07/2018 18:58,18/07/2018 15:58,20/07/2018 15:58,29/07/2018 15:58,04/08/2018 18:58
ord_001072,cust_002713,delivered,01/01/2018 19:18,02/01/2018 10:18,06/01/2018 10:18,16/01/2018 10:18,17/01/2018 19:18
ord_001073,cust_002088,delivered,24/11/2017 10:12,24/11/2017 20:12,30/11/2017 20:12,08/12/2017 20:12,05/12/2017 10:12
ord_001074,cust_001285,delivered,19/10/2018 16:09,20/10/2018 05:09,22/10/2018 05:09,31/10/2018 05:09,05/11/2018 16:09
ord_001075,cust_002912,delivered,08/07/2018 11:37,09/07/2018 06:37,14/07/2018 06:37,19/07/2018 06:37,19/07/2018 11:37
ord_001076,cust_001682,delivered,12/12/2017 12:40,12/12/2017 18:40,16/12/2017 18:40,23/12/2017 18:40,31/12/2017 12:40
ord_001077,cust_001088,delivered,24/11/2018 22:05,25/11/2018 04:05,29/11/2018 04:05,03/12/2018 04:05,07/12/2018 22:05
ord_001078,cust_002568,delivered,30/03/2018 17:49,01/04/2018 07:49,03/04/2018 07:49,06/04/2018 07:49,11/04/2018 17:49
ord_001079,cust_002865,delivered,09/08/2017 10:46,10/08/2017 19:46,16/08/2017 19:46,29/08/2017 19:46,27/08/2017 10:46
ord_001080,cust_001433,delivered,19/03/2018 15:37,20/03/2018 15:37,21/03/2018 15:37,02/04/2018 15:37,01/04/2018 15:37
ord_001081,cust_002482,delivered,20/07/2018 08:26,21/07/2018 07:26,23/07/2018 07:26,28/07/2018 07:26,12/08/2018 08:26
ord_001082,cust_001477,delivered,25/12/2017 13:09,26/12/2017 12:09,28/12/2017 12:09,04/01/2018 12:09,05/01/2018 13:09
ord_001083,cust_001480,delivered,24/10/2018 19:30,25/10/2018 23:30,29/10/2018 23:30,12/11/2018 23:30,16/11/2018 19:30
ord_001084,cust_001586,delivered,22/04/2018 21:09,23/04/2018 10:09,26/04/2018 10:09,04/05/2018 10:09,13/05/2018 21:09
ord_001085,cust_001502,delivered,08/03/2018 18:36,10/03/2018 07:36,16/03/2018 07:36,18/03/2018 07:36,22/03/2018 18:36
ord_001086,cust_002678,delivered,01/11/2018 17:18,01/11/2018 17:18,03/11/2018 17:18,12/11/2018 17:18,19/11/2018 17:18
ord_001087,cust_002705,invoiced,05/03/2018 18:14,07/03/2018 07:14,,,20/03/2018 18:14
ord_001088,cust_002378,delivered,29/01/2018 19:26,31/01/2018 09:26,03/02/2018 09:26,07/02/2018 09:26,11/02/2018 19:26
ord_001089,cust_001762,delivered,14/05/2017 15:34,15/05/2017 15:34,17/05/2017 15:34,31/05/2017 15:34,28/05/2017 15:34
ord_001090,cust_000338,delivered,21/12/2017 09:22,21/12/2017 23:22,22/12/2017 23:22,02/01/2018 23:22,05/01/2018 09:22
ord_001091,cust_001013,delivered,17/01/2018 11:57,19/01/2018 05:57,24/01/2018 05:57,26/01/2018 05:57,03/02/2018 11:57
ord_001092,cust_000424,delivered,02/08/2017 14:00,04/08/2017 05:00,06/08/2017 05:00,20/08/2017 05:00,20/08/2017 14:00
ord_001093,cust_000124,delivered,27/05/2018 08:54,29/05/2018 04:54,30/05/2018 04:54,09/06/2018 04:54,18/06/2018 08:54
ord_001094,cust_001897,delivered,26/06/2017 10:00,26/06/2017 10:00,30/06/2017 10:00,04/07/2017 10:00,14/07/2017 10:00
ord_001095,cust_000898,delivered,11/09/2017 11:13,12/09/2017 17:13,13/09/2017 17:13,25/09/2017 17:13,02/10/2017 11:13
ord_001096,cust_000235,delivered,10/05/2018 09:59,10/05/2018 09:59,14/05/2018 09:59,26/05/2018 09:59,02/06/2018 09:59
ord_001097,cust_000652,canceled,20/10/2017 08:43,20/10/2017 09:43,,,12/11/2017 08:43
ord_001098,cust_000198,delivered,29/06/2018 20:38,29/06/2018 22:38,01/07/2018 22:38,15/07/2018 22:38,15/07/2018 20:38
ord_001099,cust_000387,delivered,29/07/2018 09:43,30/07/2018 22:43,31/07/2018 22:43,13/08/2018 22:43,15/08/2018 09:43
ord_001100,cust_001491,shipped,16/11/2017 12:24,17/11/2017 22:24,18/11/2017 22:24,,08/12/2017 12:24
ord_001101,cust_002017,delivered,26/04/2017 11:47,28/04/2017 05:47,29/04/2017 05:47,02/05/2017 05:47,15/05/2017 11:47
ord_001102,cust_002364,delivered,23/03/2018 16:09,24/03/2018 22:09,27/03/2018 22:09,08/04/2018 22:09,03/04/2018 16:09
ord_001103,cust_001187,delivered,02/05/2017 14:47,03/05/2017 16:47,06/05/2017 16:47,20/05/2017 16:47,26/05/2017 14:47
ord_001104,cust_002221,delivered,10/04/2018 22:56,11/04/2018 06:56,16/04/2018 06:56,21/04/2018 06:56,01/05/2018 22:56
ord_001105,cust_000283,delivered,19/08/2018 10:51,20/08/2018 19:51,23/08/2018 19:51,01/09/2018 19:51,08/09/2018 10:51
ord_001106,cust_000385,delivered,17/06/2018 16:44,19/06/2018 11:44,23/06/2018 11:44,01/07/2018 11:44,11/07/2018 16:44
ord_001107,cust_000980,delivered,23/02/2018 13:39,24/02/2018 06:39,27/02/2018 06:39,05/03/2018 06:39,07/03/2018 13:39
ord_001108,cust_001911,delivered,04/12/2018 11:31,05/12/2018 20:31,08/12/2018 20:31,16/12/2018 20:31,27/12/2018 11:31
ord_001109,cust_000421,delivered,12/05/2017 11:23,13/05/2017 11:23,18/05/2017 11:23,26/05/2017 11:23,26/05/2017 11:23
ord_001110,cust_000004,delivered,13/11/2018 14:51,14/11/2018 15:51,18/11/2018 15:51,02/12/2018 15:51,05/12/2018 14:51
ord_001111,cust_001795,delivered,30/09/2018 17:38,02/10/2018 07:38,06/10/2018 07:38,12/10/2018 07:38,11/10/2018 17:38
ord_001112,cust_001223,delivered,02/02/2018 12:26,03/02/2018 01:26,06/02/2018 01:26,09/02/2018 01:26,20/02/2018 12:26
ord_001113,cust_001280,delivered,05/07/2017 15:47,07/07/2017 09:47,12/07/2017 09:47,19/07/2017 09:47,16/07/2017 15:47
ord_001114,cust_001261,delivered,08/07/2017 10:03,10/07/2017 09:03,12/07/2017 09:03,15/07/2017 09:03,01/08/2017 10:03
ord_001115,cust_002802,delivered,26/11/2018 15:48,26/11/2018 20:48,27/11/2018 20:48,01/12/2018 20:48,13/12/2018 15:48
ord_001116,cust_000345,delivered,20/09/2017 19:48,21/09/2017 19:48,24/09/2017 19:48,04/10/2017 19:48,12/10/2017 19:48
ord_001117,cust_001826,delivered,09/11/2018 13:13,09/11/2018 13:13,11/11/2018 13:13,23/11/2018 13:13,30/11/2018 13:13
ord_001118,cust_002298,delivered,02/04/2018 17:02,03/04/2018 09:02,09/04/2018 09:02,12/04/2018 09:02,19/04/2018 17:02
ord_001119,cust_002295,delivered,04/03/2018 21:42,05/03/2018 14:42,11/03/2018 14:42,18/03/2018 14:42,16/03/2018 21:42
ord_001120,cust_000255,delivered,16/06/2018 15:11,17/06/2018 22:11,19/06/2018 22:11,23/06/2018 22:11,03/07/2018 15:11
ord_001121,cust_001005,delivered,03/09/2017 11:59,04/09/2017 05:59,07/09/2017 05:59,15/09/2017 05:59,17/09/2017 11:59
ord_001122,cust_002881,delivered,08/02/2018 08:00,09/02/2018 01:00,12/02/2018 01:00,21/02/2018 01:00,21/02/2018 08:00
ord_001123,cust_002263,delivered,30/11/2018 13:13,02/12/2018 02:13,04/12/2018 02:13,17/12/2018 02:13,15/12/2018 13:13
ord_001124,cust_002768,delivered,24/09/2017 18:02,26/09/2017 06:02,27/09/2017 06:02,10/10/2017 06:02,07/10/2017 18:02
ord_001125,cust_002204,delivered,26/11/2018 19:46,26/11/2018 19:46,02/12/2018 19:46,15/12/2018 19:46,18/12/2018 19:46
ord_001126,cust_000207,delivered,28/12/2018 11:34,29/12/2018 03:34,02/01/2019 03:34,09/01/2019 03:34,20/01/2019 11:34
ord_001127,cust_002972,delivered,14/03/2017 18:50,16/03/2017 06:50,19/03/2017 06:50,31/03/2017 06:50,26/03/2017 18:50
ord_001128,cust_002505,delivered,21/04/2018 18:57,21/04/2018 22:57,23/04/2018 22:57,28/04/2018 22:57,04/05/2018 18:57
ord_001129,cust_001983,delivered,24/07/2017 09:36,25/07/2017 10:36,28/07/2017 10:36,30/07/2017 10:36,03/08/2017 09:36
ord_001130,cust_000002,delivered,18/06/2018 19:13,19/06/2018 18:13,21/06/2018 18:13,05/07/2018 18:13,04/07/2018 19:13
ord_001131,cust_002748,delivered,26/12/2018 11:05,27/12/2018 20:05,29/12/2018 20:05,11/01/2019 20:05,14/01/2019 11:05
ord_001132,cust_002672,delivered,20/11/2018 22:51,22/11/2018 06:51,28/11/2018 06:51,02/12/2018 06:51,03/12/2018 22:51
ord_001133,cust_002600,delivered,26/11/2018 09:14,27/11/2018 09:14,01/12/2018 09:14,05/12/2018 09:14,13/12/2018 09:14
ord_001134,cust_000895,delivered,01/09/2017 14:53,02/09/2017 09:53,04/09/2017 09:53,17/09/2017 09:53,16/09/2017 14:53
ord_001135,cust_002756,delivered,28/04/2018 20:52,30/04/2018 09:52,02/05/2018 09:52,09/05/2018 09:52,08/05/2018 20:52
ord_001136,cust_000024,delivered,21/09/2017 20:37,22/09/2017 14:37,27/09/2017 14:37,09/10/2017 14:37,04/10/2017 20:37
ord_001137,cust_001719,delivered,21/11/2018 12:36,22/11/2018 08:36,26/11/2018 08:36,09/12/2018 08:36,12/12/2018 12:36
ord_001138,cust_002306,delivered,12/08/2017 15:57,13/08/2017 11:57,19/08/2017 11:57,28/08/2017 11:57,04/09/2017 15:57
ord_001139,cust_000671,delivered,06/07/2017 14:45,07/07/2017 06:45,12/07/2017 06:45,15/07/2017 06:45,22/07/2017 14:45
ord_001140,cust_002902,delivered,19/01/2017 10:40,20/01/2017 16:40,23/01/2017 16:40,01/02/2017 16:40,06/02/2017 10:40
ord_001141,cust_001755,delivered,03/08/2017 14:26,04/08/2017 20:26,08/08/2017 20:26,11/08/2017 20:26,21/08/2017 14:26
ord_001142,cust_000489,delivered,10/08/2017 19:29,12/08/2017 14:29,15/08/2017 14:29,25/08/2017 14:29,24/08/2017 19:29
ord_001143,cust_002765,delivered,14/04/2017 08:23,15/04/2017 05:23,16/04/2017 05:23,25/04/2017 05:23,04/05/2017 08:23
ord_001144,cust_000379,delivered,06/11/2018 22:56,08/11/2018 10:56,09/11/2018 10:56,16/11/2018 10:56,22/11/2018 22:56
ord_001145,cust_002919,delivered,19/09/2018 17:38,20/09/2018 07:38,21/09/2018 07:38,29/09/2018 07:38,29/09/2018 17:38
ord_001146,cust_002938,canceled,08/10/2017 11:46,10/10/2017 09:46,,,23/10/2017 11:46
ord_001147,cust_002838,delivered,21/09/2018 16:02,23/09/2018 11:02,29/09/2018 11:02,06/10/2018 11:02,03/10/2018 16:02
ord_001148,cust_000966,delivered,04/02/2018 22:51,06/02/2018 02:51,09/02/2018 02:51,22/02/2018 02:51,21/02/2018 22:51
ord_001149,cust_001323,delivered,16/09/2018 09:25,17/09/2018 19:25,23/09/2018 19:25,05/10/2018 19:25,02/10/2018 09:25
ord_001150,cust_002273,shipped,25/11/2017 19:44,26/11/2017 22:44,01/12/2017 22:44,,12/12/2017 19:44
ord_001151,cust_002412,delivered,13/05/2018 10:02,13/05/2018 19:02,14/05/2018 19:02,27/05/2018 19:02,25/05/2018 10:02
ord_001152,cust_000626,delivered,05/01/2018 22:53,07/01/2018 19:53,09/01/2018 19:53,19/01/2018 19:53,29/01/2018 22:53
ord_001153,cust_001465,delivered,09/08/2017 19:39,11/08/2017 06:39,14/08/2017 06:39,28/08/2017 06:39,20/08/2017 19:39
ord_001154,cust_001153,canceled,26/05/2018 18:27,27/05/2018 14:27,,,09/06/2018 18:27
ord_001155,cust_002075,delivered,02/09/2018 18:18,03/09/2018 06:18,07/09/2018 06:18,10/09/2018 06:18,16/09/2018 18:18
ord_001156,cust_002318,shipped,04/09/2018 09:18,05/09/2018 17:18,08/09/2018 17:18,,20/09/2018 09:18
ord_001157,cust_001294,delivered,16/12/2017 12:18,17/12/2017 08:18,23/12/2017 08:18,02/01/2018 08:18,01/01/2018 12:18
ord_001158,cust_002675,delivered,12/04/2018 15:07,14/04/2018 06:07,16/04/2018 06:07,24/04/2018 06:07,06/05/2018 15:07
ord_001159,cust_000907,shipped,10/09/2018 14:27,11/09/2018 00:27,17/09/2018 00:27,,02/10/2018 14:27
ord_001160,cust_002269,delivered,17/03/2017 10:27,18/03/2017 10:27,23/03/2017 10:27,31/03/2017 10:27,27/03/2017 10:27
ord_001161,cust_001325,delivered,07/04/2017 18:24,07/04/2017 23:24,12/04/2017 23:24,17/04/2017 23:24,25/04/2017 18:24
ord_001162,cust_000317,delivered,01/01/2018 08:42,02/01/2018 18:42,03/01/2018 18:42,16/01/2018 18:42,18/01/2018 08:42
ord_001163,cust_000920,delivered,11/09/2017 16:25,12/09/2017 11:25,13/09/2017 11:25,21/09/2017 11:25,04/10/2017 16:25
ord_001164,cust_002513,delivered,31/12/2017 08:05,31/12/2017 17:05,06/01/2018 17:05,20/01/2018 17:05,15/01/2018 08:05
ord_001165,cust_001269,delivered,03/05/2017 09:51,04/05/2017 11:51,09/05/2017 11:51,11/05/2017 11:51,19/05/2017 09:51
ord_001166,cust_002364,delivered,30/05/2018 12:25,31/05/2018 15:25,02/06/2018 15:25,04/06/2018 15:25,22/06/2018 12:25
ord_001167,cust_002033,delivered,18/07/2018 18:39,19/07/2018 08:39,25/07/2018 08:39,28/07/2018 08:39,04/08/2018 18:39
ord_001168,cust_001239,delivered,26/09/2018 08:55,28/09/2018 05:55,30/09/2018 05:55,14/10/2018 05:55,15/10/2018 08:55
ord_001169,cust_000602,delivered,05/07/2018 11:46,05/07/2018 14:46,08/07/2018 14:46,11/07/2018 14:46,19/07/2018 11:46
ord_001170,cust_002167,delivered,16/01/2018 20:32,17/01/2018 11:32,19/01/2018 11:32,30/01/2018 11:32,06/02/2018 20:32
ord_001171,cust_002030,delivered,28/11/2018 10:32,28/11/2018 21:32,01/12/2018 21:32,12/12/2018 21:32,09/12/2018 10:32
ord_001172,cust_000940,delivered,19/08/2018 11:50,21/08/2018 07:50,26/08/2018 07:50,08/09/2018 07:50,12/09/2018 11:50
ord_001173,cust_000220,delivered,18/04/2018 19:49,19/04/2018 06:49,20/04/2018 06:49,30/04/2018 06:49,30/04/2018 19:49
ord_001174,cust_001168,delivered,26/08/2017 20:10,27/08/2017 06:10,02/09/2017 06:10,04/09/2017 06:10,13/09/2017 20:10
ord_001175,cust_000004,delivered,04/07/2018 08:37,05/07/2018 12:37,07/07/2018 12:37,09/07/2018 12:37,15/07/2018 08:37
ord_001176,cust_002318,delivered,30/05/2018 17:51,31/05/2018 05:51,06/06/2018 05:51,08/06/2018 05:51,10/06/2018 17:51
ord_001177,cust_000699,delivered,25/07/2018 17:48,26/07/2018 06:48,01/08/2018 06:48,10/08/2018 06:48,14/08/2018 17:48
ord_001178,cust_001181,delivered,19/09/2018 13:07,20/09/2018 00:07,24/09/2018 00:07,01/10/2018 00:07,10/10/2018 13:07
ord_001179,cust_000607,delivered,24/11/2018 08:26,25/11/2018 09:26,26/11/2018 09:26,28/11/2018 09:26,09/12/2018 08:26
ord_001180,cust_002743,shipped,05/12/2018 08:31,06/12/2018 19:31,10/12/2018 19:31,,15/12/2018 08:31
ord_001181,cust_002499,delivered,23/06/2018 14:15,24/06/2018 12:15,29/06/2018 12:15,03/07/2018 12:15,03/07/2018 14:15
ord_001182,cust_002804,delivered,14/12/2018 16:40,16/12/2018 10:40,22/12/2018 10:40,30/12/2018 10:40,07/01/2019 16:40
ord_001183,cust_002268,delivered,23/11/2018 08:28,23/11/2018 20:28,24/11/2018 20:28,07/12/2018 20:28,14/12/2018 08:28
ord_001184,cust_000369,delivered,04/01/2017 22:17,06/01/2017 14:17,11/01/2017 14:17,23/01/2017 14:17,19/01/2017 22:17
ord_001185,cust_001999,delivered,27/06/2018 19:20,29/06/2018 06:20,01/07/2018 06:20,08/07/2018 06:20,10/07/2018 19:20
ord_001186,cust_001368,delivered,31/07/2017 12:51,31/07/2017 15:51,05/08/2017 15:51,10/08/2017 15:51,20/08/2017 12:51
ord_001187,cust_002118,delivered,11/11/2017 13:51,12/11/2017 21:51,16/11/2017 21:51,28/11/2017 21:51,04/12/2017 13:51
ord_001188,cust_002076,shipped,13/11/2017 17:48,15/11/2017 16:48,21/11/2017 16:48,,02/12/2017 17:48
ord_001189,cust_001988,delivered,19/03/2018 20:54,21/03/2018 04:54,22/03/2018 04:54,28/03/2018 04:54,10/04/2018 20:54
ord_001190,cust_001881,delivered,17/01/2017 16:57,18/01/2017 04:57,22/01/2017 04:57,30/01/2017 04:57,08/02/2017 16:57
ord_001191,cust_002479,delivered,22/09/2017 08:29,23/09/2017 04:29,28/09/2017 04:29,01/10/2017 04:29,06/10/2017 08:29
ord_001192,cust_002610,delivered,12/02/2017 13:05,14/02/2017 06:05,17/02/2017 06:05,20/02/2017 06:05,04/03/2017 13:05
ord_001193,cust_001601,delivered,05/07/2018 21:48,06/07/2018 12:48,08/07/2018 12:48,21/07/2018 12:48,18/07/2018 21:48
ord_001194,cust_000004,delivered,17/11/2018 19:38,18/11/2018 17:38,20/11/2018 17:38,24/11/2018 17:38,30/11/2018 19:38
ord_001195,cust_000052,delivered,30/12/2018 17:22,31/12/2018 21:22,05/01/2019 21:22,09/01/2019 21:22,23/01/2019 17:22
ord_001196,cust_000103,delivered,23/02/2018 18:58,25/02/2018 09:58,27/02/2018 09:58,05/03/2018 09:58,09/03/2018 18:58
ord_001197,cust_002589,delivered,13/10/2017 11:20,15/10/2017 09:20,21/10/2017 09:20,27/10/2017 09:20,04/11/2017 11:20
ord_001198,cust_001367,shipped,29/10/2018 09:54,30/10/2018 18:54,01/11/2018 18:54,,13/11/2018 09:54
ord_001199,cust_001411,delivered,25/05/2017 15:35,26/05/2017 11:35,29/05/2017 11:35,09/06/2017 11:35,17/06/2017 15:35
ord_001200,cust_000849,delivered,18/12/2018 11:02,19/12/2018 06:02,25/12/2018 06:02,03/01/2019 06:02,01/01/2019 11:02
ord_001201,cust_002785,processing,13/08/2018 20:51,15/08/2018 03:51,,,23/08/2018 20:51
ord_001202,cust_000719,delivered,02/04/2018 13:45,02/04/2018 16:45,05/04/2018 16:45,19/04/2018 16:45,18/04/2018 13:45
ord_001203,cust_002679,delivered,06/05/2017 16:38,07/05/2017 13:38,13/05/2017 13:38,27/05/2017 13:38,24/05/2017 16:38
ord_001204,cust_002010,delivered,27/01/2017 10:36,28/01/2017 03:36,30/01/2017 03:36,04/02/2017 03:36,11/02/2017 10:36
ord_001205,cust_001198,delivered,30/04/2018 10:13,02/05/2018 06:13,04/05/2018 06:13,18/05/2018 06:13,13/05/2018 10:13
ord_001206,cust_001985,delivered,29/01/2018 13:12,31/01/2018 06:12,01/02/2018 06:12,11/02/2018 06:12,20/02/2018 13:12
ord_001207,cust_002799,delivered,23/10/2018 21:01,24/10/2018 09:01,25/10/2018 09:01,28/10/2018 09:01,07/11/2018 21:01
ord_001208,cust_000197,delivered,30/06/2018 21:09,02/07/2018 04:09,04/07/2018 04:09,10/07/2018 04:09,20/07/2018 21:09
ord_001209,cust_000175,delivered,11/02/2018 21:20,12/02/2018 19:20,18/02/2018 19:20,22/02/2018 19:20,22/02/2018 21:20
ord_001210,cust_000514,delivered,13/09/2017 21:32,15/09/2017 12:32,19/09/2017 12:32,01/10/2017 12:32,06/10/2017 21:32
ord_001211,cust_001986,delivered,17/03/2018 15:07,18/03/2018 14:07,20/03/2018 14:07,30/03/2018 14:07,07/04/2018 15:07
ord_001212,cust_001573,delivered,16/07/2017 14:33,17/07/2017 20:33,22/07/2017 20:33,03/08/2017 20:33,28/07/2017 14:33
ord_001213,cust_002044,canceled,15/07/2018 22:15,17/07/2018 08:15,,,01/08/2018 22:15
ord_001214,cust_001212,delivered,08/06/2018 09:15,10/06/2018 00:15,12/06/2018 00:15,20/06/2018 00:15,29/06/2018 09:15
ord_001215,cust_002520,delivered,06/10/2018 11:56,07/10/2018 21:56,09/10/2018 21:56,18/10/2018 21:56,27/10/2018 11:56
ord_001216,cust_001406,delivered,24/02/2018 10:59,25/02/2018 00:59,27/02/2018 00:59,09/03/2018 00:59,12/03/2018 10:59
ord_001217,cust_001414,delivered,28/10/2017 09:48,29/10/2017 20:48,03/11/2017 20:48,09/11/2017 20:48,08/11/2017 09:48
ord_001218,cust_001444,delivered,20/10/2018 14:03,21/10/2018 05:03,26/10/2018 05:03,28/10/2018 05:03,30/10/2018 14:03
ord_001219,cust_000721,delivered,30/07/2018 17:43,01/08/2018 04:43,05/08/2018 04:43,18/08/2018 04:43,23/08/2018 17:43
ord_001220,cust_002926,delivered,08/08/2018 20:10,10/08/2018 17:10,13/08/2018 17:10,20/08/2018 17:10,19/08/2018 20:10
ord_001221,cust_000132,delivered,19/04/2018 17:34,20/04/2018 15:34,24/04/2018 15:34,07/05/2018 15:34,04/05/2018 17:34
ord_001222,cust_000076,delivered,10/11/2018 14:53,12/11/2018 08:53,18/11/2018 08:53,25/11/2018 08:53,02/12/2018 14:53
ord_001223,cust_001401,delivered,14/09/2017 14:22,14/09/2017 21:22,18/09/2017 21:22,23/09/2017 21:22,08/10/2017 14:22
ord_001224,cust_002067,delivered,20/01/2018 15:55,21/01/2018 11:55,25/01/2018 11:55,02/02/2018 11:55,06/02/2018 15:55
ord_001225,cust_001359,delivered,28/09/2018 21:42,30/09/2018 14:42,02/10/2018 14:42,05/10/2018 14:42,18/10/2018 21:42
ord_001226,cust_002373,delivered,15/06/2017 09:18,16/06/2017 20:18,19/06/2017 20:18,28/06/2017 20:18,02/07/2017 09:18
ord_001227,cust_001069,delivered,04/10/2018 08:05,04/10/2018 23:05,05/10/2018 23:05,19/10/2018 23:05,15/10/2018 08:05
ord_001228,cust_000695,delivered,14/12/2017 20:48,15/12/2017 20:48,18/12/2017 20:48,23/12/2017 20:48,31/12/2017 20:48
ord_001229,cust_001909,delivered,07/06/2017 09:27,07/06/2017 14:27,12/06/2017 14:27,15/06/2017 14:27,28/06/2017 09:27
ord_001230,cust_000732,processing,16/04/2017 12:04,18/04/2017 03:04,,,05/05/2017 12:04
ord_001231,cust_001594,delivered,24/10/2018 13:06,24/10/2018 19:06,30/10/2018 19:06,03/11/2018 19:06,11/11/2018 13:06
ord_001232,cust_001910,delivered,18/09/2018 19:58,19/09/2018 22:58,22/09/2018 22:58,29/09/2018 22:58,10/10/2018 19:58
ord_001233,cust_000346,delivered,05/11/2017 14:14,06/11/2017 13:14,11/11/2017 13:14,16/11/2017 13:14,17/11/2017 14:14
ord_001234,cust_000685,delivered,28/05/2017 15:57,29/05/2017 20:57,03/06/2017 20:57,14/06/2017 20:57,15/06/2017 15:57
ord_001235,cust_000144,delivered,02/10/2017 10:40,03/10/2017 06:40,08/10/2017 06:40,14/10/2017 06:40,14/10/2017 10:40
ord_001236,cust_000635,delivered,01/09/2017 09:18,01/09/2017 13:18,06/09/2017 13:18,12/09/2017 13:18,11/09/2017 09:18
ord_001237,cust_002672,delivered,23/08/2018 14:23,24/08/2018 21:23,27/08/2018 21:23,30/08/2018 21:23,16/09/2018 14:23
ord_001238,cust_000037,canceled,04/09/2017 10:46,06/09/2017 04:46,,,25/09/2017 10:46
ord_001239,cust_002226,delivered,04/09/2017 18:26,05/09/2017 23:26,09/09/2017 23:26,15/09/2017 23:26,28/09/2017 18:26
ord_001240,cust_000530,delivered,16/02/2017 14:04,16/02/2017 16:04,19/02/2017 16:04,02/03/2017 16:04,04/03/2017 14:04
ord_001241,cust_001389,delivered,02/06/2018 17:13,02/06/2018 22:13,07/06/2018 22:13,09/06/2018 22:13,20/06/2018 17:13
ord_001242,cust_000023,delivered,28/07/2018 12:51,29/07/2018 01:51,04/08/2018 01:51,14/08/2018 01:51,07/08/2018 12:51
ord_001243,cust_001488,delivered,07/07/2018 17:41,08/07/2018 07:41,09/07/2018 07:41,21/07/2018 07:41,19/07/2018 17:41
ord_001244,cust_002798,delivered,15/05/2018 11:30,15/05/2018 16:30,19/05/2018 16:30,30/05/2018 16:30,26/05/2018 11:30
ord_001245,cust_000343,delivered,14/12/2018 08:14,16/12/2018 03:14,19/12/2018 03:14,24/12/2018 03:14,29/12/2018 08:14
ord_001246,cust_000933,delivered,12/03/2018 20:28,14/03/2018 07:28,15/03/2018 07:28,26/03/2018 07:28,28/03/2018 20:28
ord_001247,cust_000790,delivered,02/11/2018 17:47,04/11/2018 05:47,06/11/2018 05:47,18/11/2018 05:47,15/11/2018 17:47
ord_001248,cust_002109,delivered,03/07/2018 22:04,05/07/2018 20:04,10/07/2018 20:04,18/07/2018 20:04,24/07/2018 22:04
ord_001249,cust_002474,delivered,22/04/2017 16:59,24/04/2017 09:59,27/04/2017 09:59,07/05/2017 09:59,11/05/2017 16:59
ord_001250,cust_000812,delivered,06/10/2018 10:51,06/10/2018 18:51,07/10/2018 18:51,19/10/2018 18:51,22/10/2018 10:51
ord_001251,cust_000379,delivered,25/05/2018 16:19,25/05/2018 17:19,30/05/2018 17:19,07/06/2018 17:19,10/06/2018 16:19
ord_001252,cust_002667,delivered,07/07/2018 19:52,09/07/2018 06:52,11/07/2018 06:52,14/07/2018 06:52,25/07/2018 19:52
ord_001253,cust_000312,delivered,01/08/2017 10:40,03/08/2017 05:40,06/08/2017 05:40,20/08/2017 05:40,16/08/2017 10:40
ord_001254,cust_002574,delivered,15/02/2018 22:39,17/02/2018 07:39,19/02/2018 07:39,25/02/2018 07:39,08/03/2018 22:39
ord_001255,cust_001674,delivered,13/11/2018 16:08,15/11/2018 09:08,20/11/2018 09:08,27/11/2018 09:08,05/12/2018 16:08
ord_001256,cust_002345,delivered,03/09/2017 14:54,04/09/2017 19:54,10/09/2017 19:54,19/09/2017 19:54,15/09/2017 14:54
ord_001257,cust_002520,delivered,01/01/2017 19:27,02/01/2017 16:27,08/01/2017 16:27,12/01/2017 16:27,25/01/2017 19:27
ord_001258,cust_002075,delivered,11/10/2017 12:48,11/10/2017 18:48,12/10/2017 18:48,18/10/2017 18:48,27/10/2017 12:48
ord_001259,cust_001137,delivered,22/03/2018 22:17,24/03/2018 06:17,30/03/2018 06:17,08/04/2018 06:17,03/04/2018 22:17
ord_001260,cust_000971,delivered,12/10/2018 20:18,13/10/2018 10:18,17/10/2018 10:18,28/10/2018 10:18,03/11/2018 20:18
ord_001261,cust_001937,canceled,01/07/2018 20:57,02/07/2018 09:57,,,17/07/2018 20:57
ord_001262,cust_001547,delivered,25/11/2018 17:29,27/11/2018 11:29,28/11/2018 11:29,10/12/2018 11:29,07/12/2018 17:29
ord_001263,cust_002706,delivered,28/02/2018 12:03,01/03/2018 19:03,07/03/2018 19:03,12/03/2018 19:03,18/03/2018 12:03
ord_001264,cust_002291,processing,12/01/2018 08:50,13/01/2018 05:50,,,28/01/2018 08:50
ord_001265,cust_002673,delivered,18/09/2017 17:13,20/09/2017 07:13,23/09/2017 07:13,06/10/2017 07:13,01/10/2017 17:13
ord_001266,cust_001192,delivered,06/09/2017 16:52,08/09/2017 03:52,14/09/2017 03:52,25/09/2017 03:52,26/09/2017 16:52
ord_001267,cust_001403,delivered,25/08/2018 17:54,26/08/2018 16:54,31/08/2018 16:54,13/09/2018 16:54,10/09/2018 17:54
ord_001268,cust_002645,delivered,18/04/2017 09:04,20/04/2017 07:04,24/04/2017 07:04,28/04/2017 07:04,05/05/2017 09:04
ord_001269,cust_000886,delivered,28/09/2017 17:34,28/09/2017 18:34,03/10/2017 18:34,11/10/2017 18:34,08/10/2017 17:34
ord_001270,cust_002476,delivered,16/11/2018 18:58,17/11/2018 17:58,20/11/2018 17:58,23/11/2018 17:58,01/12/2018 18:58
ord_001271,cust_001720,delivered,21/05/2018 09:55,22/05/2018 04:55,28/05/2018 04:55,05/06/2018 04:55,31/05/2018 09:55
ord_001272,cust_001251,delivered,07/03/2017 08:31,07/03/2017 13:31,08/03/2017 13:31,17/03/2017 13:31,21/03/2017 08:31
ord_001273,cust_002772,delivered,06/08/2018 20:40,08/08/2018 06:40,12/08/2018 06:40,21/08/2018 06:40,27/08/2018 20:40
ord_001274,cust_000796,delivered,04/04/2018 11:36,04/04/2018 15:36,05/04/2018 15:36,07/04/2018 15:36,27/04/2018 11:36
ord_001275,cust_002042,delivered,30/10/2018 21:12,01/11/2018 06:12,04/11/2018 06:12,07/11/2018 06:12,14/11/2018 21:12
ord_001276,cust_001067,delivered,25/07/2018 22:39,27/07/2018 10:39,31/07/2018 10:39,14/08/2018 10:39,14/08/2018 22:39
ord_001277,cust_002865,delivered,07/01/2017 09:19,08/01/2017 08:19,14/01/2017 08:19,19/01/2017 08:19,27/01/2017 09:19
ord_001278,cust_001640,delivered,25/08/2017 20:20,26/08/2017 07:20,01/09/2017 07:20,09/09/2017 07:20,15/09/2017 20:20
ord_001279,cust_001737,delivered,11/10/2017 22:25,,18/10/2017 21:25,27/10/2017 21:25,22/10/2017 22:25
ord_001280,cust_000949,delivered,05/08/2018 13:51,06/08/2018 22:51,12/08/2018 22:51,16/08/2018 22:51,19/08/2018 13:51
ord_001281,cust_000063,delivered,06/04/2018 19:14,07/04/2018 00:14,08/04/2018 00:14,14/04/2018 00:14,26/04/2018 19:14
ord_001282,cust_002975,delivered,31/08/2018 19:15,02/09/2018 06:15,06/09/2018 06:15,15/09/2018 06:15,14/09/2018 19:15
ord_001283,cust_001343,delivered,09/04/2018 21:00,10/04/2018 04:00,14/04/2018 04:00,18/04/2018 04:00,28/04/2018 21:00
ord_001284,cust_001982,delivered,27/11/2017 17:09,28/11/2017 22:09,29/11/2017 22:09,11/12/2017 22:09,20/12/2017 17:09
ord_001285,cust_002709,invoiced,14/05/2017 18:58,15/05/2017 06:58,,,05/06/2017 18:58
ord_001286,cust_001061,delivered,23/08/2017 18:26,25/08/2017 00:26,26/08/2017 00:26,09/09/2017 00:26,09/09/2017 18:26
ord_001287,cust_000101,delivered,19/01/2018 20:11,21/01/2018 10:11,25/01/2018 10:11,03/02/2018 10:11,01/02/2018 20:11
ord_001288,cust_002341,delivered,04/05/2018 16:57,06/05/2018 05:57,08/05/2018 05:57,20/05/2018 05:57,18/05/2018 16:57
ord_001289,cust_001853,delivered,30/11/2018 13:01,02/12/2018 01:01,08/12/2018 01:01,14/12/2018 01:01,18/12/2018 13:01
ord_001290,cust_001931,delivered,25/09/2017 14:29,26/09/2017 23:29,28/09/2017 23:29,09/10/2017 23:29,16/10/2017 14:29
ord_001291,cust_001133,delivered,15/07/2018 20:48,17/07/2018 09:48,21/07/2018 09:48,04/08/2018 09:48,07/08/2018 20:48
ord_001292,cust_002725,delivered,05/07/2017 13:46,07/07/2017 08:46,11/07/2017 08:46,23/07/2017 08:46,27/07/2017 13:46
ord_001293,cust_001210,delivered,12/08/2018 10:11,14/08/2018 04:11,20/08/2018 04:11,01/09/2018 04:11,25/08/2018 10:11
ord_001294,cust_000104,delivered,17/01/2017 17:42,19/01/2017 06:42,22/01/2017 06:42,29/01/2017 06:42,28/01/2017 17:42
ord_001295,cust_001702,delivered,09/07/2018 20:37,10/07/2018 17:37,13/07/2018 17:37,22/07/2018 17:37,20/07/2018 20:37
ord_001296,cust_002331,delivered,16/07/2017 09:40,16/07/2017 23:40,21/07/2017 23:40,30/07/2017 23:40,29/07/2017 09:40
ord_001297,cust_001234,delivered,02/08/2017 14:15,03/08/2017 05:15,04/08/2017 05:15,08/08/2017 05:15,17/08/2017 14:15
ord_001298,cust_001365,delivered,09/05/2018 13:48,10/05/2018 18:48,14/05/2018 18:48,19/05/2018 18:48,19/05/2018 13:48
ord_001299,cust_002760,delivered,31/12/2017 10:33,01/01/2018 14:33,04/01/2018 14:33,14/01/2018 14:33,24/01/2018 10:33
ord_001300,cust_001763,delivered,11/03/2018 09:43,12/03/2018 05:43,18/03/2018 05:43,28/03/2018 05:43,26/03/2018 09:43
ord_001301,cust_000911,delivered,21/11/2017 10:56,22/11/2017 05:56,26/11/2017 05:56,06/12/2017 05:56,03/12/2017 10:56
ord_001302,cust_001083,delivered,07/12/2018 21:51,09/12/2018 07:51,14/12/2018 07:51,23/12/2018 07:51,24/12/2018 21:51
ord_001303,cust_002277,delivered,07/11/2017 13:46,08/11/2017 14:46,13/11/2017 14:46,22/11/2017 14:46,18/11/2017 13:46
ord_001304,cust_002240,delivered,28/04/2018 10:17,28/04/2018 10:17,29/04/2018 10:17,07/05/2018 10:17,20/05/2018 10:17
ord_001305,cust_000276,delivered,30/10/2018 09:03,30/10/2018 15:03,03/11/2018 15:03,13/11/2018 15:03,23/11/2018 09:03
ord_001306,cust_002321,delivered,13/07/2018 13:34,14/07/2018 04:34,19/07/2018 04:34,25/07/2018 04:34,05/08/2018 13:34
ord_001307,cust_000998,delivered,25/11/2017 20:02,26/11/2017 15:02,29/11/2017 15:02,03/12/2017 15:02,10/12/2017 20:02
ord_001308,cust_000401,delivered,04/05/2018 14:42,06/05/2018 01:42,08/05/2018 01:42,18/05/2018 01:42,23/05/2018 14:42
ord_001309,cust_000473,delivered,20/04/2017 11:44,21/04/2017 09:44,24/04/2017 09:44,30/04/2017 09:44,02/05/2017 11:44
ord_001310,cust_002647,delivered,30/04/2018 16:33,01/05/2018 12:33,02/05/2018 12:33,13/05/2018 12:33,10/05/2018 16:33
ord_001311,cust_000659,delivered,11/02/2018 09:10,11/02/2018 13:10,17/02/2018 13:10,02/03/2018 13:10,01/03/2018 09:10
ord_001312,cust_001541,delivered,06/09/2018 21:52,06/09/2018 23:52,07/09/2018 23:52,14/09/2018 23:52,27/09/2018 21:52
ord_001313,cust_001693,delivered,26/10/2018 14:35,28/10/2018 13:35,29/10/2018 13:35,01/11/2018 13:35,05/11/2018 14:35
ord_001314,cust_001496,delivered,20/08/2017 16:30,22/08/2017 09:30,23/08/2017 09:30,25/08/2017 09:30,13/09/2017 16:30
ord_001315,cust_001026,delivered,19/04/2017 18:34,19/04/2017 19:34,21/04/2017 19:34,30/04/2017 19:34,05/05/2017 18:34
ord_001316,cust_000075,delivered,12/01/2018 09:04,13/01/2018 06:04,15/01/2018 06:04,28/01/2018 06:04,31/01/2018 09:04
ord_001317,cust_000146,delivered,23/04/2018 20:44,25/04/2018 16:44,29/04/2018 16:44,12/05/2018 16:44,03/05/2018 20:44
ord_001318,cust_001443,delivered,01/01/2018 10:03,02/01/2018 20:03,03/01/2018 20:03,16/01/2018 20:03,24/01/2018 10:03
ord_001319,cust_002590,shipped,22/06/2018 11:34,22/06/2018 14:34,27/06/2018 14:34,,10/07/2018 11:34
ord_001320,cust_002528,delivered,04/04/2018 16:10,05/04/2018 12:10,08/04/2018 12:10,10/04/2018 12:10,21/04/2018 16:10
ord_001321,cust_002026,delivered,29/11/2018 10:12,01/12/2018 03:12,04/12/2018 03:12,18/12/2018 03:12,18/12/2018 10:12
ord_001322,cust_000848,delivered,26/01/2018 14:13,27/01/2018 04:13,31/01/2018 04:13,10/02/2018 04:13,17/02/2018 14:13
ord_001323,cust_002865,delivered,20/04/2017 14:00,21/04/2017 16:00,22/04/2017 16:00,05/05/2017 16:00,30/04/2017 14:00
ord_001324,cust_001148,delivered,17/11/2017 22:53,18/11/2017 13:53,22/11/2017 13:53,06/12/2017 13:53,27/11/2017 22:53
ord_001325,cust_002401,delivered,08/06/2018 13:48,08/06/2018 22:48,12/06/2018 22:48,23/06/2018 22:48,25/06/2018 13:48
ord_001326,cust_000409,delivered,09/10/2017 16:01,11/10/2017 09:01,16/10/2017 09:01,23/10/2017 09:01,30/10/2017 16:01
ord_001327,cust_001678,canceled,20/10/2017 12:03,20/10/2017 23:03,,,13/11/2017 12:03
ord_001328,cust_000656,delivered,03/12/2017 18:46,04/12/2017 21:46,05/12/2017 21:46,15/12/2017 21:46,14/12/2017 18:46
ord_001329,cust_001381,delivered,31/08/2018 17:00,01/09/2018 09:00,02/09/2018 09:00,15/09/2018 09:00,15/09/2018 17:00
ord_001330,cust_002344,delivered,30/11/2018 11:28,01/12/2018 16:28,07/12/2018 16:28,20/12/2018 16:28,21/12/2018 11:28
ord_001331,cust_002839,delivered,12/12/2017 10:06,14/12/2017 00:06,17/12/2017 00:06,21/12/2017 00:06,05/01/2018 10:06
ord_001332,cust_000203,delivered,16/08/2017 12:35,17/08/2017 14:35,19/08/2017 14:35,01/09/2017 14:35,29/08/2017 12:35
ord_001333,cust_001271,delivered,03/02/2018 09:59,03/02/2018 16:59,04/02/2018 16:59,15/02/2018 16:59,27/02/2018 09:59
ord_001334,cust_000216,canceled,13/12/2017 14:10,14/12/2017 03:10,,,04/01/2018 14:10
ord_001335,cust_001634,delivered,26/12/2018 08:57,26/12/2018 19:57,29/12/2018 19:57,04/01/2019 19:57,08/01/2019 08:57
ord_001336,cust_002986,delivered,06/03/2018 16:51,08/03/2018 01:51,14/03/2018 01:51,22/03/2018 01:51,28/03/2018 16:51
ord_001337,cust_001001,delivered,23/07/2018 19:59,25/07/2018 04:59,30/07/2018 04:59,12/08/2018 04:59,10/08/2018 19:59
ord_001338,cust_001144,delivered,24/11/2018 21:45,25/11/2018 03:45,01/12/2018 03:45,04/12/2018 03:45,16/12/2018 21:45
ord_001339,cust_000841,delivered,22/06/2018 20:51,24/06/2018 01:51,25/06/2018 01:51,03/07/2018 01:51,14/07/2018 20:51
ord_001340,cust_002541,delivered,04/10/2017 11:35,05/10/2017 09:35,09/10/2017 09:35,23/10/2017 09:35,17/10/2017 11:35
ord_001341,cust_002536,delivered,09/06/2018 22:52,10/06/2018 18:52,13/06/2018 18:52,24/06/2018 18:52,29/06/2018 22:52
ord_001342,cust_002428,delivered,20/01/2018 09:06,22/01/2018 02:06,24/01/2018 02:06,27/01/2018 02:06,05/02/2018 09:06
ord_001343,cust_000741,delivered,04/02/2018 11:44,04/02/2018 13:44,07/02/2018 13:44,11/02/2018 13:44,25/02/2018 11:44
ord_001344,cust_000648,delivered,21/12/2018 13:37,22/12/2018 23:37,26/12/2018 23:37,03/01/2019 23:37,02/01/2019 13:37
ord_001345,cust_000432,delivered,28/10/2017 10:03,29/10/2017 12:03,30/10/2017 12:03,04/11/2017 12:03,10/11/2017 10:03
ord_001346,cust_000567,delivered,09/03/2018 19:17,10/03/2018 07:17,16/03/2018 07:17,29/03/2018 07:17,22/03/2018 19:17
ord_001347,cust_002184,delivered,12/07/2017 08:12,12/07/2017 19:12,17/07/2017 19:12,29/07/2017 19:12,04/08/2017 08:12
ord_001348,cust_001643,delivered,31/07/2017 12:24,31/07/2017 19:24,06/08/2017 19:24,20/08/2017 19:24,15/08/2017 12:24
ord_001349,cust_002523,delivered,06/06/2018 21:11,08/06/2018 02:11,09/06/2018 02:11,16/06/2018 02:11,19/06/2018 21:11
ord_001350,cust_001973,delivered,03/09/2018 17:16,05/09/2018 00:16,06/09/2018 00:16,11/09/2018 00:16,24/09/2018 17:16
ord_001351,cust_002783,delivered,27/06/2018 15:17,28/06/2018 04:17,04/07/2018 04:17,12/07/2018 04:17,16/07/2018 15:17
ord_001352,cust_000157,delivered,27/11/2017 13:35,28/11/2017 07:35,04/12/2017 07:35,07/12/2017 07:35,16/12/2017 13:35
ord_001353,cust_002001,delivered,23/03/2017 16:08,25/03/2017 15:08,29/03/2017 15:08,09/04/2017 15:08,15/04/2017 16:08
ord_001354,cust_000354,delivered,10/03/2018 10:14,11/03/2018 19:14,13/03/2018 19:14,26/03/2018 19:14,02/04/2018 10:14
ord_001355,cust_001045,delivered,03/04/2018 21:19,05/04/2018 01:19,07/04/2018 01:19,11/04/2018 01:19,18/04/2018 21:19
ord_001356,cust_001362,delivered,14/09/2018 16:26,14/09/2018 21:26,19/09/2018 21:26,23/09/2018 21:26,08/10/2018 16:26
ord_001357,cust_001532,delivered,29/06/2018 13:02,30/06/2018 16:02,06/07/2018 16:02,11/07/2018 16:02,17/07/2018 13:02
ord_001358,cust_000632,delivered,08/11/2018 14:59,09/11/2018 08:59,14/11/2018 08:59,26/11/2018 08:59,01/12/2018 14:59
ord_001359,cust_000558,delivered,20/09/2018 22:18,22/09/2018 14:18,25/09/2018 14:18,01/10/2018 14:18,10/10/2018 22:18
ord_001360,cust_000444,delivered,24/12/2017 15:17,25/12/2017 00:17,30/12/2017 00:17,10/01/2018 00:17,04/01/2018 15:17
ord_001361,cust_000636,delivered,24/06/2018 21:33,26/06/2018 20:33,28/06/2018 20:33,11/07/2018 20:33,17/07/2018 21:33
ord_001362,cust_002071,delivered,31/08/2018 21:51,02/09/2018 18:51,03/09/2018 18:51,10/09/2018 18:51,18/09/2018 21:51
ord_001363,cust_002688,delivered,09/12/2018 12:27,11/12/2018 01:27,14/12/2018 01:27,17/12/2018 01:27,25/12/2018 12:27
ord_001364,cust_001023,delivered,04/02/2018 16:14,05/02/2018 16:14,08/02/2018 16:14,21/02/2018 16:14,19/02/2018 16:14
ord_001365,cust_002546,processing,04/07/2018 20:33,06/07/2018 00:33,,,23/07/2018 20:33
ord_001366,cust_002445,delivered,13/01/2018 11:28,15/01/2018 06:28,20/01/2018 06:28,29/01/2018 06:28,05/02/2018 11:28
ord_001367,cust_000836,delivered,26/08/2018 20:25,28/08/2018 13:25,02/09/2018 13:25,16/09/2018 13:25,07/09/2018 20:25
ord_001368,cust_000577,delivered,23/11/2018 18:59,25/11/2018 08:59,27/11/2018 08:59,10/12/2018 08:59,06/12/2018 18:59
ord_001369,cust_001141,processing,25/11/2018 13:59,25/11/2018 21:59,,,05/12/2018 13:59
ord_001370,cust_000349,delivered,10/07/2017 14:33,11/07/2017 09:33,12/07/2017 09:33,18/07/2017 09:33,22/07/2017 14:33
ord_001371,cust_002876,delivered,24/08/2017 19:04,26/08/2017 07:04,01/09/2017 07:04,11/09/2017 07:04,03/09/2017 19:04
ord_001372,cust_002435,delivered,05/09/2018 18:34,05/09/2018 23:34,08/09/2018 23:34,14/09/2018 23:34,18/09/2018 18:34
ord_001373,cust_001175,delivered,23/06/2018 17:57,25/06/2018 01:57,01/07/2018 01:57,10/07/2018 01:57,10/07/2018 17:57
ord_001374,cust_001529,delivered,22/11/2018 15:55,23/11/2018 08:55,29/11/2018 08:55,05/12/2018 08:55,14/12/2018 15:55
ord_001375,cust_000982,delivered,22/11/2017 16:12,23/11/2017 19:12,25/11/2017 19:12,07/12/2017 19:12,10/12/2017 16:12
ord_001376,cust_000007,delivered,26/10/2018 17:11,28/10/2018 13:11,29/10/2018 13:11,09/11/2018 13:11,08/11/2018 17:11
ord_001377,cust_000601,delivered,25/07/2018 21:09,27/07/2018 14:09,02/08/2018 14:09,16/08/2018 14:09,05/08/2018 21:09
ord_001378,cust_000145,delivered,16/08/2017 15:49,17/08/2017 08:49,20/08/2017 08:49,25/08/2017 08:49,08/09/2017 15:49
ord_001379,cust_001222,delivered,08/06/2017 08:29,09/06/2017 18:29,10/06/2017 18:29,24/06/2017 18:29,20/06/2017 08:29
ord_001380,cust_001250,delivered,06/08/2018 15:20,06/08/2018 15:20,10/08/2018 15:20,15/08/2018 15:20,27/08/2018 15:20
ord_001381,cust_001090,delivered,11/07/2017 18:19,13/07/2017 04:19,19/07/2017 04:19,29/07/2017 04:19,24/07/2017 18:19
ord_001382,cust_002060,delivered,27/09/2018 13:16,27/09/2018 19:16,01/10/2018 19:16,05/10/2018 19:16,16/10/2018 13:16
ord_001383,cust_002204,delivered,08/05/2018 17:52,10/05/2018 12:52,12/05/2018 12:52,23/05/2018 12:52,31/05/2018 17:52
ord_001384,cust_001654,processing,15/03/2018 10:24,16/03/2018 00:24,,,07/04/2018 10:24
ord_001385,cust_001040,delivered,26/10/2017 11:14,27/10/2017 20:14,29/10/2017 20:14,10/11/2017 20:14,06/11/2017 11:14
ord_001386,cust_001046,delivered,23/12/2018 22:42,25/12/2018 05:42,29/12/2018 05:42,03/01/2019 05:42,09/01/2019 22:42
ord_001387,cust_001374,delivered,17/08/2018 22:38,18/08/2018 10:38,21/08/2018 10:38,02/09/2018 10:38,03/09/2018 22:38
ord_001388,cust_002200,invoiced,18/09/2018 17:42,20/09/2018 09:42,,,11/10/2018 17:42
ord_001389,cust_000964,delivered,12/09/2018 17:49,13/09/2018 01:49,15/09/2018 01:49,26/09/2018 01:49,03/10/2018 17:49
ord_001390,cust_002139,delivered,25/05/2018 12:06,27/05/2018 07:06,28/05/2018 07:06,05/06/2018 07:06,06/06/2018 12:06
ord_001391,cust_000958,delivered,30/11/2018 15:00,01/12/2018 15:00,06/12/2018 15:00,10/12/2018 15:00,23/12/2018 15:00
ord_001392,cust_001633,delivered,25/05/2018 08:03,26/05/2018 06:03,31/05/2018 06:03,14/06/2018 06:03,09/06/2018 08:03
ord_001393,cust_000753,delivered,13/04/2018 09:42,13/04/2018 20:42,14/04/2018 20:42,25/04/2018 20:42,03/05/2018 09:42
ord_001394,cust_000269,delivered,24/10/2017 16:56,24/10/2017 16:56,26/10/2017 16:56,29/10/2017 16:56,05/11/2017 16:56
ord_001395,cust_001494,delivered,31/10/2017 12:19,01/11/2017 21:19,04/11/2017 21:19,11/11/2017 21:19,13/11/2017 12:19
ord_001396,cust_002116,delivered,25/08/2018 15:46,27/08/2018 02:46,31/08/2018 02:46,11/09/2018 02:46,05/09/2018 15:46
ord_001397,cust_001287,delivered,29/11/2017 21:43,01/12/2017 13:43,07/12/2017 13:43,11/12/2017 13:43,10/12/2017 21:43
ord_001398,cust_002335,delivered,21/08/2018 15:58,23/08/2018 13:58,28/08/2018 13:58,05/09/2018 13:58,13/09/2018 15:58
ord_001399,cust_000172,delivered,07/12/2018 10:28,08/12/2018 00:28,12/12/2018 00:28,15/12/2018 00:28,19/12/2018 10:28
ord_001400,cust_000137,canceled,16/02/2018 11:09,17/02/2018 14:09,,,07/03/2018 11:09
ord_001401,cust_002791,delivered,07/05/2017 13:45,09/05/2017 08:45,13/05/2017 08:45,18/05/2017 08:45,28/05/2017 13:45
ord_001402,cust_001699,delivered,15/07/2018 12:49,16/07/2018 15:49,22/07/2018 15:49,02/08/2018 15:49,26/07/2018 12:49
ord_001403,cust_001046,delivered,15/01/2017 17:42,,23/01/2017 04:42,31/01/2017 04:42,29/01/2017 17:42
ord_001404,cust_001937,canceled,23/09/2018 11:51,24/09/2018 21:51,,,10/10/2018 11:51
ord_001405,cust_002272,delivered,17/04/2018 11:22,19/04/2018 10:22,20/04/2018 10:22,25/04/2018 10:22,02/05/2018 11:22
ord_001406,cust_002647,delivered,24/03/2018 19:41,25/03/2018 11:41,31/03/2018 11:41,12/04/2018 11:41,16/04/2018 19:41
ord_001407,cust_002720,delivered,16/05/2018 12:15,16/05/2018 21:15,18/05/2018 21:15,28/05/2018 21:15,28/05/2018 12:15
ord_001408,cust_001058,delivered,11/04/2018 14:26,13/04/2018 09:26,15/04/2018 09:26,28/04/2018 09:26,01/05/2018 14:26
ord_001409,cust_000034,delivered,25/11/2017 08:14,26/11/2017 06:14,27/11/2017 06:14,11/12/2017 06:14,11/12/2017 08:14
ord_001410,cust_001223,delivered,31/10/2017 10:09,31/10/2017 19:09,05/11/2017 19:09,15/11/2017 19:09,15/11/2017 10:09
ord_001411,cust_000369,delivered,30/01/2018 13:02,31/01/2018 19:02,02/02/2018 19:02,04/02/2018 19:02,14/02/2018 13:02
ord_001412,cust_001548,delivered,20/11/2018 18:40,22/11/2018 10:40,28/11/2018 10:40,12/12/2018 10:40,10/12/2018 18:40
ord_001413,cust_000571,delivered,17/06/2017 11:52,18/06/2017 23:52,20/06/2017 23:52,23/06/2017 23:52,02/07/2017 11:52
ord_001414,cust_002011,delivered,26/11/2017 16:18,27/11/2017 08:18,28/11/2017 08:18,09/12/2017 08:18,15/12/2017 16:18
ord_001415,cust_002657,delivered,13/08/2017 10:25,15/08/2017 05:25,19/08/2017 05:25,24/08/2017 05:25,23/08/2017 10:25
ord_001416,cust_000601,delivered,08/02/2018 22:00,08/02/2018 23:00,10/02/2018 23:00,21/02/2018 23:00,22/02/2018 22:00
ord_001417,cust_001637,delivered,15/06/2017 08:24,17/06/2017 02:24,19/06/2017 02:24,01/07/2017 02:24,01/07/2017 08:24
ord_001418,cust_002871,delivered,08/09/2018 21:16,09/09/2018 05:16,10/09/2018 05:16,22/09/2018 05:16,21/09/2018 21:16
ord_001419,cust_000932,processing,14/05/2017 19:34,15/05/2017 06:34,,,25/05/2017 19:34
ord_001420,cust_002375,delivered,14/07/2018 10:54,15/07/2018 01:54,17/07/2018 01:54,27/07/2018 01:54,27/07/2018 10:54
ord_001421,cust_000132,delivered,19/10/2017 10:30,20/10/2017 06:30,25/10/2017 06:30,29/10/2017 06:30,06/11/2017 10:30
ord_001422,cust_001905,delivered,12/03/2018 17:40,12/03/2018 19:40,14/03/2018 19:40,27/03/2018 19:40,05/04/2018 17:40
ord_001423,cust_000106,delivered,20/08/2017 20:42,22/08/2017 06:42,25/08/2017 06:42,28/08/2017 06:42,09/09/2017 20:42
ord_001424,cust_000215,invoiced,22/08/2018 17:09,22/08/2018 23:09,,,14/09/2018 17:09
ord_001425,cust_001732,canceled,05/12/2018 12:20,05/12/2018 18:20,,,23/12/2018 12:20
ord_001426,cust_002617,delivered,09/09/2017 13:06,09/09/2017 13:06,14/09/2017 13:06,19/09/2017 13:06,19/09/2017 13:06
ord_001427,cust_002109,delivered,07/12/2018 09:26,09/12/2018 07:26,10/12/2018 07:26,21/12/2018 07:26,19/12/2018 09:26
ord_001428,cust_001238,delivered,26/11/2017 18:53,26/11/2017 20:53,28/11/2017 20:53,12/12/2017 20:53,17/12/2017 18:53
ord_001429,cust_001156,delivered,08/05/2018 22:28,10/05/2018 09:28,15/05/2018 09:28,26/05/2018 09:28,27/05/2018 22:28
ord_001430,cust_001413,delivered,05/08/2018 21:27,07/08/2018 03:27,13/08/2018 03:27,19/08/2018 03:27,27/08/2018 21:27
ord_001431,cust_000862,delivered,19/08/2017 15:12,21/08/2017 06:12,24/08/2017 06:12,30/08/2017 06:12,04/09/2017 15:12
ord_001432,cust_000048,delivered,20/02/2018 17:18,21/02/2018 14:18,22/02/2018 14:18,04/03/2018 14:18,15/03/2018 17:18
ord_001433,cust_002419,delivered,03/04/2017 15:56,05/04/2017 10:56,11/04/2017 10:56,18/04/2017 10:56,18/04/2017 15:56
ord_001434,cust_001589,delivered,02/08/2018 16:18,03/08/2018 14:18,07/08/2018 14:18,11/08/2018 14:18,24/08/2018 16:18
ord_001435,cust_002596,delivered,31/01/2018 18:43,01/02/2018 02:43,05/02/2018 02:43,15/02/2018 02:43,12/02/2018 18:43
ord_001436,cust_001743,delivered,19/11/2018 17:02,21/11/2018 12:02,24/11/2018 12:02,01/12/2018 12:02,05/12/2018 17:02
ord_001437,cust_001150,delivered,25/10/2017 11:07,26/10/2017 07:07,31/10/2017 07:07,14/11/2017 07:07,18/11/2017 11:07
ord_001438,cust_000183,delivered,26/11/2018 22:18,26/11/2018 22:18,28/11/2018 22:18,30/11/2018 22:18,17/12/2018 22:18
ord_001439,cust_002244,delivered,23/06/2017 15:54,24/06/2017 22:54,27/06/2017 22:54,08/07/2017 22:54,08/07/2017 15:54
ord_001440,cust_001818,delivered,08/06/2018 22:13,09/06/2018 13:13,14/06/2018 13:13,26/06/2018 13:13,01/07/2018 22:13
ord_001441,cust_002608,delivered,20/11/2017 20:43,22/11/2017 11:43,25/11/2017 11:43,07/12/2017 11:43,06/12/2017 20:43
ord_001442,cust_000734,delivered,03/08/2017 17:10,04/08/2017 00:10,10/08/2017 00:10,21/08/2017 00:10,27/08/2017 17:10
ord_001443,cust_001141,delivered,03/05/2017 18:36,05/05/2017 05:36,08/05/2017 05:36,22/05/2017 05:36,14/05/2017 18:36
ord_001444,cust_000724,delivered,09/07/2018 14:35,11/07/2018 05:35,15/07/2018 05:35,21/07/2018 05:35,31/07/2018 14:35
ord_001445,cust_000482,delivered,19/09/2017 11:37,19/09/2017 16:37,23/09/2017 16:37,29/09/2017 16:37,09/10/2017 11:37
ord_001446,cust_002673,delivered,18/05/2018 10:17,19/05/2018 14:17,24/05/2018 14:17,07/06/2018 14:17,30/05/2018 10:17
ord_001447,cust_001105,shipped,21/12/2018 15:09,22/12/2018 21:09,26/12/2018 21:09,,04/01/2019 15:09
ord_001448,cust_000015,delivered,23/11/2017 21:53,25/11/2017 17:53,28/11/2017 17:53,10/12/2017 17:53,15/12/2017 21:53
ord_001449,cust_000186,delivered,20/02/2017 15:34,21/02/2017 05:34,26/02/2017 05:34,09/03/2017 05:34,13/03/2017 15:34
ord_001450,cust_001019,delivered,25/06/2017 12:12,26/06/2017 11:12,01/07/2017 11:12,10/07/2017 11:12,07/07/2017 12:12
ord_001451,cust_000106,delivered,31/05/2017 22:24,01/06/2017 17:24,02/06/2017 17:24,05/06/2017 17:24,11/06/2017 22:24
ord_001452,cust_002663,delivered,05/03/2018 22:04,06/03/2018 15:04,10/03/2018 15:04,19/03/2018 15:04,19/03/2018 22:04
ord_001453,cust_002474,delivered,30/08/2018 09:28,01/09/2018 08:28,07/09/2018 08:28,14/09/2018 08:28,13/09/2018 09:28
ord_001454,cust_002719,invoiced,12/11/2017 19:25,14/11/2017 02:25,,,01/12/2017 19:25
ord_001455,cust_002558,delivered,28/06/2017 20:07,29/06/2017 03:07,05/07/2017 03:07,16/07/2017 03:07,19/07/2017 20:07
ord_001456,cust_000147,delivered,29/06/2018 20:26,01/07/2018 13:26,04/07/2018 13:26,16/07/2018 13:26,13/07/2018 20:26
ord_001457,cust_001941,delivered,16/11/2017 12:38,16/11/2017 17:38,18/11/2017 17:38,27/11/2017 17:38,01/12/2017 12:38
ord_001458,cust_002561,delivered,19/05/2018 19:55,21/05/2018 13:55,24/05/2018 13:55,28/05/2018 13:55,31/05/2018 19:55
ord_001459,cust_002570,delivered,28/11/2018 09:42,29/11/2018 04:42,30/11/2018 04:42,06/12/2018 04:42,08/12/2018 09:42
ord_001460,cust_001378,delivered,08/11/2017 12:30,09/11/2017 20:30,10/11/2017 20:30,19/11/2017 20:30,01/12/2017 12:30
ord_001461,cust_002806,delivered,08/04/2018 14:46,10/04/2018 07:46,14/04/2018 07:46,22/04/2018 07:46,29/04/2018 14:46
ord_001462,cust_000503,shipped,04/10/2018 13:16,06/10/2018 06:16,07/10/2018 06:16,,25/10/2018 13:16
ord_001463,cust_002059,delivered,30/07/2018 15:40,30/07/2018 22:40,31/07/2018 22:40,05/08/2018 22:40,23/08/2018 15:40
ord_001464,cust_000800,delivered,03/09/2018 20:00,04/09/2018 15:00,07/09/2018 15:00,19/09/2018 15:00,13/09/2018 20:00
ord_001465,cust_002734,delivered,15/09/2018 16:04,15/09/2018 19:04,17/09/2018 19:04,19/09/2018 19:04,30/09/2018 16:04
ord_001466,cust_002688,delivered,26/04/2018 17:37,27/04/2018 23:37,29/04/2018 23:37,13/05/2018 23:37,17/05/2018 17:37
ord_001467,cust_002758,delivered,24/04/2018 20:11,25/04/2018 16:11,29/04/2018 16:11,06/05/2018 16:11,13/05/2018 20:11
ord_001468,cust_000188,delivered,15/08/2018 19:41,17/08/2018 18:41,19/08/2018 18:41,31/08/2018 18:41,05/09/2018 19:41
ord_001469,cust_000823,delivered,02/08/2018 17:38,03/08/2018 23:38,07/08/2018 23:38,09/08/2018 23:38,17/08/2018 17:38
ord_001470,cust_001172,delivered,17/07/2018 16:03,18/07/2018 13:03,21/07/2018 13:03,31/07/2018 13:03,28/07/2018 16:03
ord_001471,cust_002849,delivered,05/01/2018 20:23,06/01/2018 03:23,08/01/2018 03:23,22/01/2018 03:23,23/01/2018 20:23
ord_001472,cust_001993,processing,16/10/2018 09:36,16/10/2018 22:36,,,06/11/2018 09:36
ord_001473,cust_002951,delivered,22/09/2017 22:42,24/09/2017 12:42,30/09/2017 12:42,07/10/2017 12:42,13/10/2017 22:42
ord_001474,cust_002600,delivered,08/07/2017 11:48,08/07/2017 17:48,13/07/2017 17:48,19/07/2017 17:48,20/07/2017 11:48
ord_001475,cust_000839,canceled,08/12/2017 20:19,10/12/2017 12:19,,,27/12/2017 20:19
ord_001476,cust_000567,delivered,07/10/2017 15:50,08/10/2017 19:50,12/10/2017 19:50,22/10/2017 19:50,26/10/2017 15:50
ord_001477,cust_001882,delivered,13/07/2018 10:21,14/07/2018 11:21,15/07/2018 11:21,29/07/2018 11:21,27/07/2018 10:21
ord_001478,cust_002350,delivered,18/09/2017 14:00,19/09/2017 12:00,20/09/2017 12:00,25/09/2017 12:00,01/10/2017 14:00
ord_001479,cust_000660,delivered,09/07/2018 10:36,09/07/2018 11:36,10/07/2018 11:36,17/07/2018 11:36,21/07/2018 10:36
ord_001480,cust_002013,delivered,09/04/2018 11:14,09/04/2018 21:14,14/04/2018 21:14,20/04/2018 21:14,20/04/2018 11:14
ord_001481,cust_001181,delivered,05/07/2017 12:07,06/07/2017 12:07,12/07/2017 12:07,19/07/2017 12:07,23/07/2017 12:07
ord_001482,cust_002343,delivered,11/10/2017 17:15,12/10/2017 16:15,16/10/2017 16:15,29/10/2017 16:15,25/10/2017 17:15
ord_001483,cust_001872,delivered,14/04/2018 17:49,15/04/2018 03:49,21/04/2018 03:49,04/05/2018 03:49,03/05/2018 17:49
ord_001484,cust_002089,delivered,23/08/2018 15:54,25/08/2018 05:54,28/08/2018 05:54,06/09/2018 05:54,10/09/2018 15:54
ord_001485,cust_000112,delivered,17/01/2018 10:57,18/01/2018 07:57,19/01/2018 07:57,21/01/2018 07:57,04/02/2018 10:57
ord_001486,cust_002528,delivered,19/09/2017 12:18,20/09/2017 06:18,26/09/2017 06:18,03/10/2017 06:18,13/10/2017 12:18
ord_001487,cust_001939,canceled,11/11/2017 22:27,13/11/2017 10:27,,,22/11/2017 22:27
ord_001488,cust_000602,delivered,04/05/2017 19:48,05/05/2017 02:48,09/05/2017 02:48,20/05/2017 02:48,14/05/2017 19:48
ord_001489,cust_001458,delivered,06/02/2017 14:19,06/02/2017 16:19,07/02/2017 16:19,12/02/2017 16:19,21/02/2017 14:19
ord_001490,cust_000837,delivered,18/12/2018 15:23,19/12/2018 06:23,25/12/2018 06:23,03/01/2019 06:23,28/12/2018 15:23
ord_001491,cust_000371,delivered,06/05/2017 14:14,06/05/2017 14:14,07/05/2017 14:14,18/05/2017 14:14,27/05/2017 14:14
ord_001492,cust_001427,delivered,06/06/2017 21:34,07/06/2017 14:34,08/06/2017 14:34,17/06/2017 14:34,21/06/2017 21:34
ord_001493,cust_002053,delivered,08/11/2018 19:39,09/11/2018 01:39,10/11/2018 01:39,22/11/2018 01:39,20/11/2018 19:39
ord_001494,cust_002355,delivered,13/07/2018 13:19,14/07/2018 20:19,20/07/2018 20:19,25/07/2018 20:19,24/07/2018 13:19
ord_001495,cust_002827,canceled,14/02/2018 22:01,15/02/2018 00:01,,,09/03/2018 22:01
ord_001496,cust_001885,delivered,04/07/2018 12:44,04/07/2018 21:44,05/07/2018 21:44,12/07/2018 21:44,19/07/2018 12:44
ord_001497,cust_000006,delivered,28/11/2018 16:36,29/11/2018 04:36,02/12/2018 04:36,09/12/2018 04:36,14/12/2018 16:36
ord_001498,cust_001194,delivered,09/05/2017 08:13,10/05/2017 12:13,14/05/2017 12:13,21/05/2017 12:13,21/05/2017 08:13
ord_001499,cust_001313,delivered,29/09/2017 16:18,30/09/2017 11:18,04/10/2017 11:18,13/10/2017 11:18,20/10/2017 16:18
ord_001500,cust_002945,delivered,02/11/2018 15:57,04/11/2018 03:57,06/11/2018 03:57,14/11/2018 03:57,23/11/2018 15:57
ord_001501,cust_000378,delivered,19/09/2018 17:37,21/09/2018 06:37,22/09/2018 06:37,01/10/2018 06:37,04/10/2018 17:37
ord_001502,cust_002651,delivered,28/12/2018 10:35,29/12/2018 04:35,30/12/2018 04:35,13/01/2019 04:35,19/01/2019 10:35
ord_001503,cust_000621,delivered,22/11/2017 22:38,22/11/2017 23:38,28/11/2017 23:38,08/12/2017 23:38,07/12/2017 22:38
ord_001504,cust_002006,delivered,03/12/2018 19:57,05/12/2018 17:57,09/12/2018 17:57,18/12/2018 17:57,26/12/2018 19:57
ord_001505,cust_001474,processing,07/12/2017 21:20,08/12/2017 13:20,,,31/12/2017 21:20
ord_001506,cust_002916,delivered,13/08/2018 12:16,14/08/2018 13:16,20/08/2018 13:16,25/08/2018 13:16,29/08/2018 12:16
ord_001507,cust_000873,delivered,14/11/2018 19:22,16/11/2018 15:22,18/11/2018 15:22,23/11/2018 15:22,02/12/2018 19:22
ord_001508,cust_001427,delivered,23/07/2017 20:48,25/07/2017 03:48,26/07/2017 03:48,29/07/2017 03:48,14/08/2017 20:48
ord_001509,cust_001947,delivered,25/08/2017 17:07,26/08/2017 20:07,30/08/2017 20:07,03/09/2017 20:07,05/09/2017 17:07
ord_001510,cust_000560,delivered,23/05/2018 18:12,24/05/2018 10:12,26/05/2018 10:12,29/05/2018 10:12,09/06/2018 18:12
ord_001511,cust_000792,delivered,24/10/2018 16:13,26/10/2018 07:13,31/10/2018 07:13,04/11/2018 07:13,17/11/2018 16:13
ord_001512,cust_002250,delivered,16/04/2017 08:38,16/04/2017 17:38,22/04/2017 17:38,02/05/2017 17:38,29/04/2017 08:38
ord_001513,cust_002328,delivered,28/10/2018 14:38,29/10/2018 13:38,04/11/2018 13:38,15/11/2018 13:38,12/11/2018 14:38
ord_001514,cust_002022,delivered,06/12/2017 15:22,07/12/2017 07:22,09/12/2017 07:22,19/12/2017 07:22,28/12/2017 15:22
ord_001515,cust_000550,delivered,23/01/2018 08:16,23/01/2018 12:16,26/01/2018 12:16,08/02/2018 12:16,12/02/2018 08:16
ord_001516,cust_000644,delivered,04/12/2017 21:45,05/12/2017 10:45,10/12/2017 10:45,23/12/2017 10:45,21/12/2017 21:45
ord_001517,cust_002721,delivered,23/11/2018 14:01,23/11/2018 22:01,25/11/2018 22:01,01/12/2018 22:01,04/12/2018 14:01
ord_001518,cust_002700,delivered,13/06/2017 22:44,14/06/2017 02:44,18/06/2017 02:44,22/06/2017 02:44,25/06/2017 22:44
ord_001519,cust_001200,delivered,19/05/2018 08:12,20/05/2018 20:12,23/05/2018 20:12,30/05/2018 20:12,10/06/2018 08:12
ord_001520,cust_001655,delivered,30/06/2017 10:54,01/07/2017 20:54,05/07/2017 20:54,19/07/2017 20:54,17/07/2017 10:54
ord_001521,cust_000166,delivered,27/11/2018 22:24,29/11/2018 15:24,03/12/2018 15:24,17/12/2018 15:24,21/12/2018 22:24
ord_001522,cust_001966,delivered,29/09/2018 10:38,29/09/2018 11:38,05/10/2018 11:38,09/10/2018 11:38,10/10/2018 10:38
ord_001523,cust_000299,delivered,20/09/2017 12:07,21/09/2017 10:07,24/09/2017 10:07,27/09/2017 10:07,05/10/2017 12:07
ord_001524,cust_000257,delivered,13/11/2017 11:15,14/11/2017 18:15,16/11/2017 18:15,27/11/2017 18:15,24/11/2017 11:15
ord_001525,cust_001598,delivered,05/01/2018 08:42,06/01/2018 07:42,07/01/2018 07:42,20/01/2018 07:42,17/01/2018 08:42
ord_001526,cust_002548,delivered,23/01/2018 13:33,23/01/2018 14:33,28/01/2018 14:33,11/02/2018 14:33,02/02/2018 13:33
ord_001527,cust_002733,delivered,10/10/2018 16:46,11/10/2018 13:46,16/10/2018 13:46,30/10/2018 13:46,28/10/2018 16:46
ord_001528,cust_001288,shipped,12/05/2018 19:33,13/05/2018 00:33,16/05/2018 00:33,,25/05/2018 19:33
ord_001529,cust_001546,delivered,08/02/2018 20:34,08/02/2018 20:34,14/02/2018 20:34,26/02/2018 20:34,20/02/2018 20:34
ord_001530,cust_001632,delivered,15/08/2018 08:51,16/08/2018 19:51,19/08/2018 19:51,29/08/2018 19:51,07/09/2018 08:51
ord_001531,cust_001350,delivered,02/03/2018 19:25,02/03/2018 23:25,05/03/2018 23:25,11/03/2018 23:25,18/03/2018 19:25
ord_001532,cust_002163,delivered,10/06/2017 13:53,11/06/2017 03:53,12/06/2017 03:53,14/06/2017 03:53,28/06/2017 13:53
ord_001533,cust_002318,delivered,18/05/2017 14:22,20/05/2017 13:22,24/05/2017 13:22,03/06/2017 13:22,06/06/2017 14:22
ord_001534,cust_001394,delivered,26/11/2017 18:19,28/11/2017 15:19,02/12/2017 15:19,08/12/2017 15:19,12/12/2017 18:19
ord_001535,cust_000680,delivered,06/06/2018 14:46,06/06/2018 16:46,09/06/2018 16:46,14/06/2018 16:46,18/06/2018 14:46
ord_001536,cust_002516,delivered,17/06/2017 11:00,18/06/2017 06:00,22/06/2017 06:00,24/06/2017 06:00,04/07/2017 11:00
ord_001537,cust_002029,delivered,03/05/2018 13:10,04/05/2018 05:10,08/05/2018 05:10,11/05/2018 05:10,27/05/2018 13:10
ord_001538,cust_001222,delivered,21/10/2017 13:04,22/10/2017 18:04,27/10/2017 18:04,31/10/2017 18:04,10/11/2017 13:04
ord_001539,cust_000654,delivered,01/08/2018 16:30,03/08/2018 01:30,04/08/2018 01:30,07/08/2018 01:30,21/08/2018 16:30
ord_001540,cust_001222,delivered,10/02/2017 12:37,10/02/2017 15:37,14/02/2017 15:37,28/02/2017 15:37,28/02/2017 12:37
ord_001541,cust_002535,delivered,09/03/2018 10:00,10/03/2018 06:00,13/03/2018 06:00,15/03/2018 06:00,24/03/2018 10:00
ord_001542,cust_000993,delivered,14/03/2017 15:09,15/03/2017 04:09,18/03/2017 04:09,25/03/2017 04:09,31/03/2017 15:09
ord_001543,cust_002643,delivered,28/11/2017 20:18,30/11/2017 19:18,03/12/2017 19:18,17/12/2017 19:18,14/12/2017 20:18
ord_001544,cust_000739,delivered,24/01/2017 14:17,25/01/2017 04:17,30/01/2017 04:17,02/02/2017 04:17,11/02/2017 14:17
ord_001545,cust_000583,delivered,09/03/2018 14:05,09/03/2018 15:05,15/03/2018 15:05,25/03/2018 15:05,31/03/2018 14:05
ord_001546,cust_000195,delivered,12/09/2018 22:10,14/09/2018 03:10,16/09/2018 03:10,21/09/2018 03:10,22/09/2018 22:10
ord_001547,cust_000430,delivered,10/05/2017 13:50,12/05/2017 06:50,13/05/2017 06:50,19/05/2017 06:50,27/05/2017 13:50
ord_001548,cust_000782,delivered,24/08/2018 14:42,26/08/2018 05:42,29/08/2018 05:42,05/09/2018 05:42,06/09/2018 14:42
ord_001549,cust_002170,delivered,25/05/2018 09:17,25/05/2018 15:17,27/05/2018 15:17,05/06/2018 15:17,18/06/2018 09:17
ord_001550,cust_001587,delivered,03/04/2018 19:15,05/04/2018 06:15,06/04/2018 06:15,17/04/2018 06:15,15/04/2018 19:15
ord_001551,cust_001958,delivered,04/06/2018 14:04,04/06/2018 23:04,07/06/2018 23:04,17/06/2018 23:04,14/06/2018 14:04
ord_001552,cust_000293,delivered,30/11/2017 15:20,30/11/2017 21:20,04/12/2017 21:20,06/12/2017 21:20,20/12/2017 15:20
ord_001553,cust_001864,delivered,10/08/2018 20:23,11/08/2018 21:23,17/08/2018 21:23,21/08/2018 21:23,24/08/2018 20:23
ord_001554,cust_001948,delivered,19/09/2018 20:54,21/09/2018 10:54,26/09/2018 10:54,06/10/2018 10:54,02/10/2018 20:54
ord_001555,cust_001528,delivered,18/09/2018 20:44,20/09/2018 13:44,23/09/2018 13:44,28/09/2018 13:44,05/10/2018 20:44
ord_001556,cust_001914,delivered,21/10/2017 16:28,22/10/2017 21:28,26/10/2017 21:28,28/10/2017 21:28,13/11/2017 16:28
ord_001557,cust_000387,delivered,07/07/2018 09:08,08/07/2018 04:08,10/07/2018 04:08,19/07/2018 04:08,19/07/2018 09:08
ord_001558,cust_001486,delivered,30/06/2017 13:39,01/07/2017 17:39,02/07/2017 17:39,08/07/2017 17:39,18/07/2017 13:39
ord_001559,cust_002158,delivered,28/03/2018 08:56,28/03/2018 22:56,01/04/2018 22:56,13/04/2018 22:56,12/04/2018 08:56
ord_001560,cust_000414,delivered,04/01/2017 22:04,05/01/2017 04:04,08/01/2017 04:04,21/01/2017 04:04,16/01/2017 22:04
ord_001561,cust_000486,delivered,14/08/2017 09:50,15/08/2017 04:50,17/08/2017 04:50,20/08/2017 04:50,31/08/2017 09:50
ord_001562,cust_002245,canceled,24/06/2018 10:10,24/06/2018 18:10,,,18/07/2018 10:10
ord_001563,cust_001628,delivered,09/11/2018 10:42,09/11/2018 14:42,13/11/2018 14:42,26/11/2018 14:42,22/11/2018 10:42
ord_001564,cust_000670,delivered,10/03/2017 09:11,11/03/2017 20:11,15/03/2017 20:11,25/03/2017 20:11,23/03/2017 09:11
ord_001565,cust_001039,delivered,09/05/2018 13:36,11/05/2018 05:36,16/05/2018 05:36,25/05/2018 05:36,21/05/2018 13:36
ord_001566,cust_002641,processing,27/06/2018 22:14,29/06/2018 09:14,,,16/07/2018 22:14
ord_001567,cust_000994,delivered,28/11/2018 11:32,30/11/2018 06:32,04/12/2018 06:32,12/12/2018 06:32,12/12/2018 11:32
ord_001568,cust_001076,delivered,08/07/2018 14:36,09/07/2018 13:36,15/07/2018 13:36,18/07/2018 13:36,26/07/2018 14:36
ord_001569,cust_002496,delivered,13/05/2017 11:37,14/05/2017 19:37,18/05/2017 19:37,21/05/2017 19:37,24/05/2017 11:37
ord_001570,cust_000610,delivered,29/06/2017 21:40,30/06/2017 06:40,06/07/2017 06:40,16/07/2017 06:40,19/07/2017 21:40
ord_001571,cust_001368,delivered,26/06/2018 19:04,27/06/2018 16:04,28/06/2018 16:04,07/07/2018 16:04,08/07/2018 19:04
ord_001572,cust_000935,delivered,04/09/2017 21:42,05/09/2017 01:42,10/09/2017 01:42,14/09/2017 01:42,15/09/2017 21:42
ord_001573,cust_001480,delivered,27/11/2018 17:09,28/11/2018 22:09,02/12/2018 22:09,08/12/2018 22:09,07/12/2018 17:09
ord_001574,cust_000790,delivered,25/11/2018 16:40,26/11/2018 12:40,02/12/2018 12:40,12/12/2018 12:40,16/12/2018 16:40
ord_001575,cust_002688,delivered,05/12/2018 17:07,06/12/2018 19:07,12/12/2018 19:07,16/12/2018 19:07,29/12/2018 17:07
ord_001576,cust_000409,delivered,09/11/2017 08:28,11/11/2017 01:28,12/11/2017 01:28,16/11/2017 01:28,25/11/2017 08:28
ord_001577,cust_001675,delivered,14/08/2018 18:23,14/08/2018 20:23,17/08/2018 20:23,30/08/2018 20:23,26/08/2018 18:23
ord_001578,cust_001901,delivered,13/07/2018 18:58,14/07/2018 15:58,20/07/2018 15:58,27/07/2018 15:58,04/08/2018 18:58
ord_001579,cust_002403,delivered,20/02/2017 21:37,21/02/2017 15:37,26/02/2017 15:37,05/03/2017 15:37,02/03/2017 21:37
ord_001580,cust_000293,delivered,17/10/2017 18:05,19/10/2017 05:05,20/10/2017 05:05,22/10/2017 05:05,31/10/2017 18:05
ord_001581,cust_002588,delivered,26/08/2017 09:42,27/08/2017 16:42,31/08/2017 16:42,03/09/2017 16:42,19/09/2017 09:42
ord_001582,cust_000748,delivered,28/12/2017 20:11,30/12/2017 06:11,02/01/2018 06:11,12/01/2018 06:11,12/01/2018 20:11
ord_001583,cust_002085,delivered,07/12/2018 16:17,09/12/2018 08:17,14/12/2018 08:17,19/12/2018 08:17,28/12/2018 16:17
ord_001584,cust_000157,delivered,25/10/2018 09:22,25/10/2018 23:22,29/10/2018 23:22,03/11/2018 23:22,09/11/2018 09:22
ord_001585,cust_000432,delivered,10/11/2017 14:46,11/11/2017 07:46,13/11/2017 07:46,17/11/2017 07:46,24/11/2017 14:46
ord_001586,cust_001592,delivered,20/04/2018 20:56,21/04/2018 12:56,24/04/2018 12:56,05/05/2018 12:56,04/05/2018 20:56
ord_001587,cust_000357,delivered,13/08/2017 09:55,15/08/2017 00:55,21/08/2017 00:55,04/09/2017 00:55,05/09/2017 09:55
ord_001588,cust_001340,delivered,27/10/2017 15:10,28/10/2017 13:10,31/10/2017 13:10,05/11/2017 13:10,12/11/2017 15:10
ord_001589,cust_001302,delivered,30/03/2017 17:03,01/04/2017 05:03,03/04/2017 05:03,08/04/2017 05:03,22/04/2017 17:03
ord_001590,cust_001422,delivered,30/06/2018 14:49,01/07/2018 01:49,02/07/2018 01:49,14/07/2018 01:49,24/07/2018 14:49
ord_001591,cust_000189,delivered,09/07/2018 22:17,11/07/2018 18:17,12/07/2018 18:17,20/07/2018 18:17,30/07/2018 22:17
ord_001592,cust_002198,delivered,21/10/2018 10:34,22/10/2018 09:34,23/10/2018 09:34,04/11/2018 09:34,04/11/2018 10:34
ord_001593,cust_000902,delivered,08/11/2018 10:58,10/11/2018 09:58,11/11/2018 09:58,22/11/2018 09:58,26/11/2018 10:58
ord_001594,cust_002148,shipped,13/07/2017 12:11,14/07/2017 09:11,18/07/2017 09:11,,28/07/2017 12:11
ord_001595,cust_000625,delivered,29/08/2018 11:22,29/08/2018 13:22,02/09/2018 13:22,06/09/2018 13:22,16/09/2018 11:22
ord_001596,cust_000627,delivered,17/06/2017 19:52,18/06/2017 07:52,23/06/2017 07:52,01/07/2017 07:52,07/07/2017 19:52
ord_001597,cust_000115,delivered,30/12/2017 19:38,31/12/2017 15:38,04/01/2018 15:38,11/01/2018 15:38,23/01/2018 19:38
ord_001598,cust_002564,delivered,10/04/2018 12:56,10/04/2018 18:56,12/04/2018 18:56,25/04/2018 18:56,01/05/2018 12:56
ord_001599,cust_001197,delivered,10/03/2017 22:37,12/03/2017 11:37,16/03/2017 11:37,26/03/2017 11:37,26/03/2017 22:37
ord_001600,cust_000403,delivered,09/07/2017 19:18,10/07/2017 11:18,13/07/2017 11:18,24/07/2017 11:18,01/08/2017 19:18
ord_001601,cust_000747,delivered,22/10/2017 14:48,24/10/2017 05:48,26/10/2017 05:48,08/11/2017 05:48,13/11/2017 14:48
ord_001602,cust_000411,delivered,09/06/2017 14:45,11/06/2017 12:45,15/06/2017 12:45,25/06/2017 12:45,23/06/2017 14:45
ord_001603,cust_000305,delivered,28/11/2018 20:56,28/11/2018 23:56,02/12/2018 23:56,12/12/2018 23:56,09/12/2018 20:56
ord_001604,cust_000218,delivered,06/11/2017 12:28,07/11/2017 01:28,10/11/2017 01:28,18/11/2017 01:28,22/11/2017 12:28
ord_001605,cust_002190,delivered,01/04/2018 13:30,02/04/2018 18:30,03/04/2018 18:30,06/04/2018 18:30,21/04/2018 13:30
ord_001606,cust_001748,delivered,30/12/2018 19:19,01/01/2019 12:19,02/01/2019 12:19,13/01/2019 12:19,12/01/2019 19:19
ord_001607,cust_002737,delivered,14/05/2018 11:16,16/05/2018 06:16,21/05/2018 06:16,27/05/2018 06:16,07/06/2018 11:16
ord_001608,cust_002924,delivered,27/01/2018 19:59,28/01/2018 04:59,29/01/2018 04:59,01/02/2018 04:59,20/02/2018 19:59
ord_001609,cust_001862,delivered,27/11/2018 09:58,27/11/2018 19:58,29/11/2018 19:58,05/12/2018 19:58,07/12/2018 09:58
ord_001610,cust_001616,delivered,10/09/2017 08:31,10/09/2017 17:31,15/09/2017 17:31,21/09/2017 17:31,25/09/2017 08:31
ord_001611,cust_002787,delivered,01/08/2017 10:57,02/08/2017 02:57,05/08/2017 02:57,12/08/2017 02:57,14/08/2017 10:57
ord_001612,cust_002829,delivered,23/04/2018 19:21,25/04/2018 00:21,30/04/2018 00:21,05/05/2018 00:21,16/05/2018 19:21
ord_001613,cust_000499,delivered,08/02/2018 18:50,09/02/2018 12:50,12/02/2018 12:50,26/02/2018 12:50,01/03/2018 18:50
ord_001614,cust_001794,canceled,28/09/2018 11:38,29/09/2018 21:38,,,18/10/2018 11:38
ord_001615,cust_002304,delivered,01/03/2017 12:43,02/03/2017 06:43,05/03/2017 06:43,07/03/2017 06:43,22/03/2017 12:43
ord_001616,cust_002616,delivered,15/06/2018 16:43,16/06/2018 20:43,17/06/2018 20:43,25/06/2018 20:43,06/07/2018 16:43
ord_001617,cust_001225,delivered,10/08/2018 17:38,11/08/2018 19:38,16/08/2018 19:38,21/08/2018 19:38,31/08/2018 17:38
ord_001618,cust_001911,delivered,17/12/2018 09:51,17/12/2018 21:51,21/12/2018 21:51,03/01/2019 21:51,06/01/2019 09:51
ord_001619,cust_001468,delivered,28/06/2017 10:23,28/06/2017 12:23,04/07/2017 12:23,12/07/2017 12:23,22/07/2017 10:23
ord_001620,cust_001887,shipped,01/10/2017 15:50,02/10/2017 01:50,03/10/2017 01:50,,19/10/2017 15:50
ord_001621,cust_001992,delivered,28/11/2018 17:11,30/11/2018 06:11,04/12/2018 06:11,07/12/2018 06:11,09/12/2018 17:11
ord_001622,cust_001750,delivered,23/06/2018 12:11,24/06/2018 23:11,29/06/2018 23:11,10/07/2018 23:11,09/07/2018 12:11
ord_001623,cust_002350,delivered,23/02/2017 16:43,23/02/2017 21:43,26/02/2017 21:43,06/03/2017 21:43,15/03/2017 16:43
ord_001624,cust_000219,delivered,14/04/2017 18:45,15/04/2017 12:45,17/04/2017 12:45,30/04/2017 12:45,07/05/2017 18:45
ord_001625,cust_000179,canceled,22/09/2018 18:54,24/09/2018 09:54,,,11/10/2018 18:54
ord_001626,cust_002501,delivered,14/05/2018 21:16,16/05/2018 11:16,17/05/2018 11:16,22/05/2018 11:16,28/05/2018 21:16
ord_001627,cust_001164,delivered,13/05/2018 12:03,13/05/2018 12:03,17/05/2018 12:03,29/05/2018 12:03,26/05/2018 12:03
ord_001628,cust_001155,delivered,13/11/2018 12:30,15/11/2018 01:30,20/11/2018 01:30,25/11/2018 01:30,05/12/2018 12:30
ord_001629,cust_002294,delivered,26/09/2017 17:52,28/09/2017 06:52,01/10/2017 06:52,06/10/2017 06:52,09/10/2017 17:52
ord_001630,cust_001641,delivered,13/07/2017 16:58,13/07/2017 21:58,14/07/2017 21:58,19/07/2017 21:58,23/07/2017 16:58
ord_001631,cust_001604,delivered,13/06/2018 16:51,14/06/2018 09:51,19/06/2018 09:51,27/06/2018 09:51,02/07/2018 16:51
ord_001632,cust_002802,delivered,14/11/2018 20:29,14/11/2018 22:29,20/11/2018 22:29,22/11/2018 22:29,01/12/2018 20:29
ord_001633,cust_001025,delivered,17/10/2017 21:51,19/10/2017 04:51,23/10/2017 04:51,02/11/2017 04:51,05/11/2017 21:51
ord_001634,cust_000790,delivered,24/07/2018 12:12,26/07/2018 05:12,27/07/2018 05:12,08/08/2018 05:12,09/08/2018 12:12
ord_001635,cust_000121,delivered,05/07/2017 09:55,05/07/2017 17:55,08/07/2017 17:55,13/07/2017 17:55,24/07/2017 09:55
ord_001636,cust_002829,delivered,24/07/2017 14:34,25/07/2017 06:34,29/07/2017 06:34,02/08/2017 06:34,08/08/2017 14:34
ord_001637,cust_000022,delivered,21/11/2018 12:23,22/11/2018 13:23,28/11/2018 13:23,04/12/2018 13:23,07/12/2018 12:23
ord_001638,cust_001249,delivered,30/05/2017 14:34,30/05/2017 17:34,02/06/2017 17:34,12/06/2017 17:34,11/06/2017 14:34
ord_001639,cust_001275,delivered,05/02/2017 10:47,06/02/2017 00:47,07/02/2017 00:47,15/02/2017 00:47,25/02/2017 10:47
ord_001640,cust_002779,delivered,16/09/2018 13:14,16/09/2018 23:14,21/09/2018 23:14,30/09/2018 23:14,04/10/2018 13:14
ord_001641,cust_001450,delivered,21/12/2017 08:06,21/12/2017 08:06,26/12/2017 08:06,07/01/2018 08:06,04/01/2018 08:06
ord_001642,cust_000021,delivered,16/01/2018 12:43,17/01/2018 20:43,19/01/2018 20:43,02/02/2018 20:43,03/02/2018 12:43
ord_001643,cust_000687,delivered,30/09/2018 20:57,02/10/2018 06:57,05/10/2018 06:57,12/10/2018 06:57,13/10/2018 20:57
ord_001644,cust_001532,delivered,01/08/2017 12:38,01/08/2017 15:38,02/08/2017 15:38,13/08/2017 15:38,22/08/2017 12:38
ord_001645,cust_002398,delivered,05/07/2018 12:08,05/07/2018 18:08,06/07/2018 18:08,14/07/2018 18:08,23/07/2018 12:08
ord_001646,cust_000165,delivered,22/11/2017 16:38,22/11/2017 19:38,24/11/2017 19:38,27/11/2017 19:38,11/12/2017 16:38
ord_001647,cust_002170,delivered,15/05/2017 19:06,17/05/2017 16:06,18/05/2017 16:06,27/05/2017 16:06,03/06/2017 19:06
ord_001648,cust_000520,delivered,27/07/2018 19:18,28/07/2018 22:18,30/07/2018 22:18,13/08/2018 22:18,18/08/2018 19:18
ord_001649,cust_000564,delivered,24/11/2017 12:01,25/11/2017 14:01,29/11/2017 14:01,06/12/2017 14:01,16/12/2017 12:01
ord_001650,cust_000424,delivered,05/11/2018 11:29,05/11/2018 15:29,08/11/2018 15:29,17/11/2018 15:29,19/11/2018 11:29
ord_001651,cust_000563,delivered,25/11/2018 10:19,25/11/2018 10:19,26/11/2018 10:19,07/12/2018 10:19,11/12/2018 10:19
ord_001652,cust_001845,delivered,27/10/2018 15:05,29/10/2018 11:05,02/11/2018 11:05,14/11/2018 11:05,14/11/2018 15:05
ord_001653,cust_002594,delivered,25/11/2017 21:18,27/11/2017 18:18,03/12/2017 18:18,05/12/2017 18:18,16/12/2017 21:18
ord_001654,cust_000204,delivered,22/09/2017 19:38,23/09/2017 21:38,27/09/2017 21:38,29/09/2017 21:38,02/10/2017 19:38
ord_001655,cust_002757,delivered,19/11/2018 19:17,20/11/2018 01:17,22/11/2018 01:17,30/11/2018 01:17,12/12/2018 19:17
ord_001656,cust_000663,delivered,26/02/2018 10:08,26/02/2018 11:08,03/03/2018 11:08,06/03/2018 11:08,12/03/2018 10:08
ord_001657,cust_002953,delivered,08/08/2018 11:32,10/08/2018 03:32,13/08/2018 03:32,26/08/2018 03:32,24/08/2018 11:32
ord_001658,cust_002425,delivered,15/10/2018 17:45,16/10/2018 18:45,17/10/2018 18:45,28/10/2018 18:45,28/10/2018 17:45
ord_001659,cust_002059,delivered,28/10/2017 22:49,29/10/2017 13:49,02/11/2017 13:49,12/11/2017 13:49,15/11/2017 22:49
ord_001660,cust_001473,delivered,31/05/2017 13:28,31/05/2017 13:28,05/06/2017 13:28,14/06/2017 13:28,14/06/2017 13:28
ord_001661,cust_002786,delivered,20/06/2018 22:42,22/06/2018 01:42,24/06/2018 01:42,02/07/2018 01:42,13/07/2018 22:42
ord_001662,cust_001424,delivered,29/05/2018 14:49,31/05/2018 08:49,03/06/2018 08:49,05/06/2018 08:49,12/06/2018 14:49
ord_001663,cust_000445,delivered,21/10/2017 10:40,23/10/2017 02:40,24/10/2017 02:40,05/11/2017 02:40,04/11/2017 10:40
ord_001664,cust_000990,delivered,25/05/2018 22:31,27/05/2018 09:31,30/05/2018 09:31,07/06/2018 09:31,04/06/2018 22:31
ord_001665,cust_000467,delivered,25/09/2018 17:03,25/09/2018 19:03,28/09/2018 19:03,05/10/2018 19:03,15/10/2018 17:03
ord_001666,cust_000787,delivered,12/12/2017 17:17,14/12/2017 05:17,16/12/2017 05:17,23/12/2017 05:17,04/01/2018 17:17
ord_001667,cust_000124,delivered,27/09/2017 22:19,29/09/2017 06:19,03/10/2017 06:19,11/10/2017 06:19,15/10/2017 22:19
ord_001668,cust_001408,delivered,18/08/2018 12:23,20/08/2018 04:23,25/08/2018 04:23,08/09/2018 04:23,10/09/2018 12:23
ord_001669,cust_001615,delivered,22/09/2018 18:57,23/09/2018 01:57,26/09/2018 01:57,30/09/2018 01:57,08/10/2018 18:57
ord_001670,cust_001529,delivered,08/12/2018 13:12,10/12/2018 06:12,15/12/2018 06:12,19/12/2018 06:12,28/12/2018 13:12
ord_001671,cust_000663,delivered,30/06/2017 19:32,02/07/2017 05:32,05/07/2017 05:32,08/07/2017 05:32,22/07/2017 19:32
ord_001672,cust_000797,delivered,17/11/2018 14:59,19/11/2018 02:59,22/11/2018 02:59,02/12/2018 02:59,08/12/2018 14:59
ord_001673,cust_001706,delivered,11/09/2018 15:37,11/09/2018 22:37,15/09/2018 22:37,17/09/2018 22:37,23/09/2018 15:37
ord_001674,cust_000977,delivered,05/08/2018 22:12,07/08/2018 15:12,09/08/2018 15:12,21/08/2018 15:12,29/08/2018 22:12
ord_001675,cust_000023,shipped,22/11/2017 21:57,22/11/2017 22:57,28/11/2017 22:57,,02/12/2017 21:57
ord_001676,cust_002159,delivered,02/02/2017 15:20,03/02/2017 01:20,07/02/2017 01:20,18/02/2017 01:20,13/02/2017 15:20
ord_001677,cust_001586,delivered,05/04/2018 10:02,05/04/2018 17:02,08/04/2018 17:02,16/04/2018 17:02,18/04/2018 10:02
ord_001678,cust_000573,canceled,03/11/2017 22:25,04/11/2017 09:25,,,23/11/2017 22:25
ord_001679,cust_002666,delivered,07/11/2017 18:14,09/11/2017 00:14,14/11/2017 00:14,28/11/2017 00:14,30/11/2017 18:14
ord_001680,cust_000768,delivered,27/11/2018 12:49,29/11/2018 08:49,30/11/2018 08:49,12/12/2018 08:49,15/12/2018 12:49
ord_001681,cust_002177,canceled,05/07/2017 17:13,07/07/2017 16:13,,,20/07/2017 17:13
ord_001682,cust_000137,delivered,28/11/2018 08:49,28/11/2018 13:49,02/12/2018 13:49,07/12/2018 13:49,14/12/2018 08:49
ord_001683,cust_001101,delivered,02/04/2018 09:02,04/04/2018 07:02,07/04/2018 07:02,12/04/2018 07:02,22/04/2018 09:02
ord_001684,cust_000748,delivered,21/10/2018 12:55,21/10/2018 17:55,23/10/2018 17:55,31/10/2018 17:55,03/11/2018 12:55
ord_001685,cust_000204,delivered,02/11/2017 17:02,04/11/2017 04:02,07/11/2017 04:02,17/11/2017 04:02,15/11/2017 17:02
ord_001686,cust_001296,invoiced,25/06/2018 21:56,26/06/2018 05:56,,,09/07/2018 21:56
ord_001687,cust_000735,delivered,07/05/2018 18:04,09/05/2018 09:04,12/05/2018 09:04,14/05/2018 09:04,24/05/2018 18:04
ord_001688,cust_000751,delivered,26/11/2018 08:52,27/11/2018 00:52,01/12/2018 00:52,08/12/2018 00:52,17/12/2018 08:52
ord_001689,cust_001510,delivered,01/08/2017 20:49,03/08/2017 13:49,04/08/2017 13:49,12/08/2017 13:49,18/08/2017 20:49
ord_001690,cust_002624,delivered,24/08/2017 15:35,25/08/2017 17:35,30/08/2017 17:35,09/09/2017 17:35,04/09/2017 15:35
ord_001691,cust_000772,delivered,05/12/2018 10:02,06/12/2018 11:02,07/12/2018 11:02,10/12/2018 11:02,18/12/2018 10:02
ord_001692,cust_000469,delivered,08/05/2017 11:37,09/05/2017 08:37,11/05/2017 08:37,21/05/2017 08:37,18/05/2017 11:37
ord_001693,cust_002329,delivered,26/06/2018 14:37,27/06/2018 00:37,29/06/2018 00:37,03/07/2018 00:37,11/07/2018 14:37
ord_001694,cust_001248,delivered,24/03/2017 14:33,,28/03/2017 14:33,02/04/2017 14:33,10/04/2017 14:33
ord_001695,cust_002805,shipped,13/04/2017 22:37,15/04/2017 05:37,17/04/2017 05:37,,26/04/2017 22:37
ord_001696,cust_002128,canceled,02/06/2018 22:58,03/06/2018 04:58,,,12/06/2018 22:58
ord_001697,cust_000528,delivered,04/05/2018 17:59,04/05/2018 23:59,07/05/2018 23:59,16/05/2018 23:59,15/05/2018 17:59
ord_001698,cust_002301,delivered,18/05/2018 11:31,19/05/2018 07:31,20/05/2018 07:31,22/05/2018 07:31,07/06/2018 11:31
ord_001699,cust_000016,delivered,13/03/2018 09:05,15/03/2018 00:05,18/03/2018 00:05,22/03/2018 00:05,29/03/2018 09:05
ord_001700,cust_001369,delivered,29/08/2018 09:08,30/08/2018 01:08,31/08/2018 01:08,09/09/2018 01:08,22/09/2018 09:08
ord_001701,cust_000252,delivered,27/12/2018 14:43,28/12/2018 09:43,30/12/2018 09:43,04/01/2019 09:43,14/01/2019 14:43
ord_001702,cust_002320,delivered,26/10/2017 22:58,28/10/2017 20:58,01/11/2017 20:58,08/11/2017 20:58,09/11/2017 22:58
ord_001703,cust_002408,delivered,25/11/2017 10:26,25/11/2017 22:26,29/11/2017 22:26,04/12/2017 22:26,06/12/2017 10:26
ord_001704,cust_002817,delivered,25/11/2017 14:05,26/11/2017 07:05,30/11/2017 07:05,08/12/2017 07:05,16/12/2017 14:05
ord_001705,cust_000161,delivered,10/09/2018 08:21,12/09/2018 00:21,15/09/2018 00:21,18/09/2018 00:21,25/09/2018 08:21
ord_001706,cust_002541,delivered,10/12/2017 20:23,11/12/2017 20:23,17/12/2017 20:23,21/12/2017 20:23,28/12/2017 20:23
ord_001707,cust_002238,delivered,21/07/2018 13:59,21/07/2018 18:59,22/07/2018 18:59,05/08/2018 18:59,06/08/2018 13:59
ord_001708,cust_002559,delivered,21/02/2018 13:41,21/02/2018 23:41,24/02/2018 23:41,02/03/2018 23:41,04/03/2018 13:41
ord_001709,cust_001215,delivered,09/06/2018 22:07,11/06/2018 20:07,13/06/2018 20:07,23/06/2018 20:07,02/07/2018 22:07
ord_001710,cust_001958,delivered,16/10/2018 15:20,18/10/2018 05:20,19/10/2018 05:20,21/10/2018 05:20,27/10/2018 15:20
ord_001711,cust_001278,delivered,09/04/2018 09:02,11/04/2018 06:02,15/04/2018 06:02,18/04/2018 06:02,28/04/2018 09:02
ord_001712,cust_002032,delivered,14/03/2018 17:39,15/03/2018 16:39,16/03/2018 16:39,28/03/2018 16:39,26/03/2018 17:39
ord_001713,cust_002192,delivered,19/10/2017 16:40,20/10/2017 21:40,24/10/2017 21:40,30/10/2017 21:40,12/11/2017 16:40
ord_001714,cust_000879,delivered,10/04/2018 18:03,11/04/2018 00:03,17/04/2018 00:03,22/04/2018 00:03,24/04/2018 18:03
ord_001715,cust_000960,delivered,15/10/2017 08:20,16/10/2017 18:20,21/10/2017 18:20,25/10/2017 18:20,01/11/2017 08:20
ord_001716,cust_002951,delivered,24/10/2018 16:54,25/10/2018 19:54,30/10/2018 19:54,04/11/2018 19:54,04/11/2018 16:54
ord_001717,cust_002431,shipped,10/01/2018 22:49,10/01/2018 23:49,12/01/2018 23:49,,01/02/2018 22:49
ord_001718,cust_000161,delivered,11/06/2017 12:34,13/06/2017 04:34,17/06/2017 04:34,29/06/2017 04:34,24/06/2017 12:34
ord_001719,cust_000283,delivered,25/09/2017 09:29,26/09/2017 05:29,30/09/2017 05:29,14/10/2017 05:29,06/10/2017 09:29
ord_001720,cust_002380,delivered,23/04/2018 09:59,25/04/2018 08:59,28/04/2018 08:59,30/04/2018 08:59,07/05/2018 09:59
ord_001721,cust_002155,delivered,24/11/2018 14:43,26/11/2018 08:43,29/11/2018 08:43,02/12/2018 08:43,12/12/2018 14:43
ord_001722,cust_000641,delivered,16/11/2017 09:57,17/11/2017 05:57,18/11/2017 05:57,28/11/2017 05:57,30/11/2017 09:57
ord_001723,cust_002711,delivered,17/10/2017 15:04,17/10/2017 15:04,23/10/2017 15:04,05/11/2017 15:04,01/11/2017 15:04
ord_001724,cust_000052,delivered,24/01/2018 13:12,24/01/2018 20:12,30/01/2018 20:12,05/02/2018 20:12,04/02/2018 13:12
ord_001725,cust_000492,delivered,15/12/2018 09:01,15/12/2018 22:01,20/12/2018 22:01,01/01/2019 22:01,04/01/2019 09:01
ord_001726,cust_001654,delivered,25/10/2018 18:52,26/10/2018 08:52,30/10/2018 08:52,01/11/2018 08:52,09/11/2018 18:52
ord_001727,cust_001664,delivered,02/07/2017 17:41,03/07/2017 09:41,04/07/2017 09:41,15/07/2017 09:41,25/07/2017 17:41
ord_001728,cust_000643,delivered,13/06/2018 08:10,15/06/2018 05:10,19/06/2018 05:10,03/07/2018 05:10,29/06/2018 08:10
ord_001729,cust_001922,delivered,26/09/2018 08:58,27/09/2018 16:58,03/10/2018 16:58,11/10/2018 16:58,16/10/2018 08:58
ord_001730,cust_002518,delivered,12/09/2018 19:57,13/09/2018 04:57,14/09/2018 04:57,23/09/2018 04:57,26/09/2018 19:57
ord_001731,cust_000398,delivered,23/03/2018 21:13,25/03/2018 06:13,28/03/2018 06:13,02/04/2018 06:13,03/04/2018 21:13
ord_001732,cust_002354,delivered,22/08/2018 15:38,22/08/2018 17:38,28/08/2018 17:38,09/09/2018 17:38,10/09/2018 15:38
ord_001733,cust_001629,delivered,25/05/2018 19:40,25/05/2018 22:40,31/05/2018 22:40,12/06/2018 22:40,13/06/2018 19:40
ord_001734,cust_002703,delivered,22/08/2017 14:00,23/08/2017 20:00,26/08/2017 20:00,07/09/2017 20:00,15/09/2017 14:00
ord_001735,cust_000756,delivered,19/03/2017 22:41,20/03/2017 08:41,22/03/2017 08:41,03/04/2017 08:41,09/04/2017 22:41
ord_001736,cust_002056,delivered,27/12/2017 20:13,28/12/2017 16:13,30/12/2017 16:13,02/01/2018 16:13,15/01/2018 20:13
ord_001737,cust_002260,delivered,26/03/2017 09:54,28/03/2017 00:54,31/03/2017 00:54,08/04/2017 00:54,05/04/2017 09:54
ord_001738,cust_001079,delivered,15/01/2018 20:50,16/01/2018 14:50,18/01/2018 14:50,26/01/2018 14:50,06/02/2018 20:50
ord_001739,cust_001704,processing,16/10/2018 14:54,16/10/2018 23:54,,,28/10/2018 14:54
ord_001740,cust_002200,delivered,24/10/2018 11:45,26/10/2018 10:45,27/10/2018 10:45,08/11/2018 10:45,13/11/2018 11:45
ord_001741,cust_001231,delivered,18/02/2017 15:09,19/02/2017 04:09,20/02/2017 04:09,24/02/2017 04:09,10/03/2017 15:09
ord_001742,cust_001981,delivered,05/04/2017 18:21,07/04/2017 01:21,08/04/2017 01:21,15/04/2017 01:21,27/04/2017 18:21
ord_001743,cust_002227,delivered,17/07/2018 10:42,17/07/2018 17:42,22/07/2018 17:42,24/07/2018 17:42,31/07/2018 10:42
ord_001744,cust_000715,delivered,31/03/2018 19:19,01/04/2018 02:19,07/04/2018 02:19,19/04/2018 02:19,17/04/2018 19:19
ord_001745,cust_002195,delivered,02/07/2017 22:42,04/07/2017 10:42,05/07/2017 10:42,09/07/2017 10:42,12/07/2017 22:42
ord_001746,cust_001778,delivered,03/10/2018 08:20,05/10/2018 03:20,11/10/2018 03:20,19/10/2018 03:20,18/10/2018 08:20
ord_001747,cust_000631,delivered,04/09/2017 22:10,04/09/2017 23:10,05/09/2017 23:10,13/09/2017 23:10,27/09/2017 22:10
ord_001748,cust_002525,delivered,15/04/2017 22:31,17/04/2017 20:31,18/04/2017 20:31,21/04/2017 20:31,28/04/2017 22:31
ord_001749,cust_000076,delivered,02/09/2018 18:41,03/09/2018 08:41,05/09/2018 08:41,18/09/2018 08:41,26/09/2018 18:41
ord_001750,cust_001823,delivered,09/06/2018 15:31,11/06/2018 14:31,13/06/2018 14:31,15/06/2018 14:31,19/06/2018 15:31
ord_001751,cust_000744,delivered,15/01/2018 16:38,16/01/2018 17:38,22/01/2018 17:38,01/02/2018 17:38,30/01/2018 16:38
ord_001752,cust_002127,delivered,31/07/2018 19:26,02/08/2018 07:26,03/08/2018 07:26,07/08/2018 07:26,15/08/2018 19:26
ord_001753,cust_002647,delivered,23/11/2018 14:46,23/11/2018 14:46,29/11/2018 14:46,08/12/2018 14:46,17/12/2018 14:46
ord_001754,cust_001996,delivered,18/02/2017 19:38,19/02/2017 02:38,25/02/2017 02:38,01/03/2017 02:38,08/03/2017 19:38
ord_001755,cust_001190,delivered,21/06/2018 14:34,23/06/2018 11:34,26/06/2018 11:34,07/07/2018 11:34,13/07/2018 14:34
ord_001756,cust_001919,delivered,06/09/2017 16:26,06/09/2017 23:26,11/09/2017 23:26,20/09/2017 23:26,28/09/2017 16:26
ord_001757,cust_000604,delivered,13/03/2018 10:32,15/03/2018 03:32,19/03/2018 03:32,29/03/2018 03:32,31/03/2018 10:32
ord_001758,cust_000253,delivered,05/02/2018 14:03,05/02/2018 19:03,11/02/2018 19:03,25/02/2018 19:03,25/02/2018 14:03
ord_001759,cust_001106,delivered,11/01/2018 22:40,13/01/2018 05:40,15/01/2018 05:40,22/01/2018 05:40,01/02/2018 22:40
ord_001760,cust_001841,delivered,11/08/2017 09:12,12/08/2017 02:12,18/08/2017 02:12,29/08/2017 02:12,28/08/2017 09:12
ord_001761,cust_001149,delivered,02/10/2018 16:51,03/10/2018 13:51,06/10/2018 13:51,18/10/2018 13:51,26/10/2018 16:51
ord_001762,cust_000335,delivered,03/01/2018 15:48,05/01/2018 01:48,11/01/2018 01:48,17/01/2018 01:48,19/01/2018 15:48
ord_001763,cust_001362,delivered,16/11/2018 09:31,16/11/2018 16:31,22/11/2018 16:31,28/11/2018 16:31,06/12/2018 09:31
ord_001764,cust_002610,delivered,15/12/2017 20:50,16/12/2017 12:50,22/12/2017 12:50,02/01/2018 12:50,30/12/2017 20:50
ord_001765,cust_001350,delivered,22/10/2018 11:40,23/10/2018 13:40,28/10/2018 13:40,11/11/2018 13:40,06/11/2018 11:40
ord_001766,cust_001379,delivered,30/04/2018 08:08,01/05/2018 01:08,04/05/2018 01:08,06/05/2018 01:08,15/05/2018 08:08
ord_001767,cust_000894,delivered,08/01/2018 21:44,09/01/2018 08:44,14/01/2018 08:44,17/01/2018 08:44,20/01/2018 21:44
ord_001768,cust_001429,delivered,06/08/2018 11:59,06/08/2018 13:59,08/08/2018 13:59,12/08/2018 13:59,28/08/2018 11:59
ord_001769,cust_000898,delivered,23/09/2018 22:02,25/09/2018 04:02,27/09/2018 04:02,07/10/2018 04:02,09/10/2018 22:02
ord_001770,cust_002871,delivered,19/03/2018 08:14,19/03/2018 10:14,24/03/2018 10:14,31/03/2018 10:14,08/04/2018 08:14
ord_001771,cust_002399,delivered,06/02/2018 19:35,07/02/2018 01:35,12/02/2018 01:35,20/02/2018 01:35,18/02/2018 19:35
ord_001772,cust_002104,delivered,21/05/2018 15:24,22/05/2018 02:24,24/05/2018 02:24,30/05/2018 02:24,10/06/2018 15:24
ord_001773,cust_001989,delivered,26/05/2018 15:38,28/05/2018 01:38,03/06/2018 01:38,10/06/2018 01:38,05/06/2018 15:38
ord_001774,cust_000975,delivered,06/02/2018 08:35,06/02/2018 13:35,11/02/2018 13:35,23/02/2018 13:35,25/02/2018 08:35
ord_001775,cust_002038,delivered,06/09/2018 11:47,07/09/2018 02:47,13/09/2018 02:47,20/09/2018 02:47,22/09/2018 11:47
ord_001776,cust_002884,delivered,18/01/2018 10:04,18/01/2018 13:04,21/01/2018 13:04,28/01/2018 13:04,29/01/2018 10:04
ord_001777,cust_000571,delivered,26/02/2018 14:26,27/02/2018 14:26,03/03/2018 14:26,05/03/2018 14:26,12/03/2018 14:26
ord_001778,cust_002581,delivered,07/06/2018 15:51,07/06/2018 23:51,11/06/2018 23:51,17/06/2018 23:51,17/06/2018 15:51
ord_001779,cust_002975,delivered,25/12/2018 18:21,26/12/2018 01:21,27/12/2018 01:21,07/01/2019 01:21,05/01/2019 18:21
ord_001780,cust_000186,delivered,13/10/2017 18:30,14/10/2017 09:30,16/10/2017 09:30,19/10/2017 09:30,04/11/2017 18:30
ord_001781,cust_000260,delivered,18/09/2017 11:01,18/09/2017 23:01,24/09/2017 23:01,30/09/2017 23:01,11/10/2017 11:01
ord_001782,cust_001459,delivered,29/07/2017 08:13,29/07/2017 10:13,03/08/2017 10:13,08/08/2017 10:13,20/08/2017 08:13
ord_001783,cust_002047,shipped,29/07/2018 20:27,30/07/2018 17:27,03/08/2018 17:27,,09/08/2018 20:27
ord_001784,cust_001563,delivered,23/02/2018 14:23,24/02/2018 14:23,25/02/2018 14:23,09/03/2018 14:23,13/03/2018 14:23
ord_001785,cust_002230,delivered,10/01/2018 11:42,11/01/2018 08:42,12/01/2018 08:42,25/01/2018 08:42,29/01/2018 11:42
ord_001786,cust_002467,delivered,24/08/2017 08:36,25/08/2017 05:36,29/08/2017 05:36,04/09/2017 05:36,08/09/2017 08:36
ord_001787,cust_000801,delivered,19/11/2018 22:52,21/11/2018 21:52,22/11/2018 21:52,01/12/2018 21:52,07/12/2018 22:52
ord_001788,cust_001562,shipped,19/02/2018 13:51,20/02/2018 02:51,21/02/2018 02:51,,05/03/2018 13:51
ord_001789,cust_000231,delivered,09/06/2018 11:14,10/06/2018 03:14,14/06/2018 03:14,27/06/2018 03:14,03/07/2018 11:14
ord_001790,cust_000354,delivered,24/05/2017 13:01,25/05/2017 13:01,31/05/2017 13:01,09/06/2017 13:01,06/06/2017 13:01
ord_001791,cust_002212,delivered,19/05/2017 11:51,19/05/2017 15:51,25/05/2017 15:51,28/05/2017 15:51,01/06/2017 11:51
ord_001792,cust_002690,delivered,02/04/2017 19:19,04/04/2017 18:19,07/04/2017 18:19,13/04/2017 18:19,23/04/2017 19:19
ord_001793,cust_001696,delivered,25/12/2017 12:20,26/12/2017 13:20,01/01/2018 13:20,06/01/2018 13:20,07/01/2018 12:20
ord_001794,cust_002187,delivered,12/03/2018 09:09,13/03/2018 18:09,17/03/2018 18:09,27/03/2018 18:09,04/04/2018 09:09
ord_001795,cust_002896,delivered,29/09/2017 22:41,30/09/2017 13:41,06/10/2017 13:41,10/10/2017 13:41,18/10/2017 22:41
ord_001796,cust_000233,delivered,11/12/2017 18:16,13/12/2017 03:16,15/12/2017 03:16,17/12/2017 03:16,03/01/2018 18:16
ord_001797,cust_002183,delivered,10/01/2017 20:10,12/01/2017 14:10,16/01/2017 14:10,29/01/2017 14:10,28/01/2017 20:10
ord_001798,cust_001870,delivered,12/12/2017 22:30,14/12/2017 01:30,20/12/2017 01:30,23/12/2017 01:30,05/01/2018 22:30
ord_001799,cust_002789,delivered,31/05/2017 12:45,31/05/2017 22:45,06/06/2017 22:45,18/06/2017 22:45,22/06/2017 12:45
ord_001800,cust_000904,processing,10/06/2017 14:16,11/06/2017 22:16,,,02/07/2017 14:16
ord_001801,cust_001902,delivered,07/01/2017 18:43,09/01/2017 11:43,10/01/2017 11:43,22/01/2017 11:43,19/01/2017 18:43
ord_001802,cust_002527,delivered,02/08/2018 17:27,04/08/2018 02:27,08/08/2018 02:27,16/08/2018 02:27,24/08/2018 17:27
ord_001803,cust_001494,delivered,28/11/2018 12:24,29/11/2018 19:24,30/11/2018 19:24,09/12/2018 19:24,12/12/2018 12:24
ord_001804,cust_000810,delivered,18/06/2018 21:21,19/06/2018 19:21,22/06/2018 19:21,03/07/2018 19:21,10/07/2018 21:21
ord_001805,cust_002834,delivered,06/05/2017 22:08,07/05/2017 07:08,08/05/2017 07:08,12/05/2017 07:08,16/05/2017 22:08
ord_001806,cust_000469,delivered,26/12/2018 10:19,27/12/2018 20:19,01/01/2019 20:19,08/01/2019 20:19,05/01/2019 10:19
ord_001807,cust_002456,canceled,19/12/2018 08:52,20/12/2018 03:52,,,08/01/2019 08:52
ord_001808,cust_002514,delivered,09/03/2018 13:06,10/03/2018 00:06,11/03/2018 00:06,16/03/2018 00:06,19/03/2018 13:06
ord_001809,cust_000105,delivered,19/05/2017 17:57,20/05/2017 16:57,26/05/2017 16:57,04/06/2017 16:57,02/06/2017 17:57
ord_001810,cust_001055,delivered,16/08/2018 22:06,16/08/2018 23:06,22/08/2018 23:06,29/08/2018 23:06,01/09/2018 22:06
ord_001811,cust_001749,delivered,12/12/2018 19:21,13/12/2018 20:21,19/12/2018 20:21,21/12/2018 20:21,25/12/2018 19:21
ord_001812,cust_000305,delivered,18/09/2018 20:36,19/09/2018 22:36,22/09/2018 22:36,25/09/2018 22:36,09/10/2018 20:36
ord_001813,cust_000448,delivered,19/06/2018 18:50,20/06/2018 13:50,26/06/2018 13:50,06/07/2018 13:50,08/07/2018 18:50
ord_001814,cust_000992,delivered,11/06/2018 21:08,13/06/2018 06:08,19/06/2018 06:08,28/06/2018 06:08,30/06/2018 21:08
ord_001815,cust_002843,invoiced,20/12/2018 18:08,21/12/2018 22:08,,,02/01/2019 18:08
ord_001816,cust_001283,delivered,09/04/2017 22:37,10/04/2017 15:37,13/04/2017 15:37,15/04/2017 15:37,19/04/2017 22:37
ord_001817,cust_002027,delivered,02/07/2017 10:17,03/07/2017 20:17,08/07/2017 20:17,14/07/2017 20:17,12/07/2017 10:17
ord_001818,cust_001816,delivered,17/10/2018 21:38,18/10/2018 02:38,19/10/2018 02:38,26/10/2018 02:38,30/10/2018 21:38
ord_001819,cust_001354,delivered,28/06/2017 11:49,29/06/2017 11:49,02/07/2017 11:49,12/07/2017 11:49,11/07/2017 11:49
ord_001820,cust_000257,delivered,06/01/2018 18:04,07/01/2018 00:04,08/01/2018 00:04,15/01/2018 00:04,25/01/2018 18:04
ord_001821,cust_002879,delivered,31/10/2017 12:50,01/11/2017 16:50,06/11/2017 16:50,14/11/2017 16:50,22/11/2017 12:50
ord_001822,cust_001611,delivered,28/09/2017 13:02,28/09/2017 13:02,29/09/2017 13:02,12/10/2017 13:02,12/10/2017 13:02
ord_001823,cust_001009,delivered,07/02/2017 17:53,09/02/2017 10:53,14/02/2017 10:53,16/02/2017 10:53,25/02/2017 17:53
ord_001824,cust_001328,delivered,14/05/2018 16:58,14/05/2018 17:58,18/05/2018 17:58,31/05/2018 17:58,06/06/2018 16:58
ord_001825,cust_001332,delivered,19/01/2018 09:40,20/01/2018 08:40,23/01/2018 08:40,28/01/2018 08:40,05/02/2018 09:40
ord_001826,cust_002936,delivered,04/05/2018 17:59,06/05/2018 00:59,10/05/2018 00:59,12/05/2018 00:59,17/05/2018 17:59
ord_001827,cust_001197,delivered,19/11/2017 15:49,20/11/2017 10:49,21/11/2017 10:49,29/11/2017 10:49,06/12/2017 15:49
ord_001828,cust_002955,delivered,01/12/2018 10:02,01/12/2018 20:02,06/12/2018 20:02,10/12/2018 20:02,11/12/2018 10:02
ord_001829,cust_000395,delivered,30/05/2018 18:00,31/05/2018 05:00,02/06/2018 05:00,13/06/2018 05:00,23/06/2018 18:00
ord_001830,cust_000602,shipped,12/12/2018 21:01,14/12/2018 13:01,20/12/2018 13:01,,04/01/2019 21:01
ord_001831,cust_000449,delivered,12/12/2017 18:27,13/12/2017 00:27,19/12/2017 00:27,26/12/2017 00:27,22/12/2017 18:27
ord_001832,cust_002840,delivered,04/01/2017 17:37,06/01/2017 03:37,10/01/2017 03:37,22/01/2017 03:37,17/01/2017 17:37
ord_001833,cust_001773,delivered,20/09/2018 14:28,21/09/2018 04:28,25/09/2018 04:28,29/09/2018 04:28,02/10/2018 14:28
ord_001834,cust_001472,delivered,15/10/2018 15:40,15/10/2018 15:40,21/10/2018 15:40,27/10/2018 15:40,07/11/2018 15:40
ord_001835,cust_000208,delivered,22/03/2017 18:26,23/03/2017 13:26,26/03/2017 13:26,28/03/2017 13:26,13/04/2017 18:26
ord_001836,cust_000499,delivered,20/06/2018 13:02,20/06/2018 17:02,23/06/2018 17:02,03/07/2018 17:02,05/07/2018 13:02
ord_001837,cust_002793,delivered,12/07/2018 19:13,14/07/2018 07:13,20/07/2018 07:13,31/07/2018 07:13,30/07/2018 19:13
ord_001838,cust_002890,invoiced,28/06/2017 14:59,30/06/2017 02:59,,,17/07/2017 14:59
ord_001839,cust_000982,delivered,05/05/2018 19:20,06/05/2018 05:20,09/05/2018 05:20,15/05/2018 05:20,29/05/2018 19:20
ord_001840,cust_002132,delivered,28/09/2017 15:19,30/09/2017 04:19,01/10/2017 04:19,13/10/2017 04:19,20/10/2017 15:19
ord_001841,cust_000962,delivered,25/01/2017 17:09,27/01/2017 02:09,29/01/2017 02:09,08/02/2017 02:09,14/02/2017 17:09
ord_001842,cust_002891,delivered,06/11/2018 22:59,08/11/2018 06:59,10/11/2018 06:59,19/11/2018 06:59,22/11/2018 22:59
ord_001843,cust_000419,canceled,25/03/2018 12:13,25/03/2018 15:13,,,14/04/2018 12:13
ord_001844,cust_000271,delivered,20/09/2018 16:38,20/09/2018 22:38,24/09/2018 22:38,06/10/2018 22:38,09/10/2018 16:38
ord_001845,cust_001052,delivered,17/08/2018 17:02,18/08/2018 00:02,21/08/2018 00:02,01/09/2018 00:02,04/09/2018 17:02
ord_001846,cust_000534,delivered,28/12/2018 18:03,30/12/2018 09:03,05/01/2019 09:03,18/01/2019 09:03,10/01/2019 18:03
ord_001847,cust_002073,delivered,15/02/2018 13:43,16/02/2018 04:43,19/02/2018 04:43,25/02/2018 04:43,25/02/2018 13:43
ord_001848,cust_002751,delivered,08/02/2018 21:38,09/02/2018 22:38,12/02/2018 22:38,21/02/2018 22:38,25/02/2018 21:38
ord_001849,cust_002871,delivered,31/10/2017 10:40,01/11/2017 08:40,06/11/2017 08:40,08/11/2017 08:40,23/11/2017 10:40
ord_001850,cust_002946,delivered,20/06/2018 08:13,22/06/2018 07:13,24/06/2018 07:13,03/07/2018 07:13,14/07/2018 08:13
ord_001851,cust_000577,delivered,21/03/2018 09:59,21/03/2018 17:59,24/03/2018 17:59,01/04/2018 17:59,07/04/2018 09:59
ord_001852,cust_000155,delivered,21/08/2018 13:33,23/08/2018 02:33,28/08/2018 02:33,09/09/2018 02:33,14/09/2018 13:33
ord_001853,cust_000532,delivered,17/12/2017 19:58,18/12/2017 00:58,20/12/2017 00:58,31/12/2017 00:58,27/12/2017 19:58
ord_001854,cust_002275,delivered,13/06/2017 22:09,15/06/2017 20:09,18/06/2017 20:09,02/07/2017 20:09,05/07/2017 22:09
ord_001855,cust_000417,delivered,03/11/2018 13:24,04/11/2018 16:24,05/11/2018 16:24,19/11/2018 16:24,16/11/2018 13:24
ord_001856,cust_002051,delivered,16/10/2018 19:20,17/10/2018 07:20,22/10/2018 07:20,26/10/2018 07:20,31/10/2018 19:20
ord_001857,cust_001721,delivered,12/12/2017 11:45,13/12/2017 06:45,19/12/2017 06:45,02/01/2018 06:45,27/12/2017 11:45
ord_001858,cust_002370,delivered,29/07/2018 15:44,31/07/2018 01:44,05/08/2018 01:44,07/08/2018 01:44,11/08/2018 15:44
ord_001859,cust_000350,canceled,26/03/2018 13:29,27/03/2018 08:29,,,09/04/2018 13:29
ord_001860,cust_001317,delivered,08/09/2018 08:00,08/09/2018 11:00,14/09/2018 11:00,28/09/2018 11:00,26/09/2018 08:00
ord_001861,cust_000264,delivered,11/01/2018 08:10,11/01/2018 22:10,17/01/2018 22:10,26/01/2018 22:10,21/01/2018 08:10
ord_001862,cust_000066,delivered,24/04/2018 13:03,26/04/2018 08:03,29/04/2018 08:03,13/05/2018 08:03,07/05/2018 13:03
ord_001863,cust_002231,delivered,21/03/2017 10:50,22/03/2017 03:50,26/03/2017 03:50,04/04/2017 03:50,04/04/2017 10:50
ord_001864,cust_001656,delivered,27/07/2017 20:17,28/07/2017 19:17,03/08/2017 19:17,13/08/2017 19:17,07/08/2017 20:17
ord_001865,cust_002379,shipped,20/09/2018 22:07,21/09/2018 06:07,23/09/2018 06:07,,13/10/2018 22:07
ord_001866,cust_000235,delivered,05/01/2018 08:21,05/01/2018 09:21,10/01/2018 09:21,24/01/2018 09:21,21/01/2018 08:21
ord_001867,cust_000943,delivered,20/02/2017 11:04,20/02/2017 23:04,23/02/2017 23:04,26/02/2017 23:04,10/03/2017 11:04
ord_001868,cust_000410,delivered,20/07/2017 20:58,22/07/2017 13:58,23/07/2017 13:58,30/07/2017 13:58,07/08/2017 20:58
ord_001869,cust_001744,delivered,27/01/2018 12:18,28/01/2018 14:18,31/01/2018 14:18,10/02/2018 14:18,10/02/2018 12:18
ord_001870,cust_001686,delivered,14/08/2018 18:55,15/08/2018 12:55,19/08/2018 12:55,27/08/2018 12:55,28/08/2018 18:55
ord_001871,cust_002227,delivered,22/12/2017 12:40,23/12/2017 13:40,28/12/2017 13:40,11/01/2018 13:40,02/01/2018 12:40
ord_001872,cust_000268,delivered,30/08/2018 08:33,31/08/2018 23:33,01/09/2018 23:33,10/09/2018 23:33,21/09/2018 08:33
ord_001873,cust_000146,delivered,01/11/2018 22:28,03/11/2018 17:28,07/11/2018 17:28,10/11/2018 17:28,22/11/2018 22:28
ord_001874,cust_002564,delivered,05/12/2017 17:41,06/12/2017 08:41,10/12/2017 08:41,19/12/2017 08:41,24/12/2017 17:41
ord_001875,cust_001904,delivered,30/09/2018 17:41,02/10/2018 08:41,06/10/2018 08:41,12/10/2018 08:41,20/10/2018 17:41
ord_001876,cust_000354,delivered,08/06/2017 21:00,10/06/2017 11:00,15/06/2017 11:00,23/06/2017 11:00,30/06/2017 21:00
ord_001877,cust_000858,delivered,30/01/2018 21:54,30/01/2018 21:54,04/02/2018 21:54,07/02/2018 21:54,09/02/2018 21:54
ord_001878,cust_001226,delivered,07/05/2017 21:22,09/05/2017 15:22,12/05/2017 15:22,25/05/2017 15:22,27/05/2017 21:22
ord_001879,cust_001227,delivered,14/03/2017 16:21,15/03/2017 03:21,17/03/2017 03:21,24/03/2017 03:21,07/04/2017 16:21
ord_001880,cust_002199,delivered,29/03/2017 20:24,31/03/2017 08:24,06/04/2017 08:24,18/04/2017 08:24,20/04/2017 20:24
ord_001881,cust_001068,delivered,15/05/2017 12:41,17/05/2017 06:41,23/05/2017 06:41,31/05/2017 06:41,28/05/2017 12:41
ord_001882,cust_001790,delivered,20/10/2018 08:22,21/10/2018 11:22,22/10/2018 11:22,05/11/2018 11:22,07/11/2018 08:22
ord_001883,cust_002155,delivered,29/04/2018 11:22,30/04/2018 02:22,03/05/2018 02:22,09/05/2018 02:22,12/05/2018 11:22
ord_001884,cust_000304,delivered,04/12/2018 14:03,06/12/2018 07:03,11/12/2018 07:03,14/12/2018 07:03,15/12/2018 14:03
ord_001885,cust_001406,delivered,25/04/2018 20:24,26/04/2018 18:24,30/04/2018 18:24,08/05/2018 18:24,09/05/2018 20:24
ord_001886,cust_000764,delivered,22/06/2018 13:08,24/06/2018 01:08,30/06/2018 01:08,02/07/2018 01:08,07/07/2018 13:08
ord_001887,cust_002280,delivered,05/08/2017 22:51,07/08/2017 06:51,09/08/2017 06:51,21/08/2017 06:51,29/08/2017 22:51
ord_001888,cust_000393,delivered,27/04/2018 15:20,28/04/2018 06:20,04/05/2018 06:20,17/05/2018 06:20,14/05/2018 15:20
ord_001889,cust_000945,delivered,08/01/2018 15:57,09/01/2018 17:57,11/01/2018 17:57,15/01/2018 17:57,30/01/2018 15:57
ord_001890,cust_001860,delivered,28/11/2018 11:41,28/11/2018 20:41,29/11/2018 20:41,01/12/2018 20:41,22/12/2018 11:41
ord_001891,cust_001623,delivered,28/11/2018 21:45,28/11/2018 21:45,03/12/2018 21:45,14/12/2018 21:45,17/12/2018 21:45
ord_001892,cust_000117,delivered,19/08/2017 21:56,21/08/2017 06:56,27/08/2017 06:56,06/09/2017 06:56,05/09/2017 21:56
ord_001893,cust_002720,delivered,17/06/2018 08:14,17/06/2018 17:14,20/06/2018 17:14,02/07/2018 17:14,04/07/2018 08:14
ord_001894,cust_000231,delivered,28/06/2018 10:34,29/06/2018 10:34,30/06/2018 10:34,09/07/2018 10:34,19/07/2018 10:34
ord_001895,cust_001314,delivered,11/05/2018 14:02,11/05/2018 18:02,17/05/2018 18:02,26/05/2018 18:02,25/05/2018 14:02
ord_001896,cust_000180,delivered,06/06/2017 16:06,07/06/2017 23:06,08/06/2017 23:06,13/06/2017 23:06,22/06/2017 16:06
ord_001897,cust_001728,delivered,07/07/2018 14:21,07/07/2018 22:21,11/07/2018 22:21,17/07/2018 22:21,22/07/2018 14:21
ord_001898,cust_001064,delivered,30/09/2018 21:40,01/10/2018 08:40,02/10/2018 08:40,12/10/2018 08:40,13/10/2018 21:40
ord_001899,cust_002011,delivered,08/12/2017 17:49,09/12/2017 00:49,13/12/2017 00:49,27/12/2017 00:49,22/12/2017 17:49
ord_001900,cust_001881,delivered,10/04/2018 10:15,12/04/2018 06:15,13/04/2018 06:15,19/04/2018 06:15,21/04/2018 10:15
ord_001901,cust_002736,delivered,28/05/2017 19:44,30/05/2017 00:44,02/06/2017 00:44,08/06/2017 00:44,19/06/2017 19:44
ord_001902,cust_000135,canceled,27/11/2018 08:13,28/11/2018 15:13,,,20/12/2018 08:13
ord_001903,cust_001908,delivered,21/05/2017 11:00,22/05/2017 06:00,28/05/2017 06:00,30/05/2017 06:00,10/06/2017 11:00
ord_001904,cust_001020,delivered,28/08/2017 17:03,30/08/2017 10:03,04/09/2017 10:03,14/09/2017 10:03,18/09/2017 17:03
ord_001905,cust_001837,delivered,14/11/2017 20:35,14/11/2017 23:35,20/11/2017 23:35,23/11/2017 23:35,30/11/2017 20:35
ord_001906,cust_002885,delivered,14/10/2018 19:29,15/10/2018 14:29,19/10/2018 14:29,29/10/2018 14:29,31/10/2018 19:29
ord_001907,cust_002500,delivered,04/08/2018 22:16,05/08/2018 01:16,07/08/2018 01:16,20/08/2018 01:16,28/08/2018 22:16
ord_001908,cust_002919,delivered,11/01/2017 16:00,13/01/2017 01:00,16/01/2017 01:00,29/01/2017 01:00,21/01/2017 16:00
ord_001909,cust_002975,delivered,04/08/2017 20:34,06/08/2017 17:34,10/08/2017 17:34,13/08/2017 17:34,16/08/2017 20:34
ord_001910,cust_002336,delivered,02/09/2018 10:49,03/09/2018 22:49,07/09/2018 22:49,16/09/2018 22:49,24/09/2018 10:49
ord_001911,cust_002696,shipped,22/01/2018 22:04,23/01/2018 05:04,29/01/2018 05:04,,02/02/2018 22:04
ord_001912,cust_002058,delivered,08/02/2017 20:44,10/02/2017 09:44,16/02/2017 09:44,24/02/2017 09:44,01/03/2017 20:44
ord_001913,cust_000374,invoiced,13/12/2018 13:38,14/12/2018 01:38,,,28/12/2018 13:38
ord_001914,cust_002681,delivered,04/07/2017 19:28,05/07/2017 11:28,10/07/2017 11:28,24/07/2017 11:28,24/07/2017 19:28
ord_001915,cust_002029,invoiced,07/04/2018 17:02,08/04/2018 20:02,,,01/05/2018 17:02
ord_001916,cust_002593,delivered,03/10/2017 21:55,04/10/2017 18:55,08/10/2017 18:55,17/10/2017 18:55,21/10/2017 21:55
ord_001917,cust_000985,delivered,26/08/2018 11:28,26/08/2018 19:28,01/09/2018 19:28,11/09/2018 19:28,05/09/2018 11:28
ord_001918,cust_001758,delivered,17/09/2018 11:23,18/09/2018 12:23,24/09/2018 12:23,02/10/2018 12:23,04/10/2018 11:23
ord_001919,cust_001243,delivered,17/01/2018 12:51,17/01/2018 21:51,20/01/2018 21:51,26/01/2018 21:51,28/01/2018 12:51
ord_001920,cust_000035,delivered,10/07/2018 18:50,12/07/2018 04:50,13/07/2018 04:50,25/07/2018 04:50,03/08/2018 18:50
ord_001921,cust_001936,delivered,23/11/2018 19:43,23/11/2018 22:43,29/11/2018 22:43,09/12/2018 22:43,08/12/2018 19:43
ord_001922,cust_000909,delivered,08/10/2018 10:49,10/10/2018 00:49,16/10/2018 00:49,25/10/2018 00:49,01/11/2018 10:49
ord_001923,cust_000435,delivered,30/01/2018 19:07,01/02/2018 18:07,04/02/2018 18:07,06/02/2018 18:07,23/02/2018 19:07
ord_001924,cust_000632,delivered,18/02/2018 09:45,19/02/2018 20:45,20/02/2018 20:45,25/02/2018 20:45,04/03/2018 09:45
ord_001925,cust_002078,delivered,16/11/2018 13:19,17/11/2018 18:19,21/11/2018 18:19,26/11/2018 18:19,01/12/2018 13:19
ord_001926,cust_002138,delivered,19/02/2017 13:52,20/02/2017 10:52,25/02/2017 10:52,07/03/2017 10:52,14/03/2017 13:52
ord_001927,cust_000880,delivered,03/02/2017 13:22,04/02/2017 14:22,07/02/2017 14:22,10/02/2017 14:22,23/02/2017 13:22
ord_001928,cust_001022,delivered,25/08/2017 13:03,26/08/2017 13:03,27/08/2017 13:03,02/09/2017 13:03,11/09/2017 13:03
ord_001929,cust_002457,delivered,15/10/2018 08:24,17/10/2018 02:24,20/10/2018 02:24,27/10/2018 02:24,06/11/2018 08:24
ord_001930,cust_001422,delivered,06/07/2017 08:45,06/07/2017 14:45,10/07/2017 14:45,21/07/2017 14:45,19/07/2017 08:45
ord_001931,cust_001115,delivered,03/11/2017 14:30,04/11/2017 18:30,10/11/2017 18:30,13/11/2017 18:30,23/11/2017 14:30
ord_001932,cust_002565,delivered,22/06/2018 13:45,23/06/2018 15:45,28/06/2018 15:45,07/07/2018 15:45,07/07/2018 13:45
ord_001933,cust_000149,delivered,05/08/2017 14:02,06/08/2017 02:02,11/08/2017 02:02,20/08/2017 02:02,16/08/2017 14:02
ord_001934,cust_002035,delivered,18/11/2017 15:10,19/11/2017 10:10,22/11/2017 10:10,03/12/2017 10:10,03/12/2017 15:10
ord_001935,cust_001796,delivered,08/03/2018 16:33,09/03/2018 14:33,15/03/2018 14:33,19/03/2018 14:33,20/03/2018 16:33
ord_001936,cust_001192,delivered,15/09/2017 15:23,15/09/2017 16:23,17/09/2017 16:23,26/09/2017 16:23,09/10/2017 15:23
ord_001937,cust_002249,delivered,28/12/2018 16:40,29/12/2018 14:40,31/12/2018 14:40,07/01/2019 14:40,10/01/2019 16:40
ord_001938,cust_000839,delivered,16/07/2017 21:57,17/07/2017 05:57,23/07/2017 05:57,28/07/2017 05:57,08/08/2017 21:57
ord_001939,cust_001850,delivered,27/10/2018 09:39,28/10/2018 04:39,03/11/2018 04:39,05/11/2018 04:39,17/11/2018 09:39
ord_001940,cust_000772,delivered,10/03/2018 09:25,10/03/2018 22:25,15/03/2018 22:25,21/03/2018 22:25,25/03/2018 09:25
ord_001941,cust_002336,delivered,11/06/2017 19:32,13/06/2017 07:32,18/06/2017 07:32,25/06/2017 07:32,03/07/2017 19:32
ord_001942,cust_001252,delivered,31/05/2017 20:54,02/06/2017 18:54,08/06/2017 18:54,10/06/2017 18:54,10/06/2017 20:54
ord_001943,cust_002412,delivered,31/03/2018 22:40,01/04/2018 03:40,02/04/2018 03:40,14/04/2018 03:40,12/04/2018 22:40
ord_001944,cust_001741,delivered,14/12/2017 18:48,15/12/2017 06:48,20/12/2017 06:48,30/12/2017 06:48,05/01/2018 18:48
ord_001945,cust_000126,delivered,21/09/2017 11:18,21/09/2017 18:18,24/09/2017 18:18,30/09/2017 18:18,06/10/2017 11:18
ord_001946,cust_001847,delivered,10/12/2018 13:44,11/12/2018 12:44,15/12/2018 12:44,17/12/2018 12:44,22/12/2018 13:44
ord_001947,cust_000005,delivered,06/03/2018 13:08,07/03/2018 06:08,09/03/2018 06:08,20/03/2018 06:08,18/03/2018 13:08
ord_001948,cust_002199,delivered,27/11/2018 19:44,28/11/2018 16:44,01/12/2018 16:44,03/12/2018 16:44,19/12/2018 19:44
ord_001949,cust_000672,delivered,17/07/2017 16:52,17/07/2017 19:52,19/07/2017 19:52,26/07/2017 19:52,03/08/2017 16:52
ord_001950,cust_002946,delivered,04/08/2017 19:54,06/08/2017 12:54,10/08/2017 12:54,14/08/2017 12:54,20/08/2017 19:54
ord_001951,cust_000674,delivered,01/06/2018 11:06,03/06/2018 10:06,09/06/2018 10:06,14/06/2018 10:06,16/06/2018 11:06
ord_001952,cust_001361,delivered,21/10/2017 13:49,23/10/2017 08:49,24/10/2017 08:49,04/11/2017 08:49,01/11/2017 13:49
ord_001953,cust_001688,delivered,06/08/2017 21:06,07/08/2017 20:06,13/08/2017 20:06,18/08/2017 20:06,30/08/2017 21:06
ord_001954,cust_000427,delivered,04/05/2017 20:28,06/05/2017 04:28,10/05/2017 04:28,15/05/2017 04:28,17/05/2017 20:28
ord_001955,cust_000687,delivered,13/04/2017 20:40,13/04/2017 22:40,14/04/2017 22:40,19/04/2017 22:40,28/04/2017 20:40
ord_001956,cust_002916,delivered,04/09/2018 08:29,05/09/2018 13:29,09/09/2018 13:29,12/09/2018 13:29,26/09/2018 08:29
ord_001957,cust_001094,delivered,31/10/2017 09:20,01/11/2017 14:20,02/11/2017 14:20,13/11/2017 14:20,10/11/2017 09:20
ord_001958,cust_002314,delivered,20/12/2018 19:41,22/12/2018 06:41,27/12/2018 06:41,04/01/2019 06:41,07/01/2019 19:41
ord_001959,cust_001360,delivered,04/08/2017 18:39,06/08/2017 07:39,08/08/2017 07:39,12/08/2017 07:39,21/08/2017 18:39
ord_001960,cust_000637,delivered,15/12/2017 08:34,15/12/2017 08:34,16/12/2017 08:34,22/12/2017 08:34,04/01/2018 08:34
ord_001961,cust_001802,delivered,31/12/2017 15:31,01/01/2018 10:31,07/01/2018 10:31,21/01/2018 10:31,23/01/2018 15:31
ord_001962,cust_000416,delivered,31/03/2018 11:42,01/04/2018 10:42,05/04/2018 10:42,14/04/2018 10:42,11/04/2018 11:42
ord_001963,cust_002990,delivered,07/11/2018 17:24,08/11/2018 16:24,12/11/2018 16:24,22/11/2018 16:24,22/11/2018 17:24
ord_001964,cust_002026,delivered,19/10/2018 08:04,20/10/2018 10:04,25/10/2018 10:04,07/11/2018 10:04,03/11/2018 08:04
ord_001965,cust_002065,canceled,16/01/2017 13:32,17/01/2017 22:32,,,07/02/2017 13:32
ord_001966,cust_000077,delivered,25/01/2018 22:43,27/01/2018 02:43,01/02/2018 02:43,07/02/2018 02:43,10/02/2018 22:43
ord_001967,cust_000797,delivered,15/10/2018 15:17,16/10/2018 02:17,20/10/2018 02:17,03/11/2018 02:17,31/10/2018 15:17
ord_001968,cust_001159,delivered,01/01/2017 10:08,02/01/2017 17:08,03/01/2017 17:08,12/01/2017 17:08,15/01/2017 10:08
ord_001969,cust_001052,delivered,22/04/2018 09:54,23/04/2018 13:54,29/04/2018 13:54,03/05/2018 13:54,10/05/2018 09:54
ord_001970,cust_000341,delivered,12/10/2017 08:51,12/10/2017 17:51,18/10/2017 17:51,31/10/2017 17:51,31/10/2017 08:51
ord_001971,cust_000130,delivered,28/01/2018 16:37,29/01/2018 22:37,31/01/2018 22:37,11/02/2018 22:37,14/02/2018 16:37
ord_001972,cust_001786,delivered,03/02/2018 22:47,04/02/2018 23:47,08/02/2018 23:47,15/02/2018 23:47,22/02/2018 22:47
ord_001973,cust_001258,delivered,12/01/2018 10:58,14/01/2018 00:58,15/01/2018 00:58,20/01/2018 00:58,04/02/2018 10:58
ord_001974,cust_000718,delivered,19/11/2018 10:34,20/11/2018 04:34,22/11/2018 04:34,02/12/2018 04:34,11/12/2018 10:34
ord_001975,cust_001767,delivered,24/04/2018 17:14,26/04/2018 11:14,30/04/2018 11:14,09/05/2018 11:14,12/05/2018 17:14
ord_001976,cust_002972,delivered,22/11/2018 17:38,23/11/2018 18:38,26/11/2018 18:38,01/12/2018 18:38,16/12/2018 17:38
ord_001977,cust_002848,delivered,20/08/2018 22:54,22/08/2018 19:54,28/08/2018 19:54,30/08/2018 19:54,04/09/2018 22:54
ord_001978,cust_002632,delivered,12/12/2017 13:41,12/12/2017 17:41,13/12/2017 17:41,25/12/2017 17:41,22/12/2017 13:41
ord_001979,cust_000803,delivered,26/03/2018 20:01,27/03/2018 02:01,01/04/2018 02:01,14/04/2018 02:01,16/04/2018 20:01
ord_001980,cust_000510,delivered,11/01/2018 18:55,12/01/2018 04:55,16/01/2018 04:55,29/01/2018 04:55,01/02/2018 18:55
ord_001981,cust_000730,delivered,16/10/2018 09:45,18/10/2018 00:45,24/10/2018 00:45,30/10/2018 00:45,26/10/2018 09:45
ord_001982,cust_000930,delivered,08/08/2017 08:24,09/08/2017 08:24,14/08/2017 08:24,25/08/2017 08:24,22/08/2017 08:24
ord_001983,cust_000051,delivered,29/11/2018 20:59,01/12/2018 04:59,07/12/2018 04:59,16/12/2018 04:59,13/12/2018 20:59
ord_001984,cust_000941,delivered,23/05/2018 18:43,23/05/2018 18:43,28/05/2018 18:43,02/06/2018 18:43,09/06/2018 18:43
ord_001985,cust_001723,delivered,11/06/2018 11:49,12/06/2018 04:49,14/06/2018 04:49,28/06/2018 04:49,25/06/2018 11:49
ord_001986,cust_000749,delivered,11/04/2018 17:56,12/04/2018 09:56,15/04/2018 09:56,21/04/2018 09:56,02/05/2018 17:56
ord_001987,cust_002987,delivered,06/05/2018 17:02,08/05/2018 13:02,13/05/2018 13:02,15/05/2018 13:02,24/05/2018 17:02
ord_001988,cust_002546,delivered,16/07/2018 15:46,16/07/2018 20:46,22/07/2018 20:46,26/07/2018 20:46,08/08/2018 15:46
ord_001989,cust_001113,delivered,08/07/2018 19:23,10/07/2018 12:23,16/07/2018 12:23,30/07/2018 12:23,30/07/2018 19:23
ord_001990,cust_001236,delivered,02/09/2017 10:52,03/09/2017 03:52,07/09/2017 03:52,09/09/2017 03:52,16/09/2017 10:52
ord_001991,cust_001493,delivered,24/05/2018 20:52,26/05/2018 09:52,27/05/2018 09:52,04/06/2018 09:52,11/06/2018 20:52
ord_001992,cust_000995,delivered,15/12/2017 18:49,16/12/2017 07:49,19/12/2017 07:49,27/12/2017 07:49,03/01/2018 18:49
ord_001993,cust_000174,delivered,27/06/2018 14:46,27/06/2018 16:46,01/07/2018 16:46,13/07/2018 16:46,13/07/2018 14:46
ord_001994,cust_001152,delivered,02/05/2018 15:47,03/05/2018 23:47,08/05/2018 23:47,20/05/2018 23:47,26/05/2018 15:47
ord_001995,cust_001713,delivered,01/08/2017 10:17,01/08/2017 18:17,03/08/2017 18:17,11/08/2017 18:17,11/08/2017 10:17
ord_001996,cust_000763,delivered,24/08/2018 11:24,24/08/2018 18:24,27/08/2018 18:24,06/09/2018 18:24,16/09/2018 11:24
ord_001997,cust_000630,delivered,01/03/2018 20:06,03/03/2018 16:06,08/03/2018 16:06,20/03/2018 16:06,25/03/2018 20:06
ord_001998,cust_001562,delivered,04/05/2018 18:49,05/05/2018 04:49,11/05/2018 04:49,23/05/2018 04:49,19/05/2018 18:49
ord_001999,cust_000046,processing,19/07/2018 18:38,21/07/2018 17:38,,,02/08/2018 18:38
ord_002000,cust_002219,delivered,07/07/2018 10:36,08/07/2018 02:36,10/07/2018 02:36,21/07/2018 02:36,17/07/2018 10:36
ord_002001,cust_002051,delivered,01/09/2018 11:14,02/09/2018 00:14,05/09/2018 00:14,11/09/2018 00:14,12/09/2018 11:14
ord_002002,cust_002896,delivered,26/08/2017 20:36,27/08/2017 17:36,31/08/2017 17:36,09/09/2017 17:36,08/09/2017 20:36
ord_002003,cust_000443,delivered,22/05/2017 22:27,23/05/2017 11:27,28/05/2017 11:27,08/06/2017 11:27,13/06/2017 22:27
ord_002004,cust_002394,delivered,17/07/2018 13:59,19/07/2018 09:59,24/07/2018 09:59,29/07/2018 09:59,07/08/2018 13:59
ord_002005,cust_000303,delivered,22/09/2017 17:51,23/09/2017 22:51,27/09/2017 22:51,11/10/2017 22:51,15/10/2017 17:51
ord_002006,cust_002308,delivered,26/05/2017 08:31,27/05/2017 19:31,02/06/2017 19:31,09/06/2017 19:31,09/06/2017 08:31
ord_002007,cust_000684,delivered,13/06/2017 20:48,13/06/2017 23:48,14/06/2017 23:48,25/06/2017 23:48,27/06/2017 20:48
ord_002008,cust_002464,delivered,22/11/2017 18:09,23/11/2017 05:09,27/11/2017 05:09,05/12/2017 05:09,14/12/2017 18:09
ord_002009,cust_000412,delivered,27/12/2018 16:06,28/12/2018 20:06,30/12/2018 20:06,13/01/2019 20:06,14/01/2019 16:06
ord_002010,cust_002433,delivered,10/07/2017 20:37,11/07/2017 19:37,15/07/2017 19:37,25/07/2017 19:37,20/07/2017 20:37
ord_002011,cust_001868,delivered,14/11/2017 10:43,16/11/2017 08:43,22/11/2017 08:43,03/12/2017 08:43,05/12/2017 10:43
ord_002012,cust_000136,delivered,25/11/2018 18:03,27/11/2018 04:03,03/12/2018 04:03,15/12/2018 04:03,06/12/2018 18:03
ord_002013,cust_000801,delivered,13/12/2018 09:12,13/12/2018 23:12,19/12/2018 23:12,25/12/2018 23:12,23/12/2018 09:12
ord_002014,cust_001426,delivered,15/09/2017 09:32,16/09/2017 06:32,19/09/2017 06:32,25/09/2017 06:32,08/10/2017 09:32
ord_002015,cust_002012,delivered,13/11/2018 21:03,15/11/2018 08:03,20/11/2018 08:03,02/12/2018 08:03,07/12/2018 21:03
ord_002016,cust_002204,delivered,21/06/2017 17:25,22/06/2017 12:25,25/06/2017 12:25,03/07/2017 12:25,11/07/2017 17:25
ord_002017,cust_001637,delivered,08/09/2018 20:28,09/09/2018 21:28,10/09/2018 21:28,20/09/2018 21:28,22/09/2018 20:28
ord_002018,cust_002073,delivered,20/01/2017 18:55,22/01/2017 08:55,24/01/2017 08:55,01/02/2017 08:55,01/02/2017 18:55
ord_002019,cust_001060,delivered,24/01/2018 10:18,24/01/2018 23:18,29/01/2018 23:18,31/01/2018 23:18,10/02/2018 10:18
ord_002020,cust_000980,processing,02/10/2017 12:10,02/10/2017 16:10,,,19/10/2017 12:10
ord_002021,cust_000580,delivered,06/08/2018 17:00,07/08/2018 12:00,11/08/2018 12:00,15/08/2018 12:00,16/08/2018 17:00
ord_002022,cust_002000,delivered,24/01/2017 13:07,24/01/2017 23:07,27/01/2017 23:07,30/01/2017 23:07,12/02/2017 13:07
ord_002023,cust_002018,delivered,07/03/2018 17:45,08/03/2018 19:45,11/03/2018 19:45,16/03/2018 19:45,17/03/2018 17:45
ord_002024,cust_002740,delivered,02/08/2018 15:26,04/08/2018 07:26,09/08/2018 07:26,14/08/2018 07:26,19/08/2018 15:26
ord_002025,cust_001573,delivered,07/03/2017 14:11,09/03/2017 02:11,11/03/2017 02:11,22/03/2017 02:11,18/03/2017 14:11
ord_002026,cust_001842,canceled,20/11/2018 13:55,22/11/2018 00:55,,,30/11/2018 13:55
ord_002027,cust_002162,delivered,20/12/2017 08:47,21/12/2017 09:47,22/12/2017 09:47,03/01/2018 09:47,03/01/2018 08:47
ord_002028,cust_002616,delivered,18/07/2017 10:06,20/07/2017 04:06,21/07/2017 04:06,25/07/2017 04:06,05/08/2017 10:06
ord_002029,cust_001518,delivered,12/09/2017 12:16,14/09/2017 08:16,15/09/2017 08:16,27/09/2017 08:16,05/10/2017 12:16
ord_002030,cust_002240,delivered,03/12/2017 12:50,05/12/2017 00:50,06/12/2017 00:50,14/12/2017 00:50,13/12/2017 12:50
ord_002031,cust_002406,delivered,19/08/2017 21:41,20/08/2017 02:41,24/08/2017 02:41,26/08/2017 02:41,05/09/2017 21:41
ord_002032,cust_001748,delivered,07/04/2018 10:56,08/04/2018 00:56,10/04/2018 00:56,13/04/2018 00:56,28/04/2018 10:56
ord_002033,cust_001649,delivered,25/06/2018 20:04,27/06/2018 17:04,30/06/2018 17:04,02/07/2018 17:04,09/07/2018 20:04
ord_002034,cust_002000,delivered,12/02/2018 13:46,12/02/2018 16:46,17/02/2018 16:46,24/02/2018 16:46,06/03/2018 13:46
ord_002035,cust_002440,shipped,08/02/2018 09:04,09/02/2018 11:04,13/02/2018 11:04,,24/02/2018 09:04
ord_002036,cust_001672,delivered,20/09/2018 17:20,21/09/2018 23:20,22/09/2018 23:20,24/09/2018 23:20,30/09/2018 17:20
ord_002037,cust_001649,delivered,16/11/2017 14:45,17/11/2017 08:45,21/11/2017 08:45,01/12/2017 08:45,29/11/2017 14:45
ord_002038,cust_000653,delivered,18/06/2018 16:42,20/06/2018 01:42,24/06/2018 01:42,07/07/2018 01:42,04/07/2018 16:42
ord_002039,cust_002885,delivered,19/11/2018 09:00,19/11/2018 12:00,23/11/2018 12:00,05/12/2018 12:00,08/12/2018 09:00
ord_002040,cust_000171,delivered,09/09/2017 11:12,09/09/2017 21:12,15/09/2017 21:12,18/09/2017 21:12,21/09/2017 11:12
ord_002041,cust_002559,delivered,16/06/2018 12:46,17/06/2018 02:46,21/06/2018 02:46,04/07/2018 02:46,03/07/2018 12:46
ord_002042,cust_001150,delivered,05/12/2018 10:07,05/12/2018 18:07,10/12/2018 18:07,17/12/2018 18:07,26/12/2018 10:07
ord_002043,cust_000762,delivered,20/04/2018 11:19,21/04/2018 08:19,25/04/2018 08:19,29/04/2018 08:19,05/05/2018 11:19
ord_002044,cust_000679,delivered,20/12/2018 10:11,21/12/2018 08:11,25/12/2018 08:11,28/12/2018 08:11,01/01/2019 10:11
ord_002045,cust_002184,delivered,21/11/2017 16:06,23/11/2017 12:06,24/11/2017 12:06,05/12/2017 12:06,11/12/2017 16:06
ord_002046,cust_000868,delivered,12/05/2018 10:50,13/05/2018 09:50,19/05/2018 09:50,24/05/2018 09:50,31/05/2018 10:50
ord_002047,cust_000395,delivered,21/11/2017 08:03,22/11/2017 20:03,23/11/2017 20:03,03/12/2017 20:03,06/12/2017 08:03
ord_002048,cust_001381,delivered,06/01/2017 09:32,06/01/2017 13:32,12/01/2017 13:32,21/01/2017 13:32,28/01/2017 09:32
ord_002049,cust_002733,delivered,30/12/2018 18:41,30/12/2018 20:41,03/01/2019 20:41,17/01/2019 20:41,21/01/2019 18:41
ord_002050,cust_002606,delivered,25/09/2017 18:03,26/09/2017 12:03,29/09/2017 12:03,10/10/2017 12:03,06/10/2017 18:03
ord_002051,cust_001036,delivered,18/12/2018 13:38,19/12/2018 04:38,22/12/2018 04:38,03/01/2019 04:38,05/01/2019 13:38
ord_002052,cust_001938,delivered,07/07/2018 18:20,09/07/2018 14:20,10/07/2018 14:20,18/07/2018 14:20,26/07/2018 18:20
ord_002053,cust_001432,delivered,22/11/2018 20:50,23/11/2018 19:50,26/11/2018 19:50,04/12/2018 19:50,05/12/2018 20:50
ord_002054,cust_001194,delivered,15/12/2018 19:47,16/12/2018 18:47,17/12/2018 18:47,20/12/2018 18:47,27/12/2018 19:47
ord_002055,cust_000061,delivered,15/05/2018 22:47,17/05/2018 14:47,20/05/2018 14:47,01/06/2018 14:47,27/05/2018 22:47
ord_002056,cust_000467,delivered,31/12/2018 16:23,02/01/2019 09:23,03/01/2019 09:23,14/01/2019 09:23,14/01/2019 16:23
ord_002057,cust_002602,delivered,12/09/2018 13:49,14/09/2018 02:49,15/09/2018 02:49,21/09/2018 02:49,25/09/2018 13:49
ord_002058,cust_002888,delivered,16/04/2018 12:37,17/04/2018 09:37,22/04/2018 09:37,25/04/2018 09:37,06/05/2018 12:37
ord_002059,cust_002844,delivered,08/07/2018 15:22,09/07/2018 01:22,11/07/2018 01:22,23/07/2018 01:22,31/07/2018 15:22
ord_002060,cust_002867,delivered,15/08/2017 14:04,15/08/2017 15:04,18/08/2017 15:04,30/08/2017 15:04,31/08/2017 14:04
ord_002061,cust_001411,delivered,17/01/2017 18:04,17/01/2017 20:04,21/01/2017 20:04,02/02/2017 20:04,08/02/2017 18:04
ord_002062,cust_000197,delivered,10/10/2017 09:15,12/10/2017 00:15,16/10/2017 00:15,18/10/2017 00:15,27/10/2017 09:15
ord_002063,cust_000563,delivered,13/02/2018 15:17,13/02/2018 21:17,17/02/2018 21:17,02/03/2018 21:17,09/03/2018 15:17
ord_002064,cust_002383,delivered,15/09/2017 21:55,16/09/2017 16:55,19/09/2017 16:55,25/09/2017 16:55,30/09/2017 21:55
ord_002065,cust_002081,delivered,09/04/2018 13:59,10/04/2018 13:59,14/04/2018 13:59,19/04/2018 13:59,30/04/2018 13:59
ord_002066,cust_002965,delivered,10/07/2018 09:08,11/07/2018 11:08,15/07/2018 11:08,23/07/2018 11:08,01/08/2018 09:08
ord_002067,cust_000890,delivered,09/07/2018 13:56,09/07/2018 17:56,10/07/2018 17:56,23/07/2018 17:56,01/08/2018 13:56
ord_002068,cust_001196,delivered,20/11/2018 15:42,21/11/2018 16:42,27/11/2018 16:42,09/12/2018 16:42,05/12/2018 15:42
ord_002069,cust_002880,delivered,14/12/2018 17:29,15/12/2018 04:29,20/12/2018 04:29,24/12/2018 04:29,29/12/2018 17:29
ord_002070,cust_002743,delivered,18/11/2018 21:57,19/11/2018 13:57,22/11/2018 13:57,06/12/2018 13:57,28/11/2018 21:57
ord_002071,cust_000933,delivered,17/06/2018 14:42,19/06/2018 05:42,22/06/2018 05:42,04/07/2018 05:42,06/07/2018 14:42
ord_002072,cust_002872,delivered,25/08/2017 17:35,26/08/2017 15:35,31/08/2017 15:35,14/09/2017 15:35,12/09/2017 17:35
ord_002073,cust_001727,delivered,02/12/2018 09:12,03/12/2018 04:12,07/12/2018 04:12,21/12/2018 04:12,17/12/2018 09:12
ord_002074,cust_002978,delivered,27/07/2017 22:14,27/07/2017 22:14,01/08/2017 22:14,09/08/2017 22:14,09/08/2017 22:14
ord_002075,cust_000148,delivered,04/07/2017 17:54,06/07/2017 16:54,09/07/2017 16:54,11/07/2017 16:54,26/07/2017 17:54
ord_002076,cust_001727,delivered,23/11/2017 17:12,24/11/2017 21:12,27/11/2017 21:12,29/11/2017 21:12,17/12/2017 17:12
ord_002077,cust_002969,delivered,18/05/2018 20:01,20/05/2018 08:01,23/05/2018 08:01,02/06/2018 08:01,11/06/2018 20:01
ord_002078,cust_002887,delivered,24/07/2018 18:15,25/07/2018 14:15,27/07/2018 14:15,30/07/2018 14:15,09/08/2018 18:15
ord_002079,cust_001728,delivered,20/01/2017 17:28,21/01/2017 05:28,26/01/2017 05:28,05/02/2017 05:28,10/02/2017 17:28
ord_002080,cust_000127,shipped,18/09/2018 16:22,19/09/2018 05:22,24/09/2018 05:22,,10/10/2018 16:22
ord_002081,cust_002925,canceled,27/07/2017 15:56,27/07/2017 15:56,,,17/08/2017 15:56
ord_002082,cust_000474,delivered,12/11/2017 20:25,14/11/2017 14:25,15/11/2017 14:25,20/11/2017 14:25,27/11/2017 20:25
ord_002083,cust_000902,delivered,25/11/2017 22:53,26/11/2017 23:53,27/11/2017 23:53,30/11/2017 23:53,18/12/2017 22:53
ord_002084,cust_002629,delivered,28/11/2017 17:35,29/11/2017 09:35,01/12/2017 09:35,07/12/2017 09:35,17/12/2017 17:35
ord_002085,cust_001581,delivered,08/09/2018 08:31,09/09/2018 17:31,10/09/2018 17:31,23/09/2018 17:31,19/09/2018 08:31
ord_002086,cust_000773,delivered,27/02/2017 11:09,27/02/2017 17:09,03/03/2017 17:09,12/03/2017 17:09,11/03/2017 11:09
ord_002087,cust_000055,delivered,17/08/2017 20:16,18/08/2017 18:16,24/08/2017 18:16,07/09/2017 18:16,03/09/2017 20:16
ord_002088,cust_000546,delivered,02/02/2017 17:52,03/02/2017 13:52,08/02/2017 13:52,13/02/2017 13:52,26/02/2017 17:52
ord_002089,cust_002312,delivered,18/09/2018 16:46,20/09/2018 11:46,26/09/2018 11:46,06/10/2018 11:46,08/10/2018 16:46
ord_002090,cust_002150,canceled,23/12/2018 19:26,25/12/2018 09:26,,,11/01/2019 19:26
ord_002091,cust_000499,processing,11/07/2018 21:54,13/07/2018 09:54,,,30/07/2018 21:54
ord_002092,cust_002703,delivered,29/05/2018 13:49,30/05/2018 01:49,04/06/2018 01:49,10/06/2018 01:49,21/06/2018 13:49
ord_002093,cust_001275,delivered,23/11/2018 10:06,24/11/2018 10:06,27/11/2018 10:06,07/12/2018 10:06,11/12/2018 10:06
ord_002094,cust_002098,delivered,08/10/2017 15:36,10/10/2017 14:36,15/10/2017 14:36,25/10/2017 14:36,24/10/2017 15:36
ord_002095,cust_002010,delivered,01/04/2017 16:47,01/04/2017 16:47,02/04/2017 16:47,04/04/2017 16:47,16/04/2017 16:47
ord_002096,cust_000346,delivered,06/04/2018 13:48,07/04/2018 20:48,11/04/2018 20:48,22/04/2018 20:48,23/04/2018 13:48
ord_002097,cust_000246,delivered,13/10/2017 21:05,14/10/2017 13:05,19/10/2017 13:05,30/10/2017 13:05,26/10/2017 21:05
ord_002098,cust_001839,delivered,25/02/2018 14:13,27/02/2018 01:13,02/03/2018 01:13,08/03/2018 01:13,21/03/2018 14:13
ord_002099,cust_002350,delivered,28/02/2018 17:24,01/03/2018 16:24,03/03/2018 16:24,05/03/2018 16:24,23/03/2018 17:24
ord_002100,cust_002816,shipped,24/11/2017 12:15,25/11/2017 21:15,26/11/2017 21:15,,09/12/2017 12:15
ord_002101,cust_002417,delivered,21/03/2018 13:06,22/03/2018 01:06,24/03/2018 01:06,30/03/2018 01:06,11/04/2018 13:06
ord_002102,cust_001759,delivered,04/01/2018 09:37,06/01/2018 03:37,11/01/2018 03:37,23/01/2018 03:37,25/01/2018 09:37
ord_002103,cust_001593,delivered,25/05/2017 22:30,27/05/2017 14:30,02/06/2017 14:30,05/06/2017 14:30,13/06/2017 22:30
ord_002104,cust_001212,delivered,05/11/2018 21:09,07/11/2018 03:09,11/11/2018 03:09,16/11/2018 03:09,16/11/2018 21:09
ord_002105,cust_001814,delivered,05/08/2018 22:35,06/08/2018 18:35,08/08/2018 18:35,19/08/2018 18:35,16/08/2018 22:35
ord_002106,cust_002873,delivered,28/02/2017 19:03,01/03/2017 02:03,03/03/2017 02:03,17/03/2017 02:03,20/03/2017 19:03
ord_002107,cust_000282,delivered,28/05/2017 17:22,29/05/2017 02:22,04/06/2017 02:22,13/06/2017 02:22,08/06/2017 17:22
ord_002108,cust_001435,delivered,06/05/2017 21:47,07/05/2017 16:47,11/05/2017 16:47,13/05/2017 16:47,28/05/2017 21:47
ord_002109,cust_001346,delivered,26/03/2017 20:53,28/03/2017 09:53,02/04/2017 09:53,13/04/2017 09:53,11/04/2017 20:53
ord_002110,cust_000912,delivered,23/03/2017 18:14,25/03/2017 15:14,28/03/2017 15:14,30/03/2017 15:14,14/04/2017 18:14
ord_002111,cust_002523,invoiced,10/07/2017 12:51,11/07/2017 17:51,,,21/07/2017 12:51
ord_002112,cust_001640,delivered,26/10/2018 17:53,28/10/2018 14:53,31/10/2018 14:53,10/11/2018 14:53,10/11/2018 17:53
ord_002113,cust_000267,shipped,16/10/2018 19:36,17/10/2018 04:36,22/10/2018 04:36,,28/10/2018 19:36
ord_002114,cust_002087,delivered,21/09/2018 10:58,22/09/2018 21:58,28/09/2018 21:58,30/09/2018 21:58,08/10/2018 10:58
ord_002115,cust_002966,delivered,13/06/2018 11:14,14/06/2018 12:14,17/06/2018 12:14,24/06/2018 12:14,24/06/2018 11:14
ord_002116,cust_000563,shipped,18/08/2018 10:04,18/08/2018 16:04,23/08/2018 16:04,,01/09/2018 10:04
ord_002117,cust_001457,delivered,26/08/2018 13:50,27/08/2018 22:50,31/08/2018 22:50,09/09/2018 22:50,09/09/2018 13:50
ord_002118,cust_000720,delivered,17/11/2018 20:29,19/11/2018 15:29,22/11/2018 15:29,06/12/2018 15:29,04/12/2018 20:29
ord_002119,cust_000038,delivered,23/08/2018 12:20,24/08/2018 09:20,29/08/2018 09:20,01/09/2018 09:20,02/09/2018 12:20
ord_002120,cust_001291,delivered,25/08/2018 21:03,26/08/2018 09:03,29/08/2018 09:03,08/09/2018 09:03,08/09/2018 21:03
ord_002121,cust_001019,delivered,02/10/2018 08:03,02/10/2018 22:03,07/10/2018 22:03,17/10/2018 22:03,22/10/2018 08:03
ord_002122,cust_002705,delivered,07/05/2018 21:05,09/05/2018 01:05,10/05/2018 01:05,24/05/2018 01:05,23/05/2018 21:05
ord_002123,cust_001501,delivered,01/09/2017 22:11,03/09/2017 07:11,09/09/2017 07:11,16/09/2017 07:11,19/09/2017 22:11
ord_002124,cust_001892,delivered,22/04/2017 16:58,23/04/2017 02:58,29/04/2017 02:58,03/05/2017 02:58,14/05/2017 16:58
ord_002125,cust_002876,delivered,02/02/2018 09:16,03/02/2018 17:16,09/02/2018 17:16,22/02/2018 17:16,19/02/2018 09:16
ord_002126,cust_001589,delivered,01/05/2017 18:49,03/05/2017 05:49,09/05/2017 05:49,11/05/2017 05:49,24/05/2017 18:49
ord_002127,cust_002115,delivered,22/07/2017 21:01,22/07/2017 21:01,27/07/2017 21:01,03/08/2017 21:01,15/08/2017 21:01
ord_002128,cust_001575,delivered,04/02/2017 19:19,05/02/2017 13:19,10/02/2017 13:19,20/02/2017 13:19,21/02/2017 19:19
ord_002129,cust_001743,shipped,15/11/2017 16:54,16/11/2017 03:54,22/11/2017 03:54,,02/12/2017 16:54
ord_002130,cust_000626,delivered,16/12/2018 21:11,18/12/2018 11:11,23/12/2018 11:11,28/12/2018 11:11,30/12/2018 21:11
ord_002131,cust_002899,delivered,03/01/2018 15:17,04/01/2018 22:17,06/01/2018 22:17,09/01/2018 22:17,26/01/2018 15:17
ord_002132,cust_000918,delivered,26/09/2017 17:49,27/09/2017 18:49,28/09/2017 18:49,10/10/2017 18:49,17/10/2017 17:49
ord_002133,cust_000884,delivered,21/01/2018 12:07,21/01/2018 22:07,27/01/2018 22:07,01/02/2018 22:07,02/02/2018 12:07
ord_002134,cust_001013,delivered,16/11/2017 08:03,17/11/2017 07:03,18/11/2017 07:03,27/11/2017 07:03,05/12/2017 08:03
ord_002135,cust_001139,delivered,19/07/2018 13:57,21/07/2018 11:57,27/07/2018 11:57,01/08/2018 11:57,01/08/2018 13:57
ord_002136,cust_001056,canceled,26/06/2018 11:24,28/06/2018 10:24,,,20/07/2018 11:24
ord_002137,cust_002304,delivered,09/02/2017 18:39,10/02/2017 01:39,11/02/2017 01:39,23/02/2017 01:39,23/02/2017 18:39
ord_002138,cust_002168,delivered,07/04/2018 12:07,08/04/2018 11:07,13/04/2018 11:07,15/04/2018 11:07,18/04/2018 12:07
ord_002139,cust_001783,delivered,21/02/2017 10:13,22/02/2017 21:13,26/02/2017 21:13,09/03/2017 21:13,17/03/2017 10:13
ord_002140,cust_000896,delivered,21/07/2018 09:27,21/07/2018 23:27,24/07/2018 23:27,03/08/2018 23:27,09/08/2018 09:27
ord_002141,cust_000656,invoiced,28/11/2018 17:40,30/11/2018 16:40,,,21/12/2018 17:40
ord_002142,cust_002047,delivered,22/11/2018 21:17,23/11/2018 19:17,26/11/2018 19:17,01/12/2018 19:17,15/12/2018 21:17
ord_002143,cust_002253,delivered,25/08/2017 17:53,26/08/2017 09:53,31/08/2017 09:53,13/09/2017 09:53,10/09/2017 17:53
ord_002144,cust_001205,delivered,29/08/2018 08:46,31/08/2018 05:46,03/09/2018 05:46,10/09/2018 05:46,14/09/2018 08:46
ord_002145,cust_000801,delivered,26/09/2018 09:33,27/09/2018 13:33,28/09/2018 13:33,01/10/2018 13:33,18/10/2018 09:33
ord_002146,cust_001367,delivered,04/11/2018 20:27,04/11/2018 22:27,07/11/2018 22:27,17/11/2018 22:27,19/11/2018 20:27
ord_002147,cust_001676,delivered,12/10/2017 16:37,12/10/2017 21:37,16/10/2017 21:37,28/10/2017 21:37,25/10/2017 16:37
ord_002148,cust_000176,delivered,25/02/2018 16:43,27/02/2018 15:43,02/03/2018 15:43,09/03/2018 15:43,15/03/2018 16:43
ord_002149,cust_002568,delivered,09/09/2017 20:08,11/09/2017 01:08,15/09/2017 01:08,18/09/2017 01:08,27/09/2017 20:08
ord_002150,cust_002153,delivered,05/02/2017 14:51,07/02/2017 07:51,13/02/2017 07:51,16/02/2017 07:51,27/02/2017 14:51
ord_002151,cust_000825,delivered,10/07/2018 13:29,12/07/2018 12:29,15/07/2018 12:29,21/07/2018 12:29,22/07/2018 13:29
ord_002152,cust_002497,delivered,11/02/2018 19:56,13/02/2018 06:56,18/02/2018 06:56,26/02/2018 06:56,28/02/2018 19:56
ord_002153,cust_002283,canceled,03/10/2017 11:57,05/10/2017 09:57,,,21/10/2017 11:57
ord_002154,cust_001518,delivered,26/10/2018 18:01,28/10/2018 15:01,02/11/2018 15:01,12/11/2018 15:01,19/11/2018 18:01
ord_002155,cust_002584,invoiced,28/03/2018 20:23,29/03/2018 15:23,,,10/04/2018 20:23
ord_002156,cust_000613,delivered,29/12/2018 12:31,30/12/2018 18:31,05/01/2019 18:31,15/01/2019 18:31,17/01/2019 12:31
ord_002157,cust_000951,delivered,26/09/2018 16:32,28/09/2018 07:32,01/10/2018 07:32,04/10/2018 07:32,14/10/2018 16:32
ord_002158,cust_002989,delivered,07/11/2018 08:49,09/11/2018 05:49,11/11/2018 05:49,15/11/2018 05:49,01/12/2018 08:49
ord_002159,cust_000589,delivered,15/09/2018 13:08,17/09/2018 04:08,23/09/2018 04:08,05/10/2018 04:08,01/10/2018 13:08
ord_002160,cust_002559,processing,17/05/2017 16:37,19/05/2017 06:37,,,29/05/2017 16:37
ord_002161,cust_002597,delivered,30/03/2017 09:56,31/03/2017 00:56,01/04/2017 00:56,11/04/2017 00:56,17/04/2017 09:56
ord_002162,cust_001136,delivered,24/11/2018 17:59,25/11/2018 13:59,27/11/2018 13:59,04/12/2018 13:59,16/12/2018 17:59
ord_002163,cust_001399,delivered,20/06/2017 18:00,22/06/2017 09:00,24/06/2017 09:00,07/07/2017 09:00,02/07/2017 18:00
ord_002164,cust_002812,delivered,12/01/2018 11:58,12/01/2018 17:58,17/01/2018 17:58,23/01/2018 17:58,01/02/2018 11:58
ord_002165,cust_000934,delivered,10/06/2018 16:07,10/06/2018 23:07,12/06/2018 23:07,22/06/2018 23:07,27/06/2018 16:07
ord_002166,cust_001112,invoiced,31/08/2017 09:32,01/09/2017 22:32,,,21/09/2017 09:32
ord_002167,cust_000031,delivered,12/09/2017 16:14,14/09/2017 14:14,20/09/2017 14:14,22/09/2017 14:14,26/09/2017 16:14
ord_002168,cust_001071,delivered,07/03/2018 10:36,08/03/2018 06:36,14/03/2018 06:36,28/03/2018 06:36,29/03/2018 10:36
ord_002169,cust_000582,delivered,20/12/2017 14:02,22/12/2017 07:02,28/12/2017 07:02,07/01/2018 07:02,01/01/2018 14:02
ord_002170,cust_000612,delivered,21/07/2018 08:14,22/07/2018 01:14,26/07/2018 01:14,31/07/2018 01:14,07/08/2018 08:14
ord_002171,cust_001538,delivered,11/04/2017 16:18,12/04/2017 16:18,16/04/2017 16:18,28/04/2017 16:18,28/04/2017 16:18
ord_002172,cust_002312,delivered,23/03/2018 08:54,25/03/2018 06:54,30/03/2018 06:54,05/04/2018 06:54,06/04/2018 08:54
ord_002173,cust_002486,delivered,27/07/2017 18:35,28/07/2017 12:35,30/07/2017 12:35,02/08/2017 12:35,08/08/2017 18:35
ord_002174,cust_001124,delivered,08/06/2018 11:42,10/06/2018 05:42,14/06/2018 05:42,24/06/2018 05:42,02/07/2018 11:42
ord_002175,cust_001506,delivered,28/05/2017 22:40,30/05/2017 19:40,02/06/2017 19:40,05/06/2017 19:40,13/06/2017 22:40
ord_002176,cust_000230,delivered,18/08/2017 12:23,19/08/2017 23:23,24/08/2017 23:23,02/09/2017 23:23,10/09/2017 12:23
ord_002177,cust_000829,delivered,02/10/2018 21:00,03/10/2018 00:00,07/10/2018 00:00,17/10/2018 00:00,16/10/2018 21:00
ord_002178,cust_000935,delivered,21/09/2017 11:06,23/09/2017 09:06,26/09/2017 09:06,30/09/2017 09:06,10/10/2017 11:06
ord_002179,cust_002787,shipped,25/08/2018 17:27,26/08/2018 16:27,30/08/2018 16:27,,12/09/2018 17:27
ord_002180,cust_002549,delivered,24/10/2017 09:56,24/10/2017 22:56,26/10/2017 22:56,02/11/2017 22:56,09/11/2017 09:56
ord_002181,cust_001107,shipped,21/09/2017 16:14,22/09/2017 15:14,24/09/2017 15:14,,08/10/2017 16:14
ord_002182,cust_000517,delivered,14/11/2017 22:41,15/11/2017 19:41,20/11/2017 19:41,23/11/2017 19:41,27/11/2017 22:41
ord_002183,cust_000488,delivered,13/11/2018 09:49,14/11/2018 03:49,15/11/2018 03:49,26/11/2018 03:49,25/11/2018 09:49
ord_002184,cust_001536,delivered,17/01/2018 08:54,18/01/2018 16:54,23/01/2018 16:54,27/01/2018 16:54,06/02/2018 08:54
ord_002185,cust_002836,delivered,29/09/2017 13:17,29/09/2017 18:17,05/10/2017 18:17,09/10/2017 18:17,13/10/2017 13:17
ord_002186,cust_001796,delivered,24/04/2018 08:55,25/04/2018 14:55,30/04/2018 14:55,05/05/2018 14:55,11/05/2018 08:55
ord_002187,cust_001189,delivered,08/01/2018 16:36,09/01/2018 04:36,13/01/2018 04:36,20/01/2018 04:36,26/01/2018 16:36
ord_002188,cust_002485,delivered,25/09/2018 20:30,27/09/2018 10:30,02/10/2018 10:30,15/10/2018 10:30,19/10/2018 20:30
ord_002189,cust_001447,delivered,27/12/2018 12:46,29/12/2018 11:46,30/12/2018 11:46,10/01/2019 11:46,18/01/2019 12:46
ord_002190,cust_000653,delivered,18/04/2018 15:14,19/04/2018 13:14,20/04/2018 13:14,01/05/2018 13:14,30/04/2018 15:14
ord_002191,cust_002489,delivered,25/02/2018 20:48,27/02/2018 10:48,05/03/2018 10:48,09/03/2018 10:48,07/03/2018 20:48
ord_002192,cust_002735,delivered,06/12/2017 11:38,07/12/2017 02:38,10/12/2017 02:38,20/12/2017 02:38,30/12/2017 11:38
ord_002193,cust_000863,delivered,18/12/2018 21:47,20/12/2018 13:47,23/12/2018 13:47,29/12/2018 13:47,29/12/2018 21:47
ord_002194,cust_002942,delivered,19/03/2018 10:51,20/03/2018 11:51,21/03/2018 11:51,29/03/2018 11:51,08/04/2018 10:51
ord_002195,cust_001586,delivered,30/07/2017 08:37,31/07/2017 08:37,05/08/2017 08:37,15/08/2017 08:37,20/08/2017 08:37
ord_002196,cust_000723,delivered,16/12/2018 15:02,16/12/2018 19:02,17/12/2018 19:02,21/12/2018 19:02,07/01/2019 15:02
ord_002197,cust_002598,delivered,11/12/2018 18:17,13/12/2018 01:17,15/12/2018 01:17,21/12/2018 01:17,26/12/2018 18:17
ord_002198,cust_000422,delivered,14/02/2018 20:52,16/02/2018 09:52,18/02/2018 09:52,25/02/2018 09:52,01/03/2018 20:52
ord_002199,cust_000768,delivered,10/12/2017 16:37,11/12/2017 16:37,17/12/2017 16:37,30/12/2017 16:37,23/12/2017 16:37
ord_002200,cust_001100,delivered,23/07/2018 08:53,23/07/2018 15:53,29/07/2018 15:53,12/08/2018 15:53,04/08/2018 08:53
ord_002201,cust_002682,delivered,16/10/2018 18:23,18/10/2018 02:23,19/10/2018 02:23,02/11/2018 02:23,29/10/2018 18:23
ord_002202,cust_002848,delivered,30/03/2018 09:30,31/03/2018 15:30,01/04/2018 15:30,09/04/2018 15:30,12/04/2018 09:30
ord_002203,cust_000574,delivered,28/11/2017 21:51,30/11/2017 14:51,06/12/2017 14:51,16/12/2017 14:51,22/12/2017 21:51
ord_002204,cust_000047,delivered,16/11/2017 09:45,18/11/2017 06:45,22/11/2017 06:45,03/12/2017 06:45,03/12/2017 09:45
ord_002205,cust_002563,delivered,26/11/2017 09:22,26/11/2017 20:22,01/12/2017 20:22,13/12/2017 20:22,13/12/2017 09:22
ord_002206,cust_001601,delivered,30/05/2017 14:01,31/05/2017 04:01,04/06/2017 04:01,14/06/2017 04:01,18/06/2017 14:01
ord_002207,cust_001180,delivered,18/09/2018 10:52,20/09/2018 07:52,22/09/2018 07:52,05/10/2018 07:52,30/09/2018 10:52
ord_002208,cust_000024,delivered,16/05/2017 17:47,16/05/2017 22:47,21/05/2017 22:47,27/05/2017 22:47,09/06/2017 17:47
ord_002209,cust_001644,delivered,17/01/2018 16:26,19/01/2018 11:26,21/01/2018 11:26,01/02/2018 11:26,02/02/2018 16:26
ord_002210,cust_000402,processing,19/10/2018 08:32,19/10/2018 15:32,,,05/11/2018 08:32
ord_002211,cust_001654,delivered,22/01/2018 19:12,23/01/2018 15:12,29/01/2018 15:12,10/02/2018 15:12,04/02/2018 19:12
ord_002212,cust_000456,delivered,11/11/2017 15:24,,14/11/2017 21:24,28/11/2017 21:24,25/11/2017 15:24
ord_002213,cust_000614,delivered,05/12/2018 21:09,07/12/2018 19:09,08/12/2018 19:09,11/12/2018 19:09,17/12/2018 21:09
ord_002214,cust_000377,delivered,08/06/2017 09:12,09/06/2017 09:12,12/06/2017 09:12,25/06/2017 09:12,25/06/2017 09:12
ord_002215,cust_000518,delivered,15/11/2018 10:50,17/11/2018 04:50,18/11/2018 04:50,30/11/2018 04:50,09/12/2018 10:50
ord_002216,cust_002101,delivered,26/03/2017 11:21,26/03/2017 12:21,29/03/2017 12:21,11/04/2017 12:21,05/04/2017 11:21
ord_002217,cust_002134,delivered,29/01/2018 11:48,29/01/2018 12:48,03/02/2018 12:48,08/02/2018 12:48,14/02/2018 11:48
ord_002218,cust_001375,delivered,24/06/2018 17:28,25/06/2018 18:28,28/06/2018 18:28,07/07/2018 18:28,09/07/2018 17:28
ord_002219,cust_002476,delivered,27/12/2017 19:04,27/12/2017 21:04,28/12/2017 21:04,30/12/2017 21:04,16/01/2018 19:04
ord_002220,cust_002883,delivered,23/04/2018 18:21,24/04/2018 20:21,30/04/2018 20:21,02/05/2018 20:21,14/05/2018 18:21
ord_002221,cust_000410,delivered,24/08/2017 13:09,25/08/2017 22:09,29/08/2017 22:09,07/09/2017 22:09,16/09/2017 13:09
ord_002222,cust_000690,delivered,15/05/2018 09:41,16/05/2018 08:41,17/05/2018 08:41,31/05/2018 08:41,28/05/2018 09:41
ord_002223,cust_002254,delivered,16/06/2017 20:54,18/06/2017 09:54,22/06/2017 09:54,26/06/2017 09:54,29/06/2017 20:54
ord_002224,cust_001767,delivered,28/09/2018 11:45,28/09/2018 15:45,04/10/2018 15:45,16/10/2018 15:45,15/10/2018 11:45
ord_002225,cust_000980,delivered,25/05/2018 09:46,25/05/2018 20:46,26/05/2018 20:46,29/05/2018 20:46,05/06/2018 09:46
ord_002226,cust_001741,delivered,18/03/2018 16:51,18/03/2018 23:51,23/03/2018 23:51,25/03/2018 23:51,04/04/2018 16:51
ord_002227,cust_001783,delivered,17/03/2017 09:46,18/03/2017 08:46,21/03/2017 08:46,30/03/2017 08:46,30/03/2017 09:46
ord_002228,cust_001777,delivered,30/03/2018 15:34,31/03/2018 10:34,05/04/2018 10:34,10/04/2018 10:34,13/04/2018 15:34
ord_002229,cust_001603,delivered,12/05/2018 16:42,13/05/2018 17:42,14/05/2018 17:42,17/05/2018 17:42,01/06/2018 16:42
ord_002230,cust_000093,delivered,18/10/2017 16:24,18/10/2017 23:24,24/10/2017 23:24,06/11/2017 23:24,30/10/2017 16:24
ord_002231,cust_002230,canceled,22/07/2018 14:04,23/07/2018 11:04,,,06/08/2018 14:04
ord_002232,cust_000562,delivered,13/04/2017 18:42,15/04/2017 06:42,19/04/2017 06:42,21/04/2017 06:42,03/05/2017 18:42
ord_002233,cust_001625,delivered,28/08/2017 16:43,28/08/2017 19:43,30/08/2017 19:43,13/09/2017 19:43,14/09/2017 16:43
ord_002234,cust_001601,delivered,26/08/2018 12:13,28/08/2018 01:13,29/08/2018 01:13,31/08/2018 01:13,17/09/2018 12:13
ord_002235,cust_000280,delivered,30/06/2017 21:57,01/07/2017 07:57,06/07/2017 07:57,17/07/2017 07:57,10/07/2017 21:57
ord_002236,cust_000863,delivered,30/09/2017 20:03,02/10/2017 13:03,07/10/2017 13:03,19/10/2017 13:03,16/10/2017 20:03
ord_002237,cust_000837,delivered,05/07/2018 16:44,07/07/2018 07:44,12/07/2018 07:44,17/07/2018 07:44,15/07/2018 16:44
ord_002238,cust_000603,delivered,21/08/2018 08:58,22/08/2018 05:58,25/08/2018 05:58,28/08/2018 05:58,31/08/2018 08:58
ord_002239,cust_001193,delivered,13/03/2017 19:18,13/03/2017 22:18,18/03/2017 22:18,27/03/2017 22:18,29/03/2017 19:18
ord_002240,cust_000878,delivered,08/06/2017 15:54,09/06/2017 09:54,14/06/2017 09:54,27/06/2017 09:54,21/06/2017 15:54
ord_002241,cust_001716,delivered,21/02/2018 20:49,23/02/2018 01:49,26/02/2018 01:49,28/02/2018 01:49,05/03/2018 20:49
ord_002242,cust_000185,delivered,30/05/2018 22:44,31/05/2018 14:44,05/06/2018 14:44,18/06/2018 14:44,23/06/2018 22:44
ord_002243,cust_000508,delivered,27/02/2018 22:57,01/03/2018 04:57,03/03/2018 04:57,13/03/2018 04:57,20/03/2018 22:57
ord_002244,cust_001546,delivered,03/07/2018 08:39,04/07/2018 23:39,09/07/2018 23:39,23/07/2018 23:39,19/07/2018 08:39
ord_002245,cust_001012,delivered,05/09/2018 13:29,07/09/2018 10:29,11/09/2018 10:29,16/09/2018 10:29,29/09/2018 13:29
ord_002246,cust_001245,delivered,05/12/2018 10:40,06/12/2018 05:40,11/12/2018 05:40,21/12/2018 05:40,16/12/2018 10:40
ord_002247,cust_000189,delivered,11/12/2017 20:24,13/12/2017 19:24,18/12/2017 19:24,25/12/2017 19:24,03/01/2018 20:24
ord_002248,cust_000762,delivered,16/07/2017 18:19,17/07/2017 05:19,18/07/2017 05:19,28/07/2017 05:19,08/08/2017 18:19
ord_002249,cust_000967,delivered,16/10/2017 19:04,18/10/2017 16:04,23/10/2017 16:04,27/10/2017 16:04,01/11/2017 19:04
ord_002250,cust_000067,delivered,01/07/2017 21:22,02/07/2017 03:22,07/07/2017 03:22,15/07/2017 03:22,21/07/2017 21:22
ord_002251,cust_001536,delivered,15/01/2018 15:48,16/01/2018 16:48,17/01/2018 16:48,31/01/2018 16:48,29/01/2018 15:48
ord_002252,cust_000151,delivered,08/11/2018 08:56,09/11/2018 16:56,11/11/2018 16:56,23/11/2018 16:56,02/12/2018 08:56
ord_002253,cust_002809,delivered,09/12/2017 17:58,09/12/2017 19:58,14/12/2017 19:58,18/12/2017 19:58,26/12/2017 17:58
ord_002254,cust_000119,delivered,01/07/2017 16:12,02/07/2017 13:12,05/07/2017 13:12,07/07/2017 13:12,14/07/2017 16:12
ord_002255,cust_000533,delivered,15/04/2018 16:34,16/04/2018 05:34,17/04/2018 05:34,24/04/2018 05:34,26/04/2018 16:34
ord_002256,cust_001563,shipped,27/12/2018 21:34,29/12/2018 12:34,04/01/2019 12:34,,16/01/2019 21:34
ord_002257,cust_000082,delivered,09/08/2017 14:10,10/08/2017 12:10,14/08/2017 12:10,19/08/2017 12:10,02/09/2017 14:10
ord_002258,cust_001871,delivered,18/09/2018 12:34,18/09/2018 16:34,21/09/2018 16:34,25/09/2018 16:34,08/10/2018 12:34
ord_002259,cust_001131,delivered,13/10/2018 13:21,13/10/2018 14:21,17/10/2018 14:21,26/10/2018 14:21,02/11/2018 13:21
ord_002260,cust_000058,delivered,20/01/2018 08:56,20/01/2018 09:56,23/01/2018 09:56,26/01/2018 09:56,10/02/2018 08:56
ord_002261,cust_001822,delivered,16/06/2018 20:15,16/06/2018 21:15,17/06/2018 21:15,30/06/2018 21:15,30/06/2018 20:15
ord_002262,cust_000224,delivered,12/02/2018 10:50,13/02/2018 09:50,17/02/2018 09:50,19/02/2018 09:50,27/02/2018 10:50
ord_002263,cust_001822,delivered,15/10/2017 20:53,16/10/2017 11:53,22/10/2017 11:53,26/10/2017 11:53,05/11/2017 20:53
ord_002264,cust_001995,delivered,07/02/2018 16:44,08/02/2018 02:44,14/02/2018 02:44,23/02/2018 02:44,26/02/2018 16:44
ord_002265,cust_001036,delivered,05/05/2017 18:12,06/05/2017 12:12,10/05/2017 12:12,13/05/2017 12:12,18/05/2017 18:12
ord_002266,cust_001821,delivered,08/08/2018 15:15,09/08/2018 11:15,10/08/2018 11:15,18/08/2018 11:15,18/08/2018 15:15
ord_002267,cust_000112,delivered,16/10/2018 19:58,17/10/2018 22:58,19/10/2018 22:58,21/10/2018 22:58,06/11/2018 19:58
ord_002268,cust_002611,delivered,20/11/2017 09:04,21/11/2017 08:04,23/11/2017 08:04,06/12/2017 08:04,12/12/2017 09:04
ord_002269,cust_002756,delivered,14/05/2018 11:07,16/05/2018 07:07,17/05/2018 07:07,26/05/2018 07:07,30/05/2018 11:07
ord_002270,cust_000508,delivered,18/09/2017 08:58,19/09/2017 01:58,20/09/2017 01:58,25/09/2017 01:58,10/10/2017 08:58
ord_002271,cust_001505,delivered,09/06/2017 16:46,10/06/2017 10:46,15/06/2017 10:46,24/06/2017 10:46,01/07/2017 16:46
ord_002272,cust_001245,shipped,13/07/2018 16:44,14/07/2018 11:44,17/07/2018 11:44,,02/08/2018 16:44
ord_002273,cust_002329,delivered,16/06/2017 18:09,16/06/2017 20:09,22/06/2017 20:09,04/07/2017 20:09,10/07/2017 18:09
ord_002274,cust_000644,delivered,20/09/2018 10:29,21/09/2018 21:29,22/09/2018 21:29,03/10/2018 21:29,14/10/2018 10:29
ord_002275,cust_001190,delivered,23/10/2017 13:50,24/10/2017 14:50,25/10/2017 14:50,06/11/2017 14:50,06/11/2017 13:50
ord_002276,cust_001119,delivered,10/10/2018 12:19,11/10/2018 07:19,16/10/2018 07:19,29/10/2018 07:19,02/11/2018 12:19
ord_002277,cust_002494,delivered,26/12/2017 15:11,27/12/2017 08:11,29/12/2017 08:11,01/01/2018 08:11,13/01/2018 15:11
ord_002278,cust_001555,delivered,26/12/2017 20:00,27/12/2017 20:00,29/12/2017 20:00,09/01/2018 20:00,10/01/2018 20:00
ord_002279,cust_002354,delivered,02/09/2018 20:37,04/09/2018 15:37,08/09/2018 15:37,21/09/2018 15:37,15/09/2018 20:37
ord_002280,cust_000225,delivered,07/04/2018 21:17,08/04/2018 16:17,14/04/2018 16:17,18/04/2018 16:17,27/04/2018 21:17
ord_002281,cust_000285,delivered,21/08/2017 21:51,22/08/2017 17:51,25/08/2017 17:51,06/09/2017 17:51,12/09/2017 21:51
ord_002282,cust_002835,delivered,28/10/2018 14:17,28/10/2018 20:17,02/11/2018 20:17,11/11/2018 20:17,10/11/2018 14:17
ord_002283,cust_000153,delivered,04/12/2017 10:09,05/12/2017 01:09,08/12/2017 01:09,18/12/2017 01:09,21/12/2017 10:09
ord_002284,cust_002009,delivered,13/05/2017 16:57,15/05/2017 03:57,21/05/2017 03:57,01/06/2017 03:57,05/06/2017 16:57
ord_002285,cust_000448,shipped,31/01/2018 16:57,02/02/2018 02:57,05/02/2018 02:57,,24/02/2018 16:57
ord_002286,cust_001551,delivered,18/05/2018 19:41,20/05/2018 09:41,21/05/2018 09:41,03/06/2018 09:41,03/06/2018 19:41
ord_002287,cust_002468,delivered,10/06/2018 18:55,11/06/2018 17:55,15/06/2018 17:55,26/06/2018 17:55,03/07/2018 18:55
ord_002288,cust_001424,delivered,20/10/2018 20:09,22/10/2018 15:09,24/10/2018 15:09,31/10/2018 15:09,11/11/2018 20:09
ord_002289,cust_000808,delivered,27/04/2018 16:27,28/04/2018 18:27,30/04/2018 18:27,10/05/2018 18:27,11/05/2018 16:27
ord_002290,cust_000491,delivered,11/09/2017 21:12,12/09/2017 03:12,14/09/2017 03:12,28/09/2017 03:12,27/09/2017 21:12
ord_002291,cust_001187,invoiced,14/10/2017 20:28,15/10/2017 03:28,,,25/10/2017 20:28
ord_002292,cust_002833,delivered,11/05/2017 21:47,12/05/2017 20:47,13/05/2017 20:47,26/05/2017 20:47,21/05/2017 21:47
ord_002293,cust_001735,delivered,25/08/2018 13:50,26/08/2018 07:50,27/08/2018 07:50,29/08/2018 07:50,13/09/2018 13:50
ord_002294,cust_001393,delivered,17/05/2017 10:00,17/05/2017 15:00,21/05/2017 15:00,02/06/2017 15:00,27/05/2017 10:00
ord_002295,cust_001955,delivered,08/06/2018 15:23,08/06/2018 17:23,09/06/2018 17:23,18/06/2018 17:23,22/06/2018 15:23
ord_002296,cust_001592,canceled,02/06/2018 09:59,03/06/2018 14:59,,,14/06/2018 09:59
ord_002297,cust_001279,delivered,22/09/2018 08:35,23/09/2018 20:35,29/09/2018 20:35,08/10/2018 20:35,05/10/2018 08:35
ord_002298,cust_000497,delivered,11/04/2017 11:17,11/04/2017 21:17,13/04/2017 21:17,21/04/2017 21:17,24/04/2017 11:17
ord_002299,cust_001347,delivered,23/08/2017 11:23,23/08/2017 22:23,24/08/2017 22:23,28/08/2017 22:23,10/09/2017 11:23
ord_002300,cust_000813,delivered,23/11/2018 18:19,24/11/2018 19:19,26/11/2018 19:19,01/12/2018 19:19,14/12/2018 18:19
ord_002301,cust_000984,delivered,17/05/2018 18:26,17/05/2018 23:26,18/05/2018 23:26,31/05/2018 23:26,04/06/2018 18:26
ord_002302,cust_000908,delivered,01/03/2018 19:26,03/03/2018 11:26,05/03/2018 11:26,12/03/2018 11:26,22/03/2018 19:26
ord_002303,cust_000282,delivered,31/08/2018 13:30,01/09/2018 17:30,07/09/2018 17:30,11/09/2018 17:30,18/09/2018 13:30
ord_002304,cust_001562,delivered,21/11/2018 18:27,22/11/2018 11:27,27/11/2018 11:27,30/11/2018 11:27,11/12/2018 18:27
ord_002305,cust_000444,delivered,15/10/2017 21:30,17/10/2017 00:30,23/10/2017 00:30,28/10/2017 00:30,29/10/2017 21:30
ord_002306,cust_001225,delivered,21/11/2018 12:01,21/11/2018 19:01,26/11/2018 19:01,07/12/2018 19:01,05/12/2018 12:01
ord_002307,cust_002669,delivered,20/05/2017 13:03,21/05/2017 04:03,27/05/2017 04:03,02/06/2017 04:03,01/06/2017 13:03
ord_002308,cust_002534,delivered,20/12/2018 08:22,21/12/2018 09:22,25/12/2018 09:22,01/01/2019 09:22,06/01/2019 08:22
ord_002309,cust_002924,delivered,17/07/2017 12:53,19/07/2017 10:53,20/07/2017 10:53,30/07/2017 10:53,29/07/2017 12:53
ord_002310,cust_000447,delivered,18/10/2017 18:47,20/10/2017 10:47,25/10/2017 10:47,03/11/2017 10:47,06/11/2017 18:47
ord_002311,cust_002476,delivered,06/05/2017 16:06,07/05/2017 22:06,11/05/2017 22:06,14/05/2017 22:06,26/05/2017 16:06
ord_002312,cust_002442,processing,02/10/2018 20:29,03/10/2018 12:29,,,25/10/2018 20:29
ord_002313,cust_000917,delivered,24/12/2018 14:36,26/12/2018 10:36,31/12/2018 10:36,11/01/2019 10:36,10/01/2019 14:36
ord_002314,cust_001091,delivered,13/11/2017 10:28,13/11/2017 16:28,17/11/2017 16:28,28/11/2017 16:28,07/12/2017 10:28
ord_002315,cust_000535,delivered,26/11/2017 17:41,27/11/2017 07:41,02/12/2017 07:41,09/12/2017 07:41,13/12/2017 17:41
ord_002316,cust_002899,delivered,29/10/2017 15:59,30/10/2017 11:59,03/11/2017 11:59,07/11/2017 11:59,18/11/2017 15:59
ord_002317,cust_001527,delivered,07/07/2017 22:05,09/07/2017 00:05,10/07/2017 00:05,14/07/2017 00:05,31/07/2017 22:05
ord_002318,cust_000865,delivered,23/09/2018 09:30,24/09/2018 17:30,28/09/2018 17:30,01/10/2018 17:30,10/10/2018 09:30
ord_002319,cust_000283,delivered,25/03/2017 20:30,26/03/2017 15:30,29/03/2017 15:30,01/04/2017 15:30,17/04/2017 20:30
ord_002320,cust_001500,delivered,15/12/2018 11:33,17/12/2018 08:33,18/12/2018 08:33,01/01/2019 08:33,02/01/2019 11:33
ord_002321,cust_002744,delivered,27/11/2018 22:10,28/11/2018 17:10,30/11/2018 17:10,07/12/2018 17:10,07/12/2018 22:10
ord_002322,cust_001145,delivered,30/05/2017 14:38,31/05/2017 20:38,06/06/2017 20:38,12/06/2017 20:38,16/06/2017 14:38
ord_002323,cust_002304,delivered,19/04/2018 13:02,19/04/2018 15:02,23/04/2018 15:02,30/04/2018 15:02,10/05/2018 13:02
ord_002324,cust_001013,delivered,28/12/2018 18:44,29/12/2018 01:44,30/12/2018 01:44,07/01/2019 01:44,16/01/2019 18:44
ord_002325,cust_002920,delivered,29/10/2018 17:39,30/10/2018 03:39,02/11/2018 03:39,05/11/2018 03:39,11/11/2018 17:39
ord_002326,cust_001906,delivered,13/08/2018 17:19,13/08/2018 17:19,18/08/2018 17:19,31/08/2018 17:19,27/08/2018 17:19
ord_002327,cust_002567,delivered,02/02/2017 08:59,04/02/2017 01:59,08/02/2017 01:59,16/02/2017 01:59,22/02/2017 08:59
ord_002328,cust_001801,delivered,03/04/2017 11:49,04/04/2017 16:49,09/04/2017 16:49,18/04/2017 16:49,24/04/2017 11:49
ord_002329,cust_001226,delivered,27/09/2018 16:32,29/09/2018 08:32,03/10/2018 08:32,11/10/2018 08:32,09/10/2018 16:32
ord_002330,cust_000140,delivered,01/01/2018 08:59,01/01/2018 23:59,02/01/2018 23:59,16/01/2018 23:59,17/01/2018 08:59
ord_002331,cust_000942,delivered,16/07/2018 15:49,16/07/2018 20:49,22/07/2018 20:49,05/08/2018 20:49,28/07/2018 15:49
ord_002332,cust_000679,delivered,27/08/2018 19:08,28/08/2018 10:08,01/09/2018 10:08,04/09/2018 10:08,10/09/2018 19:08
ord_002333,cust_002502,delivered,04/02/2018 22:35,04/02/2018 22:35,10/02/2018 22:35,21/02/2018 22:35,28/02/2018 22:35
ord_002334,cust_001702,delivered,26/06/2017 10:34,27/06/2017 00:34,29/06/2017 00:34,03/07/2017 00:34,06/07/2017 10:34
ord_002335,cust_001763,delivered,09/01/2018 17:39,09/01/2018 21:39,14/01/2018 21:39,16/01/2018 21:39,27/01/2018 17:39
ord_002336,cust_002925,delivered,08/11/2018 12:56,08/11/2018 22:56,09/11/2018 22:56,18/11/2018 22:56,24/11/2018 12:56
ord_002337,cust_002636,delivered,28/11/2017 11:29,29/11/2017 17:29,30/11/2017 17:29,08/12/2017 17:29,13/12/2017 11:29
ord_002338,cust_002015,delivered,27/03/2017 20:04,29/03/2017 18:04,04/04/2017 18:04,12/04/2017 18:04,19/04/2017 20:04
ord_002339,cust_000975,delivered,11/12/2018 14:28,12/12/2018 01:28,18/12/2018 01:28,20/12/2018 01:28,03/01/2019 14:28
ord_002340,cust_000326,delivered,24/07/2018 19:47,26/07/2018 18:47,01/08/2018 18:47,11/08/2018 18:47,03/08/2018 19:47
ord_002341,cust_001639,delivered,27/04/2018 19:21,,01/05/2018 07:21,09/05/2018 07:21,11/05/2018 19:21
ord_002342,cust_002965,delivered,16/10/2018 15:01,16/10/2018 20:01,22/10/2018 20:01,24/10/2018 20:01,29/10/2018 15:01
ord_002343,cust_001387,delivered,27/01/2018 20:18,27/01/2018 20:18,28/01/2018 20:18,03/02/2018 20:18,06/02/2018 20:18
ord_002344,cust_002944,delivered,24/12/2018 15:40,24/12/2018 20:40,27/12/2018 20:40,30/12/2018 20:40,10/01/2019 15:40
ord_002345,cust_000549,delivered,31/10/2018 19:05,02/11/2018 05:05,05/11/2018 05:05,18/11/2018 05:05,15/11/2018 19:05
ord_002346,cust_000184,delivered,30/10/2017 19:22,01/11/2017 03:22,06/11/2017 03:22,17/11/2017 03:22,14/11/2017 19:22
ord_002347,cust_001623,processing,28/12/2017 14:07,30/12/2017 08:07,,,17/01/2018 14:07
ord_002348,cust_001121,delivered,26/10/2017 18:28,27/10/2017 19:28,30/10/2017 19:28,02/11/2017 19:28,19/11/2017 18:28
ord_002349,cust_000250,delivered,11/07/2018 09:08,11/07/2018 11:08,12/07/2018 11:08,25/07/2018 11:08,30/07/2018 09:08
ord_002350,cust_002828,delivered,28/06/2018 18:06,30/06/2018 17:06,03/07/2018 17:06,09/07/2018 17:06,17/07/2018 18:06
ord_002351,cust_001124,invoiced,15/04/2018 15:41,17/04/2018 08:41,,,02/05/2018 15:41
ord_002352,cust_000763,delivered,14/12/2018 21:09,16/12/2018 07:09,21/12/2018 07:09,01/01/2019 07:09,30/12/2018 21:09
ord_002353,cust_001600,delivered,12/03/2018 12:09,14/03/2018 08:09,15/03/2018 08:09,22/03/2018 08:09,29/03/2018 12:09
ord_002354,cust_002535,delivered,21/09/2018 21:35,22/09/2018 10:35,25/09/2018 10:35,09/10/2018 10:35,04/10/2018 21:35
ord_002355,cust_000435,delivered,10/07/2018 22:02,11/07/2018 23:02,15/07/2018 23:02,19/07/2018 23:02,27/07/2018 22:02
ord_002356,cust_001097,delivered,12/04/2018 18:01,13/04/2018 19:01,17/04/2018 19:01,23/04/2018 19:01,27/04/2018 18:01
ord_002357,cust_002260,delivered,01/03/2017 09:25,01/03/2017 22:25,06/03/2017 22:25,10/03/2017 22:25,16/03/2017 09:25
ord_002358,cust_002000,delivered,10/07/2018 13:21,12/07/2018 12:21,14/07/2018 12:21,20/07/2018 12:21,02/08/2018 13:21
ord_002359,cust_000572,delivered,30/06/2018 09:32,01/07/2018 12:32,05/07/2018 12:32,17/07/2018 12:32,11/07/2018 09:32
ord_002360,cust_000082,invoiced,06/06/2017 13:59,08/06/2017 09:59,,,28/06/2017 13:59
ord_002361,cust_002185,shipped,28/09/2018 19:26,29/09/2018 09:26,02/10/2018 09:26,,10/10/2018 19:26
ord_002362,cust_000628,delivered,08/03/2018 19:34,09/03/2018 18:34,15/03/2018 18:34,28/03/2018 18:34,23/03/2018 19:34
ord_002363,cust_000071,delivered,25/11/2017 15:55,27/11/2017 11:55,03/12/2017 11:55,09/12/2017 11:55,15/12/2017 15:55
ord_002364,cust_002637,delivered,13/10/2018 16:28,14/10/2018 00:28,18/10/2018 00:28,30/10/2018 00:28,05/11/2018 16:28
ord_002365,cust_002066,delivered,06/12/2017 16:46,07/12/2017 18:46,10/12/2017 18:46,18/12/2017 18:46,28/12/2017 16:46
ord_002366,cust_001362,canceled,18/06/2018 19:32,20/06/2018 09:32,,,08/07/2018 19:32
ord_002367,cust_001201,delivered,15/06/2018 10:38,17/06/2018 00:38,20/06/2018 00:38,25/06/2018 00:38,30/06/2018 10:38
ord_002368,cust_002613,delivered,15/03/2017 14:55,17/03/2017 02:55,22/03/2017 02:55,24/03/2017 02:55,30/03/2017 14:55
ord_002369,cust_002370,delivered,05/02/2018 21:00,07/02/2018 02:00,11/02/2018 02:00,18/02/2018 02:00,19/02/2018 21:00
ord_002370,cust_001583,delivered,10/09/2017 22:54,10/09/2017 22:54,11/09/2017 22:54,21/09/2017 22:54,02/10/2017 22:54
ord_002371,cust_001685,delivered,20/08/2017 21:29,21/08/2017 10:29,26/08/2017 10:29,08/09/2017 10:29,08/09/2017 21:29
ord_002372,cust_001609,delivered,08/07/2018 12:36,10/07/2018 02:36,16/07/2018 02:36,23/07/2018 02:36,18/07/2018 12:36
ord_002373,cust_001140,delivered,18/01/2017 21:27,19/01/2017 21:27,24/01/2017 21:27,27/01/2017 21:27,28/01/2017 21:27
ord_002374,cust_001501,delivered,16/12/2018 22:15,17/12/2018 15:15,21/12/2018 15:15,29/12/2018 15:15,27/12/2018 22:15
ord_002375,cust_001991,delivered,15/01/2018 20:03,17/01/2018 14:03,18/01/2018 14:03,23/01/2018 14:03,02/02/2018 20:03
ord_002376,cust_001940,delivered,14/11/2017 20:56,15/11/2017 12:56,16/11/2017 12:56,29/11/2017 12:56,08/12/2017 20:56
ord_002377,cust_001163,delivered,25/11/2018 18:37,26/11/2018 12:37,02/12/2018 12:37,13/12/2018 12:37,12/12/2018 18:37
ord_002378,cust_002481,delivered,22/03/2018 14:52,23/03/2018 09:52,26/03/2018 09:52,08/04/2018 09:52,04/04/2018 14:52
ord_002379,cust_001068,delivered,13/06/2018 09:17,14/06/2018 01:17,17/06/2018 01:17,23/06/2018 01:17,29/06/2018 09:17
ord_002380,cust_002214,delivered,01/08/2018 09:16,02/08/2018 09:16,06/08/2018 09:16,13/08/2018 09:16,21/08/2018 09:16
ord_002381,cust_001276,delivered,08/11/2018 15:20,10/11/2018 12:20,16/11/2018 12:20,19/11/2018 12:20,18/11/2018 15:20
ord_002382,cust_002829,delivered,12/06/2017 14:13,14/06/2017 13:13,17/06/2017 13:13,20/06/2017 13:13,01/07/2017 14:13
ord_002383,cust_002131,delivered,19/04/2017 13:29,20/04/2017 05:29,24/04/2017 05:29,30/04/2017 05:29,13/05/2017 13:29
ord_002384,cust_002150,delivered,28/12/2018 11:56,29/12/2018 04:56,02/01/2019 04:56,09/01/2019 04:56,21/01/2019 11:56
ord_002385,cust_001844,delivered,14/01/2017 21:52,16/01/2017 14:52,19/01/2017 14:52,29/01/2017 14:52,26/01/2017 21:52
ord_002386,cust_000536,delivered,09/08/2018 08:29,10/08/2018 11:29,14/08/2018 11:29,18/08/2018 11:29,02/09/2018 08:29
ord_002387,cust_002749,delivered,11/06/2018 19:20,12/06/2018 03:20,14/06/2018 03:20,28/06/2018 03:20,22/06/2018 19:20
ord_002388,cust_002112,delivered,05/05/2018 11:36,06/05/2018 13:36,09/05/2018 13:36,21/05/2018 13:36,22/05/2018 11:36
ord_002389,cust_000001,delivered,22/09/2018 08:36,23/09/2018 22:36,26/09/2018 22:36,09/10/2018 22:36,07/10/2018 08:36
ord_002390,cust_000898,delivered,28/12/2018 14:41,29/12/2018 09:41,02/01/2019 09:41,07/01/2019 09:41,17/01/2019 14:41
ord_002391,cust_000482,delivered,07/03/2017 18:32,08/03/2017 23:32,11/03/2017 23:32,20/03/2017 23:32,28/03/2017 18:32
ord_002392,cust_000404,delivered,13/06/2018 16:01,15/06/2018 05:01,18/06/2018 05:01,26/06/2018 05:01,02/07/2018 16:01
ord_002393,cust_001482,delivered,14/08/2018 22:04,15/08/2018 03:04,21/08/2018 03:04,02/09/2018 03:04,04/09/2018 22:04
ord_002394,cust_002383,delivered,20/11/2017 22:58,22/11/2017 20:58,27/11/2017 20:58,10/12/2017 20:58,14/12/2017 22:58
ord_002395,cust_002008,delivered,19/11/2018 18:44,19/11/2018 21:44,25/11/2018 21:44,04/12/2018 21:44,06/12/2018 18:44
ord_002396,cust_002801,delivered,01/03/2018 08:56,01/03/2018 13:56,05/03/2018 13:56,19/03/2018 13:56,19/03/2018 08:56
ord_002397,cust_000268,delivered,17/07/2017 15:20,18/07/2017 05:20,21/07/2017 05:20,29/07/2017 05:20,04/08/2017 15:20
ord_002398,cust_001876,delivered,30/10/2018 18:32,30/10/2018 18:32,02/11/2018 18:32,07/11/2018 18:32,13/11/2018 18:32
ord_002399,cust_000882,delivered,02/12/2018 13:19,03/12/2018 20:19,09/12/2018 20:19,13/12/2018 20:19,18/12/2018 13:19
ord_002400,cust_000043,canceled,10/05/2017 09:54,11/05/2017 10:54,,,28/05/2017 09:54
ord_002401,cust_002965,delivered,03/09/2018 17:17,04/09/2018 10:17,10/09/2018 10:17,15/09/2018 10:17,13/09/2018 17:17
ord_002402,cust_000381,shipped,03/09/2017 18:41,05/09/2017 17:41,11/09/2017 17:41,,18/09/2017 18:41
ord_002403,cust_000982,delivered,11/01/2017 10:10,11/01/2017 23:10,17/01/2017 23:10,24/01/2017 23:10,25/01/2017 10:10
ord_002404,cust_001549,delivered,13/10/2017 11:06,15/10/2017 05:06,19/10/2017 05:06,24/10/2017 05:06,01/11/2017 11:06
ord_002405,cust_001140,delivered,30/10/2018 20:09,31/10/2018 23:09,03/11/2018 23:09,17/11/2018 23:09,14/11/2018 20:09
ord_002406,cust_000461,canceled,23/06/2017 20:31,25/06/2017 05:31,,,05/07/2017 20:31
ord_002407,cust_000716,delivered,13/06/2017 09:50,15/06/2017 06:50,17/06/2017 06:50,26/06/2017 06:50,01/07/2017 09:50
ord_002408,cust_002046,delivered,27/08/2018 10:59,27/08/2018 22:59,29/08/2018 22:59,09/09/2018 22:59,12/09/2018 10:59
ord_002409,cust_000052,delivered,23/01/2018 08:37,23/01/2018 13:37,29/01/2018 13:37,12/02/2018 13:37,11/02/2018 08:37
ord_002410,cust_000180,delivered,01/07/2017 12:32,03/07/2017 02:32,08/07/2017 02:32,18/07/2017 02:32,22/07/2017 12:32
ord_002411,cust_000856,delivered,17/09/2017 20:47,19/09/2017 02:47,23/09/2017 02:47,28/09/2017 02:47,11/10/2017 20:47
ord_002412,cust_002927,delivered,27/09/2018 12:03,27/09/2018 21:03,01/10/2018 21:03,10/10/2018 21:03,16/10/2018 12:03
ord_002413,cust_000483,delivered,19/06/2018 12:48,21/06/2018 07:48,24/06/2018 07:48,26/06/2018 07:48,06/07/2018 12:48
ord_002414,cust_001958,delivered,08/09/2018 15:45,10/09/2018 01:45,16/09/2018 01:45,21/09/2018 01:45,22/09/2018 15:45
ord_002415,cust_001143,canceled,08/05/2017 15:31,09/05/2017 16:31,,,28/05/2017 15:31
ord_002416,cust_001530,delivered,02/03/2018 08:01,02/03/2018 14:01,05/03/2018 14:01,07/03/2018 14:01,18/03/2018 08:01
ord_002417,cust_000697,delivered,28/09/2018 18:12,30/09/2018 16:12,01/10/2018 16:12,07/10/2018 16:12,22/10/2018 18:12
ord_002418,cust_002761,delivered,18/10/2017 13:22,19/10/2017 14:22,20/10/2017 14:22,22/10/2017 14:22,07/11/2017 13:22
ord_002419,cust_001211,delivered,22/07/2017 17:56,23/07/2017 21:56,25/07/2017 21:56,02/08/2017 21:56,05/08/2017 17:56
ord_002420,cust_000131,delivered,05/01/2018 19:38,05/01/2018 20:38,07/01/2018 20:38,18/01/2018 20:38,29/01/2018 19:38
ord_002421,cust_000808,delivered,28/11/2017 20:30,30/11/2017 04:30,02/12/2017 04:30,04/12/2017 04:30,14/12/2017 20:30
ord_002422,cust_000964,delivered,07/08/2017 10:29,09/08/2017 02:29,14/08/2017 02:29,17/08/2017 02:29,26/08/2017 10:29
ord_002423,cust_002746,delivered,08/12/2018 22:46,10/12/2018 11:46,14/12/2018 11:46,27/12/2018 11:46,28/12/2018 22:46
ord_002424,cust_000084,delivered,19/03/2018 13:19,20/03/2018 07:19,21/03/2018 07:19,26/03/2018 07:19,07/04/2018 13:19
ord_002425,cust_000874,delivered,09/06/2018 21:05,10/06/2018 06:05,14/06/2018 06:05,16/06/2018 06:05,27/06/2018 21:05
ord_002426,cust_000539,delivered,02/06/2017 21:40,03/06/2017 18:40,04/06/2017 18:40,07/06/2017 18:40,22/06/2017 21:40
ord_002427,cust_000565,delivered,10/06/2018 20:19,11/06/2018 22:19,15/06/2018 22:19,28/06/2018 22:19,03/07/2018 20:19
ord_002428,cust_002957,delivered,07/05/2018 17:19,08/05/2018 05:19,09/05/2018 05:19,23/05/2018 05:19,19/05/2018 17:19
ord_002429,cust_002286,processing,28/11/2018 08:27,29/11/2018 13:27,,,16/12/2018 08:27
ord_002430,cust_002839,delivered,28/01/2018 22:14,30/01/2018 18:14,04/02/2018 18:14,09/02/2018 18:14,16/02/2018 22:14
ord_002431,cust_002435,delivered,20/09/2018 10:55,20/09/2018 15:55,21/09/2018 15:55,25/09/2018 15:55,13/10/2018 10:55
ord_002432,cust_002579,canceled,19/11/2017 21:50,20/11/2017 08:50,,,07/12/2017 21:50
ord_002433,cust_001689,delivered,22/05/2018 22:59,23/05/2018 19:59,26/05/2018 19:59,07/06/2018 19:59,03/06/2018 22:59
ord_002434,cust_001570,shipped,27/11/2018 21:57,28/11/2018 05:57,03/12/2018 05:57,,18/12/2018 21:57
ord_002435,cust_001034,delivered,20/06/2018 19:18,22/06/2018 07:18,24/06/2018 07:18,01/07/2018 07:18,12/07/2018 19:18
ord_002436,cust_000213,delivered,10/08/2018 14:22,10/08/2018 16:22,13/08/2018 16:22,24/08/2018 16:22,01/09/2018 14:22
ord_002437,cust_002502,delivered,10/11/2018 15:41,10/11/2018 16:41,16/11/2018 16:41,21/11/2018 16:41,23/11/2018 15:41
ord_002438,cust_001140,delivered,26/11/2018 11:00,27/11/2018 03:00,28/11/2018 03:00,11/12/2018 03:00,08/12/2018 11:00
ord_002439,cust_002009,delivered,28/08/2017 17:59,29/08/2017 12:59,01/09/2017 12:59,10/09/2017 12:59,07/09/2017 17:59
ord_002440,cust_002875,delivered,16/08/2017 20:00,18/08/2017 05:00,19/08/2017 05:00,01/09/2017 05:00,01/09/2017 20:00
ord_002441,cust_001143,delivered,03/05/2018 16:31,03/05/2018 22:31,06/05/2018 22:31,11/05/2018 22:31,14/05/2018 16:31
ord_002442,cust_000416,delivered,29/12/2018 14:40,31/12/2018 03:40,06/01/2019 03:40,20/01/2019 03:40,19/01/2019 14:40
ord_002443,cust_001174,delivered,24/03/2018 14:54,24/03/2018 22:54,28/03/2018 22:54,02/04/2018 22:54,11/04/2018 14:54
ord_002444,cust_002859,shipped,28/11/2017 21:38,30/11/2017 18:38,03/12/2017 18:38,,12/12/2017 21:38
ord_002445,cust_000007,delivered,25/04/2018 14:35,26/04/2018 14:35,30/04/2018 14:35,02/05/2018 14:35,09/05/2018 14:35
ord_002446,cust_000774,delivered,29/03/2017 21:18,31/03/2017 09:18,02/04/2017 09:18,06/04/2017 09:18,14/04/2017 21:18
ord_002447,cust_000173,delivered,29/07/2017 21:35,29/07/2017 22:35,30/07/2017 22:35,08/08/2017 22:35,10/08/2017 21:35
ord_002448,cust_002307,delivered,01/07/2017 08:44,02/07/2017 18:44,06/07/2017 18:44,14/07/2017 18:44,17/07/2017 08:44
ord_002449,cust_000404,delivered,10/02/2017 11:30,11/02/2017 07:30,16/02/2017 07:30,19/02/2017 07:30,01/03/2017 11:30
ord_002450,cust_000802,delivered,17/08/2018 22:46,18/08/2018 22:46,20/08/2018 22:46,22/08/2018 22:46,02/09/2018 22:46
ord_002451,cust_000741,delivered,26/11/2017 18:04,26/11/2017 19:04,27/11/2017 19:04,09/12/2017 19:04,13/12/2017 18:04
ord_002452,cust_000128,delivered,21/07/2017 20:20,23/07/2017 01:20,27/07/2017 01:20,01/08/2017 01:20,12/08/2017 20:20
ord_002453,cust_002778,delivered,08/04/2018 08:57,10/04/2018 04:57,13/04/2018 04:57,24/04/2018 04:57,23/04/2018 08:57
ord_002454,cust_001152,delivered,25/11/2017 10:19,27/11/2017 09:19,03/12/2017 09:19,07/12/2017 09:19,06/12/2017 10:19
ord_002455,cust_002464,delivered,13/01/2018 10:37,15/01/2018 04:37,18/01/2018 04:37,23/01/2018 04:37,31/01/2018 10:37
ord_002456,cust_001564,delivered,23/11/2017 21:31,25/11/2017 07:31,28/11/2017 07:31,30/11/2017 07:31,05/12/2017 21:31
ord_002457,cust_000122,delivered,06/01/2017 21:56,07/01/2017 07:56,11/01/2017 07:56,19/01/2017 07:56,28/01/2017 21:56
ord_002458,cust_000553,delivered,28/07/2018 21:09,29/07/2018 14:09,04/08/2018 14:09,12/08/2018 14:09,09/08/2018 21:09
ord_002459,cust_000044,delivered,22/05/2017 11:17,22/05/2017 14:17,27/05/2017 14:17,05/06/2017 14:17,11/06/2017 11:17
ord_002460,cust_000738,processing,07/09/2017 17:51,08/09/2017 03:51,,,23/09/2017 17:51
ord_002461,cust_001758,delivered,11/08/2017 12:39,12/08/2017 00:39,17/08/2017 00:39,27/08/2017 00:39,28/08/2017 12:39
ord_002462,cust_000374,delivered,28/11/2017 10:32,29/11/2017 18:32,04/12/2017 18:32,08/12/2017 18:32,21/12/2017 10:32
ord_002463,cust_001129,delivered,13/07/2017 19:23,13/07/2017 20:23,17/07/2017 20:23,24/07/2017 20:23,04/08/2017 19:23
ord_002464,cust_000087,delivered,09/12/2017 10:24,11/12/2017 06:24,13/12/2017 06:24,15/12/2017 06:24,21/12/2017 10:24
ord_002465,cust_002405,delivered,28/09/2017 19:56,30/09/2017 06:56,01/10/2017 06:56,11/10/2017 06:56,20/10/2017 19:56
ord_002466,cust_001056,delivered,25/03/2017 17:40,27/03/2017 01:40,31/03/2017 01:40,07/04/2017 01:40,08/04/2017 17:40
ord_002467,cust_002918,delivered,07/11/2018 14:55,08/11/2018 17:55,13/11/2018 17:55,17/11/2018 17:55,22/11/2018 14:55
ord_002468,cust_000980,delivered,20/11/2017 21:58,21/11/2017 09:58,24/11/2017 09:58,07/12/2017 09:58,12/12/2017 21:58
ord_002469,cust_001482,delivered,05/05/2017 20:32,06/05/2017 22:32,09/05/2017 22:32,17/05/2017 22:32,17/05/2017 20:32
ord_002470,cust_001499,delivered,14/04/2018 22:36,16/04/2018 04:36,19/04/2018 04:36,21/04/2018 04:36,30/04/2018 22:36
ord_002471,cust_000532,delivered,05/06/2017 17:39,07/06/2017 09:39,11/06/2017 09:39,14/06/2017 09:39,16/06/2017 17:39
ord_002472,cust_002217,delivered,15/09/2018 10:50,16/09/2018 18:50,21/09/2018 18:50,26/09/2018 18:50,03/10/2018 10:50
ord_002473,cust_002678,delivered,26/03/2017 13:39,28/03/2017 03:39,31/03/2017 03:39,14/04/2017 03:39,14/04/2017 13:39
ord_002474,cust_002574,delivered,06/03/2018 20:06,07/03/2018 17:06,11/03/2018 17:06,14/03/2018 17:06,24/03/2018 20:06
ord_002475,cust_001266,delivered,03/12/2018 12:56,04/12/2018 07:56,07/12/2018 07:56,14/12/2018 07:56,27/12/2018 12:56
ord_002476,cust_002299,delivered,12/07/2017 13:39,14/07/2017 02:39,16/07/2017 02:39,23/07/2017 02:39,01/08/2017 13:39
ord_002477,cust_001251,canceled,21/08/2017 16:52,22/08/2017 21:52,,,31/08/2017 16:52
ord_002478,cust_000436,delivered,04/06/2018 15:25,05/06/2018 09:25,09/06/2018 09:25,18/06/2018 09:25,17/06/2018 15:25
ord_002479,cust_002111,delivered,21/12/2018 08:28,22/12/2018 05:28,26/12/2018 05:28,03/01/2019 05:28,07/01/2019 08:28
ord_002480,cust_001222,delivered,08/01/2018 16:41,09/01/2018 18:41,11/01/2018 18:41,23/01/2018 18:41,24/01/2018 16:41
ord_002481,cust_001109,delivered,04/07/2018 19:46,06/07/2018 00:46,12/07/2018 00:46,14/07/2018 00:46,16/07/2018 19:46
ord_002482,cust_000222,delivered,05/07/2017 14:04,06/07/2017 07:04,11/07/2017 07:04,18/07/2017 07:04,22/07/2017 14:04
ord_002483,cust_000704,shipped,30/06/2018 11:24,30/06/2018 18:24,05/07/2018 18:24,,17/07/2018 11:24
ord_002484,cust_001246,delivered,06/10/2017 22:46,08/10/2017 17:46,13/10/2017 17:46,18/10/2017 17:46,22/10/2017 22:46
ord_002485,cust_002225,delivered,12/06/2018 21:59,13/06/2018 11:59,16/06/2018 11:59,21/06/2018 11:59,04/07/2018 21:59
ord_002486,cust_001186,delivered,27/04/2017 09:00,27/04/2017 16:00,01/05/2017 16:00,14/05/2017 16:00,12/05/2017 09:00
ord_002487,cust_000557,delivered,17/04/2018 16:15,18/04/2018 04:15,20/04/2018 04:15,30/04/2018 04:15,08/05/2018 16:15
ord_002488,cust_001192,delivered,23/09/2017 21:27,25/09/2017 14:27,30/09/2017 14:27,05/10/2017 14:27,13/10/2017 21:27
ord_002489,cust_000117,delivered,24/07/2018 08:13,24/07/2018 16:13,25/07/2018 16:13,04/08/2018 16:13,17/08/2018 08:13
ord_002490,cust_001381,delivered,31/08/2018 13:01,01/09/2018 22:01,05/09/2018 22:01,17/09/2018 22:01,19/09/2018 13:01
ord_002491,cust_001492,delivered,26/10/2018 12:32,27/10/2018 07:32,29/10/2018 07:32,02/11/2018 07:32,12/11/2018 12:32
ord_002492,cust_002109,delivered,27/12/2018 21:38,29/12/2018 02:38,02/01/2019 02:38,11/01/2019 02:38,06/01/2019 21:38
ord_002493,cust_000101,canceled,03/03/2018 09:24,04/03/2018 19:24,,,22/03/2018 09:24
ord_002494,cust_001897,delivered,17/07/2018 19:22,18/07/2018 05:22,24/07/2018 05:22,06/08/2018 05:22,03/08/2018 19:22
ord_002495,cust_002372,delivered,27/01/2017 16:59,28/01/2017 11:59,29/01/2017 11:59,04/02/2017 11:59,19/02/2017 16:59
ord_002496,cust_002428,delivered,22/11/2018 10:28,23/11/2018 23:28,28/11/2018 23:28,08/12/2018 23:28,10/12/2018 10:28
ord_002497,cust_002932,delivered,14/06/2018 17:47,16/06/2018 16:47,21/06/2018 16:47,30/06/2018 16:47,04/07/2018 17:47
ord_002498,cust_002032,delivered,03/02/2018 20:17,05/02/2018 12:17,11/02/2018 12:17,17/02/2018 12:17,26/02/2018 20:17
ord_002499,cust_002845,delivered,13/02/2018 15:49,,16/02/2018 05:49,22/02/2018 05:49,09/03/2018 15:49
ord_002500,cust_001025,delivered,06/09/2018 20:49,07/09/2018 07:49,12/09/2018 07:49,25/09/2018 07:49,19/09/2018 20:49
ord_002501,cust_000446,delivered,18/10/2018 18:16,20/10/2018 15:16,21/10/2018 15:16,03/11/2018 15:16,31/10/2018 18:16
ord_002502,cust_000001,delivered,04/10/2018 13:39,05/10/2018 21:39,10/10/2018 21:39,15/10/2018 21:39,25/10/2018 13:39
ord_002503,cust_002795,delivered,07/04/2018 11:40,07/04/2018 20:40,10/04/2018 20:40,18/04/2018 20:40,19/04/2018 11:40
ord_002504,cust_000356,delivered,28/12/2017 15:26,29/12/2017 22:26,03/01/2018 22:26,06/01/2018 22:26,19/01/2018 15:26
ord_002505,cust_000335,delivered,03/12/2018 13:46,04/12/2018 04:46,09/12/2018 04:46,16/12/2018 04:46,15/12/2018 13:46
ord_002506,cust_002202,delivered,25/06/2018 14:18,25/06/2018 21:18,28/06/2018 21:18,11/07/2018 21:18,10/07/2018 14:18
ord_002507,cust_001063,delivered,29/04/2018 13:29,29/04/2018 20:29,02/05/2018 20:29,13/05/2018 20:29,21/05/2018 13:29
ord_002508,cust_001541,delivered,03/06/2018 17:59,04/06/2018 11:59,09/06/2018 11:59,17/06/2018 11:59,15/06/2018 17:59
ord_002509,cust_000252,delivered,23/06/2018 13:10,24/06/2018 00:10,30/06/2018 00:10,12/07/2018 00:10,03/07/2018 13:10
ord_002510,cust_001272,delivered,12/08/2018 22:08,14/08/2018 11:08,17/08/2018 11:08,26/08/2018 11:08,02/09/2018 22:08
ord_002511,cust_002468,delivered,05/05/2018 21:08,06/05/2018 04:08,12/05/2018 04:08,19/05/2018 04:08,27/05/2018 21:08
ord_002512,cust_001722,delivered,10/11/2018 13:59,10/11/2018 21:59,13/11/2018 21:59,15/11/2018 21:59,01/12/2018 13:59
ord_002513,cust_000671,delivered,02/11/2018 10:09,03/11/2018 15:09,09/11/2018 15:09,12/11/2018 15:09,18/11/2018 10:09
ord_002514,cust_000456,delivered,19/02/2018 17:11,20/02/2018 13:11,24/02/2018 13:11,05/03/2018 13:11,12/03/2018 17:11
ord_002515,cust_001994,delivered,21/07/2017 08:41,21/07/2017 17:41,26/07/2017 17:41,29/07/2017 17:41,10/08/2017 08:41
ord_002516,cust_002104,shipped,20/05/2018 22:45,21/05/2018 01:45,26/05/2018 01:45,,04/06/2018 22:45
ord_002517,cust_002288,delivered,17/06/2018 22:31,18/06/2018 02:31,23/06/2018 02:31,29/06/2018 02:31,08/07/2018 22:31
ord_002518,cust_000368,delivered,16/04/2018 17:58,17/04/2018 06:58,23/04/2018 06:58,02/05/2018 06:58,28/04/2018 17:58
ord_002519,cust_001142,delivered,18/11/2018 15:02,19/11/2018 03:02,22/11/2018 03:02,03/12/2018 03:02,04/12/2018 15:02
ord_002520,cust_000187,delivered,02/05/2017 11:37,03/05/2017 14:37,08/05/2017 14:37,22/05/2017 14:37,24/05/2017 11:37
ord_002521,cust_002367,delivered,05/11/2017 20:36,07/11/2017 04:36,12/11/2017 04:36,22/11/2017 04:36,17/11/2017 20:36
ord_002522,cust_000757,delivered,05/11/2018 14:19,05/11/2018 21:19,09/11/2018 21:19,23/11/2018 21:19,21/11/2018 14:19
ord_002523,cust_000976,delivered,30/11/2018 18:53,01/12/2018 14:53,03/12/2018 14:53,08/12/2018 14:53,19/12/2018 18:53
ord_002524,cust_001699,canceled,07/02/2018 12:33,08/02/2018 10:33,,,25/02/2018 12:33
ord_002525,cust_000444,delivered,13/08/2017 14:14,13/08/2017 21:14,15/08/2017 21:14,17/08/2017 21:14,06/09/2017 14:14
ord_002526,cust_002315,delivered,03/02/2018 14:05,04/02/2018 13:05,05/02/2018 13:05,08/02/2018 13:05,22/02/2018 14:05
ord_002527,cust_001379,delivered,28/02/2018 15:06,28/02/2018 18:06,06/03/2018 18:06,16/03/2018 18:06,10/03/2018 15:06
ord_002528,cust_001678,delivered,13/04/2018 15:53,14/04/2018 05:53,19/04/2018 05:53,25/04/2018 05:53,07/05/2018 15:53
ord_002529,cust_002130,delivered,25/10/2017 10:15,26/10/2017 21:15,30/10/2017 21:15,08/11/2017 21:15,07/11/2017 10:15
ord_002530,cust_001980,delivered,22/11/2017 18:54,23/11/2017 05:54,26/11/2017 05:54,10/12/2017 05:54,10/12/2017 18:54
ord_002531,cust_000119,delivered,08/07/2018 22:07,10/07/2018 07:07,11/07/2018 07:07,23/07/2018 07:07,31/07/2018 22:07
ord_002532,cust_000295,delivered,18/06/2018 11:59,18/06/2018 16:59,21/06/2018 16:59,27/06/2018 16:59,07/07/2018 11:59
ord_002533,cust_002418,delivered,12/07/2018 15:50,13/07/2018 13:50,15/07/2018 13:50,25/07/2018 13:50,23/07/2018 15:50
ord_002534,cust_002637,delivered,02/01/2018 08:06,04/01/2018 03:06,08/01/2018 03:06,22/01/2018 03:06,17/01/2018 08:06
ord_002535,cust_000766,delivered,01/12/2017 11:05,02/12/2017 12:05,05/12/2017 12:05,10/12/2017 12:05,11/12/2017 11:05
ord_002536,cust_000064,delivered,13/12/2017 21:48,15/12/2017 12:48,21/12/2017 12:48,30/12/2017 12:48,29/12/2017 21:48
ord_002537,cust_002043,delivered,06/12/2018 13:04,07/12/2018 00:04,13/12/2018 00:04,24/12/2018 00:04,29/12/2018 13:04
ord_002538,cust_002952,delivered,15/01/2018 09:15,15/01/2018 17:15,19/01/2018 17:15,29/01/2018 17:15,28/01/2018 09:15
ord_002539,cust_000342,delivered,08/06/2018 18:48,09/06/2018 17:48,15/06/2018 17:48,23/06/2018 17:48,29/06/2018 18:48
ord_002540,cust_000272,delivered,15/04/2018 16:54,16/04/2018 03:54,18/04/2018 03:54,25/04/2018 03:54,25/04/2018 16:54
ord_002541,cust_001168,delivered,10/11/2018 21:46,12/11/2018 07:46,13/11/2018 07:46,22/11/2018 07:46,23/11/2018 21:46
ord_002542,cust_001847,delivered,26/12/2017 09:53,27/12/2017 01:53,31/12/2017 01:53,08/01/2018 01:53,13/01/2018 09:53
ord_002543,cust_001395,shipped,13/02/2018 21:33,15/02/2018 10:33,16/02/2018 10:33,,09/03/2018 21:33
ord_002544,cust_001407,delivered,24/10/2018 16:46,24/10/2018 17:46,30/10/2018 17:46,12/11/2018 17:46,12/11/2018 16:46
ord_002545,cust_001405,delivered,13/07/2017 16:20,14/07/2017 08:20,15/07/2017 08:20,27/07/2017 08:20,02/08/2017 16:20
ord_002546,cust_002967,delivered,31/05/2018 18:47,01/06/2018 05:47,07/06/2018 05:47,17/06/2018 05:47,21/06/2018 18:47
ord_002547,cust_000819,delivered,19/01/2018 10:40,20/01/2018 18:40,25/01/2018 18:40,29/01/2018 18:40,30/01/2018 10:40
ord_002548,cust_000289,delivered,24/12/2018 10:34,24/12/2018 19:34,26/12/2018 19:34,03/01/2019 19:34,17/01/2019 10:34
ord_002549,cust_001587,delivered,16/08/2018 09:59,17/08/2018 08:59,21/08/2018 08:59,25/08/2018 08:59,01/09/2018 09:59
ord_002550,cust_001431,delivered,16/01/2017 18:28,17/01/2017 11:28,21/01/2017 11:28,25/01/2017 11:28,30/01/2017 18:28
ord_002551,cust_000832,delivered,22/10/2018 15:37,24/10/2018 02:37,29/10/2018 02:37,03/11/2018 02:37,13/11/2018 15:37
ord_002552,cust_002899,delivered,06/08/2018 09:30,07/08/2018 02:30,10/08/2018 02:30,14/08/2018 02:30,23/08/2018 09:30
ord_002553,cust_000499,delivered,10/05/2018 18:15,12/05/2018 03:15,16/05/2018 03:15,28/05/2018 03:15,30/05/2018 18:15
ord_002554,cust_000405,delivered,22/09/2017 15:19,22/09/2017 19:19,25/09/2017 19:19,03/10/2017 19:19,07/10/2017 15:19
ord_002555,cust_000400,delivered,02/07/2017 10:58,03/07/2017 22:58,04/07/2017 22:58,15/07/2017 22:58,20/07/2017 10:58
ord_002556,cust_002822,delivered,22/06/2018 16:23,23/06/2018 22:23,28/06/2018 22:23,12/07/2018 22:23,04/07/2018 16:23
ord_002557,cust_002684,processing,17/02/2018 13:40,17/02/2018 20:40,,,05/03/2018 13:40
ord_002558,cust_002868,delivered,03/11/2018 09:34,03/11/2018 14:34,05/11/2018 14:34,09/11/2018 14:34,19/11/2018 09:34
ord_002559,cust_000391,delivered,15/10/2017 11:53,16/10/2017 02:53,18/10/2017 02:53,21/10/2017 02:53,28/10/2017 11:53
ord_002560,cust_000073,delivered,27/06/2018 19:45,29/06/2018 18:45,03/07/2018 18:45,05/07/2018 18:45,20/07/2018 19:45
ord_002561,cust_001185,delivered,03/10/2017 10:04,03/10/2017 22:04,08/10/2017 22:04,10/10/2017 22:04,22/10/2017 10:04
ord_002562,cust_001428,delivered,27/06/2018 14:21,28/06/2018 12:21,03/07/2018 12:21,12/07/2018 12:21,20/07/2018 14:21
ord_002563,cust_000755,delivered,09/03/2017 18:42,10/03/2017 15:42,14/03/2017 15:42,24/03/2017 15:42,21/03/2017 18:42
ord_002564,cust_001846,delivered,12/01/2018 13:09,13/01/2018 03:09,16/01/2018 03:09,21/01/2018 03:09,28/01/2018 13:09
ord_002565,cust_001848,delivered,25/07/2017 12:30,26/07/2017 10:30,01/08/2017 10:30,10/08/2017 10:30,16/08/2017 12:30
ord_002566,cust_002021,delivered,08/06/2018 11:19,08/06/2018 19:19,11/06/2018 19:19,15/06/2018 19:19,20/06/2018 11:19
ord_002567,cust_001037,delivered,23/11/2017 11:03,24/11/2017 19:03,25/11/2017 19:03,06/12/2017 19:03,06/12/2017 11:03
ord_002568,cust_000094,delivered,14/09/2018 17:59,15/09/2018 00:59,20/09/2018 00:59,01/10/2018 00:59,07/10/2018 17:59
ord_002569,cust_000858,delivered,26/05/2017 22:55,28/05/2017 01:55,03/06/2017 01:55,14/06/2017 01:55,06/06/2017 22:55
ord_002570,cust_000512,delivered,07/05/2018 17:44,08/05/2018 08:44,10/05/2018 08:44,18/05/2018 08:44,23/05/2018 17:44
ord_002571,cust_002907,delivered,31/05/2018 08:12,01/06/2018 11:12,03/06/2018 11:12,15/06/2018 11:12,11/06/2018 08:12
ord_002572,cust_002521,delivered,02/02/2017 18:59,03/02/2017 20:59,06/02/2017 20:59,09/02/2017 20:59,17/02/2017 18:59
ord_002573,cust_002990,delivered,21/02/2017 21:37,23/02/2017 03:37,26/02/2017 03:37,05/03/2017 03:37,15/03/2017 21:37
ord_002574,cust_002260,delivered,20/11/2017 09:57,21/11/2017 14:57,23/11/2017 14:57,25/11/2017 14:57,05/12/2017 09:57
ord_002575,cust_000397,delivered,10/06/2018 12:02,11/06/2018 01:02,12/06/2018 01:02,24/06/2018 01:02,27/06/2018 12:02
ord_002576,cust_001360,delivered,12/12/2018 19:10,13/12/2018 23:10,15/12/2018 23:10,17/12/2018 23:10,04/01/2019 19:10
ord_002577,cust_002078,delivered,30/04/2017 12:40,30/04/2017 22:40,02/05/2017 22:40,09/05/2017 22:40,15/05/2017 12:40
ord_002578,cust_000198,delivered,06/08/2018 22:54,07/08/2018 16:54,09/08/2018 16:54,13/08/2018 16:54,25/08/2018 22:54
ord_002579,cust_002669,delivered,31/07/2018 10:10,31/07/2018 20:10,02/08/2018 20:10,13/08/2018 20:10,17/08/2018 10:10
ord_002580,cust_002543,delivered,17/07/2018 20:19,18/07/2018 21:19,24/07/2018 21:19,31/07/2018 21:19,06/08/2018 20:19
ord_002581,cust_002912,delivered,11/04/2018 09:35,12/04/2018 22:35,14/04/2018 22:35,23/04/2018 22:35,29/04/2018 09:35
ord_002582,cust_000898,delivered,14/12/2018 17:59,15/12/2018 22:59,20/12/2018 22:59,03/01/2019 22:59,05/01/2019 17:59
ord_002583,cust_000894,delivered,01/04/2018 15:47,01/04/2018 19:47,05/04/2018 19:47,18/04/2018 19:47,24/04/2018 15:47
ord_002584,cust_001887,delivered,21/10/2018 16:55,21/10/2018 19:55,24/10/2018 19:55,31/10/2018 19:55,14/11/2018 16:55
ord_002585,cust_002353,delivered,15/10/2017 15:40,16/10/2017 06:40,21/10/2017 06:40,27/10/2017 06:40,30/10/2017 15:40
ord_002586,cust_000812,delivered,04/10/2018 22:52,06/10/2018 02:52,07/10/2018 02:52,12/10/2018 02:52,16/10/2018 22:52
ord_002587,cust_000983,delivered,30/12/2018 14:30,31/12/2018 03:30,05/01/2019 03:30,15/01/2019 03:30,11/01/2019 14:30
ord_002588,cust_001043,invoiced,23/11/2018 16:07,25/11/2018 15:07,,,14/12/2018 16:07
ord_002589,cust_001864,delivered,18/11/2017 11:42,19/11/2017 15:42,24/11/2017 15:42,03/12/2017 15:42,11/12/2017 11:42
ord_002590,cust_000322,canceled,25/10/2018 09:36,27/10/2018 03:36,,,07/11/2018 09:36
ord_002591,cust_001538,canceled,05/05/2017 15:29,07/05/2017 11:29,,,22/05/2017 15:29
ord_002592,cust_000725,delivered,22/07/2018 20:16,23/07/2018 00:16,24/07/2018 00:16,28/07/2018 00:16,01/08/2018 20:16
ord_002593,cust_002122,delivered,05/12/2017 19:47,07/12/2017 13:47,13/12/2017 13:47,16/12/2017 13:47,23/12/2017 19:47
ord_002594,cust_002229,delivered,10/07/2018 22:49,11/07/2018 00:49,16/07/2018 00:49,19/07/2018 00:49,30/07/2018 22:49
ord_002595,cust_002738,delivered,28/01/2018 15:21,28/01/2018 20:21,29/01/2018 20:21,07/02/2018 20:21,09/02/2018 15:21
ord_002596,cust_001083,delivered,14/01/2017 19:55,15/01/2017 20:55,17/01/2017 20:55,30/01/2017 20:55,06/02/2017 19:55
ord_002597,cust_000338,delivered,18/09/2017 12:22,19/09/2017 13:22,25/09/2017 13:22,30/09/2017 13:22,10/10/2017 12:22
ord_002598,cust_000695,delivered,01/03/2017 15:06,02/03/2017 22:06,08/03/2017 22:06,19/03/2017 22:06,25/03/2017 15:06
ord_002599,cust_000668,delivered,08/02/2018 12:09,08/02/2018 13:09,11/02/2018 13:09,24/02/2018 13:09,04/03/2018 12:09
ord_002600,cust_000009,delivered,22/10/2018 19:29,23/10/2018 00:29,29/10/2018 00:29,11/11/2018 00:29,02/11/2018 19:29
ord_002601,cust_001757,delivered,26/08/2018 17:04,28/08/2018 07:04,31/08/2018 07:04,12/09/2018 07:04,11/09/2018 17:04
ord_002602,cust_001974,delivered,24/09/2018 16:43,25/09/2018 20:43,01/10/2018 20:43,07/10/2018 20:43,10/10/2018 16:43
ord_002603,cust_001071,canceled,04/10/2018 18:47,05/10/2018 11:47,,,14/10/2018 18:47
ord_002604,cust_000855,delivered,28/12/2017 09:32,28/12/2017 17:32,01/01/2018 17:32,10/01/2018 17:32,21/01/2018 09:32
ord_002605,cust_001673,delivered,04/04/2018 15:53,05/04/2018 01:53,06/04/2018 01:53,14/04/2018 01:53,14/04/2018 15:53
ord_002606,cust_000458,delivered,05/04/2018 18:57,06/04/2018 08:57,12/04/2018 08:57,23/04/2018 08:57,25/04/2018 18:57
ord_002607,cust_002348,delivered,25/05/2017 08:26,26/05/2017 07:26,28/05/2017 07:26,07/06/2017 07:26,08/06/2017 08:26
ord_002608,cust_000700,delivered,03/06/2018 18:05,05/06/2018 09:05,07/06/2018 09:05,19/06/2018 09:05,21/06/2018 18:05
ord_002609,cust_002098,delivered,16/08/2018 17:13,17/08/2018 13:13,20/08/2018 13:13,29/08/2018 13:13,02/09/2018 17:13
ord_002610,cust_002023,processing,11/06/2018 09:39,12/06/2018 05:39,,,24/06/2018 09:39
ord_002611,cust_002299,delivered,31/08/2018 14:24,02/09/2018 11:24,07/09/2018 11:24,12/09/2018 11:24,16/09/2018 14:24
ord_002612,cust_001607,shipped,31/05/2017 12:41,31/05/2017 16:41,04/06/2017 16:41,,20/06/2017 12:41
ord_002613,cust_000483,delivered,08/09/2018 17:40,08/09/2018 18:40,14/09/2018 18:40,26/09/2018 18:40,26/09/2018 17:40
ord_002614,cust_000127,delivered,28/08/2017 19:36,30/08/2017 18:36,04/09/2017 18:36,16/09/2017 18:36,10/09/2017 19:36
ord_002615,cust_000091,delivered,11/11/2018 09:09,13/11/2018 06:09,14/11/2018 06:09,22/11/2018 06:09,24/11/2018 09:09
ord_002616,cust_000416,delivered,30/09/2017 22:17,01/10/2017 17:17,06/10/2017 17:17,15/10/2017 17:17,20/10/2017 22:17
ord_002617,cust_002615,delivered,25/03/2018 14:22,26/03/2018 01:22,28/03/2018 01:22,02/04/2018 01:22,07/04/2018 14:22
ord_002618,cust_000322,delivered,22/03/2018 22:49,23/03/2018 03:49,27/03/2018 03:49,02/04/2018 03:49,09/04/2018 22:49
ord_002619,cust_001354,delivered,20/10/2017 15:40,20/10/2017 21:40,24/10/2017 21:40,03/11/2017 21:40,13/11/2017 15:40
ord_002620,cust_001461,delivered,21/12/2017 16:38,23/12/2017 10:38,26/12/2017 10:38,29/12/2017 10:38,08/01/2018 16:38
ord_002621,cust_001907,delivered,07/08/2017 22:40,09/08/2017 09:40,12/08/2017 09:40,14/08/2017 09:40,21/08/2017 22:40
ord_002622,cust_000366,delivered,16/05/2018 09:30,18/05/2018 01:30,20/05/2018 01:30,29/05/2018 01:30,05/06/2018 09:30
ord_002623,cust_000218,delivered,24/11/2018 20:02,25/11/2018 21:02,27/11/2018 21:02,08/12/2018 21:02,18/12/2018 20:02
ord_002624,cust_002535,delivered,23/11/2017 13:12,24/11/2017 20:12,30/11/2017 20:12,14/12/2017 20:12,12/12/2017 13:12
ord_002625,cust_002123,delivered,05/04/2018 18:08,07/04/2018 12:08,10/04/2018 12:08,18/04/2018 12:08,23/04/2018 18:08
ord_002626,cust_001828,delivered,03/11/2018 17:03,04/11/2018 10:03,07/11/2018 10:03,10/11/2018 10:03,22/11/2018 17:03
ord_002627,cust_000304,delivered,26/02/2018 21:19,27/02/2018 23:19,04/03/2018 23:19,14/03/2018 23:19,09/03/2018 21:19
ord_002628,cust_002115,delivered,17/10/2018 14:47,18/10/2018 03:47,20/10/2018 03:47,26/10/2018 03:47,27/10/2018 14:47
ord_002629,cust_002362,delivered,21/02/2018 13:06,22/02/2018 13:06,24/02/2018 13:06,28/02/2018 13:06,11/03/2018 13:06
ord_002630,cust_002535,delivered,17/02/2018 21:06,18/02/2018 07:06,20/02/2018 07:06,02/03/2018 07:06,06/03/2018 21:06
ord_002631,cust_000182,delivered,10/07/2017 15:07,11/07/2017 00:07,12/07/2017 00:07,23/07/2017 00:07,03/08/2017 15:07
ord_002632,cust_001691,delivered,06/06/2017 18:16,07/06/2017 11:16,10/06/2017 11:16,12/06/2017 11:16,23/06/2017 18:16
ord_002633,cust_000249,delivered,11/06/2018 21:12,13/06/2018 18:12,14/06/2018 18:12,25/06/2018 18:12,03/07/2018 21:12
ord_002634,cust_001005,delivered,15/10/2018 18:00,16/10/2018 07:00,19/10/2018 07:00,28/10/2018 07:00,03/11/2018 18:00
ord_002635,cust_001029,shipped,17/06/2017 09:16,18/06/2017 16:16,22/06/2017 16:16,,01/07/2017 09:16
ord_002636,cust_000410,delivered,23/11/2018 21:59,25/11/2018 00:59,27/11/2018 00:59,07/12/2018 00:59,15/12/2018 21:59
ord_002637,cust_000636,delivered,19/12/2017 17:20,20/12/2017 21:20,22/12/2017 21:20,30/12/2017 21:20,30/12/2017 17:20
ord_002638,cust_002802,delivered,06/02/2018 12:12,06/02/2018 18:12,10/02/2018 18:12,16/02/2018 18:12,26/02/2018 12:12
ord_002639,cust_002953,delivered,20/11/2018 13:29,22/11/2018 02:29,26/11/2018 02:29,06/12/2018 02:29,06/12/2018 13:29
ord_002640,cust_001550,delivered,20/11/2018 18:13,22/11/2018 07:13,27/11/2018 07:13,01/12/2018 07:13,10/12/2018 18:13
ord_002641,cust_001353,delivered,17/04/2018 08:33,17/04/2018 12:33,23/04/2018 12:33,02/05/2018 12:33,28/04/2018 08:33
ord_002642,cust_002918,delivered,27/10/2017 11:24,28/10/2017 05:24,30/10/2017 05:24,10/11/2017 05:24,09/11/2017 11:24
ord_002643,cust_001406,delivered,24/07/2017 18:53,26/07/2017 11:53,28/07/2017 11:53,02/08/2017 11:53,07/08/2017 18:53
ord_002644,cust_001298,delivered,23/10/2017 16:55,24/10/2017 03:55,28/10/2017 03:55,31/10/2017 03:55,10/11/2017 16:55
ord_002645,cust_000139,delivered,19/09/2018 12:42,20/09/2018 12:42,22/09/2018 12:42,24/09/2018 12:42,12/10/2018 12:42
ord_002646,cust_000425,delivered,26/11/2017 22:12,28/11/2017 13:12,03/12/2017 13:12,12/12/2017 13:12,19/12/2017 22:12
ord_002647,cust_001474,shipped,01/08/2018 19:28,03/08/2018 09:28,04/08/2018 09:28,,20/08/2018 19:28
ord_002648,cust_000943,delivered,16/08/2017 21:18,,20/08/2017 15:18,30/08/2017 15:18,27/08/2017 21:18
ord_002649,cust_000191,delivered,16/03/2018 22:47,18/03/2018 08:47,24/03/2018 08:47,05/04/2018 08:47,06/04/2018 22:47
ord_002650,cust_002195,delivered,13/12/2017 18:01,15/12/2017 14:01,20/12/2017 14:01,03/01/2018 14:01,04/01/2018 18:01
ord_002651,cust_001884,delivered,02/04/2018 09:39,03/04/2018 06:39,07/04/2018 06:39,13/04/2018 06:39,20/04/2018 09:39
ord_002652,cust_000181,delivered,16/05/2018 15:19,18/05/2018 13:19,19/05/2018 13:19,22/05/2018 13:19,26/05/2018 15:19
ord_002653,cust_002944,delivered,27/12/2018 20:28,29/12/2018 08:28,03/01/2019 08:28,14/01/2019 08:28,08/01/2019 20:28
ord_002654,cust_000756,delivered,21/11/2018 14:19,22/11/2018 21:19,25/11/2018 21:19,27/11/2018 21:19,13/12/2018 14:19
ord_002655,cust_000988,delivered,01/08/2018 22:21,03/08/2018 08:21,09/08/2018 08:21,19/08/2018 08:21,13/08/2018 22:21
ord_002656,cust_000523,delivered,06/07/2017 11:40,06/07/2017 19:40,11/07/2017 19:40,16/07/2017 19:40,21/07/2017 11:40
ord_002657,cust_002424,delivered,25/11/2018 08:35,25/11/2018 08:35,01/12/2018 08:35,07/12/2018 08:35,16/12/2018 08:35
ord_002658,cust_002860,delivered,19/11/2018 16:14,21/11/2018 07:14,22/11/2018 07:14,25/11/2018 07:14,01/12/2018 16:14
ord_002659,cust_002896,delivered,16/11/2018 19:02,18/11/2018 05:02,24/11/2018 05:02,26/11/2018 05:02,02/12/2018 19:02
ord_002660,cust_000293,delivered,16/03/2018 22:51,18/03/2018 19:51,23/03/2018 19:51,27/03/2018 19:51,05/04/2018 22:51
ord_002661,cust_002903,delivered,23/07/2017 10:29,24/07/2017 10:29,26/07/2017 10:29,02/08/2017 10:29,09/08/2017 10:29
ord_002662,cust_000167,delivered,04/09/2018 10:37,05/09/2018 04:37,11/09/2018 04:37,16/09/2018 04:37,27/09/2018 10:37
ord_002663,cust_002237,delivered,10/01/2018 13:29,12/01/2018 05:29,16/01/2018 05:29,23/01/2018 05:29,22/01/2018 13:29
ord_002664,cust_001966,delivered,07/12/2017 22:37,09/12/2017 19:37,13/12/2017 19:37,16/12/2017 19:37,25/12/2017 22:37
ord_002665,cust_002609,delivered,12/01/2018 21:37,14/01/2018 11:37,20/01/2018 11:37,23/01/2018 11:37,27/01/2018 21:37
ord_002666,cust_001603,delivered,09/05/2018 15:00,11/05/2018 06:00,15/05/2018 06:00,26/05/2018 06:00,27/05/2018 15:00
ord_002667,cust_001054,delivered,28/11/2017 09:31,28/11/2017 17:31,02/12/2017 17:31,14/12/2017 17:31,09/12/2017 09:31
ord_002668,cust_001980,delivered,29/07/2018 15:30,31/07/2018 08:30,06/08/2018 08:30,17/08/2018 08:30,18/08/2018 15:30
ord_002669,cust_001751,delivered,04/07/2018 20:05,04/07/2018 21:05,09/07/2018 21:05,23/07/2018 21:05,17/07/2018 20:05
ord_002670,cust_000548,delivered,06/04/2018 17:44,08/04/2018 05:44,12/04/2018 05:44,23/04/2018 05:44,28/04/2018 17:44
ord_002671,cust_001988,delivered,16/03/2017 17:14,17/03/2017 02:14,23/03/2017 02:14,26/03/2017 02:14,08/04/2017 17:14
ord_002672,cust_002063,delivered,29/11/2018 14:03,29/11/2018 15:03,05/12/2018 15:03,16/12/2018 15:03,14/12/2018 14:03
ord_002673,cust_000652,delivered,27/01/2018 10:48,28/01/2018 21:48,01/02/2018 21:48,06/02/2018 21:48,16/02/2018 10:48
ord_002674,cust_001906,delivered,24/02/2018 17:51,25/02/2018 09:51,26/02/2018 09:51,10/03/2018 09:51,14/03/2018 17:51
ord_002675,cust_000940,delivered,28/02/2018 18:14,02/03/2018 11:14,07/03/2018 11:14,17/03/2018 11:14,22/03/2018 18:14
ord_002676,cust_001579,delivered,23/12/2017 20:41,24/12/2017 09:41,26/12/2017 09:41,08/01/2018 09:41,15/01/2018 20:41
ord_002677,cust_001084,delivered,20/07/2018 10:00,21/07/2018 19:00,25/07/2018 19:00,08/08/2018 19:00,12/08/2018 10:00
ord_002678,cust_001996,delivered,21/01/2017 19:43,23/01/2017 01:43,26/01/2017 01:43,05/02/2017 01:43,03/02/2017 19:43
ord_002679,cust_000197,delivered,09/11/2018 09:27,11/11/2018 00:27,14/11/2018 00:27,28/11/2018 00:27,27/11/2018 09:27
ord_002680,cust_000580,delivered,13/05/2017 21:47,15/05/2017 14:47,21/05/2017 14:47,30/05/2017 14:47,24/05/2017 21:47
ord_002681,cust_001369,delivered,31/12/2018 20:23,02/01/2019 00:23,04/01/2019 00:23,18/01/2019 00:23,14/01/2019 20:23
ord_002682,cust_002021,delivered,21/06/2018 09:21,22/06/2018 01:21,23/06/2018 01:21,26/06/2018 01:21,06/07/2018 09:21
ord_002683,cust_002350,delivered,31/03/2017 18:50,01/04/2017 18:50,05/04/2017 18:50,12/04/2017 18:50,17/04/2017 18:50
ord_002684,cust_000564,delivered,11/05/2018 17:02,12/05/2018 21:02,16/05/2018 21:02,27/05/2018 21:02,02/06/2018 17:02
ord_002685,cust_001949,delivered,28/11/2017 16:11,30/11/2017 14:11,06/12/2017 14:11,20/12/2017 14:11,08/12/2017 16:11
ord_002686,cust_002961,delivered,07/12/2018 17:24,08/12/2018 01:24,09/12/2018 01:24,22/12/2018 01:24,24/12/2018 17:24
ord_002687,cust_001875,delivered,05/09/2018 15:35,05/09/2018 18:35,11/09/2018 18:35,17/09/2018 18:35,27/09/2018 15:35
ord_002688,cust_000155,delivered,04/04/2018 17:00,05/04/2018 15:00,11/04/2018 15:00,21/04/2018 15:00,17/04/2018 17:00
ord_002689,cust_001817,delivered,09/02/2018 22:34,10/02/2018 18:34,12/02/2018 18:34,15/02/2018 18:34,03/03/2018 22:34
ord_002690,cust_001137,delivered,29/12/2018 15:22,31/12/2018 10:22,05/01/2019 10:22,08/01/2019 10:22,09/01/2019 15:22
ord_002691,cust_000067,delivered,16/07/2018 09:37,16/07/2018 22:37,22/07/2018 22:37,02/08/2018 22:37,02/08/2018 09:37
ord_002692,cust_001237,delivered,09/04/2018 13:54,09/04/2018 20:54,10/04/2018 20:54,16/04/2018 20:54,03/05/2018 13:54
ord_002693,cust_000009,delivered,17/01/2018 17:26,17/01/2018 22:26,18/01/2018 22:26,27/01/2018 22:26,01/02/2018 17:26
ord_002694,cust_000351,delivered,26/11/2017 08:33,28/11/2017 02:33,02/12/2017 02:33,06/12/2017 02:33,15/12/2017 08:33
ord_002695,cust_000507,delivered,07/08/2018 20:27,09/08/2018 01:27,13/08/2018 01:27,25/08/2018 01:27,19/08/2018 20:27
ord_002696,cust_000675,delivered,28/05/2018 17:07,30/05/2018 15:07,05/06/2018 15:07,08/06/2018 15:07,13/06/2018 17:07
ord_002697,cust_002739,delivered,26/10/2018 14:47,27/10/2018 02:47,02/11/2018 02:47,12/11/2018 02:47,06/11/2018 14:47
ord_002698,cust_000742,delivered,05/05/2018 14:53,05/05/2018 17:53,06/05/2018 17:53,16/05/2018 17:53,16/05/2018 14:53
ord_002699,cust_002571,delivered,24/05/2018 14:48,25/05/2018 12:48,31/05/2018 12:48,12/06/2018 12:48,07/06/2018 14:48
ord_002700,cust_000492,delivered,15/03/2018 17:56,16/03/2018 01:56,22/03/2018 01:56,27/03/2018 01:56,08/04/2018 17:56
ord_002701,cust_001730,delivered,09/09/2018 15:28,09/09/2018 21:28,13/09/2018 21:28,19/09/2018 21:28,03/10/2018 15:28
ord_002702,cust_000995,delivered,30/01/2018 13:39,01/02/2018 07:39,04/02/2018 07:39,13/02/2018 07:39,09/02/2018 13:39
ord_002703,cust_001156,delivered,29/10/2018 22:10,30/10/2018 16:10,03/11/2018 16:10,08/11/2018 16:10,09/11/2018 22:10
ord_002704,cust_001560,delivered,27/11/2017 22:58,28/11/2017 01:58,02/12/2017 01:58,13/12/2017 01:58,17/12/2017 22:58
ord_002705,cust_002890,delivered,31/07/2018 19:34,01/08/2018 04:34,04/08/2018 04:34,15/08/2018 04:34,24/08/2018 19:34
ord_002706,cust_002080,delivered,19/11/2018 20:15,20/11/2018 13:15,21/11/2018 13:15,02/12/2018 13:15,06/12/2018 20:15
ord_002707,cust_000197,delivered,13/09/2018 17:48,15/09/2018 12:48,20/09/2018 12:48,28/09/2018 12:48,30/09/2018 17:48
ord_002708,cust_002793,delivered,06/12/2017 20:35,08/12/2017 02:35,10/12/2017 02:35,20/12/2017 02:35,25/12/2017 20:35
ord_002709,cust_000291,delivered,08/08/2018 13:56,09/08/2018 14:56,11/08/2018 14:56,15/08/2018 14:56,24/08/2018 13:56
ord_002710,cust_001416,delivered,27/08/2017 18:46,28/08/2017 21:46,31/08/2017 21:46,04/09/2017 21:46,17/09/2017 18:46
ord_002711,cust_001863,delivered,22/03/2017 17:52,24/03/2017 07:52,25/03/2017 07:52,31/03/2017 07:52,02/04/2017 17:52
ord_002712,cust_001648,delivered,25/09/2018 15:32,26/09/2018 00:32,29/09/2018 00:32,03/10/2018 00:32,05/10/2018 15:32
ord_002713,cust_001642,delivered,04/10/2018 20:31,05/10/2018 19:31,11/10/2018 19:31,23/10/2018 19:31,15/10/2018 20:31
ord_002714,cust_002120,delivered,03/02/2017 11:45,04/02/2017 05:45,09/02/2017 05:45,14/02/2017 05:45,16/02/2017 11:45
ord_002715,cust_002943,delivered,05/12/2018 13:06,05/12/2018 15:06,06/12/2018 15:06,20/12/2018 15:06,23/12/2018 13:06
ord_002716,cust_000658,delivered,21/02/2018 13:03,22/02/2018 15:03,24/02/2018 15:03,03/03/2018 15:03,06/03/2018 13:03
ord_002717,cust_002407,delivered,22/11/2018 21:59,24/11/2018 06:59,28/11/2018 06:59,09/12/2018 06:59,10/12/2018 21:59
ord_002718,cust_000020,delivered,24/09/2018 11:54,25/09/2018 18:54,01/10/2018 18:54,03/10/2018 18:54,04/10/2018 11:54
ord_002719,cust_002814,delivered,21/11/2018 18:57,21/11/2018 20:57,24/11/2018 20:57,05/12/2018 20:57,07/12/2018 18:57
ord_002720,cust_001191,delivered,18/10/2018 10:03,19/10/2018 04:03,25/10/2018 04:03,01/11/2018 04:03,30/10/2018 10:03
ord_002721,cust_002165,delivered,18/12/2018 21:16,19/12/2018 15:16,20/12/2018 15:16,01/01/2019 15:16,01/01/2019 21:16
ord_002722,cust_000757,delivered,22/06/2018 16:54,22/06/2018 23:54,28/06/2018 23:54,02/07/2018 23:54,11/07/2018 16:54
ord_002723,cust_002780,delivered,14/09/2017 13:05,15/09/2017 15:05,16/09/2017 15:05,20/09/2017 15:05,24/09/2017 13:05
ord_002724,cust_001584,delivered,11/01/2018 19:27,12/01/2018 20:27,17/01/2018 20:27,30/01/2018 20:27,01/02/2018 19:27
ord_002725,cust_002060,delivered,03/09/2018 08:20,04/09/2018 21:20,05/09/2018 21:20,14/09/2018 21:20,17/09/2018 08:20
ord_002726,cust_000675,delivered,10/07/2017 15:52,12/07/2017 03:52,18/07/2017 03:52,27/07/2017 03:52,01/08/2017 15:52
ord_002727,cust_001577,delivered,27/11/2018 11:31,29/11/2018 06:31,01/12/2018 06:31,10/12/2018 06:31,17/12/2018 11:31
ord_002728,cust_002286,delivered,25/08/2017 10:17,26/08/2017 06:17,29/08/2017 06:17,04/09/2017 06:17,17/09/2017 10:17
ord_002729,cust_001740,delivered,10/11/2018 11:31,10/11/2018 20:31,14/11/2018 20:31,28/11/2018 20:31,29/11/2018 11:31
ord_002730,cust_000521,delivered,20/03/2018 17:06,21/03/2018 18:06,22/03/2018 18:06,31/03/2018 18:06,05/04/2018 17:06
ord_002731,cust_002703,delivered,22/10/2018 09:43,23/10/2018 16:43,27/10/2018 16:43,29/10/2018 16:43,03/11/2018 09:43
ord_002732,cust_000727,delivered,10/12/2018 12:37,11/12/2018 03:37,13/12/2018 03:37,18/12/2018 03:37,21/12/2018 12:37
ord_002733,cust_000313,delivered,04/02/2018 09:36,05/02/2018 07:36,08/02/2018 07:36,22/02/2018 07:36,25/02/2018 09:36
ord_002734,cust_001902,delivered,02/08/2018 21:26,04/08/2018 17:26,06/08/2018 17:26,14/08/2018 17:26,21/08/2018 21:26
ord_002735,cust_001696,delivered,14/09/2017 16:17,16/09/2017 04:17,22/09/2017 04:17,03/10/2017 04:17,26/09/2017 16:17
ord_002736,cust_001389,delivered,01/10/2018 12:03,02/10/2018 17:03,05/10/2018 17:03,07/10/2018 17:03,12/10/2018 12:03
ord_002737,cust_001176,delivered,11/10/2018 15:56,13/10/2018 12:56,18/10/2018 12:56,20/10/2018 12:56,01/11/2018 15:56
ord_002738,cust_000041,delivered,11/11/2017 09:24,11/11/2017 09:24,12/11/2017 09:24,16/11/2017 09:24,21/11/2017 09:24
ord_002739,cust_001988,shipped,05/02/2017 20:29,06/02/2017 21:29,11/02/2017 21:29,,22/02/2017 20:29
ord_002740,cust_000648,delivered,11/02/2018 19:22,12/02/2018 07:22,15/02/2018 07:22,24/02/2018 07:22,25/02/2018 19:22
ord_002741,cust_001811,delivered,22/07/2017 17:59,23/07/2017 06:59,27/07/2017 06:59,29/07/2017 06:59,11/08/2017 17:59
ord_002742,cust_002697,delivered,10/10/2018 16:47,12/10/2018 05:47,18/10/2018 05:47,31/10/2018 05:47,20/10/2018 16:47
ord_002743,cust_001198,delivered,14/10/2017 18:05,16/10/2017 08:05,21/10/2017 08:05,30/10/2017 08:05,25/10/2017 18:05
ord_002744,cust_001700,delivered,03/12/2018 10:36,04/12/2018 09:36,07/12/2018 09:36,13/12/2018 09:36,15/12/2018 10:36
ord_002745,cust_002067,delivered,17/12/2018 13:29,18/12/2018 14:29,20/12/2018 14:29,27/12/2018 14:29,07/01/2019 13:29
ord_002746,cust_001745,shipped,23/11/2018 15:47,24/11/2018 19:47,30/11/2018 19:47,,13/12/2018 15:47
ord_002747,cust_001607,delivered,04/06/2018 22:59,06/06/2018 16:59,08/06/2018 16:59,20/06/2018 16:59,24/06/2018 22:59
ord_002748,cust_001362,delivered,19/10/2017 09:44,19/10/2017 10:44,20/10/2017 10:44,23/10/2017 10:44,06/11/2017 09:44
ord_002749,cust_000562,delivered,04/10/2018 18:51,05/10/2018 21:51,07/10/2018 21:51,16/10/2018 21:51,16/10/2018 18:51
ord_002750,cust_002012,delivered,05/08/2018 14:30,05/08/2018 17:30,06/08/2018 17:30,14/08/2018 17:30,18/08/2018 14:30
ord_002751,cust_001914,delivered,20/12/2018 14:22,22/12/2018 10:22,27/12/2018 10:22,08/01/2019 10:22,01/01/2019 14:22
ord_002752,cust_001247,canceled,02/01/2018 11:38,02/01/2018 22:38,,,13/01/2018 11:38
ord_002753,cust_000080,delivered,22/03/2017 08:44,22/03/2017 08:44,25/03/2017 08:44,31/03/2017 08:44,12/04/2017 08:44
ord_002754,cust_000040,delivered,31/12/2018 20:13,02/01/2019 10:13,06/01/2019 10:13,18/01/2019 10:13,16/01/2019 20:13
ord_002755,cust_002468,delivered,21/10/2018 11:30,22/10/2018 22:30,28/10/2018 22:30,10/11/2018 22:30,06/11/2018 11:30
ord_002756,cust_000331,delivered,09/09/2017 20:06,11/09/2017 15:06,17/09/2017 15:06,29/09/2017 15:06,21/09/2017 20:06
ord_002757,cust_002719,delivered,19/08/2018 14:12,20/08/2018 06:12,21/08/2018 06:12,03/09/2018 06:12,07/09/2018 14:12
ord_002758,cust_000167,delivered,02/01/2017 20:52,03/01/2017 09:52,04/01/2017 09:52,07/01/2017 09:52,24/01/2017 20:52
ord_002759,cust_000233,delivered,08/05/2018 09:08,09/05/2018 17:08,12/05/2018 17:08,22/05/2018 17:08,18/05/2018 09:08
ord_002760,cust_000653,shipped,21/12/2017 10:48,23/12/2017 07:48,25/12/2017 07:48,,13/01/2018 10:48
ord_002761,cust_000770,delivered,05/01/2018 21:22,07/01/2018 18:22,08/01/2018 18:22,13/01/2018 18:22,17/01/2018 21:22
ord_002762,cust_000947,delivered,29/09/2017 10:39,30/09/2017 05:39,01/10/2017 05:39,08/10/2017 05:39,22/10/2017 10:39
ord_002763,cust_000380,delivered,25/10/2017 21:54,27/10/2017 04:54,01/11/2017 04:54,15/11/2017 04:54,15/11/2017 21:54
ord_002764,cust_000332,delivered,27/02/2018 14:46,01/03/2018 05:46,03/03/2018 05:46,06/03/2018 05:46,22/03/2018 14:46
ord_002765,cust_002315,delivered,03/10/2017 22:49,05/10/2017 09:49,08/10/2017 09:49,20/10/2017 09:49,15/10/2017 22:49
ord_002766,cust_002788,delivered,08/03/2018 15:15,09/03/2018 19:15,10/03/2018 19:15,16/03/2018 19:15,26/03/2018 15:15
ord_002767,cust_000213,delivered,21/05/2018 13:21,21/05/2018 20:21,25/05/2018 20:21,07/06/2018 20:21,01/06/2018 13:21
ord_002768,cust_001847,delivered,10/08/2018 22:43,12/08/2018 04:43,17/08/2018 04:43,25/08/2018 04:43,26/08/2018 22:43
ord_002769,cust_001623,delivered,21/07/2018 20:46,22/07/2018 04:46,26/07/2018 04:46,28/07/2018 04:46,02/08/2018 20:46
ord_002770,cust_002063,delivered,27/09/2017 15:47,28/09/2017 12:47,30/09/2017 12:47,03/10/2017 12:47,08/10/2017 15:47
ord_002771,cust_001164,canceled,25/02/2017 17:44,26/02/2017 20:44,,,19/03/2017 17:44
ord_002772,cust_000677,delivered,18/10/2018 12:13,18/10/2018 13:13,21/10/2018 13:13,02/11/2018 13:13,08/11/2018 12:13
ord_002773,cust_002252,delivered,08/11/2018 10:17,09/11/2018 06:17,14/11/2018 06:17,18/11/2018 06:17,23/11/2018 10:17
ord_002774,cust_001943,delivered,21/12/2018 22:56,22/12/2018 13:56,23/12/2018 13:56,02/01/2019 13:56,06/01/2019 22:56
ord_002775,cust_001917,delivered,11/12/2018 10:33,11/12/2018 15:33,16/12/2018 15:33,24/12/2018 15:33,28/12/2018 10:33
ord_002776,cust_000445,delivered,25/06/2018 22:45,27/06/2018 05:45,03/07/2018 05:45,05/07/2018 05:45,14/07/2018 22:45
ord_002777,cust_001632,delivered,20/11/2018 17:35,22/11/2018 03:35,26/11/2018 03:35,07/12/2018 03:35,08/12/2018 17:35
ord_002778,cust_002786,delivered,23/02/2018 12:55,25/02/2018 06:55,03/03/2018 06:55,07/03/2018 06:55,09/03/2018 12:55
ord_002779,cust_001510,delivered,23/09/2018 09:52,24/09/2018 18:52,26/09/2018 18:52,03/10/2018 18:52,08/10/2018 09:52
ord_002780,cust_002680,delivered,08/12/2018 21:15,09/12/2018 05:15,13/12/2018 05:15,15/12/2018 05:15,01/01/2019 21:15
ord_002781,cust_002325,shipped,28/09/2018 15:53,,03/10/2018 19:53,,09/10/2018 15:53
ord_002782,cust_001152,delivered,30/01/2018 15:18,01/02/2018 06:18,06/02/2018 06:18,20/02/2018 06:18,15/02/2018 15:18
ord_002783,cust_001431,delivered,02/01/2018 09:26,02/01/2018 11:26,07/01/2018 11:26,15/01/2018 11:26,15/01/2018 09:26
ord_002784,cust_000920,delivered,08/11/2017 12:51,09/11/2017 06:51,11/11/2017 06:51,22/11/2017 06:51,21/11/2017 12:51
ord_002785,cust_001259,delivered,25/12/2017 20:19,26/12/2017 14:19,01/01/2018 14:19,06/01/2018 14:19,06/01/2018 20:19
ord_002786,cust_000558,delivered,11/10/2018 11:17,11/10/2018 19:17,16/10/2018 19:17,18/10/2018 19:17,22/10/2018 11:17
ord_002787,cust_000075,delivered,05/08/2018 14:40,06/08/2018 20:40,07/08/2018 20:40,16/08/2018 20:40,28/08/2018 14:40
ord_002788,cust_002197,delivered,04/10/2017 10:59,05/10/2017 22:59,09/10/2017 22:59,14/10/2017 22:59,27/10/2017 10:59
ord_002789,cust_000805,delivered,11/08/2018 18:07,13/08/2018 12:07,19/08/2018 12:07,22/08/2018 12:07,01/09/2018 18:07
ord_002790,cust_002687,delivered,03/01/2018 12:42,04/01/2018 10:42,05/01/2018 10:42,13/01/2018 10:42,26/01/2018 12:42
ord_002791,cust_001109,delivered,08/05/2018 15:31,09/05/2018 11:31,15/05/2018 11:31,22/05/2018 11:31,30/05/2018 15:31
ord_002792,cust_001940,delivered,27/12/2017 08:24,27/12/2017 17:24,29/12/2017 17:24,01/01/2018 17:24,07/01/2018 08:24
ord_002793,cust_001736,delivered,14/04/2018 17:44,14/04/2018 21:44,16/04/2018 21:44,25/04/2018 21:44,06/05/2018 17:44
ord_002794,cust_000767,delivered,21/08/2018 14:33,23/08/2018 06:33,26/08/2018 06:33,02/09/2018 06:33,12/09/2018 14:33
ord_002795,cust_002019,delivered,22/08/2018 11:47,24/08/2018 03:47,29/08/2018 03:47,12/09/2018 03:47,01/09/2018 11:47
ord_002796,cust_001333,delivered,04/09/2018 18:44,06/09/2018 17:44,07/09/2018 17:44,10/09/2018 17:44,27/09/2018 18:44
ord_002797,cust_002888,delivered,12/01/2018 18:59,12/01/2018 23:59,14/01/2018 23:59,22/01/2018 23:59,02/02/2018 18:59
ord_002798,cust_001141,delivered,29/07/2018 21:48,30/07/2018 17:48,04/08/2018 17:48,16/08/2018 17:48,22/08/2018 21:48
ord_002799,cust_000830,delivered,24/09/2017 13:04,25/09/2017 19:04,27/09/2017 19:04,04/10/2017 19:04,11/10/2017 13:04
ord_002800,cust_000063,shipped,15/03/2018 08:46,17/03/2018 02:46,20/03/2018 02:46,,05/04/2018 08:46
ord_002801,cust_001633,delivered,24/05/2018 21:38,25/05/2018 16:38,29/05/2018 16:38,12/06/2018 16:38,14/06/2018 21:38
ord_002802,cust_001528,delivered,27/07/2018 18:05,28/07/2018 00:05,30/07/2018 00:05,05/08/2018 00:05,15/08/2018 18:05
ord_002803,cust_002268,delivered,23/11/2018 16:36,25/11/2018 11:36,26/11/2018 11:36,10/12/2018 11:36,17/12/2018 16:36
ord_002804,cust_000525,delivered,19/11/2017 10:45,19/11/2017 13:45,23/11/2017 13:45,05/12/2017 13:45,01/12/2017 10:45
ord_002805,cust_000931,delivered,25/10/2018 13:11,26/10/2018 22:11,27/10/2018 22:11,06/11/2018 22:11,09/11/2018 13:11
ord_002806,cust_000712,delivered,21/11/2017 18:26,22/11/2017 11:26,25/11/2017 11:26,07/12/2017 11:26,02/12/2017 18:26
ord_002807,cust_001645,delivered,04/05/2018 16:32,04/05/2018 16:32,08/05/2018 16:32,17/05/2018 16:32,23/05/2018 16:32
ord_002808,cust_000822,delivered,16/10/2018 17:24,17/10/2018 18:24,22/10/2018 18:24,01/11/2018 18:24,26/10/2018 17:24
ord_002809,cust_001255,delivered,17/08/2018 20:52,18/08/2018 13:52,24/08/2018 13:52,29/08/2018 13:52,31/08/2018 20:52
ord_002810,cust_002785,delivered,03/11/2018 15:10,04/11/2018 11:10,10/11/2018 11:10,12/11/2018 11:10,24/11/2018 15:10
ord_002811,cust_001191,delivered,08/10/2018 12:46,08/10/2018 20:46,09/10/2018 20:46,19/10/2018 20:46,31/10/2018 12:46
ord_002812,cust_002920,delivered,27/10/2017 11:46,28/10/2017 19:46,31/10/2017 19:46,12/11/2017 19:46,09/11/2017 11:46
ord_002813,cust_000188,delivered,28/12/2018 17:26,29/12/2018 06:26,30/12/2018 06:26,11/01/2019 06:26,10/01/2019 17:26
ord_002814,cust_001356,delivered,29/11/2018 09:32,29/11/2018 16:32,04/12/2018 16:32,15/12/2018 16:32,09/12/2018 09:32
ord_002815,cust_000072,delivered,10/02/2018 18:09,11/02/2018 13:09,12/02/2018 13:09,26/02/2018 13:09,25/02/2018 18:09
ord_002816,cust_001668,shipped,08/03/2017 20:11,09/03/2017 05:11,14/03/2017 05:11,,28/03/2017 20:11
ord_002817,cust_000886,delivered,18/11/2017 14:31,19/11/2017 15:31,20/11/2017 15:31,24/11/2017 15:31,11/12/2017 14:31
ord_002818,cust_000557,delivered,20/10/2018 19:13,21/10/2018 20:13,22/10/2018 20:13,26/10/2018 20:13,05/11/2018 19:13
ord_002819,cust_002736,delivered,06/12/2018 13:48,08/12/2018 03:48,14/12/2018 03:48,19/12/2018 03:48,17/12/2018 13:48
ord_002820,cust_001976,delivered,17/10/2018 12:36,19/10/2018 11:36,21/10/2018 11:36,04/11/2018 11:36,31/10/2018 12:36
ord_002821,cust_000578,delivered,16/01/2018 13:03,16/01/2018 17:03,19/01/2018 17:03,01/02/2018 17:03,02/02/2018 13:03
ord_002822,cust_002129,delivered,20/03/2017 15:21,20/03/2017 16:21,24/03/2017 16:21,04/04/2017 16:21,08/04/2017 15:21
ord_002823,cust_000189,delivered,12/04/2018 11:51,13/04/2018 08:51,18/04/2018 08:51,01/05/2018 08:51,30/04/2018 11:51
ord_002824,cust_001545,delivered,01/01/2018 19:16,01/01/2018 22:16,07/01/2018 22:16,13/01/2018 22:16,23/01/2018 19:16
ord_002825,cust_001860,delivered,04/06/2017 15:43,06/06/2017 07:43,09/06/2017 07:43,20/06/2017 07:43,22/06/2017 15:43
ord_002826,cust_000412,delivered,17/05/2017 08:05,18/05/2017 22:05,22/05/2017 22:05,26/05/2017 22:05,02/06/2017 08:05
ord_002827,cust_002875,delivered,06/07/2017 16:55,07/07/2017 12:55,13/07/2017 12:55,16/07/2017 12:55,17/07/2017 16:55
ord_002828,cust_000262,delivered,25/08/2017 21:26,27/08/2017 19:26,28/08/2017 19:26,07/09/2017 19:26,18/09/2017 21:26
ord_002829,cust_000171,delivered,04/09/2018 18:29,05/09/2018 18:29,08/09/2018 18:29,19/09/2018 18:29,14/09/2018 18:29
ord_002830,cust_001491,delivered,05/01/2018 21:34,06/01/2018 23:34,08/01/2018 23:34,17/01/2018 23:34,19/01/2018 21:34
ord_002831,cust_002236,delivered,15/02/2018 21:21,17/02/2018 10:21,23/02/2018 10:21,03/03/2018 10:21,03/03/2018 21:21
ord_002832,cust_001637,delivered,03/06/2018 21:43,04/06/2018 23:43,08/06/2018 23:43,17/06/2018 23:43,26/06/2018 21:43
ord_002833,cust_000325,delivered,11/12/2018 19:00,13/12/2018 05:00,17/12/2018 05:00,23/12/2018 05:00,27/12/2018 19:00
ord_002834,cust_000267,delivered,06/09/2018 20:09,07/09/2018 07:09,09/09/2018 07:09,14/09/2018 07:09,22/09/2018 20:09
ord_002835,cust_000405,delivered,02/07/2018 22:11,03/07/2018 22:11,09/07/2018 22:11,14/07/2018 22:11,26/07/2018 22:11
ord_002836,cust_002947,invoiced,29/08/2018 20:38,31/08/2018 10:38,,,13/09/2018 20:38
ord_002837,cust_002808,canceled,15/08/2018 13:53,17/08/2018 11:53,,,05/09/2018 13:53
ord_002838,cust_000243,delivered,29/07/2018 13:03,29/07/2018 22:03,03/08/2018 22:03,07/08/2018 22:03,08/08/2018 13:03
ord_002839,cust_002103,delivered,28/03/2018 09:51,28/03/2018 10:51,03/04/2018 10:51,11/04/2018 10:51,15/04/2018 09:51
ord_002840,cust_002452,delivered,14/05/2018 13:49,15/05/2018 17:49,17/05/2018 17:49,24/05/2018 17:49,03/06/2018 13:49
ord_002841,cust_001677,delivered,04/03/2018 08:04,04/03/2018 10:04,07/03/2018 10:04,11/03/2018 10:04,17/03/2018 08:04
ord_002842,cust_000469,delivered,15/01/2018 22:08,17/01/2018 06:08,18/01/2018 06:08,31/01/2018 06:08,05/02/2018 22:08
ord_002843,cust_000493,delivered,22/10/2017 18:21,23/10/2017 14:21,27/10/2017 14:21,04/11/2017 14:21,14/11/2017 18:21
ord_002844,cust_002080,delivered,15/12/2017 15:06,17/12/2017 05:06,19/12/2017 05:06,22/12/2017 05:06,25/12/2017 15:06
ord_002845,cust_001677,delivered,09/02/2018 12:45,09/02/2018 19:45,13/02/2018 19:45,15/02/2018 19:45,21/02/2018 12:45
ord_002846,cust_000523,canceled,22/05/2018 16:30,22/05/2018 18:30,,,03/06/2018 16:30
ord_002847,cust_000186,delivered,31/03/2018 22:24,01/04/2018 08:24,04/04/2018 08:24,11/04/2018 08:24,24/04/2018 22:24
ord_002848,cust_001299,delivered,19/05/2017 20:43,19/05/2017 23:43,22/05/2017 23:43,27/05/2017 23:43,02/06/2017 20:43
ord_002849,cust_001183,delivered,04/12/2017 14:17,04/12/2017 21:17,08/12/2017 21:17,22/12/2017 21:17,28/12/2017 14:17
ord_002850,cust_002945,delivered,01/01/2018 13:52,03/01/2018 01:52,05/01/2018 01:52,13/01/2018 01:52,16/01/2018 13:52
ord_002851,cust_002113,shipped,08/08/2018 12:39,09/08/2018 21:39,11/08/2018 21:39,,01/09/2018 12:39
ord_002852,cust_001272,delivered,28/11/2017 09:20,29/11/2017 14:20,04/12/2017 14:20,09/12/2017 14:20,16/12/2017 09:20
ord_002853,cust_001704,delivered,12/01/2017 22:32,13/01/2017 18:32,19/01/2017 18:32,21/01/2017 18:32,26/01/2017 22:32
ord_002854,cust_001556,delivered,22/04/2017 20:15,23/04/2017 06:15,25/04/2017 06:15,01/05/2017 06:15,09/05/2017 20:15
ord_002855,cust_002025,delivered,29/03/2018 19:59,31/03/2018 11:59,03/04/2018 11:59,13/04/2018 11:59,10/04/2018 19:59
ord_002856,cust_001749,delivered,09/08/2017 21:26,11/08/2017 15:26,12/08/2017 15:26,23/08/2017 15:26,21/08/2017 21:26
ord_002857,cust_000347,delivered,27/03/2018 18:53,28/03/2018 06:53,29/03/2018 06:53,02/04/2018 06:53,15/04/2018 18:53
ord_002858,cust_001574,delivered,19/05/2018 20:58,21/05/2018 15:58,24/05/2018 15:58,29/05/2018 15:58,09/06/2018 20:58
ord_002859,cust_002275,delivered,28/11/2018 08:32,29/11/2018 13:32,04/12/2018 13:32,12/12/2018 13:32,14/12/2018 08:32
ord_002860,cust_002718,delivered,08/07/2018 19:43,09/07/2018 11:43,14/07/2018 11:43,20/07/2018 11:43,30/07/2018 19:43
ord_002861,cust_002868,delivered,14/02/2017 10:34,14/02/2017 20:34,19/02/2017 20:34,24/02/2017 20:34,01/03/2017 10:34
ord_002862,cust_002000,delivered,04/01/2018 10:05,05/01/2018 14:05,06/01/2018 14:05,20/01/2018 14:05,19/01/2018 10:05
ord_002863,cust_002722,delivered,26/09/2018 09:57,26/09/2018 09:57,27/09/2018 09:57,11/10/2018 09:57,14/10/2018 09:57
ord_002864,cust_000056,delivered,13/10/2017 12:27,14/10/2017 03:27,16/10/2017 03:27,22/10/2017 03:27,28/10/2017 12:27
ord_002865,cust_000263,delivered,26/11/2018 11:53,27/11/2018 20:53,29/11/2018 20:53,01/12/2018 20:53,16/12/2018 11:53
ord_002866,cust_000577,shipped,19/04/2018 21:39,20/04/2018 20:39,24/04/2018 20:39,,12/05/2018 21:39
ord_002867,cust_000295,delivered,02/05/2017 20:06,03/05/2017 02:06,07/05/2017 02:06,20/05/2017 02:06,16/05/2017 20:06
ord_002868,cust_001962,delivered,27/09/2017 22:25,28/09/2017 05:25,30/09/2017 05:25,13/10/2017 05:25,14/10/2017 22:25
ord_002869,cust_001540,shipped,22/11/2018 14:11,23/11/2018 23:11,28/11/2018 23:11,,07/12/2018 14:11
ord_002870,cust_001635,delivered,27/12/2018 21:10,29/12/2018 13:10,03/01/2019 13:10,13/01/2019 13:10,14/01/2019 21:10
ord_002871,cust_001572,delivered,03/11/2018 20:42,05/11/2018 05:42,07/11/2018 05:42,13/11/2018 05:42,22/11/2018 20:42
ord_002872,cust_001461,delivered,24/11/2017 19:01,25/11/2017 02:01,29/11/2017 02:01,06/12/2017 02:01,10/12/2017 19:01
ord_002873,cust_002571,delivered,13/09/2018 19:57,15/09/2018 03:57,17/09/2018 03:57,30/09/2018 03:57,24/09/2018 19:57
ord_002874,cust_000624,delivered,10/09/2017 13:26,11/09/2017 02:26,12/09/2017 02:26,16/09/2017 02:26,03/10/2017 13:26
ord_002875,cust_001106,delivered,07/01/2018 09:29,08/01/2018 13:29,13/01/2018 13:29,20/01/2018 13:29,27/01/2018 09:29
ord_002876,cust_000282,delivered,02/08/2018 18:17,03/08/2018 22:17,04/08/2018 22:17,17/08/2018 22:17,22/08/2018 18:17
ord_002877,cust_001543,delivered,16/12/2018 19:05,18/12/2018 13:05,20/12/2018 13:05,31/12/2018 13:05,06/01/2019 19:05
ord_002878,cust_001044,delivered,16/02/2018 18:35,18/02/2018 09:35,20/02/2018 09:35,23/02/2018 09:35,26/02/2018 18:35
ord_002879,cust_000611,delivered,28/03/2018 11:20,28/03/2018 14:20,03/04/2018 14:20,15/04/2018 14:20,20/04/2018 11:20
ord_002880,cust_001646,delivered,08/09/2017 11:37,08/09/2017 11:37,12/09/2017 11:37,14/09/2017 11:37,19/09/2017 11:37
ord_002881,cust_002839,delivered,21/01/2018 17:33,23/01/2018 13:33,28/01/2018 13:33,02/02/2018 13:33,11/02/2018 17:33
ord_002882,cust_002306,delivered,28/03/2017 10:13,29/03/2017 00:13,04/04/2017 00:13,17/04/2017 00:13,21/04/2017 10:13
ord_002883,cust_000362,delivered,01/11/2018 20:27,01/11/2018 23:27,07/11/2018 23:27,09/11/2018 23:27,18/11/2018 20:27
ord_002884,cust_001050,delivered,03/02/2017 14:18,03/02/2017 23:18,07/02/2017 23:18,11/02/2017 23:18,23/02/2017 14:18
ord_002885,cust_002712,delivered,25/07/2018 21:14,26/07/2018 20:14,29/07/2018 20:14,11/08/2018 20:14,17/08/2018 21:14
ord_002886,cust_000625,delivered,24/10/2017 19:46,26/10/2017 13:46,29/10/2017 13:46,08/11/2017 13:46,11/11/2017 19:46
ord_002887,cust_002672,delivered,14/03/2018 11:00,16/03/2018 07:00,17/03/2018 07:00,22/03/2018 07:00,31/03/2018 11:00
ord_002888,cust_002686,delivered,31/10/2017 11:16,01/11/2017 18:16,05/11/2017 18:16,11/11/2017 18:16,22/11/2017 11:16
ord_002889,cust_000151,delivered,19/01/2018 19:31,20/01/2018 07:31,24/01/2018 07:31,07/02/2018 07:31,09/02/2018 19:31
ord_002890,cust_002965,delivered,01/05/2018 14:28,03/05/2018 00:28,09/05/2018 00:28,18/05/2018 00:28,12/05/2018 14:28
ord_002891,cust_002326,delivered,29/06/2018 22:56,01/07/2018 14:56,03/07/2018 14:56,09/07/2018 14:56,09/07/2018 22:56
ord_002892,cust_001493,delivered,01/12/2018 08:50,02/12/2018 03:50,07/12/2018 03:50,10/12/2018 03:50,21/12/2018 08:50
ord_002893,cust_001012,delivered,28/11/2017 13:45,29/11/2017 17:45,01/12/2017 17:45,08/12/2017 17:45,18/12/2017 13:45
ord_002894,cust_001384,delivered,25/05/2018 22:30,26/05/2018 21:30,27/05/2018 21:30,02/06/2018 21:30,16/06/2018 22:30
ord_002895,cust_000674,delivered,21/11/2018 17:25,23/11/2018 10:25,26/11/2018 10:25,03/12/2018 10:25,02/12/2018 17:25
ord_002896,cust_002326,delivered,07/11/2017 09:02,08/11/2017 14:02,14/11/2017 14:02,16/11/2017 14:02,19/11/2017 09:02
ord_002897,cust_001207,delivered,05/11/2018 13:49,05/11/2018 15:49,08/11/2018 15:49,16/11/2018 15:49,15/11/2018 13:49
ord_002898,cust_001322,delivered,10/12/2018 13:25,12/12/2018 06:25,14/12/2018 06:25,19/12/2018 06:25,24/12/2018 13:25
ord_002899,cust_002771,delivered,26/10/2018 15:19,27/10/2018 17:19,29/10/2018 17:19,12/11/2018 17:19,12/11/2018 15:19
ord_002900,cust_000145,delivered,16/05/2018 15:36,17/05/2018 11:36,22/05/2018 11:36,27/05/2018 11:36,31/05/2018 15:36
ord_002901,cust_001196,delivered,17/08/2018 20:45,18/08/2018 05:45,20/08/2018 05:45,25/08/2018 05:45,28/08/2018 20:45
ord_002902,cust_001828,delivered,18/03/2018 20:31,20/03/2018 05:31,22/03/2018 05:31,27/03/2018 05:31,05/04/2018 20:31
ord_002903,cust_000728,delivered,02/06/2018 18:08,02/06/2018 18:08,04/06/2018 18:08,13/06/2018 18:08,16/06/2018 18:08
ord_002904,cust_000522,delivered,18/12/2018 10:55,18/12/2018 18:55,19/12/2018 18:55,30/12/2018 18:55,01/01/2019 10:55
ord_002905,cust_001573,delivered,05/10/2017 17:06,07/10/2017 02:06,12/10/2017 02:06,17/10/2017 02:06,26/10/2017 17:06
ord_002906,cust_000552,delivered,26/09/2018 14:58,27/09/2018 03:58,29/09/2018 03:58,10/10/2018 03:58,10/10/2018 14:58
ord_002907,cust_001228,delivered,04/04/2018 08:26,05/04/2018 19:26,07/04/2018 19:26,10/04/2018 19:26,22/04/2018 08:26
ord_002908,cust_000252,delivered,29/07/2017 20:56,30/07/2017 08:56,01/08/2017 08:56,05/08/2017 08:56,09/08/2017 20:56
ord_002909,cust_000057,delivered,01/07/2018 13:54,03/07/2018 00:54,08/07/2018 00:54,13/07/2018 00:54,22/07/2018 13:54
ord_002910,cust_002206,delivered,26/09/2018 18:24,28/09/2018 02:24,04/10/2018 02:24,15/10/2018 02:24,14/10/2018 18:24
ord_002911,cust_000558,delivered,15/05/2018 19:48,17/05/2018 05:48,22/05/2018 05:48,31/05/2018 05:48,05/06/2018 19:48
ord_002912,cust_000085,delivered,21/10/2018 12:05,22/10/2018 23:05,26/10/2018 23:05,02/11/2018 23:05,04/11/2018 12:05
ord_002913,cust_000051,delivered,24/12/2017 19:04,26/12/2017 09:04,31/12/2017 09:04,09/01/2018 09:04,10/01/2018 19:04
ord_002914,cust_001701,delivered,24/11/2018 19:21,25/11/2018 12:21,27/11/2018 12:21,01/12/2018 12:21,10/12/2018 19:21
ord_002915,cust_001566,delivered,04/07/2018 18:36,05/07/2018 16:36,11/07/2018 16:36,16/07/2018 16:36,28/07/2018 18:36
ord_002916,cust_001747,delivered,02/10/2018 08:00,02/10/2018 11:00,06/10/2018 11:00,17/10/2018 11:00,13/10/2018 08:00
ord_002917,cust_001923,delivered,24/10/2017 17:30,25/10/2017 09:30,31/10/2017 09:30,14/11/2017 09:30,06/11/2017 17:30
ord_002918,cust_001963,delivered,21/02/2018 08:58,22/02/2018 06:58,24/02/2018 06:58,26/02/2018 06:58,17/03/2018 08:58
ord_002919,cust_002154,canceled,23/11/2018 11:51,25/11/2018 00:51,,,04/12/2018 11:51
ord_002920,cust_002557,delivered,12/03/2017 09:13,14/03/2017 04:13,19/03/2017 04:13,01/04/2017 04:13,26/03/2017 09:13
ord_002921,cust_000623,delivered,22/01/2018 15:31,23/01/2018 22:31,25/01/2018 22:31,06/02/2018 22:31,05/02/2018 15:31
ord_002922,cust_000275,delivered,19/09/2018 17:10,19/09/2018 23:10,21/09/2018 23:10,26/09/2018 23:10,10/10/2018 17:10
ord_002923,cust_002415,delivered,29/08/2018 11:15,29/08/2018 20:15,03/09/2018 20:15,05/09/2018 20:15,19/09/2018 11:15
ord_002924,cust_000202,shipped,28/10/2018 14:55,29/10/2018 15:55,02/11/2018 15:55,,20/11/2018 14:55
ord_002925,cust_001233,delivered,27/08/2018 14:59,28/08/2018 10:59,02/09/2018 10:59,13/09/2018 10:59,07/09/2018 14:59
ord_002926,cust_001842,delivered,04/12/2018 11:14,06/12/2018 07:14,08/12/2018 07:14,13/12/2018 07:14,17/12/2018 11:14
ord_002927,cust_000147,delivered,29/03/2018 09:12,29/03/2018 17:12,30/03/2018 17:12,04/04/2018 17:12,15/04/2018 09:12
ord_002928,cust_002922,delivered,19/06/2018 12:23,20/06/2018 15:23,23/06/2018 15:23,03/07/2018 15:23,09/07/2018 12:23
ord_002929,cust_002783,delivered,26/10/2018 18:26,28/10/2018 07:26,03/11/2018 07:26,11/11/2018 07:26,13/11/2018 18:26
ord_002930,cust_002513,shipped,05/08/2018 18:05,06/08/2018 15:05,10/08/2018 15:05,,22/08/2018 18:05
ord_002931,cust_002080,delivered,12/05/2017 22:08,13/05/2017 09:08,19/05/2017 09:08,31/05/2017 09:08,03/06/2017 22:08
ord_002932,cust_002379,delivered,25/12/2017 08:25,25/12/2017 14:25,31/12/2017 14:25,13/01/2018 14:25,06/01/2018 08:25
ord_002933,cust_001687,delivered,05/05/2018 17:14,06/05/2018 22:14,12/05/2018 22:14,23/05/2018 22:14,27/05/2018 17:14
ord_002934,cust_002254,delivered,05/09/2018 10:50,06/09/2018 16:50,09/09/2018 16:50,23/09/2018 16:50,24/09/2018 10:50
ord_002935,cust_000120,delivered,29/04/2018 20:45,01/05/2018 07:45,03/05/2018 07:45,09/05/2018 07:45,12/05/2018 20:45
ord_002936,cust_000623,delivered,18/09/2018 11:32,20/09/2018 03:32,26/09/2018 03:32,29/09/2018 03:32,04/10/2018 11:32
ord_002937,cust_000041,delivered,21/10/2018 18:25,23/10/2018 17:25,27/10/2018 17:25,07/11/2018 17:25,04/11/2018 18:25
ord_002938,cust_000368,delivered,17/10/2017 10:49,17/10/2017 18:49,19/10/2017 18:49,28/10/2017 18:49,31/10/2017 10:49
ord_002939,cust_001694,delivered,14/06/2018 22:09,15/06/2018 18:09,18/06/2018 18:09,25/06/2018 18:09,04/07/2018 22:09
ord_002940,cust_002287,delivered,08/05/2018 18:53,09/05/2018 09:53,14/05/2018 09:53,19/05/2018 09:53,22/05/2018 18:53
ord_002941,cust_002636,delivered,14/09/2017 16:02,16/09/2017 09:02,19/09/2017 09:02,21/09/2017 09:02,06/10/2017 16:02
ord_002942,cust_000478,delivered,24/03/2018 18:55,24/03/2018 23:55,29/03/2018 23:55,02/04/2018 23:55,04/04/2018 18:55
ord_002943,cust_001942,delivered,02/05/2018 11:08,03/05/2018 18:08,05/05/2018 18:08,15/05/2018 18:08,14/05/2018 11:08
ord_002944,cust_002232,delivered,10/10/2018 11:48,11/10/2018 02:48,13/10/2018 02:48,17/10/2018 02:48,02/11/2018 11:48
ord_002945,cust_000016,delivered,04/03/2018 16:01,04/03/2018 16:01,05/03/2018 16:01,19/03/2018 16:01,24/03/2018 16:01
ord_002946,cust_000980,delivered,18/04/2017 16:48,19/04/2017 20:48,25/04/2017 20:48,03/05/2017 20:48,04/05/2017 16:48
ord_002947,cust_001914,delivered,22/03/2018 10:35,23/03/2018 04:35,29/03/2018 04:35,01/04/2018 04:35,04/04/2018 10:35
ord_002948,cust_000407,delivered,21/10/2018 11:01,22/10/2018 20:01,24/10/2018 20:01,03/11/2018 20:01,03/11/2018 11:01
ord_002949,cust_001045,delivered,17/05/2018 14:46,18/05/2018 08:46,22/05/2018 08:46,01/06/2018 08:46,29/05/2018 14:46
ord_002950,cust_001375,canceled,24/11/2017 18:06,25/11/2017 03:06,,,17/12/2017 18:06
ord_002951,cust_000366,delivered,25/11/2018 10:32,25/11/2018 15:32,29/11/2018 15:32,11/12/2018 15:32,10/12/2018 10:32
ord_002952,cust_000201,delivered,08/07/2017 12:19,08/07/2017 20:19,12/07/2017 20:19,23/07/2017 20:19,01/08/2017 12:19
ord_002953,cust_002434,delivered,26/11/2017 14:45,27/11/2017 10:45,29/11/2017 10:45,08/12/2017 10:45,17/12/2017 14:45
ord_002954,cust_000262,delivered,15/02/2018 16:51,16/02/2018 04:51,17/02/2018 04:51,20/02/2018 04:51,02/03/2018 16:51
ord_002955,cust_001729,delivered,26/08/2018 09:27,26/08/2018 14:27,01/09/2018 14:27,09/09/2018 14:27,16/09/2018 09:27
ord_002956,cust_001251,delivered,20/10/2018 16:45,21/10/2018 07:45,27/10/2018 07:45,10/11/2018 07:45,06/11/2018 16:45
ord_002957,cust_002172,delivered,22/03/2017 15:54,24/03/2017 07:54,30/03/2017 07:54,04/04/2017 07:54,08/04/2017 15:54
ord_002958,cust_002684,delivered,26/09/2018 20:41,28/09/2018 12:41,29/09/2018 12:41,13/10/2018 12:41,17/10/2018 20:41
ord_002959,cust_000495,delivered,16/08/2018 13:19,17/08/2018 06:19,22/08/2018 06:19,26/08/2018 06:19,05/09/2018 13:19
ord_002960,cust_002833,delivered,20/11/2018 16:27,21/11/2018 17:27,23/11/2018 17:27,02/12/2018 17:27,03/12/2018 16:27
ord_002961,cust_000348,delivered,21/11/2018 08:13,21/11/2018 16:13,23/11/2018 16:13,30/11/2018 16:13,07/12/2018 08:13
ord_002962,cust_002639,delivered,18/09/2018 20:27,19/09/2018 15:27,22/09/2018 15:27,24/09/2018 15:27,12/10/2018 20:27
ord_002963,cust_001543,delivered,11/08/2017 22:14,13/08/2017 02:14,15/08/2017 02:14,25/08/2017 02:14,24/08/2017 22:14
ord_002964,cust_000137,processing,22/11/2017 22:48,22/11/2017 22:48,,,12/12/2017 22:48
ord_002965,cust_001583,canceled,29/11/2018 13:36,01/12/2018 06:36,,,21/12/2018 13:36
ord_002966,cust_002628,delivered,03/06/2018 22:37,05/06/2018 17:37,11/06/2018 17:37,16/06/2018 17:37,22/06/2018 22:37
ord_002967,cust_001746,delivered,26/04/2018 21:06,28/04/2018 17:06,03/05/2018 17:06,11/05/2018 17:06,06/05/2018 21:06
ord_002968,cust_000290,delivered,24/11/2018 10:00,24/11/2018 20:00,29/11/2018 20:00,02/12/2018 20:00,16/12/2018 10:00
ord_002969,cust_002232,delivered,09/11/2018 12:47,11/11/2018 06:47,17/11/2018 06:47,26/11/2018 06:47,02/12/2018 12:47
ord_002970,cust_002534,delivered,20/08/2018 22:32,21/08/2018 03:32,24/08/2018 03:32,27/08/2018 03:32,08/09/2018 22:32
ord_002971,cust_001990,delivered,14/11/2018 14:55,16/11/2018 08:55,17/11/2018 08:55,21/11/2018 08:55,05/12/2018 14:55
ord_002972,cust_001228,delivered,25/05/2017 16:32,25/05/2017 22:32,31/05/2017 22:32,08/06/2017 22:32,04/06/2017 16:32
ord_002973,cust_002028,delivered,06/09/2018 09:12,07/09/2018 01:12,10/09/2018 01:12,21/09/2018 01:12,26/09/2018 09:12
ord_002974,cust_001006,canceled,14/12/2018 18:41,16/12/2018 15:41,,,05/01/2019 18:41
ord_002975,cust_000524,canceled,10/03/2017 15:42,11/03/2017 15:42,,,28/03/2017 15:42
ord_002976,cust_002567,delivered,10/09/2017 18:03,11/09/2017 04:03,17/09/2017 04:03,01/10/2017 04:03,27/09/2017 18:03
ord_002977,cust_001254,delivered,27/09/2018 20:41,28/09/2018 13:41,01/10/2018 13:41,10/10/2018 13:41,19/10/2018 20:41
ord_002978,cust_002292,delivered,13/04/2018 11:12,14/04/2018 02:12,19/04/2018 02:12,30/04/2018 02:12,02/05/2018 11:12
ord_002979,cust_001799,delivered,25/04/2017 22:15,27/04/2017 18:15,02/05/2017 18:15,10/05/2017 18:15,05/05/2017 22:15
ord_002980,cust_002643,delivered,19/10/2017 08:01,20/10/2017 03:01,24/10/2017 03:01,29/10/2017 03:01,31/10/2017 08:01
ord_002981,cust_001555,delivered,25/11/2017 11:37,25/11/2017 15:37,29/11/2017 15:37,05/12/2017 15:37,13/12/2017 11:37
ord_002982,cust_000916,delivered,24/11/2017 14:43,24/11/2017 21:43,25/11/2017 21:43,01/12/2017 21:43,13/12/2017 14:43
ord_002983,cust_000912,delivered,11/11/2018 11:13,12/11/2018 13:13,18/11/2018 13:13,27/11/2018 13:13,24/11/2018 11:13
ord_002984,cust_001561,delivered,12/07/2018 14:47,12/07/2018 14:47,15/07/2018 14:47,18/07/2018 14:47,24/07/2018 14:47
ord_002985,cust_002832,delivered,24/08/2018 15:45,25/08/2018 02:45,27/08/2018 02:45,07/09/2018 02:45,12/09/2018 15:45
ord_002986,cust_000568,delivered,21/01/2017 09:24,22/01/2017 13:24,24/01/2017 13:24,27/01/2017 13:24,04/02/2017 09:24
ord_002987,cust_000420,delivered,08/02/2018 14:04,10/02/2018 06:04,13/02/2018 06:04,24/02/2018 06:04,28/02/2018 14:04
ord_002988,cust_000776,delivered,23/11/2017 12:16,23/11/2017 16:16,27/11/2017 16:16,05/12/2017 16:16,12/12/2017 12:16
ord_002989,cust_002923,delivered,29/10/2018 14:09,30/10/2018 06:09,03/11/2018 06:09,14/11/2018 06:09,11/11/2018 14:09
ord_002990,cust_001840,delivered,08/12/2018 12:57,09/12/2018 06:57,15/12/2018 06:57,19/12/2018 06:57,29/12/2018 12:57
ord_002991,cust_002346,delivered,05/02/2018 10:49,07/02/2018 03:49,12/02/2018 03:49,16/02/2018 03:49,17/02/2018 10:49
ord_002992,cust_001699,delivered,18/12/2018 16:04,20/12/2018 05:04,23/12/2018 05:04,28/12/2018 05:04,02/01/2019 16:04
ord_002993,cust_001788,delivered,22/01/2017 14:30,24/01/2017 10:30,29/01/2017 10:30,10/02/2017 10:30,09/02/2017 14:30
ord_002994,cust_001882,delivered,26/11/2017 12:16,27/11/2017 17:16,02/12/2017 17:16,07/12/2017 17:16,19/12/2017 12:16
ord_002995,cust_000382,delivered,16/09/2018 18:01,17/09/2018 02:01,23/09/2018 02:01,29/09/2018 02:01,10/10/2018 18:01
ord_002996,cust_001888,delivered,19/12/2017 21:19,21/12/2017 18:19,22/12/2017 18:19,25/12/2017 18:19,08/01/2018 21:19
ord_002997,cust_001691,delivered,25/11/2018 13:07,27/11/2018 01:07,01/12/2018 01:07,06/12/2018 01:07,14/12/2018 13:07
ord_002998,cust_002472,canceled,06/09/2017 21:13,08/09/2017 04:13,,,23/09/2017 21:13
ord_002999,cust_000263,delivered,28/09/2018 20:19,29/09/2018 12:19,01/10/2018 12:19,04/10/2018 12:19,15/10/2018 20:19
ord_003000,cust_001525,delivered,22/08/2017 08:24,23/08/2017 22:24,27/08/2017 22:24,09/09/2017 22:24,09/09/2017 08:24
ord_003001,cust_002795,delivered,17/08/2017 15:28,18/08/2017 10:28,23/08/2017 10:28,04/09/2017 10:28,10/09/2017 15:28
ord_003002,cust_002450,delivered,21/02/2018 22:31,22/02/2018 13:31,23/02/2018 13:31,09/03/2018 13:31,12/03/2018 22:31
ord_003003,cust_000856,delivered,03/12/2018 19:22,04/12/2018 08:22,10/12/2018 08:22,20/12/2018 08:22,25/12/2018 19:22
ord_003004,cust_002186,invoiced,26/05/2018 10:29,27/05/2018 17:29,,,13/06/2018 10:29
ord_003005,cust_001198,canceled,26/06/2018 16:25,27/06/2018 21:25,,,16/07/2018 16:25
ord_003006,cust_002379,delivered,15/01/2017 19:57,16/01/2017 05:57,18/01/2017 05:57,29/01/2017 05:57,06/02/2017 19:57
ord_003007,cust_001910,delivered,20/03/2017 09:04,21/03/2017 01:04,23/03/2017 01:04,01/04/2017 01:04,05/04/2017 09:04
ord_003008,cust_001445,delivered,01/04/2017 12:35,01/04/2017 22:35,02/04/2017 22:35,09/04/2017 22:35,20/04/2017 12:35
ord_003009,cust_000056,delivered,11/10/2018 08:11,12/10/2018 19:11,13/10/2018 19:11,26/10/2018 19:11,28/10/2018 08:11
ord_003010,cust_002282,delivered,22/09/2017 14:22,23/09/2017 06:22,25/09/2017 06:22,01/10/2017 06:22,09/10/2017 14:22
ord_003011,cust_001625,delivered,27/11/2017 20:32,29/11/2017 09:32,03/12/2017 09:32,12/12/2017 09:32,10/12/2017 20:32
ord_003012,cust_001598,delivered,10/06/2018 21:45,11/06/2018 08:45,16/06/2018 08:45,18/06/2018 08:45,02/07/2018 21:45
ord_003013,cust_002144,delivered,25/05/2018 14:58,26/05/2018 08:58,30/05/2018 08:58,09/06/2018 08:58,16/06/2018 14:58
ord_003014,cust_002735,delivered,26/01/2018 20:29,26/01/2018 21:29,30/01/2018 21:29,02/02/2018 21:29,18/02/2018 20:29
ord_003015,cust_000621,delivered,07/01/2017 20:15,07/01/2017 20:15,08/01/2017 20:15,10/01/2017 20:15,21/01/2017 20:15
ord_003016,cust_002702,delivered,24/02/2018 11:47,24/02/2018 12:47,02/03/2018 12:47,07/03/2018 12:47,20/03/2018 11:47
ord_003017,cust_000462,delivered,27/08/2018 19:13,27/08/2018 22:13,29/08/2018 22:13,08/09/2018 22:13,16/09/2018 19:13
ord_003018,cust_001925,delivered,21/09/2017 19:30,23/09/2017 15:30,26/09/2017 15:30,08/10/2017 15:30,06/10/2017 19:30
ord_003019,cust_001462,delivered,09/08/2018 16:50,10/08/2018 05:50,14/08/2018 05:50,23/08/2018 05:50,01/09/2018 16:50
ord_003020,cust_002271,delivered,23/01/2017 10:24,24/01/2017 11:24,25/01/2017 11:24,04/02/2017 11:24,10/02/2017 10:24
ord_003021,cust_001609,canceled,23/11/2018 12:33,25/11/2018 09:33,,,11/12/2018 12:33
ord_003022,cust_001748,delivered,06/12/2018 10:07,07/12/2018 09:07,13/12/2018 09:07,16/12/2018 09:07,27/12/2018 10:07
ord_003023,cust_001317,delivered,04/01/2017 18:03,05/01/2017 12:03,07/01/2017 12:03,10/01/2017 12:03,16/01/2017 18:03
ord_003024,cust_001979,delivered,01/03/2018 14:59,03/03/2018 00:59,07/03/2018 00:59,09/03/2018 00:59,17/03/2018 14:59
ord_003025,cust_000886,delivered,29/01/2018 22:10,31/01/2018 09:10,04/02/2018 09:10,10/02/2018 09:10,08/02/2018 22:10
ord_003026,cust_000871,delivered,23/10/2018 21:20,24/10/2018 01:20,25/10/2018 01:20,05/11/2018 01:20,08/11/2018 21:20
ord_003027,cust_001229,delivered,27/04/2018 10:30,29/04/2018 06:30,30/04/2018 06:30,02/05/2018 06:30,17/05/2018 10:30
ord_003028,cust_000605,canceled,11/06/2018 15:22,11/06/2018 20:22,,,05/07/2018 15:22
ord_003029,cust_000936,delivered,22/08/2017 14:05,23/08/2017 06:05,24/08/2017 06:05,02/09/2017 06:05,04/09/2017 14:05
ord_003030,cust_000244,delivered,13/04/2017 11:11,15/04/2017 08:11,19/04/2017 08:11,21/04/2017 08:11,06/05/2017 11:11
ord_003031,cust_000748,delivered,30/07/2018 21:29,31/07/2018 23:29,02/08/2018 23:29,11/08/2018 23:29,09/08/2018 21:29
ord_003032,cust_001230,delivered,17/06/2018 16:26,18/06/2018 19:26,22/06/2018 19:26,29/06/2018 19:26,27/06/2018 16:26
ord_003033,cust_001416,delivered,18/10/2018 21:47,20/10/2018 13:47,22/10/2018 13:47,04/11/2018 13:47,02/11/2018 21:47
ord_003034,cust_001894,delivered,25/10/2018 18:18,26/10/2018 15:18,29/10/2018 15:18,06/11/2018 15:18,08/11/2018 18:18
ord_003035,cust_001186,delivered,23/06/2018 12:56,24/06/2018 17:56,25/06/2018 17:56,03/07/2018 17:56,11/07/2018 12:56
ord_003036,cust_001855,shipped,25/04/2018 21:16,26/04/2018 23:16,01/05/2018 23:16,,07/05/2018 21:16
ord_003037,cust_001306,delivered,24/11/2018 13:19,24/11/2018 18:19,25/11/2018 18:19,06/12/2018 18:19,12/12/2018 13:19
ord_003038,cust_001316,delivered,01/10/2018 19:56,02/10/2018 09:56,08/10/2018 09:56,17/10/2018 09:56,25/10/2018 19:56
ord_003039,cust_000000,delivered,14/11/2018 21:50,16/11/2018 09:50,18/11/2018 09:50,28/11/2018 09:50,26/11/2018 21:50
ord_003040,cust_002343,delivered,29/12/2018 13:19,30/12/2018 04:19,05/01/2019 04:19,12/01/2019 04:19,14/01/2019 13:19
ord_003041,cust_002078,delivered,21/01/2018 21:23,23/01/2018 16:23,28/01/2018 16:23,08/02/2018 16:23,09/02/2018 21:23
ord_003042,cust_000172,delivered,14/08/2018 11:50,16/08/2018 09:50,21/08/2018 09:50,27/08/2018 09:50,30/08/2018 11:50
ord_003043,cust_000140,delivered,28/07/2018 15:05,30/07/2018 03:05,04/08/2018 03:05,10/08/2018 03:05,13/08/2018 15:05
ord_003044,cust_002212,delivered,26/07/2017 21:17,26/07/2017 21:17,29/07/2017 21:17,10/08/2017 21:17,05/08/2017 21:17
ord_003045,cust_000620,canceled,27/06/2018 12:31,29/06/2018 00:31,,,14/07/2018 12:31
ord_003046,cust_002690,processing,08/02/2018 12:49,10/02/2018 11:49,,,03/03/2018 12:49
ord_003047,cust_002410,delivered,24/02/2018 18:33,,02/03/2018 06:33,05/03/2018 06:33,19/03/2018 18:33
ord_003048,cust_001239,delivered,01/08/2017 11:29,02/08/2017 17:29,07/08/2017 17:29,13/08/2017 17:29,22/08/2017 11:29
ord_003049,cust_002952,delivered,30/08/2018 12:57,31/08/2018 17:57,02/09/2018 17:57,12/09/2018 17:57,10/09/2018 12:57
ord_003050,cust_001592,delivered,03/08/2018 19:06,04/08/2018 18:06,09/08/2018 18:06,17/08/2018 18:06,14/08/2018 19:06
ord_003051,cust_002974,delivered,21/04/2018 15:46,22/04/2018 02:46,28/04/2018 02:46,03/05/2018 02:46,08/05/2018 15:46
ord_003052,cust_000155,delivered,09/07/2017 15:07,10/07/2017 13:07,15/07/2017 13:07,17/07/2017 13:07,23/07/2017 15:07
ord_003053,cust_001776,delivered,08/05/2018 10:43,10/05/2018 05:43,12/05/2018 05:43,21/05/2018 05:43,20/05/2018 10:43
ord_003054,cust_002452,delivered,10/05/2017 15:32,10/05/2017 19:32,12/05/2017 19:32,18/05/2017 19:32,22/05/2017 15:32
ord_003055,cust_000778,delivered,03/12/2017 12:15,03/12/2017 18:15,04/12/2017 18:15,17/12/2017 18:15,15/12/2017 12:15
ord_003056,cust_002494,canceled,29/12/2017 14:32,31/12/2017 07:32,,,09/01/2018 14:32
ord_003057,cust_002504,delivered,14/11/2018 15:52,16/11/2018 06:52,19/11/2018 06:52,29/11/2018 06:52,03/12/2018 15:52
ord_003058,cust_002348,delivered,30/01/2018 10:28,31/01/2018 10:28,02/02/2018 10:28,08/02/2018 10:28,15/02/2018 10:28
ord_003059,cust_001950,delivered,03/06/2018 11:00,04/06/2018 04:00,05/06/2018 04:00,10/06/2018 04:00,23/06/2018 11:00
ord_003060,cust_000277,delivered,10/11/2018 14:03,10/11/2018 19:03,13/11/2018 19:03,24/11/2018 19:03,23/11/2018 14:03
ord_003061,cust_002958,delivered,07/02/2018 13:37,08/02/2018 21:37,10/02/2018 21:37,18/02/2018 21:37,26/02/2018 13:37
ord_003062,cust_002647,delivered,14/11/2018 13:40,15/11/2018 14:40,21/11/2018 14:40,23/11/2018 14:40,26/11/2018 13:40
ord_003063,cust_001647,delivered,19/06/2017 12:24,21/06/2017 02:24,24/06/2017 02:24,03/07/2017 02:24,12/07/2017 12:24
ord_003064,cust_001195,delivered,23/12/2017 21:14,24/12/2017 14:14,27/12/2017 14:14,31/12/2017 14:14,04/01/2018 21:14
ord_003065,cust_001578,shipped,04/05/2017 15:42,06/05/2017 05:42,10/05/2017 05:42,,25/05/2017 15:42
ord_003066,cust_002952,delivered,10/05/2018 13:18,12/05/2018 10:18,17/05/2018 10:18,22/05/2018 10:18,30/05/2018 13:18
ord_003067,cust_000131,delivered,10/12/2018 18:04,11/12/2018 01:04,12/12/2018 01:04,24/12/2018 01:04,22/12/2018 18:04
ord_003068,cust_001440,delivered,09/07/2018 11:24,10/07/2018 23:24,11/07/2018 23:24,17/07/2018 23:24,20/07/2018 11:24
ord_003069,cust_000583,delivered,20/06/2018 11:32,21/06/2018 16:32,23/06/2018 16:32,29/06/2018 16:32,09/07/2018 11:32
ord_003070,cust_002446,delivered,28/10/2017 17:57,29/10/2017 12:57,03/11/2017 12:57,05/11/2017 12:57,07/11/2017 17:57
ord_003071,cust_002000,delivered,27/11/2018 17:35,28/11/2018 03:35,04/12/2018 03:35,17/12/2018 03:35,16/12/2018 17:35
ord_003072,cust_002740,delivered,11/03/2018 18:12,12/03/2018 01:12,18/03/2018 01:12,27/03/2018 01:12,31/03/2018 18:12
ord_003073,cust_002981,canceled,19/10/2017 15:49,19/10/2017 20:49,,,07/11/2017 15:49
ord_003074,cust_000349,delivered,25/12/2018 10:17,25/12/2018 22:17,30/12/2018 22:17,01/01/2019 22:17,18/01/2019 10:17
ord_003075,cust_001426,delivered,05/02/2018 11:57,06/02/2018 11:57,08/02/2018 11:57,13/02/2018 11:57,21/02/2018 11:57
ord_003076,cust_002793,delivered,28/12/2017 13:19,29/12/2017 14:19,31/12/2017 14:19,08/01/2018 14:19,14/01/2018 13:19
ord_003077,cust_000087,delivered,20/02/2017 20:54,22/02/2017 19:54,26/02/2017 19:54,28/02/2017 19:54,16/03/2017 20:54
ord_003078,cust_002613,delivered,31/07/2017 08:52,01/08/2017 19:52,02/08/2017 19:52,08/08/2017 19:52,22/08/2017 08:52
ord_003079,cust_001198,delivered,05/10/2018 18:51,07/10/2018 17:51,08/10/2018 17:51,14/10/2018 17:51,21/10/2018 18:51
ord_003080,cust_001606,delivered,19/03/2018 09:02,20/03/2018 21:02,26/03/2018 21:02,08/04/2018 21:02,04/04/2018 09:02
ord_003081,cust_000378,shipped,08/12/2018 13:50,09/12/2018 16:50,14/12/2018 16:50,,29/12/2018 13:50
ord_003082,cust_001022,delivered,21/04/2017 15:43,23/04/2017 06:43,28/04/2017 06:43,01/05/2017 06:43,09/05/2017 15:43
ord_003083,cust_002879,delivered,14/06/2018 11:20,16/06/2018 00:20,18/06/2018 00:20,23/06/2018 00:20,01/07/2018 11:20
ord_003084,cust_002779,delivered,16/08/2018 21:29,18/08/2018 11:29,19/08/2018 11:29,31/08/2018 11:29,07/09/2018 21:29
ord_003085,cust_000423,delivered,17/06/2018 19:38,18/06/2018 06:38,19/06/2018 06:38,21/06/2018 06:38,08/07/2018 19:38
ord_003086,cust_001687,delivered,20/04/2018 10:56,21/04/2018 20:56,24/04/2018 20:56,27/04/2018 20:56,06/05/2018 10:56
ord_003087,cust_000353,delivered,21/05/2018 22:46,22/05/2018 08:46,27/05/2018 08:46,29/05/2018 08:46,05/06/2018 22:46
ord_003088,cust_002967,delivered,29/07/2018 15:25,30/07/2018 06:25,03/08/2018 06:25,05/08/2018 06:25,18/08/2018 15:25
ord_003089,cust_001373,delivered,04/11/2018 12:38,05/11/2018 21:38,11/11/2018 21:38,25/11/2018 21:38,14/11/2018 12:38
ord_003090,cust_000774,delivered,01/12/2017 12:11,02/12/2017 12:11,08/12/2017 12:11,22/12/2017 12:11,22/12/2017 12:11
ord_003091,cust_001625,delivered,03/03/2018 08:25,04/03/2018 21:25,09/03/2018 21:25,20/03/2018 21:25,20/03/2018 08:25
ord_003092,cust_000603,delivered,26/06/2018 20:47,28/06/2018 06:47,29/06/2018 06:47,02/07/2018 06:47,19/07/2018 20:47
ord_003093,cust_002151,canceled,22/11/2017 20:36,24/11/2017 07:36,,,10/12/2017 20:36
ord_003094,cust_001040,delivered,31/07/2017 21:46,01/08/2017 04:46,04/08/2017 04:46,16/08/2017 04:46,15/08/2017 21:46
ord_003095,cust_001103,canceled,14/12/2018 20:30,15/12/2018 01:30,,,25/12/2018 20:30
ord_003096,cust_002269,delivered,15/08/2017 09:22,15/08/2017 20:22,20/08/2017 20:22,31/08/2017 20:22,25/08/2017 09:22
ord_003097,cust_002690,delivered,19/09/2017 20:44,20/09/2017 13:44,26/09/2017 13:44,07/10/2017 13:44,08/10/2017 20:44
ord_003098,cust_000611,delivered,16/06/2018 08:05,17/06/2018 23:05,23/06/2018 23:05,30/06/2018 23:05,28/06/2018 08:05
ord_003099,cust_001795,shipped,14/04/2017 17:58,14/04/2017 19:58,17/04/2017 19:58,,06/05/2017 17:58
ord_003100,cust_000920,delivered,18/02/2017 18:56,19/02/2017 19:56,25/02/2017 19:56,09/03/2017 19:56,07/03/2017 18:56
ord_003101,cust_000141,delivered,29/03/2017 08:52,30/03/2017 21:52,05/04/2017 21:52,19/04/2017 21:52,21/04/2017 08:52
ord_003102,cust_000766,delivered,05/06/2017 09:53,06/06/2017 02:53,07/06/2017 02:53,15/06/2017 02:53,21/06/2017 09:53
ord_003103,cust_000102,delivered,09/02/2018 22:30,10/02/2018 12:30,15/02/2018 12:30,22/02/2018 12:30,24/02/2018 22:30
ord_003104,cust_002346,delivered,16/10/2018 15:29,17/10/2018 00:29,20/10/2018 00:29,02/11/2018 00:29,28/10/2018 15:29
ord_003105,cust_001406,delivered,05/12/2017 16:49,06/12/2017 12:49,12/12/2017 12:49,19/12/2017 12:49,21/12/2017 16:49
ord_003106,cust_001632,delivered,08/02/2018 12:16,09/02/2018 17:16,15/02/2018 17:16,21/02/2018 17:16,02/03/2018 12:16
ord_003107,cust_001318,delivered,04/06/2018 22:50,06/06/2018 01:50,08/06/2018 01:50,21/06/2018 01:50,26/06/2018 22:50
ord_003108,cust_000810,delivered,17/11/2017 16:12,19/11/2017 08:12,23/11/2017 08:12,07/12/2017 08:12,04/12/2017 16:12
ord_003109,cust_001357,delivered,12/02/2018 22:52,12/02/2018 22:52,18/02/2018 22:52,22/02/2018 22:52,08/03/2018 22:52
ord_003110,cust_000458,delivered,09/01/2018 12:32,10/01/2018 02:32,15/01/2018 02:32,20/01/2018 02:32,19/01/2018 12:32
ord_003111,cust_000171,delivered,05/12/2017 14:50,06/12/2017 06:50,12/12/2017 06:50,18/12/2017 06:50,15/12/2017 14:50
ord_003112,cust_000470,delivered,10/01/2018 18:29,11/01/2018 12:29,16/01/2018 12:29,20/01/2018 12:29,20/01/2018 18:29
ord_003113,cust_000159,delivered,17/01/2017 22:36,19/01/2017 08:36,24/01/2017 08:36,06/02/2017 08:36,27/01/2017 22:36
ord_003114,cust_001660,delivered,16/11/2018 15:55,16/11/2018 19:55,22/11/2018 19:55,06/12/2018 19:55,26/11/2018 15:55
ord_003115,cust_000182,delivered,20/12/2018 14:25,21/12/2018 03:25,27/12/2018 03:25,04/01/2019 03:25,30/12/2018 14:25
ord_003116,cust_001167,delivered,03/11/2018 13:13,03/11/2018 15:13,05/11/2018 15:13,16/11/2018 15:13,24/11/2018 13:13
ord_003117,cust_002201,delivered,09/01/2017 12:05,10/01/2017 15:05,15/01/2017 15:05,22/01/2017 15:05,25/01/2017 12:05
ord_003118,cust_001728,delivered,03/09/2018 18:35,05/09/2018 16:35,08/09/2018 16:35,22/09/2018 16:35,24/09/2018 18:35
ord_003119,cust_001804,delivered,18/05/2018 21:36,20/05/2018 19:36,24/05/2018 19:36,07/06/2018 19:36,08/06/2018 21:36
ord_003120,cust_000862,delivered,03/05/2017 09:37,03/05/2017 11:37,07/05/2017 11:37,18/05/2017 11:37,23/05/2017 09:37
ord_003121,cust_000409,delivered,28/11/2018 10:02,28/11/2018 15:02,02/12/2018 15:02,15/12/2018 15:02,09/12/2018 10:02
ord_003122,cust_000464,delivered,17/09/2018 17:01,18/09/2018 20:01,20/09/2018 20:01,23/09/2018 20:01,28/09/2018 17:01
ord_003123,cust_001292,delivered,28/06/2017 14:53,29/06/2017 02:53,04/07/2017 02:53,17/07/2017 02:53,18/07/2017 14:53
ord_003124,cust_002673,delivered,13/12/2018 11:41,13/12/2018 22:41,18/12/2018 22:41,25/12/2018 22:41,06/01/2019 11:41
ord_003125,cust_002828,delivered,08/06/2017 13:06,09/06/2017 21:06,14/06/2017 21:06,18/06/2017 21:06,20/06/2017 13:06
ord_003126,cust_000409,delivered,27/02/2018 10:04,28/02/2018 00:04,04/03/2018 00:04,18/03/2018 00:04,18/03/2018 10:04
ord_003127,cust_000207,delivered,12/07/2017 10:09,13/07/2017 14:09,17/07/2017 14:09,29/07/2017 14:09,22/07/2017 10:09
ord_003128,cust_001394,delivered,03/07/2017 21:48,03/07/2017 22:48,05/07/2017 22:48,08/07/2017 22:48,15/07/2017 21:48
ord_003129,cust_000567,delivered,15/12/2018 13:43,17/12/2018 11:43,21/12/2018 11:43,31/12/2018 11:43,02/01/2019 13:43
ord_003130,cust_000412,delivered,17/05/2018 11:38,17/05/2018 15:38,19/05/2018 15:38,01/06/2018 15:38,05/06/2018 11:38
ord_003131,cust_001168,delivered,12/10/2017 11:38,12/10/2017 12:38,18/10/2017 12:38,28/10/2017 12:38,30/10/2017 11:38
ord_003132,cust_002886,delivered,17/09/2018 13:51,18/09/2018 09:51,19/09/2018 09:51,27/09/2018 09:51,03/10/2018 13:51
ord_003133,cust_000707,delivered,10/11/2018 20:20,12/11/2018 14:20,13/11/2018 14:20,15/11/2018 14:20,24/11/2018 20:20
ord_003134,cust_000255,delivered,25/11/2018 08:19,26/11/2018 14:19,01/12/2018 14:19,09/12/2018 14:19,16/12/2018 08:19
ord_003135,cust_000475,delivered,28/11/2018 12:25,29/11/2018 11:25,04/12/2018 11:25,13/12/2018 11:25,12/12/2018 12:25
ord_003136,cust_001863,delivered,22/11/2018 16:59,23/11/2018 05:59,27/11/2018 05:59,09/12/2018 05:59,12/12/2018 16:59
ord_003137,cust_002920,delivered,28/06/2018 08:33,28/06/2018 18:33,02/07/2018 18:33,06/07/2018 18:33,13/07/2018 08:33
ord_003138,cust_002882,delivered,06/12/2017 10:32,07/12/2017 17:32,08/12/2017 17:32,12/12/2017 17:32,23/12/2017 10:32
ord_003139,cust_002299,delivered,26/11/2018 17:48,27/11/2018 17:48,03/12/2018 17:48,17/12/2018 17:48,19/12/2018 17:48
ord_003140,cust_001587,delivered,04/06/2017 16:10,05/06/2017 21:10,11/06/2017 21:10,23/06/2017 21:10,19/06/2017 16:10
ord_003141,cust_002187,delivered,21/07/2017 21:24,22/07/2017 16:24,24/07/2017 16:24,02/08/2017 16:24,12/08/2017 21:24
ord_003142,cust_000185,delivered,13/02/2018 15:38,14/02/2018 05:38,15/02/2018 05:38,22/02/2018 05:38,23/02/2018 15:38
ord_003143,cust_002796,delivered,02/11/2017 11:59,02/11/2017 19:59,06/11/2017 19:59,16/11/2017 19:59,19/11/2017 11:59
ord_003144,cust_002358,delivered,14/06/2018 08:09,14/06/2018 22:09,16/06/2018 22:09,19/06/2018 22:09,01/07/2018 08:09
ord_003145,cust_000561,delivered,22/11/2018 22:27,23/11/2018 08:27,24/11/2018 08:27,29/11/2018 08:27,16/12/2018 22:27
ord_003146,cust_000887,delivered,25/03/2018 21:54,26/03/2018 20:54,27/03/2018 20:54,05/04/2018 20:54,07/04/2018 21:54
ord_003147,cust_002669,delivered,06/05/2018 22:43,07/05/2018 11:43,11/05/2018 11:43,18/05/2018 11:43,24/05/2018 22:43
ord_003148,cust_001625,delivered,05/02/2018 18:36,07/02/2018 08:36,10/02/2018 08:36,14/02/2018 08:36,23/02/2018 18:36
ord_003149,cust_002948,delivered,08/08/2018 18:15,09/08/2018 20:15,14/08/2018 20:15,22/08/2018 20:15,19/08/2018 18:15
ord_003150,cust_001195,delivered,11/05/2017 20:11,12/05/2017 10:11,14/05/2017 10:11,24/05/2017 10:11,04/06/2017 20:11
ord_003151,cust_001758,delivered,09/03/2017 15:22,09/03/2017 18:22,13/03/2017 18:22,25/03/2017 18:22,26/03/2017 15:22
ord_003152,cust_000012,delivered,30/06/2018 19:15,01/07/2018 00:15,03/07/2018 00:15,13/07/2018 00:15,16/07/2018 19:15
ord_003153,cust_002709,delivered,23/04/2018 11:48,23/04/2018 15:48,27/04/2018 15:48,06/05/2018 15:48,16/05/2018 11:48
ord_003154,cust_002500,delivered,24/01/2018 15:43,25/01/2018 06:43,30/01/2018 06:43,08/02/2018 06:43,04/02/2018 15:43
ord_003155,cust_002448,delivered,29/11/2017 21:50,30/11/2017 12:50,03/12/2017 12:50,06/12/2017 12:50,18/12/2017 21:50
ord_003156,cust_002265,delivered,14/03/2017 13:10,14/03/2017 15:10,20/03/2017 15:10,26/03/2017 15:10,24/03/2017 13:10
ord_003157,cust_000953,delivered,23/07/2018 22:18,25/07/2018 07:18,29/07/2018 07:18,05/08/2018 07:18,16/08/2018 22:18
ord_003158,cust_000103,delivered,03/02/2018 19:46,04/02/2018 20:46,06/02/2018 20:46,14/02/2018 20:46,25/02/2018 19:46
ord_003159,cust_000997,delivered,21/02/2018 14:09,23/02/2018 12:09,01/03/2018 12:09,06/03/2018 12:09,10/03/2018 14:09
ord_003160,cust_002020,delivered,20/11/2018 15:08,22/11/2018 09:08,25/11/2018 09:08,06/12/2018 09:08,05/12/2018 15:08
ord_003161,cust_002027,delivered,26/08/2018 13:22,26/08/2018 13:22,31/08/2018 13:22,09/09/2018 13:22,18/09/2018 13:22
ord_003162,cust_002581,delivered,07/09/2017 15:11,09/09/2017 00:11,12/09/2017 00:11,17/09/2017 00:11,20/09/2017 15:11
ord_003163,cust_001656,delivered,09/07/2018 20:04,11/07/2018 18:04,12/07/2018 18:04,20/07/2018 18:04,30/07/2018 20:04
ord_003164,cust_001024,shipped,14/06/2017 22:18,16/06/2017 12:18,20/06/2017 12:18,,30/06/2017 22:18
ord_003165,cust_001154,delivered,15/08/2017 15:52,16/08/2017 23:52,20/08/2017 23:52,22/08/2017 23:52,06/09/2017 15:52
ord_003166,cust_002942,delivered,12/08/2018 17:03,12/08/2018 23:03,17/08/2018 23:03,23/08/2018 23:03,02/09/2018 17:03
ord_003167,cust_000141,delivered,07/06/2017 17:33,09/06/2017 12:33,14/06/2017 12:33,18/06/2017 12:33,01/07/2017 17:33
ord_003168,cust_001969,delivered,30/10/2017 21:33,01/11/2017 12:33,06/11/2017 12:33,12/11/2017 12:33,18/11/2017 21:33
ord_003169,cust_000068,delivered,21/11/2018 22:31,22/11/2018 23:31,26/11/2018 23:31,06/12/2018 23:31,05/12/2018 22:31
ord_003170,cust_001390,delivered,26/08/2018 10:30,28/08/2018 06:30,29/08/2018 06:30,02/09/2018 06:30,18/09/2018 10:30
ord_003171,cust_000293,delivered,27/11/2018 21:01,28/11/2018 19:01,02/12/2018 19:01,11/12/2018 19:01,16/12/2018 21:01
ord_003172,cust_000674,delivered,14/11/2018 13:02,15/11/2018 14:02,21/11/2018 14:02,27/11/2018 14:02,04/12/2018 13:02
ord_003173,cust_001212,delivered,22/11/2017 20:30,24/11/2017 09:30,30/11/2017 09:30,02/12/2017 09:30,05/12/2017 20:30
ord_003174,cust_000973,delivered,24/06/2018 18:58,26/06/2018 04:58,27/06/2018 04:58,10/07/2018 04:58,11/07/2018 18:58
ord_003175,cust_000082,invoiced,03/01/2018 20:24,04/01/2018 22:24,,,25/01/2018 20:24
ord_003176,cust_002356,delivered,02/08/2018 22:28,04/08/2018 11:28,05/08/2018 11:28,10/08/2018 11:28,17/08/2018 22:28
ord_003177,cust_000444,delivered,10/12/2017 22:58,12/12/2017 17:58,13/12/2017 17:58,21/12/2017 17:58,28/12/2017 22:58
ord_003178,cust_002136,delivered,03/01/2017 11:46,04/01/2017 18:46,05/01/2017 18:46,19/01/2017 18:46,16/01/2017 11:46
ord_003179,cust_002904,delivered,03/05/2017 18:46,05/05/2017 12:46,09/05/2017 12:46,12/05/2017 12:46,15/05/2017 18:46
ord_003180,cust_000743,delivered,14/09/2018 10:30,15/09/2018 05:30,17/09/2018 05:30,30/09/2018 05:30,05/10/2018 10:30
ord_003181,cust_001351,delivered,22/04/2017 10:53,23/04/2017 11:53,27/04/2017 11:53,29/04/2017 11:53,08/05/2017 10:53
ord_003182,cust_001937,delivered,04/06/2018 21:34,06/06/2018 04:34,09/06/2018 04:34,22/06/2018 04:34,17/06/2018 21:34
ord_003183,cust_002799,delivered,01/11/2018 09:39,02/11/2018 12:39,08/11/2018 12:39,14/11/2018 12:39,13/11/2018 09:39
ord_003184,cust_001139,delivered,28/08/2018 14:47,28/08/2018 22:47,30/08/2018 22:47,04/09/2018 22:47,08/09/2018 14:47
ord_003185,cust_000569,delivered,29/01/2018 09:24,30/01/2018 06:24,01/02/2018 06:24,13/02/2018 06:24,14/02/2018 09:24
ord_003186,cust_000331,delivered,28/08/2017 13:57,28/08/2017 19:57,01/09/2017 19:57,05/09/2017 19:57,11/09/2017 13:57
ord_003187,cust_001075,delivered,26/11/2018 12:59,27/11/2018 21:59,28/11/2018 21:59,01/12/2018 21:59,07/12/2018 12:59
ord_003188,cust_002494,delivered,14/05/2018 21:35,16/05/2018 11:35,19/05/2018 11:35,27/05/2018 11:35,31/05/2018 21:35
ord_003189,cust_002013,delivered,23/01/2018 10:13,24/01/2018 18:13,28/01/2018 18:13,11/02/2018 18:13,16/02/2018 10:13
ord_003190,cust_000685,delivered,02/12/2018 08:46,04/12/2018 01:46,08/12/2018 01:46,14/12/2018 01:46,26/12/2018 08:46
ord_003191,cust_002969,delivered,03/09/2017 18:19,05/09/2017 01:19,08/09/2017 01:19,17/09/2017 01:19,21/09/2017 18:19
ord_003192,cust_001924,delivered,19/02/2018 18:34,20/02/2018 12:34,21/02/2018 12:34,28/02/2018 12:34,09/03/2018 18:34
ord_003193,cust_002099,delivered,20/05/2017 20:05,20/05/2017 22:05,22/05/2017 22:05,02/06/2017 22:05,13/06/2017 20:05
ord_003194,cust_000007,delivered,06/06/2017 10:48,06/06/2017 11:48,07/06/2017 11:48,20/06/2017 11:48,27/06/2017 10:48
ord_003195,cust_002706,delivered,18/01/2018 13:57,20/01/2018 11:57,26/01/2018 11:57,09/02/2018 11:57,30/01/2018 13:57
ord_003196,cust_000212,delivered,04/08/2018 21:05,06/08/2018 10:05,10/08/2018 10:05,15/08/2018 10:05,21/08/2018 21:05
ord_003197,cust_000147,delivered,03/12/2017 14:43,04/12/2017 06:43,06/12/2017 06:43,11/12/2017 06:43,18/12/2017 14:43
ord_003198,cust_002075,delivered,29/07/2018 10:51,31/07/2018 07:51,02/08/2018 07:51,16/08/2018 07:51,10/08/2018 10:51
ord_003199,cust_000911,delivered,03/10/2018 09:06,03/10/2018 20:06,04/10/2018 20:06,13/10/2018 20:06,26/10/2018 09:06
ord_003200,cust_002800,canceled,11/11/2018 16:14,13/11/2018 05:14,,,29/11/2018 16:14
ord_003201,cust_002648,delivered,04/03/2017 17:23,05/03/2017 03:23,06/03/2017 03:23,12/03/2017 03:23,24/03/2017 17:23
ord_003202,cust_001638,delivered,15/09/2018 12:50,16/09/2018 22:50,21/09/2018 22:50,25/09/2018 22:50,06/10/2018 12:50
ord_003203,cust_001569,invoiced,30/06/2017 10:29,30/06/2017 13:29,,,11/07/2017 10:29
ord_003204,cust_000500,delivered,03/08/2018 10:08,04/08/2018 18:08,05/08/2018 18:08,11/08/2018 18:08,17/08/2018 10:08
ord_003205,cust_000509,canceled,28/12/2017 11:15,29/12/2017 08:15,,,20/01/2018 11:15
ord_003206,cust_000036,delivered,08/08/2018 14:28,09/08/2018 17:28,10/08/2018 17:28,20/08/2018 17:28,21/08/2018 14:28
ord_003207,cust_000509,delivered,02/09/2017 10:02,02/09/2017 11:02,05/09/2017 11:02,07/09/2017 11:02,14/09/2017 10:02
ord_003208,cust_001326,delivered,02/07/2018 09:37,03/07/2018 02:37,04/07/2018 02:37,06/07/2018 02:37,21/07/2018 09:37
ord_003209,cust_002275,delivered,07/06/2017 22:01,08/06/2017 05:01,09/06/2017 05:01,22/06/2017 05:01,20/06/2017 22:01
ord_003210,cust_000219,delivered,22/07/2017 08:46,23/07/2017 13:46,25/07/2017 13:46,06/08/2017 13:46,13/08/2017 08:46
ord_003211,cust_000473,delivered,13/06/2018 18:44,13/06/2018 18:44,17/06/2018 18:44,29/06/2018 18:44,03/07/2018 18:44
ord_003212,cust_001130,delivered,01/12/2017 10:51,03/12/2017 05:51,05/12/2017 05:51,18/12/2017 05:51,22/12/2017 10:51
ord_003213,cust_001493,delivered,06/08/2018 17:09,07/08/2018 01:09,10/08/2018 01:09,20/08/2018 01:09,26/08/2018 17:09
ord_003214,cust_001274,delivered,26/07/2018 09:36,27/07/2018 10:36,30/07/2018 10:36,05/08/2018 10:36,07/08/2018 09:36
ord_003215,cust_000543,delivered,18/06/2018 19:46,20/06/2018 18:46,24/06/2018 18:46,03/07/2018 18:46,07/07/2018 19:46
ord_003216,cust_002263,delivered,22/08/2018 16:30,23/08/2018 11:30,24/08/2018 11:30,03/09/2018 11:30,03/09/2018 16:30
ord_003217,cust_000624,delivered,27/09/2018 18:07,28/09/2018 19:07,04/10/2018 19:07,16/10/2018 19:07,07/10/2018 18:07
ord_003218,cust_000352,delivered,23/11/2018 13:05,25/11/2018 11:05,26/11/2018 11:05,04/12/2018 11:05,17/12/2018 13:05
ord_003219,cust_001191,delivered,18/04/2017 20:36,18/04/2017 23:36,24/04/2017 23:36,26/04/2017 23:36,01/05/2017 20:36
ord_003220,cust_002968,delivered,17/05/2018 19:29,18/05/2018 21:29,20/05/2018 21:29,30/05/2018 21:29,06/06/2018 19:29
ord_003221,cust_000354,delivered,01/09/2018 21:55,03/09/2018 00:55,06/09/2018 00:55,17/09/2018 00:55,16/09/2018 21:55
ord_003222,cust_000378,delivered,05/09/2017 17:50,07/09/2017 03:50,08/09/2017 03:50,22/09/2017 03:50,25/09/2017 17:50
ord_003223,cust_001977,delivered,16/10/2017 17:43,17/10/2017 21:43,20/10/2017 21:43,24/10/2017 21:43,01/11/2017 17:43
ord_003224,cust_001864,delivered,19/10/2017 11:58,20/10/2017 10:58,26/10/2017 10:58,08/11/2017 10:58,04/11/2017 11:58
ord_003225,cust_000498,delivered,17/05/2018 10:41,18/05/2018 12:41,23/05/2018 12:41,25/05/2018 12:41,28/05/2018 10:41
ord_003226,cust_001950,delivered,24/12/2017 17:05,25/12/2017 06:05,29/12/2017 06:05,09/01/2018 06:05,09/01/2018 17:05
ord_003227,cust_002256,delivered,15/07/2018 19:04,16/07/2018 11:04,19/07/2018 11:04,25/07/2018 11:04,04/08/2018 19:04
ord_003228,cust_001911,delivered,11/06/2018 15:48,13/06/2018 12:48,19/06/2018 12:48,22/06/2018 12:48,01/07/2018 15:48
ord_003229,cust_001563,delivered,09/07/2018 09:21,10/07/2018 16:21,15/07/2018 16:21,21/07/2018 16:21,01/08/2018 09:21
ord_003230,cust_001379,delivered,06/10/2017 15:55,07/10/2017 23:55,09/10/2017 23:55,18/10/2017 23:55,24/10/2017 15:55
ord_003231,cust_001039,delivered,12/09/2018 13:07,12/09/2018 19:07,16/09/2018 19:07,20/09/2018 19:07,06/10/2018 13:07
ord_003232,cust_000205,delivered,13/07/2018 09:11,14/07/2018 03:11,17/07/2018 03:11,26/07/2018 03:11,01/08/2018 09:11
ord_003233,cust_001842,delivered,13/06/2017 20:46,14/06/2017 06:46,16/06/2017 06:46,27/06/2017 06:46,04/07/2017 20:46
ord_003234,cust_002374,delivered,20/08/2017 14:50,22/08/2017 11:50,26/08/2017 11:50,08/09/2017 11:50,01/09/2017 14:50
ord_003235,cust_001222,delivered,16/11/2017 21:52,18/11/2017 20:52,21/11/2017 20:52,30/11/2017 20:52,29/11/2017 21:52
ord_003236,cust_002203,delivered,28/11/2018 08:05,29/11/2018 00:05,30/11/2018 00:05,09/12/2018 00:05,16/12/2018 08:05
ord_003237,cust_000247,delivered,26/11/2017 18:22,27/11/2017 13:22,03/12/2017 13:22,16/12/2017 13:22,13/12/2017 18:22
ord_003238,cust_000298,delivered,30/01/2017 10:38,31/01/2017 18:38,04/02/2017 18:38,06/02/2017 18:38,16/02/2017 10:38
ord_003239,cust_000927,processing,24/06/2017 13:55,24/06/2017 20:55,,,17/07/2017 13:55
ord_003240,cust_001039,delivered,16/02/2017 16:14,17/02/2017 18:14,23/02/2017 18:14,09/03/2017 18:14,05/03/2017 16:14
ord_003241,cust_001574,delivered,21/01/2018 22:36,22/01/2018 08:36,27/01/2018 08:36,08/02/2018 08:36,31/01/2018 22:36
ord_003242,cust_000094,delivered,28/09/2018 12:08,29/09/2018 13:08,05/10/2018 13:08,18/10/2018 13:08,15/10/2018 12:08
ord_003243,cust_000312,shipped,24/02/2018 16:44,26/02/2018 02:44,03/03/2018 02:44,,09/03/2018 16:44
ord_003244,cust_002180,delivered,22/10/2018 20:07,24/10/2018 07:07,26/10/2018 07:07,04/11/2018 07:07,01/11/2018 20:07
ord_003245,cust_002197,delivered,08/03/2017 14:59,08/03/2017 19:59,11/03/2017 19:59,23/03/2017 19:59,21/03/2017 14:59
ord_003246,cust_002308,delivered,10/03/2018 17:05,11/03/2018 06:05,15/03/2018 06:05,21/03/2018 06:05,20/03/2018 17:05
ord_003247,cust_001069,delivered,23/09/2018 21:41,24/09/2018 13:41,26/09/2018 13:41,29/09/2018 13:41,12/10/2018 21:41
ord_003248,cust_002017,delivered,20/07/2018 14:46,22/07/2018 00:46,24/07/2018 00:46,27/07/2018 00:46,05/08/2018 14:46
ord_003249,cust_000614,delivered,29/10/2018 17:15,30/10/2018 08:15,03/11/2018 08:15,07/11/2018 08:15,22/11/2018 17:15
ord_003250,cust_002606,delivered,24/10/2017 19:15,25/10/2017 17:15,28/10/2017 17:15,08/11/2017 17:15,03/11/2017 19:15
ord_003251,cust_000024,delivered,31/03/2018 11:35,31/03/2018 21:35,01/04/2018 21:35,08/04/2018 21:35,17/04/2018 11:35
ord_003252,cust_001838,delivered,21/07/2018 08:37,22/07/2018 00:37,26/07/2018 00:37,07/08/2018 00:37,13/08/2018 08:37
ord_003253,cust_000254,delivered,21/07/2017 16:43,22/07/2017 14:43,26/07/2017 14:43,01/08/2017 14:43,08/08/2017 16:43
ord_003254,cust_002477,delivered,09/10/2018 10:34,09/10/2018 20:34,14/10/2018 20:34,26/10/2018 20:34,24/10/2018 10:34
ord_003255,cust_000711,delivered,21/11/2017 14:10,21/11/2017 19:10,22/11/2017 19:10,05/12/2017 19:10,10/12/2017 14:10
ord_003256,cust_000063,delivered,03/05/2017 14:55,03/05/2017 20:55,06/05/2017 20:55,12/05/2017 20:55,17/05/2017 14:55
ord_003257,cust_001100,delivered,11/09/2018 20:09,12/09/2018 17:09,18/09/2018 17:09,26/09/2018 17:09,03/10/2018 20:09
ord_003258,cust_002692,delivered,07/08/2018 20:33,08/08/2018 03:33,10/08/2018 03:33,18/08/2018 03:33,26/08/2018 20:33
ord_003259,cust_000459,delivered,14/11/2018 08:55,14/11/2018 09:55,19/11/2018 09:55,02/12/2018 09:55,28/11/2018 08:55
ord_003260,cust_000816,delivered,19/11/2018 15:54,21/11/2018 07:54,24/11/2018 07:54,30/11/2018 07:54,30/11/2018 15:54
ord_003261,cust_001634,delivered,28/10/2017 09:10,30/10/2017 07:10,01/11/2017 07:10,08/11/2017 07:10,16/11/2017 09:10
ord_003262,cust_002613,delivered,30/06/2018 21:14,01/07/2018 21:14,06/07/2018 21:14,18/07/2018 21:14,23/07/2018 21:14
ord_003263,cust_000583,delivered,31/12/2018 16:36,01/01/2019 21:36,06/01/2019 21:36,19/01/2019 21:36,23/01/2019 16:36
ord_003264,cust_001090,delivered,29/09/2017 22:20,30/09/2017 05:20,06/10/2017 05:20,08/10/2017 05:20,18/10/2017 22:20
ord_003265,cust_002863,delivered,12/03/2018 19:43,12/03/2018 22:43,17/03/2018 22:43,19/03/2018 22:43,05/04/2018 19:43
ord_003266,cust_002092,delivered,23/11/2018 18:31,23/11/2018 21:31,25/11/2018 21:31,09/12/2018 21:31,15/12/2018 18:31
ord_003267,cust_001694,delivered,14/05/2017 09:15,14/05/2017 18:15,19/05/2017 18:15,26/05/2017 18:15,29/05/2017 09:15
ord_003268,cust_001085,delivered,27/11/2018 16:24,27/11/2018 21:24,28/11/2018 21:24,07/12/2018 21:24,19/12/2018 16:24
ord_003269,cust_002389,delivered,23/03/2018 10:41,24/03/2018 21:41,27/03/2018 21:41,09/04/2018 21:41,03/04/2018 10:41
ord_003270,cust_002824,delivered,19/11/2018 14:47,21/11/2018 02:47,23/11/2018 02:47,30/11/2018 02:47,12/12/2018 14:47
ord_003271,cust_001265,delivered,18/06/2018 16:22,20/06/2018 03:22,24/06/2018 03:22,01/07/2018 03:22,11/07/2018 16:22
ord_003272,cust_002861,delivered,18/07/2018 09:06,18/07/2018 22:06,23/07/2018 22:06,05/08/2018 22:06,05/08/2018 09:06
ord_003273,cust_000614,delivered,15/09/2018 15:21,16/09/2018 08:21,20/09/2018 08:21,01/10/2018 08:21,08/10/2018 15:21
ord_003274,cust_002531,delivered,02/04/2017 18:37,03/04/2017 11:37,05/04/2017 11:37,16/04/2017 11:37,13/04/2017 18:37
ord_003275,cust_001348,invoiced,21/06/2018 12:45,21/06/2018 19:45,,,02/07/2018 12:45
ord_003276,cust_000632,delivered,26/11/2018 16:52,27/11/2018 14:52,28/11/2018 14:52,09/12/2018 14:52,11/12/2018 16:52
ord_003277,cust_001236,delivered,09/12/2018 22:57,10/12/2018 23:57,14/12/2018 23:57,26/12/2018 23:57,20/12/2018 22:57
ord_003278,cust_001218,delivered,15/12/2018 09:31,15/12/2018 18:31,20/12/2018 18:31,02/01/2019 18:31,28/12/2018 09:31
ord_003279,cust_001870,delivered,03/07/2018 08:52,03/07/2018 21:52,05/07/2018 21:52,15/07/2018 21:52,15/07/2018 08:52
ord_003280,cust_002390,delivered,25/06/2018 18:15,26/06/2018 16:15,30/06/2018 16:15,13/07/2018 16:15,11/07/2018 18:15
ord_003281,cust_002731,delivered,05/05/2018 17:33,05/05/2018 21:33,11/05/2018 21:33,23/05/2018 21:33,24/05/2018 17:33
ord_003282,cust_000411,delivered,09/06/2018 16:32,10/06/2018 20:32,11/06/2018 20:32,22/06/2018 20:32,21/06/2018 16:32
ord_003283,cust_000711,canceled,12/06/2018 22:46,13/06/2018 14:46,,,26/06/2018 22:46
ord_003284,cust_002500,delivered,01/03/2017 14:46,03/03/2017 00:46,05/03/2017 00:46,12/03/2017 00:46,22/03/2017 14:46
ord_003285,cust_000289,canceled,27/04/2017 10:17,28/04/2017 22:17,,,10/05/2017 10:17
ord_003286,cust_000897,delivered,16/06/2018 09:53,17/06/2018 02:53,22/06/2018 02:53,05/07/2018 02:53,01/07/2018 09:53
ord_003287,cust_002145,processing,22/11/2017 08:53,23/11/2017 00:53,,,13/12/2017 08:53
ord_003288,cust_001607,delivered,16/11/2017 20:56,17/11/2017 21:56,20/11/2017 21:56,01/12/2017 21:56,01/12/2017 20:56
ord_003289,cust_000001,delivered,14/08/2017 19:27,14/08/2017 20:27,16/08/2017 20:27,25/08/2017 20:27,27/08/2017 19:27
ord_003290,cust_000443,delivered,01/10/2018 20:59,02/10/2018 05:59,03/10/2018 05:59,13/10/2018 05:59,23/10/2018 20:59
ord_003291,cust_002383,delivered,13/12/2018 21:47,14/12/2018 02:47,20/12/2018 02:47,30/12/2018 02:47,06/01/2019 21:47
ord_003292,cust_001020,delivered,21/06/2018 19:39,22/06/2018 08:39,23/06/2018 08:39,25/06/2018 08:39,14/07/2018 19:39
ord_003293,cust_002183,delivered,03/12/2018 21:25,05/12/2018 01:25,06/12/2018 01:25,09/12/2018 01:25,19/12/2018 21:25
ord_003294,cust_002017,delivered,15/11/2018 15:50,16/11/2018 02:50,21/11/2018 02:50,23/11/2018 02:50,25/11/2018 15:50
ord_003295,cust_002477,delivered,06/09/2017 11:45,07/09/2017 12:45,12/09/2017 12:45,23/09/2017 12:45,22/09/2017 11:45
ord_003296,cust_001738,delivered,06/07/2017 09:35,07/07/2017 18:35,09/07/2017 18:35,22/07/2017 18:35,27/07/2017 09:35
ord_003297,cust_000271,delivered,31/08/2017 08:59,01/09/2017 16:59,06/09/2017 16:59,12/09/2017 16:59,24/09/2017 08:59
ord_003298,cust_000378,delivered,06/05/2017 20:14,07/05/2017 21:14,12/05/2017 21:14,14/05/2017 21:14,17/05/2017 20:14
ord_003299,cust_000611,delivered,24/05/2018 10:38,25/05/2018 13:38,27/05/2018 13:38,29/05/2018 13:38,04/06/2018 10:38
ord_003300,cust_000543,delivered,01/11/2017 21:19,02/11/2017 18:19,03/11/2017 18:19,10/11/2017 18:19,15/11/2017 21:19
ord_003301,cust_001654,delivered,24/11/2018 22:27,25/11/2018 21:27,30/11/2018 21:27,10/12/2018 21:27,05/12/2018 22:27
ord_003302,cust_001383,delivered,12/06/2018 14:20,14/06/2018 04:20,19/06/2018 04:20,25/06/2018 04:20,24/06/2018 14:20
ord_003303,cust_000981,delivered,19/12/2017 12:20,20/12/2017 10:20,23/12/2017 10:20,01/01/2018 10:20,04/01/2018 12:20
ord_003304,cust_001706,processing,24/12/2018 10:22,25/12/2018 02:22,,,06/01/2019 10:22
ord_003305,cust_002537,delivered,07/12/2018 12:03,09/12/2018 10:03,12/12/2018 10:03,23/12/2018 10:03,25/12/2018 12:03
ord_003306,cust_001118,delivered,18/09/2018 13:02,20/09/2018 09:02,22/09/2018 09:02,28/09/2018 09:02,12/10/2018 13:02
ord_003307,cust_001375,delivered,25/09/2018 10:43,27/09/2018 03:43,03/10/2018 03:43,17/10/2018 03:43,12/10/2018 10:43
ord_003308,cust_002650,delivered,20/12/2018 08:18,21/12/2018 23:18,23/12/2018 23:18,04/01/2019 23:18,06/01/2019 08:18
ord_003309,cust_001288,shipped,04/06/2018 18:01,05/06/2018 12:01,08/06/2018 12:01,,28/06/2018 18:01
ord_003310,cust_000247,shipped,13/11/2018 19:04,15/11/2018 17:04,19/11/2018 17:04,,02/12/2018 19:04
ord_003311,cust_000554,delivered,30/03/2017 08:11,31/03/2017 15:11,01/04/2017 15:11,15/04/2017 15:11,23/04/2017 08:11
ord_003312,cust_000807,delivered,06/05/2018 20:02,08/05/2018 14:02,12/05/2018 14:02,16/05/2018 14:02,29/05/2018 20:02
ord_003313,cust_001686,delivered,02/04/2018 09:56,02/04/2018 09:56,06/04/2018 09:56,15/04/2018 09:56,12/04/2018 09:56
ord_003314,cust_001209,delivered,23/02/2017 17:34,23/02/2017 22:34,27/02/2017 22:34,09/03/2017 22:34,19/03/2017 17:34
ord_003315,cust_001037,delivered,25/04/2017 08:23,25/04/2017 09:23,29/04/2017 09:23,05/05/2017 09:23,07/05/2017 08:23
ord_003316,cust_002493,canceled,01/02/2017 16:31,03/02/2017 15:31,,,15/02/2017 16:31
ord_003317,cust_001351,delivered,10/11/2017 15:06,11/11/2017 06:06,15/11/2017 06:06,25/11/2017 06:06,28/11/2017 15:06
ord_003318,cust_001428,delivered,16/03/2017 22:42,16/03/2017 23:42,22/03/2017 23:42,02/04/2017 23:42,06/04/2017 22:42
ord_003319,cust_000813,delivered,05/02/2018 11:58,06/02/2018 23:58,09/02/2018 23:58,13/02/2018 23:58,01/03/2018 11:58
ord_003320,cust_001391,delivered,07/10/2018 12:07,09/10/2018 01:07,12/10/2018 01:07,25/10/2018 01:07,23/10/2018 12:07
ord_003321,cust_001826,delivered,13/06/2018 21:09,15/06/2018 17:09,20/06/2018 17:09,04/07/2018 17:09,27/06/2018 21:09
ord_003322,cust_002756,delivered,19/07/2018 08:37,20/07/2018 11:37,21/07/2018 11:37,03/08/2018 11:37,03/08/2018 08:37
ord_003323,cust_002514,delivered,15/02/2017 11:09,16/02/2017 19:09,18/02/2017 19:09,25/02/2017 19:09,02/03/2017 11:09
ord_003324,cust_000012,delivered,22/10/2018 09:07,23/10/2018 14:07,24/10/2018 14:07,07/11/2018 14:07,05/11/2018 09:07
ord_003325,cust_000061,delivered,29/06/2017 22:40,01/07/2017 07:40,04/07/2017 07:40,06/07/2017 07:40,12/07/2017 22:40
ord_003326,cust_002506,delivered,17/11/2017 20:37,18/11/2017 20:37,19/11/2017 20:37,23/11/2017 20:37,07/12/2017 20:37
ord_003327,cust_000692,delivered,11/04/2018 16:13,11/04/2018 17:13,13/04/2018 17:13,23/04/2018 17:13,05/05/2018 16:13
ord_003328,cust_000075,delivered,27/11/2018 22:49,28/11/2018 06:49,01/12/2018 06:49,13/12/2018 06:49,15/12/2018 22:49
ord_003329,cust_002032,delivered,31/12/2018 15:06,02/01/2019 11:06,06/01/2019 11:06,09/01/2019 11:06,12/01/2019 15:06
ord_003330,cust_002917,delivered,20/09/2018 19:19,20/09/2018 21:19,23/09/2018 21:19,28/09/2018 21:19,10/10/2018 19:19
ord_003331,cust_002119,delivered,21/08/2018 11:44,21/08/2018 15:44,26/08/2018 15:44,29/08/2018 15:44,08/09/2018 11:44
ord_003332,cust_000405,delivered,18/04/2018 20:36,20/04/2018 10:36,25/04/2018 10:36,28/04/2018 10:36,04/05/2018 20:36
ord_003333,cust_000882,delivered,14/07/2018 09:36,16/07/2018 06:36,17/07/2018 06:36,19/07/2018 06:36,24/07/2018 09:36
ord_003334,cust_000867,delivered,27/06/2017 21:41,28/06/2017 18:41,03/07/2017 18:41,17/07/2017 18:41,18/07/2017 21:41
ord_003335,cust_000858,delivered,20/10/2017 11:38,20/10/2017 17:38,21/10/2017 17:38,03/11/2017 17:38,08/11/2017 11:38
ord_003336,cust_001878,delivered,24/12/2018 11:52,25/12/2018 15:52,27/12/2018 15:52,05/01/2019 15:52,06/01/2019 11:52
ord_003337,cust_002240,delivered,21/12/2018 20:34,21/12/2018 21:34,26/12/2018 21:34,28/12/2018 21:34,05/01/2019 20:34
ord_003338,cust_000879,delivered,25/11/2017 10:24,26/11/2017 03:24,30/11/2017 03:24,11/12/2017 03:24,12/12/2017 10:24
ord_003339,cust_001675,delivered,26/09/2017 09:45,27/09/2017 12:45,29/09/2017 12:45,07/10/2017 12:45,14/10/2017 09:45
ord_003340,cust_001458,delivered,16/09/2017 18:15,18/09/2017 12:15,19/09/2017 12:15,01/10/2017 12:15,05/10/2017 18:15
ord_003341,cust_001166,delivered,20/03/2018 20:45,21/03/2018 01:45,23/03/2018 01:45,31/03/2018 01:45,31/03/2018 20:45
ord_003342,cust_000547,delivered,11/09/2017 22:16,13/09/2017 03:16,18/09/2017 03:16,20/09/2017 03:16,29/09/2017 22:16
ord_003343,cust_000166,delivered,04/07/2018 10:28,04/07/2018 11:28,08/07/2018 11:28,21/07/2018 11:28,15/07/2018 10:28
ord_003344,cust_002827,delivered,11/04/2017 11:44,12/04/2017 09:44,13/04/2017 09:44,26/04/2017 09:44,23/04/2017 11:44
ord_003345,cust_001959,delivered,14/05/2017 14:37,15/05/2017 22:37,18/05/2017 22:37,31/05/2017 22:37,25/05/2017 14:37
ord_003346,cust_002523,delivered,27/10/2017 10:05,27/10/2017 11:05,29/10/2017 11:05,08/11/2017 11:05,15/11/2017 10:05
ord_003347,cust_000878,delivered,18/09/2018 22:26,20/09/2018 09:26,21/09/2018 09:26,04/10/2018 09:26,10/10/2018 22:26
ord_003348,cust_000634,delivered,25/11/2017 10:48,27/11/2017 09:48,28/11/2017 09:48,30/11/2017 09:48,19/12/2017 10:48
ord_003349,cust_001731,delivered,11/03/2018 09:59,11/03/2018 23:59,16/03/2018 23:59,23/03/2018 23:59,31/03/2018 09:59
ord_003350,cust_002088,delivered,09/07/2018 13:28,11/07/2018 01:28,12/07/2018 01:28,18/07/2018 01:28,30/07/2018 13:28
ord_003351,cust_002167,delivered,24/09/2018 11:05,25/09/2018 12:05,27/09/2018 12:05,05/10/2018 12:05,05/10/2018 11:05
ord_003352,cust_001639,delivered,20/11/2017 14:21,22/11/2017 10:21,28/11/2017 10:21,30/11/2017 10:21,30/11/2017 14:21
ord_003353,cust_001389,delivered,22/08/2018 14:29,23/08/2018 18:29,28/08/2018 18:29,09/09/2018 18:29,05/09/2018 14:29
ord_003354,cust_001692,delivered,04/11/2017 17:04,06/11/2017 07:04,10/11/2017 07:04,15/11/2017 07:04,19/11/2017 17:04
ord_003355,cust_000759,delivered,02/07/2018 13:51,02/07/2018 20:51,07/07/2018 20:51,10/07/2018 20:51,18/07/2018 13:51
ord_003356,cust_000486,delivered,25/02/2018 22:32,26/02/2018 10:32,27/02/2018 10:32,03/03/2018 10:32,16/03/2018 22:32
ord_003357,cust_000642,delivered,27/11/2018 13:24,28/11/2018 10:24,30/11/2018 10:24,03/12/2018 10:24,08/12/2018 13:24
ord_003358,cust_001006,delivered,22/12/2018 19:23,24/12/2018 14:23,27/12/2018 14:23,06/01/2019 14:23,02/01/2019 19:23
ord_003359,cust_002114,delivered,16/09/2018 22:01,18/09/2018 04:01,23/09/2018 04:01,06/10/2018 04:01,08/10/2018 22:01
ord_003360,cust_002607,delivered,24/11/2018 17:31,25/11/2018 03:31,26/11/2018 03:31,29/11/2018 03:31,12/12/2018 17:31
ord_003361,cust_002674,delivered,19/06/2017 14:28,21/06/2017 08:28,25/06/2017 08:28,27/06/2017 08:28,04/07/2017 14:28
ord_003362,cust_001184,delivered,08/07/2018 10:20,09/07/2018 15:20,10/07/2018 15:20,23/07/2018 15:20,30/07/2018 10:20
ord_003363,cust_002939,delivered,19/08/2017 13:39,20/08/2017 09:39,26/08/2017 09:39,01/09/2017 09:39,08/09/2017 13:39
ord_003364,cust_002955,delivered,27/10/2017 16:24,28/10/2017 10:24,30/10/2017 10:24,02/11/2017 10:24,18/11/2017 16:24
ord_003365,cust_002409,delivered,15/04/2018 15:34,17/04/2018 00:34,22/04/2018 00:34,26/04/2018 00:34,04/05/2018 15:34
ord_003366,cust_000208,delivered,28/08/2018 08:53,30/08/2018 02:53,03/09/2018 02:53,13/09/2018 02:53,14/09/2018 08:53
ord_003367,cust_001808,delivered,16/08/2018 21:21,17/08/2018 21:21,20/08/2018 21:21,23/08/2018 21:21,08/09/2018 21:21
ord_003368,cust_000852,delivered,07/11/2018 19:23,09/11/2018 11:23,14/11/2018 11:23,21/11/2018 11:23,01/12/2018 19:23
ord_003369,cust_002592,delivered,09/05/2018 09:51,10/05/2018 18:51,14/05/2018 18:51,28/05/2018 18:51,30/05/2018 09:51
ord_003370,cust_000673,delivered,27/11/2018 12:21,27/11/2018 15:21,30/11/2018 15:21,07/12/2018 15:21,16/12/2018 12:21
ord_003371,cust_001168,delivered,17/11/2018 16:26,19/11/2018 05:26,23/11/2018 05:26,27/11/2018 05:26,27/11/2018 16:26
ord_003372,cust_000751,delivered,27/10/2018 11:48,28/10/2018 13:48,30/10/2018 13:48,10/11/2018 13:48,19/11/2018 11:48
ord_003373,cust_002646,delivered,16/09/2017 13:35,17/09/2017 14:35,22/09/2017 14:35,29/09/2017 14:35,28/09/2017 13:35
ord_003374,cust_001714,delivered,21/04/2018 17:56,22/04/2018 22:56,27/04/2018 22:56,04/05/2018 22:56,01/05/2018 17:56
ord_003375,cust_001290,delivered,25/08/2018 15:28,25/08/2018 17:28,28/08/2018 17:28,02/09/2018 17:28,10/09/2018 15:28
ord_003376,cust_002445,delivered,19/12/2018 21:28,21/12/2018 16:28,25/12/2018 16:28,05/01/2019 16:28,30/12/2018 21:28
ord_003377,cust_001786,delivered,18/01/2017 12:02,20/01/2017 06:02,25/01/2017 06:02,02/02/2017 06:02,29/01/2017 12:02
ord_003378,cust_001816,delivered,27/11/2017 12:11,29/11/2017 11:11,03/12/2017 11:11,11/12/2017 11:11,13/12/2017 12:11
ord_003379,cust_000509,delivered,06/12/2017 12:32,07/12/2017 16:32,09/12/2017 16:32,20/12/2017 16:32,21/12/2017 12:32
ord_003380,cust_001130,delivered,06/11/2017 15:11,07/11/2017 02:11,09/11/2017 02:11,15/11/2017 02:11,17/11/2017 15:11
ord_003381,cust_001491,shipped,10/10/2018 14:27,11/10/2018 18:27,17/10/2018 18:27,,03/11/2018 14:27
ord_003382,cust_001259,delivered,05/03/2017 08:16,05/03/2017 21:16,10/03/2017 21:16,14/03/2017 21:16,18/03/2017 08:16
ord_003383,cust_001024,delivered,19/12/2017 18:01,20/12/2017 18:01,22/12/2017 18:01,31/12/2017 18:01,01/01/2018 18:01
ord_003384,cust_002957,delivered,11/08/2018 12:28,13/08/2018 02:28,18/08/2018 02:28,25/08/2018 02:28,02/09/2018 12:28
ord_003385,cust_001099,delivered,24/01/2018 10:38,24/01/2018 18:38,25/01/2018 18:38,02/02/2018 18:38,13/02/2018 10:38
ord_003386,cust_001791,delivered,26/06/2017 18:20,27/06/2017 15:20,02/07/2017 15:20,08/07/2017 15:20,11/07/2017 18:20
ord_003387,cust_001794,shipped,11/06/2018 11:46,12/06/2018 10:46,14/06/2018 10:46,,24/06/2018 11:46
ord_003388,cust_000631,delivered,15/04/2018 11:08,17/04/2018 07:08,19/04/2018 07:08,02/05/2018 07:08,08/05/2018 11:08
ord_003389,cust_002645,delivered,22/12/2018 08:05,23/12/2018 09:05,29/12/2018 09:05,05/01/2019 09:05,01/01/2019 08:05
ord_003390,cust_000461,delivered,01/09/2018 21:56,02/09/2018 13:56,03/09/2018 13:56,14/09/2018 13:56,20/09/2018 21:56
ord_003391,cust_002477,delivered,24/12/2018 16:55,25/12/2018 10:55,30/12/2018 10:55,12/01/2019 10:55,04/01/2019 16:55
ord_003392,cust_001784,delivered,07/08/2017 18:24,08/08/2017 08:24,11/08/2017 08:24,18/08/2017 08:24,17/08/2017 18:24
ord_003393,cust_001046,delivered,08/09/2018 18:25,09/09/2018 01:25,12/09/2018 01:25,24/09/2018 01:25,19/09/2018 18:25
ord_003394,cust_000808,delivered,04/05/2018 22:51,06/05/2018 08:51,09/05/2018 08:51,16/05/2018 08:51,22/05/2018 22:51
ord_003395,cust_002201,delivered,11/08/2018 20:31,13/08/2018 08:31,19/08/2018 08:31,21/08/2018 08:31,25/08/2018 20:31
ord_003396,cust_001346,delivered,08/03/2018 15:07,09/03/2018 00:07,13/03/2018 00:07,26/03/2018 00:07,28/03/2018 15:07
ord_003397,cust_001642,delivered,01/09/2017 17:06,02/09/2017 14:06,04/09/2017 14:06,16/09/2017 14:06,25/09/2017 17:06
ord_003398,cust_001082,delivered,06/03/2017 16:07,08/03/2017 04:07,09/03/2017 04:07,18/03/2017 04:07,16/03/2017 16:07
ord_003399,cust_001044,delivered,21/10/2018 15:46,23/10/2018 00:46,25/10/2018 00:46,06/11/2018 00:46,09/11/2018 15:46
ord_003400,cust_000805,delivered,08/10/2018 12:36,08/10/2018 15:36,09/10/2018 15:36,19/10/2018 15:36,31/10/2018 12:36
ord_003401,cust_002724,delivered,15/07/2017 11:17,15/07/2017 13:17,16/07/2017 13:17,28/07/2017 13:17,26/07/2017 11:17
ord_003402,cust_002655,delivered,02/07/2018 10:09,02/07/2018 13:09,08/07/2018 13:09,10/07/2018 13:09,18/07/2018 10:09
ord_003403,cust_000483,delivered,26/08/2018 13:07,27/08/2018 13:07,30/08/2018 13:07,11/09/2018 13:07,06/09/2018 13:07
ord_003404,cust_000407,delivered,08/05/2018 21:44,10/05/2018 16:44,16/05/2018 16:44,20/05/2018 16:44,19/05/2018 21:44
ord_003405,cust_002415,delivered,23/11/2017 11:53,23/11/2017 14:53,27/11/2017 14:53,11/12/2017 14:53,17/12/2017 11:53
ord_003406,cust_001078,delivered,13/11/2018 13:31,14/11/2018 22:31,16/11/2018 22:31,30/11/2018 22:31,26/11/2018 13:31
ord_003407,cust_000636,delivered,30/06/2018 18:46,02/07/2018 05:46,03/07/2018 05:46,05/07/2018 05:46,12/07/2018 18:46
ord_003408,cust_000643,delivered,16/08/2018 08:16,18/08/2018 06:16,23/08/2018 06:16,02/09/2018 06:16,08/09/2018 08:16
ord_003409,cust_002677,delivered,06/07/2018 13:35,07/07/2018 16:35,08/07/2018 16:35,14/07/2018 16:35,20/07/2018 13:35
ord_003410,cust_000791,canceled,16/08/2018 21:26,18/08/2018 18:26,,,30/08/2018 21:26
ord_003411,cust_002164,delivered,27/06/2017 14:05,28/06/2017 11:05,01/07/2017 11:05,15/07/2017 11:05,19/07/2017 14:05
ord_003412,cust_001366,delivered,26/11/2018 15:29,27/11/2018 03:29,29/11/2018 03:29,06/12/2018 03:29,17/12/2018 15:29
ord_003413,cust_001394,delivered,03/11/2017 17:50,05/11/2017 15:50,07/11/2017 15:50,16/11/2017 15:50,21/11/2017 17:50
ord_003414,cust_001011,delivered,20/10/2018 16:03,21/10/2018 17:03,25/10/2018 17:03,31/10/2018 17:03,11/11/2018 16:03
ord_003415,cust_000231,delivered,20/11/2018 20:28,21/11/2018 11:28,25/11/2018 11:28,05/12/2018 11:28,03/12/2018 20:28
ord_003416,cust_000262,delivered,06/07/2018 15:52,07/07/2018 21:52,10/07/2018 21:52,15/07/2018 21:52,27/07/2018 15:52
ord_003417,cust_000540,delivered,03/06/2018 16:47,04/06/2018 12:47,08/06/2018 12:47,14/06/2018 12:47,22/06/2018 16:47
ord_003418,cust_000861,delivered,20/05/2017 21:29,22/05/2017 08:29,27/05/2017 08:29,07/06/2017 08:29,07/06/2017 21:29
ord_003419,cust_000494,delivered,14/02/2018 22:10,16/02/2018 09:10,17/02/2018 09:10,21/02/2018 09:10,01/03/2018 22:10
ord_003420,cust_000837,delivered,11/06/2018 21:50,11/06/2018 21:50,14/06/2018 21:50,26/06/2018 21:50,22/06/2018 21:50
ord_003421,cust_002284,delivered,19/04/2017 09:09,20/04/2017 10:09,21/04/2017 10:09,05/05/2017 10:09,07/05/2017 09:09
ord_003422,cust_000031,delivered,23/05/2017 08:16,25/05/2017 01:16,31/05/2017 01:16,11/06/2017 01:16,14/06/2017 08:16
ord_003423,cust_001866,delivered,28/12/2018 22:07,30/12/2018 05:07,03/01/2019 05:07,09/01/2019 05:07,08/01/2019 22:07
ord_003424,cust_001564,delivered,28/11/2017 08:27,29/11/2017 18:27,04/12/2017 18:27,08/12/2017 18:27,10/12/2017 08:27
ord_003425,cust_000652,shipped,11/12/2017 13:37,13/12/2017 11:37,18/12/2017 11:37,,03/01/2018 13:37
ord_003426,cust_000861,delivered,05/10/2017 17:49,06/10/2017 09:49,07/10/2017 09:49,14/10/2017 09:49,27/10/2017 17:49
ord_003427,cust_001103,delivered,03/07/2018 14:27,04/07/2018 23:27,07/07/2018 23:27,12/07/2018 23:27,21/07/2018 14:27
ord_003428,cust_000814,delivered,12/03/2018 08:58,12/03/2018 09:58,18/03/2018 09:58,24/03/2018 09:58,28/03/2018 08:58
ord_003429,cust_000927,delivered,25/09/2018 11:35,25/09/2018 18:35,29/09/2018 18:35,13/10/2018 18:35,05/10/2018 11:35
ord_003430,cust_001263,delivered,08/04/2018 21:36,10/04/2018 06:36,14/04/2018 06:36,18/04/2018 06:36,01/05/2018 21:36
ord_003431,cust_001957,delivered,23/01/2017 17:10,24/01/2017 03:10,30/01/2017 03:10,04/02/2017 03:10,10/02/2017 17:10
ord_003432,cust_001925,delivered,19/03/2018 18:11,21/03/2018 07:11,26/03/2018 07:11,01/04/2018 07:11,30/03/2018 18:11
ord_003433,cust_000991,delivered,18/03/2017 18:34,20/03/2017 11:34,25/03/2017 11:34,07/04/2017 11:34,02/04/2017 18:34
ord_003434,cust_000871,delivered,15/10/2018 15:43,17/10/2018 09:43,22/10/2018 09:43,28/10/2018 09:43,06/11/2018 15:43
ord_003435,cust_002305,delivered,25/05/2017 18:12,25/05/2017 20:12,28/05/2017 20:12,02/06/2017 20:12,17/06/2017 18:12
ord_003436,cust_002294,delivered,05/09/2017 13:29,06/09/2017 04:29,12/09/2017 04:29,17/09/2017 04:29,24/09/2017 13:29
ord_003437,cust_002084,delivered,03/03/2018 10:21,04/03/2018 10:21,10/03/2018 10:21,24/03/2018 10:21,15/03/2018 10:21
ord_003438,cust_002065,delivered,16/08/2017 08:26,16/08/2017 08:26,17/08/2017 08:26,23/08/2017 08:26,28/08/2017 08:26
ord_003439,cust_000727,delivered,26/04/2018 11:13,28/04/2018 06:13,02/05/2018 06:13,08/05/2018 06:13,11/05/2018 11:13
ord_003440,cust_001992,delivered,04/03/2018 20:08,06/03/2018 18:08,08/03/2018 18:08,14/03/2018 18:08,25/03/2018 20:08
ord_003441,cust_000971,delivered,07/12/2018 09:19,08/12/2018 22:19,12/12/2018 22:19,25/12/2018 22:19,28/12/2018 09:19
ord_003442,cust_001594,delivered,27/04/2017 08:52,27/04/2017 21:52,02/05/2017 21:52,13/05/2017 21:52,18/05/2017 08:52
ord_003443,cust_001648,canceled,20/05/2018 22:48,21/05/2018 03:48,,,02/06/2018 22:48
ord_003444,cust_002385,delivered,16/08/2018 19:06,18/08/2018 10:06,23/08/2018 10:06,27/08/2018 10:06,30/08/2018 19:06
ord_003445,cust_002723,delivered,09/06/2017 16:05,11/06/2017 03:05,14/06/2017 03:05,17/06/2017 03:05,23/06/2017 16:05
ord_003446,cust_001259,delivered,27/06/2018 12:29,29/06/2018 09:29,30/06/2018 09:29,03/07/2018 09:29,17/07/2018 12:29
ord_003447,cust_000334,delivered,04/11/2018 18:16,05/11/2018 12:16,11/11/2018 12:16,16/11/2018 12:16,25/11/2018 18:16
ord_003448,cust_000055,delivered,23/09/2018 11:49,23/09/2018 19:49,24/09/2018 19:49,06/10/2018 19:49,03/10/2018 11:49
ord_003449,cust_001075,delivered,28/11/2018 11:29,30/11/2018 06:29,02/12/2018 06:29,13/12/2018 06:29,18/12/2018 11:29
ord_003450,cust_001291,delivered,16/08/2018 12:51,16/08/2018 17:51,21/08/2018 17:51,02/09/2018 17:51,31/08/2018 12:51
ord_003451,cust_001797,delivered,14/01/2018 16:06,15/01/2018 19:06,18/01/2018 19:06,28/01/2018 19:06,29/01/2018 16:06
ord_003452,cust_001063,delivered,25/11/2018 10:58,26/11/2018 08:58,29/11/2018 08:58,07/12/2018 08:58,12/12/2018 10:58
ord_003453,cust_000973,delivered,12/09/2017 22:46,14/09/2017 00:46,15/09/2017 00:46,21/09/2017 00:46,29/09/2017 22:46
ord_003454,cust_002203,delivered,25/05/2018 09:43,26/05/2018 04:43,28/05/2018 04:43,08/06/2018 04:43,18/06/2018 09:43
ord_003455,cust_000868,delivered,11/09/2018 17:56,11/09/2018 17:56,16/09/2018 17:56,20/09/2018 17:56,29/09/2018 17:56
ord_003456,cust_000136,delivered,08/11/2018 15:28,09/11/2018 20:28,13/11/2018 20:28,15/11/2018 20:28,30/11/2018 15:28
ord_003457,cust_001295,delivered,24/11/2018 17:08,25/11/2018 04:08,27/11/2018 04:08,09/12/2018 04:08,17/12/2018 17:08
ord_003458,cust_001854,delivered,23/04/2017 19:29,24/04/2017 00:29,27/04/2017 00:29,05/05/2017 00:29,17/05/2017 19:29
ord_003459,cust_000577,delivered,19/08/2018 10:48,20/08/2018 05:48,23/08/2018 05:48,02/09/2018 05:48,07/09/2018 10:48
ord_003460,cust_000032,delivered,24/08/2017 11:51,25/08/2017 00:51,31/08/2017 00:51,14/09/2017 00:51,17/09/2017 11:51
ord_003461,cust_001810,canceled,18/09/2018 12:29,19/09/2018 22:29,,,06/10/2018 12:29
ord_003462,cust_000569,delivered,04/08/2018 14:43,05/08/2018 07:43,08/08/2018 07:43,19/08/2018 07:43,19/08/2018 14:43
ord_003463,cust_002634,delivered,02/08/2017 10:14,03/08/2017 10:14,05/08/2017 10:14,13/08/2017 10:14,24/08/2017 10:14
ord_003464,cust_001005,delivered,18/10/2018 10:13,19/10/2018 09:13,23/10/2018 09:13,29/10/2018 09:13,10/11/2018 10:13
ord_003465,cust_002732,delivered,04/03/2018 14:35,06/03/2018 06:35,07/03/2018 06:35,13/03/2018 06:35,18/03/2018 14:35
ord_003466,cust_000261,delivered,29/04/2018 20:25,30/04/2018 00:25,04/05/2018 00:25,17/05/2018 00:25,23/05/2018 20:25
ord_003467,cust_001414,delivered,17/12/2018 14:09,17/12/2018 15:09,21/12/2018 15:09,27/12/2018 15:09,02/01/2019 14:09
ord_003468,cust_001238,delivered,09/07/2018 09:45,11/07/2018 02:45,17/07/2018 02:45,31/07/2018 02:45,22/07/2018 09:45
ord_003469,cust_000880,delivered,28/05/2018 17:31,29/05/2018 08:31,01/06/2018 08:31,03/06/2018 08:31,17/06/2018 17:31
ord_003470,cust_001083,delivered,25/01/2017 14:31,27/01/2017 00:31,31/01/2017 00:31,05/02/2017 00:31,07/02/2017 14:31
ord_003471,cust_001147,delivered,19/08/2017 20:11,21/08/2017 00:11,22/08/2017 00:11,05/09/2017 00:11,04/09/2017 20:11
ord_003472,cust_000176,delivered,08/02/2017 15:14,10/02/2017 03:14,15/02/2017 03:14,24/02/2017 03:14,26/02/2017 15:14
ord_003473,cust_000685,delivered,28/11/2017 09:41,29/11/2017 16:41,01/12/2017 16:41,07/12/2017 16:41,15/12/2017 09:41
ord_003474,cust_000827,delivered,07/12/2017 18:51,08/12/2017 05:51,13/12/2017 05:51,17/12/2017 05:51,18/12/2017 18:51
ord_003475,cust_001795,delivered,20/04/2018 08:10,21/04/2018 08:10,23/04/2018 08:10,01/05/2018 08:10,02/05/2018 08:10
ord_003476,cust_000875,delivered,29/07/2018 16:48,30/07/2018 06:48,02/08/2018 06:48,16/08/2018 06:48,09/08/2018 16:48
ord_003477,cust_000404,delivered,01/08/2017 22:47,02/08/2017 17:47,04/08/2017 17:47,10/08/2017 17:47,20/08/2017 22:47
ord_003478,cust_002064,delivered,05/06/2018 21:48,06/06/2018 23:48,12/06/2018 23:48,20/06/2018 23:48,29/06/2018 21:48
ord_003479,cust_000954,delivered,24/11/2018 12:34,24/11/2018 15:34,29/11/2018 15:34,05/12/2018 15:34,13/12/2018 12:34
ord_003480,cust_000060,delivered,06/08/2017 17:21,06/08/2017 18:21,11/08/2017 18:21,24/08/2017 18:21,24/08/2017 17:21
ord_003481,cust_000511,delivered,11/07/2018 21:46,13/07/2018 06:46,15/07/2018 06:46,25/07/2018 06:46,02/08/2018 21:46
ord_003482,cust_001657,delivered,06/03/2017 15:28,06/03/2017 19:28,11/03/2017 19:28,21/03/2017 19:28,16/03/2017 15:28
ord_003483,cust_000615,delivered,21/04/2018 19:13,23/04/2018 14:13,26/04/2018 14:13,06/05/2018 14:13,02/05/2018 19:13
ord_003484,cust_002779,delivered,28/08/2018 11:24,29/08/2018 17:24,03/09/2018 17:24,10/09/2018 17:24,21/09/2018 11:24
ord_003485,cust_002014,delivered,18/02/2017 09:27,19/02/2017 23:27,21/02/2017 23:27,05/03/2017 23:27,13/03/2017 09:27
ord_003486,cust_000895,delivered,29/11/2017 14:30,30/11/2017 12:30,04/12/2017 12:30,13/12/2017 12:30,17/12/2017 14:30
ord_003487,cust_002978,delivered,12/11/2018 14:53,13/11/2018 23:53,19/11/2018 23:53,21/11/2018 23:53,23/11/2018 14:53
ord_003488,cust_002147,delivered,12/09/2017 12:24,12/09/2017 20:24,13/09/2017 20:24,19/09/2017 20:24,24/09/2017 12:24
ord_003489,cust_002026,delivered,17/08/2018 19:17,19/08/2018 01:17,24/08/2018 01:17,06/09/2018 01:17,07/09/2018 19:17
ord_003490,cust_000223,canceled,12/06/2018 17:57,13/06/2018 07:57,,,25/06/2018 17:57
ord_003491,cust_000732,delivered,16/07/2017 13:14,18/07/2017 02:14,21/07/2017 02:14,04/08/2017 02:14,03/08/2017 13:14
ord_003492,cust_001816,delivered,28/08/2018 10:00,29/08/2018 03:00,04/09/2018 03:00,16/09/2018 03:00,18/09/2018 10:00
ord_003493,cust_001222,delivered,21/04/2018 12:50,23/04/2018 01:50,28/04/2018 01:50,12/05/2018 01:50,07/05/2018 12:50
ord_003494,cust_002554,delivered,23/05/2017 11:57,25/05/2017 05:57,29/05/2017 05:57,10/06/2017 05:57,09/06/2017 11:57
ord_003495,cust_001883,delivered,05/12/2018 22:40,05/12/2018 22:40,07/12/2018 22:40,10/12/2018 22:40,28/12/2018 22:40
ord_003496,cust_000238,delivered,25/03/2018 22:24,26/03/2018 01:24,31/03/2018 01:24,04/04/2018 01:24,18/04/2018 22:24
ord_003497,cust_002602,delivered,30/08/2018 22:32,31/08/2018 15:32,01/09/2018 15:32,09/09/2018 15:32,15/09/2018 22:32
ord_003498,cust_002802,delivered,05/09/2017 09:49,06/09/2017 11:49,08/09/2017 11:49,14/09/2017 11:49,18/09/2017 09:49
ord_003499,cust_002142,delivered,19/06/2017 22:53,21/06/2017 15:53,24/06/2017 15:53,08/07/2017 15:53,29/06/2017 22:53
ord_003500,cust_002304,delivered,28/08/2018 14:06,29/08/2018 11:06,31/08/2018 11:06,13/09/2018 11:06,09/09/2018 14:06
ord_003501,cust_000436,delivered,19/07/2018 16:52,21/07/2018 08:52,25/07/2018 08:52,05/08/2018 08:52,05/08/2018 16:52
ord_003502,cust_002213,delivered,25/10/2017 20:37,27/10/2017 07:37,02/11/2017 07:37,16/11/2017 07:37,18/11/2017 20:37
ord_003503,cust_001811,delivered,31/08/2018 19:01,02/09/2018 05:01,05/09/2018 05:01,07/09/2018 05:01,17/09/2018 19:01
ord_003504,cust_000377,delivered,03/04/2018 17:06,05/04/2018 12:06,08/04/2018 12:06,19/04/2018 12:06,27/04/2018 17:06
ord_003505,cust_000591,delivered,11/12/2017 19:02,12/12/2017 09:02,15/12/2017 09:02,28/12/2017 09:02,01/01/2018 19:02
ord_003506,cust_001648,delivered,23/09/2018 16:56,25/09/2018 00:56,30/09/2018 00:56,14/10/2018 00:56,04/10/2018 16:56
ord_003507,cust_001122,delivered,14/06/2018 09:25,15/06/2018 23:25,20/06/2018 23:25,02/07/2018 23:25,29/06/2018 09:25
ord_003508,cust_001732,delivered,05/04/2018 08:42,07/04/2018 06:42,09/04/2018 06:42,21/04/2018 06:42,23/04/2018 08:42
ord_003509,cust_002894,delivered,15/09/2018 21:00,16/09/2018 08:00,22/09/2018 08:00,04/10/2018 08:00,26/09/2018 21:00
ord_003510,cust_001885,delivered,30/04/2018 16:47,02/05/2018 05:47,06/05/2018 05:47,09/05/2018 05:47,10/05/2018 16:47
ord_003511,cust_002676,delivered,30/11/2018 08:28,30/11/2018 18:28,06/12/2018 18:28,13/12/2018 18:28,15/12/2018 08:28
ord_003512,cust_000087,delivered,10/10/2018 09:55,12/10/2018 07:55,18/10/2018 07:55,31/10/2018 07:55,02/11/2018 09:55
ord_003513,cust_000770,shipped,18/12/2017 15:31,19/12/2017 16:31,23/12/2017 16:31,,06/01/2018 15:31
ord_003514,cust_002672,delivered,07/03/2018 22:47,09/03/2018 16:47,14/03/2018 16:47,19/03/2018 16:47,24/03/2018 22:47
ord_003515,cust_002185,delivered,10/12/2018 12:37,11/12/2018 15:37,15/12/2018 15:37,26/12/2018 15:37,28/12/2018 12:37
ord_003516,cust_001073,delivered,20/11/2018 12:31,20/11/2018 15:31,24/11/2018 15:31,26/11/2018 15:31,08/12/2018 12:31
ord_003517,cust_000988,delivered,12/08/2017 20:56,13/08/2017 12:56,17/08/2017 12:56,24/08/2017 12:56,03/09/2017 20:56
ord_003518,cust_002236,delivered,25/10/2017 22:29,27/10/2017 03:29,29/10/2017 03:29,09/11/2017 03:29,08/11/2017 22:29
ord_003519,cust_000023,delivered,23/12/2017 21:53,25/12/2017 01:53,28/12/2017 01:53,09/01/2018 01:53,06/01/2018 21:53
ord_003520,cust_000240,delivered,12/11/2018 16:02,13/11/2018 18:02,18/11/2018 18:02,26/11/2018 18:02,26/11/2018 16:02
ord_003521,cust_002550,delivered,27/11/2018 09:39,28/11/2018 19:39,03/12/2018 19:39,08/12/2018 19:39,15/12/2018 09:39
ord_003522,cust_002257,delivered,01/10/2018 20:54,02/10/2018 23:54,05/10/2018 23:54,13/10/2018 23:54,15/10/2018 20:54
ord_003523,cust_002467,delivered,26/10/2017 11:53,26/10/2017 19:53,27/10/2017 19:53,31/10/2017 19:53,19/11/2017 11:53
ord_003524,cust_001432,delivered,16/11/2018 20:29,16/11/2018 23:29,17/11/2018 23:29,01/12/2018 23:29,06/12/2018 20:29
ord_003525,cust_000882,delivered,17/02/2017 13:28,18/02/2017 02:28,24/02/2017 02:28,09/03/2017 02:28,03/03/2017 13:28
ord_003526,cust_001177,delivered,05/02/2018 18:48,06/02/2018 00:48,07/02/2018 00:48,18/02/2018 00:48,18/02/2018 18:48
ord_003527,cust_002316,delivered,02/01/2018 10:20,03/01/2018 19:20,05/01/2018 19:20,11/01/2018 19:20,18/01/2018 10:20
ord_003528,cust_000718,delivered,23/04/2018 09:56,25/04/2018 07:56,26/04/2018 07:56,29/04/2018 07:56,15/05/2018 09:56
ord_003529,cust_000094,delivered,10/05/2018 14:15,12/05/2018 10:15,14/05/2018 10:15,16/05/2018 10:15,03/06/2018 14:15
ord_003530,cust_001491,delivered,12/09/2017 11:04,13/09/2017 14:04,19/09/2017 14:04,25/09/2017 14:04,29/09/2017 11:04
ord_003531,cust_001619,delivered,24/08/2017 15:46,26/08/2017 09:46,28/08/2017 09:46,09/09/2017 09:46,05/09/2017 15:46
ord_003532,cust_001257,delivered,02/10/2018 12:24,03/10/2018 19:24,09/10/2018 19:24,15/10/2018 19:24,12/10/2018 12:24
ord_003533,cust_002944,delivered,12/04/2017 17:21,12/04/2017 23:21,17/04/2017 23:21,29/04/2017 23:21,30/04/2017 17:21
ord_003534,cust_001818,delivered,26/03/2018 19:19,27/03/2018 23:19,01/04/2018 23:19,05/04/2018 23:19,14/04/2018 19:19
ord_003535,cust_002365,delivered,12/08/2017 14:58,13/08/2017 17:58,15/08/2017 17:58,27/08/2017 17:58,27/08/2017 14:58
ord_003536,cust_000703,delivered,24/11/2017 20:34,25/11/2017 22:34,01/12/2017 22:34,04/12/2017 22:34,17/12/2017 20:34
ord_003537,cust_001726,delivered,27/10/2017 13:59,29/10/2017 03:59,02/11/2017 03:59,08/11/2017 03:59,06/11/2017 13:59
ord_003538,cust_001068,delivered,09/08/2018 14:20,11/08/2018 13:20,16/08/2018 13:20,19/08/2018 13:20,23/08/2018 14:20
ord_003539,cust_001097,delivered,28/02/2018 16:24,01/03/2018 03:24,04/03/2018 03:24,13/03/2018 03:24,21/03/2018 16:24
ord_003540,cust_000305,delivered,15/11/2017 21:12,15/11/2017 21:12,19/11/2017 21:12,23/11/2017 21:12,28/11/2017 21:12
ord_003541,cust_002206,delivered,17/10/2018 08:25,18/10/2018 14:25,22/10/2018 14:25,24/10/2018 14:25,29/10/2018 08:25
ord_003542,cust_001377,delivered,24/04/2017 22:03,25/04/2017 03:03,29/04/2017 03:03,05/05/2017 03:03,14/05/2017 22:03
ord_003543,cust_002926,delivered,11/09/2018 20:00,12/09/2018 16:00,16/09/2018 16:00,18/09/2018 16:00,04/10/2018 20:00
ord_003544,cust_001755,delivered,03/10/2017 16:27,05/10/2017 12:27,10/10/2017 12:27,16/10/2017 12:27,15/10/2017 16:27
ord_003545,cust_000576,delivered,25/11/2018 10:44,26/11/2018 17:44,02/12/2018 17:44,07/12/2018 17:44,11/12/2018 10:44
ord_003546,cust_002158,delivered,09/01/2017 10:26,11/01/2017 07:26,17/01/2017 07:26,31/01/2017 07:26,02/02/2017 10:26
ord_003547,cust_000148,delivered,07/05/2018 16:31,07/05/2018 17:31,09/05/2018 17:31,17/05/2018 17:31,19/05/2018 16:31
ord_003548,cust_002240,delivered,18/06/2018 08:26,19/06/2018 17:26,25/06/2018 17:26,02/07/2018 17:26,30/06/2018 08:26
ord_003549,cust_001131,delivered,21/05/2018 17:31,22/05/2018 08:31,25/05/2018 08:31,03/06/2018 08:31,03/06/2018 17:31
ord_003550,cust_000117,delivered,08/10/2018 18:46,08/10/2018 21:46,10/10/2018 21:46,13/10/2018 21:46,25/10/2018 18:46
ord_003551,cust_001550,delivered,24/05/2017 10:48,25/05/2017 00:48,27/05/2017 00:48,30/05/2017 00:48,15/06/2017 10:48
ord_003552,cust_001443,delivered,30/01/2018 21:50,01/02/2018 17:50,06/02/2018 17:50,10/02/2018 17:50,15/02/2018 21:50
ord_003553,cust_000735,delivered,04/11/2018 20:12,05/11/2018 16:12,08/11/2018 16:12,21/11/2018 16:12,19/11/2018 20:12
ord_003554,cust_000320,delivered,17/11/2018 17:27,19/11/2018 13:27,24/11/2018 13:27,05/12/2018 13:27,09/12/2018 17:27
ord_003555,cust_001849,delivered,30/03/2018 22:49,31/03/2018 03:49,06/04/2018 03:49,20/04/2018 03:49,12/04/2018 22:49
ord_003556,cust_001361,delivered,08/05/2018 10:56,09/05/2018 17:56,13/05/2018 17:56,25/05/2018 17:56,23/05/2018 10:56
ord_003557,cust_000917,delivered,10/09/2018 18:32,11/09/2018 14:32,13/09/2018 14:32,16/09/2018 14:32,23/09/2018 18:32
ord_003558,cust_001680,delivered,19/09/2018 14:29,20/09/2018 04:29,21/09/2018 04:29,25/09/2018 04:29,30/09/2018 14:29
ord_003559,cust_002945,delivered,17/11/2018 19:45,18/11/2018 20:45,24/11/2018 20:45,06/12/2018 20:45,05/12/2018 19:45
ord_003560,cust_002608,delivered,24/10/2018 16:59,25/10/2018 21:59,27/10/2018 21:59,05/11/2018 21:59,17/11/2018 16:59
ord_003561,cust_000796,delivered,29/01/2018 11:25,29/01/2018 12:25,30/01/2018 12:25,08/02/2018 12:25,11/02/2018 11:25
ord_003562,cust_001104,delivered,05/07/2018 16:09,06/07/2018 23:09,09/07/2018 23:09,14/07/2018 23:09,16/07/2018 16:09
ord_003563,cust_002408,delivered,19/03/2018 15:50,20/03/2018 05:50,25/03/2018 05:50,02/04/2018 05:50,12/04/2018 15:50
ord_003564,cust_000391,delivered,30/05/2017 18:42,01/06/2017 08:42,02/06/2017 08:42,15/06/2017 08:42,10/06/2017 18:42
ord_003565,cust_002893,delivered,12/10/2018 10:08,12/10/2018 18:08,17/10/2018 18:08,25/10/2018 18:08,22/10/2018 10:08
ord_003566,cust_001236,canceled,05/06/2018 14:19,06/06/2018 03:19,,,26/06/2018 14:19
ord_003567,cust_001498,delivered,21/03/2017 08:33,23/03/2017 06:33,29/03/2017 06:33,09/04/2017 06:33,02/04/2017 08:33
ord_003568,cust_002915,delivered,21/07/2018 19:43,22/07/2018 06:43,25/07/2018 06:43,08/08/2018 06:43,14/08/2018 19:43
ord_003569,cust_000597,delivered,01/11/2017 09:46,01/11/2017 15:46,05/11/2017 15:46,09/11/2017 15:46,17/11/2017 09:46
ord_003570,cust_000497,delivered,04/04/2017 13:09,05/04/2017 15:09,08/04/2017 15:09,21/04/2017 15:09,24/04/2017 13:09
ord_003571,cust_002671,delivered,08/06/2018 15:13,09/06/2018 21:13,14/06/2018 21:13,23/06/2018 21:13,21/06/2018 15:13
ord_003572,cust_002170,delivered,23/08/2018 18:44,24/08/2018 21:44,25/08/2018 21:44,06/09/2018 21:44,05/09/2018 18:44
ord_003573,cust_001207,delivered,11/04/2018 18:06,12/04/2018 13:06,13/04/2018 13:06,18/04/2018 13:06,02/05/2018 18:06
ord_003574,cust_000318,delivered,09/01/2017 13:29,09/01/2017 18:29,13/01/2017 18:29,16/01/2017 18:29,26/01/2017 13:29
ord_003575,cust_001632,delivered,21/05/2018 22:32,22/05/2018 11:32,25/05/2018 11:32,28/05/2018 11:32,13/06/2018 22:32
ord_003576,cust_002292,delivered,10/01/2017 17:20,10/01/2017 19:20,12/01/2017 19:20,18/01/2017 19:20,02/02/2017 17:20
ord_003577,cust_000147,delivered,27/11/2018 12:47,29/11/2018 04:47,04/12/2018 04:47,13/12/2018 04:47,16/12/2018 12:47
ord_003578,cust_000649,delivered,19/10/2017 20:03,20/10/2017 08:03,25/10/2017 08:03,30/10/2017 08:03,09/11/2017 20:03
ord_003579,cust_001044,delivered,08/11/2018 16:46,09/11/2018 23:46,10/11/2018 23:46,15/11/2018 23:46,30/11/2018 16:46
ord_003580,cust_000843,delivered,19/01/2017 10:38,19/01/2017 22:38,21/01/2017 22:38,02/02/2017 22:38,06/02/2017 10:38
ord_003581,cust_001667,delivered,07/05/2017 15:30,08/05/2017 20:30,13/05/2017 20:30,24/05/2017 20:30,29/05/2017 15:30
ord_003582,cust_002958,delivered,25/02/2018 16:52,25/02/2018 20:52,28/02/2018 20:52,10/03/2018 20:52,07/03/2018 16:52
ord_003583,cust_002078,delivered,07/09/2018 09:12,07/09/2018 13:12,09/09/2018 13:12,19/09/2018 13:12,19/09/2018 09:12
ord_003584,cust_001544,delivered,02/12/2018 13:48,03/12/2018 04:48,07/12/2018 04:48,20/12/2018 04:48,19/12/2018 13:48
ord_003585,cust_002853,delivered,14/04/2018 16:11,15/04/2018 04:11,18/04/2018 04:11,22/04/2018 04:11,25/04/2018 16:11
ord_003586,cust_002453,invoiced,16/12/2017 08:59,16/12/2017 23:59,,,01/01/2018 08:59
ord_003587,cust_001750,delivered,04/03/2017 10:01,04/03/2017 23:01,08/03/2017 23:01,21/03/2017 23:01,23/03/2017 10:01
ord_003588,cust_000156,delivered,25/05/2018 14:33,26/05/2018 23:33,31/05/2018 23:33,06/06/2018 23:33,09/06/2018 14:33
ord_003589,cust_000814,canceled,04/01/2018 11:10,05/01/2018 07:10,,,28/01/2018 11:10
ord_003590,cust_002775,shipped,23/11/2018 09:24,23/11/2018 16:24,25/11/2018 16:24,,16/12/2018 09:24
ord_003591,cust_001671,shipped,17/03/2018 22:08,19/03/2018 18:08,23/03/2018 18:08,,08/04/2018 22:08
ord_003592,cust_002776,delivered,11/09/2018 16:11,12/09/2018 22:11,17/09/2018 22:11,22/09/2018 22:11,01/10/2018 16:11
ord_003593,cust_000212,delivered,26/10/2018 18:03,27/10/2018 13:03,02/11/2018 13:03,07/11/2018 13:03,14/11/2018 18:03
ord_003594,cust_000540,shipped,08/05/2017 11:00,09/05/2017 11:00,13/05/2017 11:00,,27/05/2017 11:00
ord_003595,cust_000444,delivered,17/02/2018 17:43,18/02/2018 08:43,19/02/2018 08:43,23/02/2018 08:43,28/02/2018 17:43
ord_003596,cust_000292,delivered,20/11/2018 10:27,21/11/2018 04:27,24/11/2018 04:27,27/11/2018 04:27,14/12/2018 10:27
ord_003597,cust_001055,invoiced,06/02/2018 12:02,06/02/2018 15:02,,,27/02/2018 12:02
ord_003598,cust_002998,delivered,13/05/2018 08:56,14/05/2018 23:56,20/05/2018 23:56,22/05/2018 23:56,27/05/2018 08:56
ord_003599,cust_000066,delivered,09/11/2018 17:39,10/11/2018 11:39,11/11/2018 11:39,24/11/2018 11:39,29/11/2018 17:39
ord_003600,cust_002801,delivered,19/09/2017 12:15,20/09/2017 21:15,23/09/2017 21:15,03/10/2017 21:15,05/10/2017 12:15
ord_003601,cust_000225,delivered,20/11/2018 19:26,20/11/2018 21:26,24/11/2018 21:26,30/11/2018 21:26,14/12/2018 19:26
ord_003602,cust_000047,delivered,16/01/2018 09:29,16/01/2018 13:29,18/01/2018 13:29,27/01/2018 13:29,03/02/2018 09:29
ord_003603,cust_000022,delivered,31/05/2018 15:34,01/06/2018 08:34,06/06/2018 08:34,12/06/2018 08:34,20/06/2018 15:34
ord_003604,cust_002317,delivered,27/11/2017 16:51,27/11/2017 17:51,28/11/2017 17:51,05/12/2017 17:51,09/12/2017 16:51
ord_003605,cust_000545,delivered,18/04/2018 11:35,20/04/2018 09:35,26/04/2018 09:35,07/05/2018 09:35,29/04/2018 11:35
ord_003606,cust_000330,delivered,10/03/2017 21:58,10/03/2017 22:58,13/03/2017 22:58,26/03/2017 22:58,02/04/2017 21:58
ord_003607,cust_002476,canceled,30/03/2017 22:43,01/04/2017 00:43,,,18/04/2017 22:43
ord_003608,cust_001922,delivered,30/01/2018 09:59,31/01/2018 01:59,06/02/2018 01:59,14/02/2018 01:59,18/02/2018 09:59
ord_003609,cust_001054,delivered,30/11/2017 08:33,30/11/2017 18:33,01/12/2017 18:33,14/12/2017 18:33,16/12/2017 08:33
ord_003610,cust_002299,delivered,14/06/2018 14:40,14/06/2018 20:40,17/06/2018 20:40,19/06/2018 20:40,03/07/2018 14:40
ord_003611,cust_002707,delivered,23/02/2017 19:44,24/02/2017 09:44,25/02/2017 09:44,27/02/2017 09:44,11/03/2017 19:44
ord_003612,cust_001606,shipped,20/07/2017 11:45,20/07/2017 13:45,24/07/2017 13:45,,08/08/2017 11:45
ord_003613,cust_002654,delivered,29/08/2017 19:01,30/08/2017 22:01,01/09/2017 22:01,04/09/2017 22:01,17/09/2017 19:01
ord_003614,cust_001034,shipped,17/02/2018 17:07,18/02/2018 04:07,23/02/2018 04:07,,02/03/2018 17:07
ord_003615,cust_002590,delivered,01/10/2017 16:13,01/10/2017 16:13,05/10/2017 16:13,08/10/2017 16:13,24/10/2017 16:13
ord_003616,cust_001926,delivered,20/06/2017 13:16,20/06/2017 18:16,24/06/2017 18:16,05/07/2017 18:16,14/07/2017 13:16
ord_003617,cust_000635,delivered,03/06/2018 20:54,05/06/2018 15:54,11/06/2018 15:54,17/06/2018 15:54,24/06/2018 20:54
ord_003618,cust_001884,canceled,29/08/2018 19:43,30/08/2018 06:43,,,08/09/2018 19:43
ord_003619,cust_001027,delivered,26/07/2018 13:08,27/07/2018 16:08,29/07/2018 16:08,11/08/2018 16:08,05/08/2018 13:08
ord_003620,cust_000210,delivered,26/10/2017 16:25,27/10/2017 11:25,31/10/2017 11:25,12/11/2017 11:25,17/11/2017 16:25
ord_003621,cust_001404,delivered,30/10/2018 12:14,31/10/2018 11:14,05/11/2018 11:14,15/11/2018 11:14,11/11/2018 12:14
ord_003622,cust_000187,delivered,12/06/2018 10:49,14/06/2018 02:49,15/06/2018 02:49,19/06/2018 02:49,06/07/2018 10:49
ord_003623,cust_001294,delivered,13/06/2018 12:55,14/06/2018 22:55,17/06/2018 22:55,20/06/2018 22:55,28/06/2018 12:55
ord_003624,cust_002687,delivered,01/09/2017 18:09,02/09/2017 20:09,06/09/2017 20:09,11/09/2017 20:09,13/09/2017 18:09
ord_003625,cust_000239,delivered,27/09/2017 08:24,27/09/2017 17:24,03/10/2017 17:24,06/10/2017 17:24,17/10/2017 08:24
ord_003626,cust_002031,delivered,13/03/2018 09:57,15/03/2018 01:57,16/03/2018 01:57,28/03/2018 01:57,02/04/2018 09:57
ord_003627,cust_000716,delivered,23/09/2017 21:39,23/09/2017 22:39,29/09/2017 22:39,04/10/2017 22:39,12/10/2017 21:39
ord_003628,cust_001785,delivered,28/07/2018 12:52,29/07/2018 14:52,31/07/2018 14:52,07/08/2018 14:52,18/08/2018 12:52
ord_003629,cust_001860,delivered,21/11/2017 17:21,22/11/2017 22:21,28/11/2017 22:21,08/12/2017 22:21,08/12/2017 17:21
ord_003630,cust_002277,shipped,04/07/2017 21:12,06/07/2017 18:12,10/07/2017 18:12,,18/07/2017 21:12
ord_003631,cust_002029,delivered,04/07/2017 16:41,04/07/2017 23:41,07/07/2017 23:41,16/07/2017 23:41,20/07/2017 16:41
ord_003632,cust_000749,delivered,09/06/2017 21:08,10/06/2017 10:08,11/06/2017 10:08,22/06/2017 10:08,28/06/2017 21:08
ord_003633,cust_001093,canceled,17/02/2018 12:50,17/02/2018 12:50,,,10/03/2018 12:50
ord_003634,cust_001719,delivered,05/01/2017 15:45,06/01/2017 02:45,11/01/2017 02:45,16/01/2017 02:45,21/01/2017 15:45
ord_003635,cust_000890,delivered,28/04/2018 19:18,30/04/2018 15:18,02/05/2018 15:18,13/05/2018 15:18,09/05/2018 19:18
ord_003636,cust_002533,delivered,14/11/2017 12:29,14/11/2017 12:29,19/11/2017 12:29,30/11/2017 12:29,30/11/2017 12:29
ord_003637,cust_001758,delivered,05/05/2018 08:47,06/05/2018 21:47,08/05/2018 21:47,18/05/2018 21:47,23/05/2018 08:47
ord_003638,cust_002052,delivered,28/11/2018 09:56,30/11/2018 05:56,01/12/2018 05:56,15/12/2018 05:56,19/12/2018 09:56
ord_003639,cust_001990,delivered,07/11/2018 19:21,08/11/2018 00:21,12/11/2018 00:21,26/11/2018 00:21,29/11/2018 19:21
ord_003640,cust_001061,delivered,20/05/2018 09:47,21/05/2018 02:47,26/05/2018 02:47,29/05/2018 02:47,10/06/2018 09:47
ord_003641,cust_002132,delivered,01/02/2018 14:11,03/02/2018 09:11,09/02/2018 09:11,18/02/2018 09:11,15/02/2018 14:11
ord_003642,cust_001943,delivered,03/08/2018 14:54,05/08/2018 00:54,09/08/2018 00:54,22/08/2018 00:54,13/08/2018 14:54
ord_003643,cust_002432,delivered,26/11/2018 18:41,26/11/2018 21:41,30/11/2018 21:41,06/12/2018 21:41,09/12/2018 18:41
ord_003644,cust_001017,delivered,23/03/2018 15:09,25/03/2018 08:09,30/03/2018 08:09,01/04/2018 08:09,03/04/2018 15:09
ord_003645,cust_001751,delivered,09/05/2017 22:44,11/05/2017 12:44,14/05/2017 12:44,17/05/2017 12:44,29/05/2017 22:44
ord_003646,cust_002690,delivered,11/09/2018 15:43,12/09/2018 05:43,13/09/2018 05:43,24/09/2018 05:43,25/09/2018 15:43
ord_003647,cust_001136,delivered,16/01/2017 13:44,17/01/2017 08:44,19/01/2017 08:44,01/02/2017 08:44,28/01/2017 13:44
ord_003648,cust_002519,delivered,10/09/2018 22:20,11/09/2018 12:20,14/09/2018 12:20,25/09/2018 12:20,28/09/2018 22:20
ord_003649,cust_001043,delivered,23/04/2017 08:44,24/04/2017 08:44,28/04/2017 08:44,30/04/2017 08:44,10/05/2017 08:44
ord_003650,cust_000389,delivered,17/05/2017 20:49,19/05/2017 09:49,21/05/2017 09:49,28/05/2017 09:49,06/06/2017 20:49
ord_003651,cust_000103,delivered,20/09/2018 22:20,22/09/2018 06:20,24/09/2018 06:20,30/09/2018 06:20,13/10/2018 22:20
ord_003652,cust_001476,delivered,29/07/2018 21:12,31/07/2018 19:12,06/08/2018 19:12,19/08/2018 19:12,09/08/2018 21:12
ord_003653,cust_001249,delivered,11/05/2018 16:53,11/05/2018 20:53,12/05/2018 20:53,20/05/2018 20:53,21/05/2018 16:53
ord_003654,cust_000756,delivered,11/10/2018 21:37,13/10/2018 17:37,18/10/2018 17:37,23/10/2018 17:37,02/11/2018 21:37
ord_003655,cust_002606,delivered,28/10/2018 16:27,30/10/2018 11:27,31/10/2018 11:27,09/11/2018 11:27,20/11/2018 16:27
ord_003656,cust_002506,delivered,01/03/2018 21:52,02/03/2018 15:52,04/03/2018 15:52,15/03/2018 15:52,16/03/2018 21:52
ord_003657,cust_001882,delivered,30/12/2018 11:08,30/12/2018 17:08,05/01/2019 17:08,14/01/2019 17:08,11/01/2019 11:08
ord_003658,cust_002309,delivered,18/12/2017 20:48,19/12/2017 06:48,25/12/2017 06:48,01/01/2018 06:48,01/01/2018 20:48
ord_003659,cust_001779,delivered,24/07/2017 09:29,26/07/2017 06:29,29/07/2017 06:29,09/08/2017 06:29,10/08/2017 09:29
ord_003660,cust_001934,delivered,25/10/2018 15:02,25/10/2018 15:02,26/10/2018 15:02,31/10/2018 15:02,04/11/2018 15:02
ord_003661,cust_000671,delivered,30/01/2018 17:58,30/01/2018 21:58,05/02/2018 21:58,08/02/2018 21:58,10/02/2018 17:58
ord_003662,cust_000052,delivered,09/11/2018 11:46,09/11/2018 14:46,15/11/2018 14:46,28/11/2018 14:46,19/11/2018 11:46
ord_003663,cust_001788,delivered,25/03/2017 09:12,25/03/2017 17:12,28/03/2017 17:12,08/04/2017 17:12,14/04/2017 09:12
ord_003664,cust_000345,delivered,22/05/2017 16:55,24/05/2017 05:55,25/05/2017 05:55,05/06/2017 05:55,07/06/2017 16:55
ord_003665,cust_000541,delivered,27/02/2017 21:56,27/02/2017 23:56,04/03/2017 23:56,17/03/2017 23:56,23/03/2017 21:56
ord_003666,cust_001557,delivered,05/06/2018 22:48,07/06/2018 20:48,12/06/2018 20:48,23/06/2018 20:48,21/06/2018 22:48
ord_003667,cust_001023,delivered,18/10/2018 13:07,19/10/2018 08:07,24/10/2018 08:07,26/10/2018 08:07,01/11/2018 13:07
ord_003668,cust_001181,delivered,21/01/2018 20:11,22/01/2018 21:11,27/01/2018 21:11,08/02/2018 21:11,04/02/2018 20:11
ord_003669,cust_001753,delivered,29/04/2017 15:45,30/04/2017 19:45,06/05/2017 19:45,08/05/2017 19:45,22/05/2017 15:45
ord_003670,cust_002541,delivered,30/12/2017 08:54,31/12/2017 22:54,04/01/2018 22:54,15/01/2018 22:54,11/01/2018 08:54
ord_003671,cust_000136,delivered,10/12/2017 12:12,11/12/2017 18:12,12/12/2017 18:12,26/12/2017 18:12,30/12/2017 12:12
ord_003672,cust_000830,delivered,01/07/2018 13:27,01/07/2018 15:27,06/07/2018 15:27,13/07/2018 15:27,24/07/2018 13:27
ord_003673,cust_000934,delivered,06/07/2018 14:09,08/07/2018 05:09,10/07/2018 05:09,16/07/2018 05:09,30/07/2018 14:09
ord_003674,cust_000738,delivered,13/05/2017 10:28,13/05/2017 14:28,17/05/2017 14:28,31/05/2017 14:28,24/05/2017 10:28
ord_003675,cust_000265,delivered,02/02/2018 11:38,03/02/2018 12:38,04/02/2018 12:38,11/02/2018 12:38,22/02/2018 11:38
ord_003676,cust_000802,delivered,30/06/2018 21:01,02/07/2018 14:01,03/07/2018 14:01,16/07/2018 14:01,22/07/2018 21:01
ord_003677,cust_000491,delivered,12/10/2017 08:38,13/10/2017 08:38,16/10/2017 08:38,22/10/2017 08:38,01/11/2017 08:38
ord_003678,cust_002635,delivered,24/01/2018 08:38,25/01/2018 04:38,29/01/2018 04:38,02/02/2018 04:38,15/02/2018 08:38
ord_003679,cust_001056,delivered,13/06/2018 15:27,14/06/2018 06:27,15/06/2018 06:27,24/06/2018 06:27,07/07/2018 15:27
ord_003680,cust_001033,delivered,21/01/2018 17:53,23/01/2018 06:53,28/01/2018 06:53,03/02/2018 06:53,13/02/2018 17:53
ord_003681,cust_002078,delivered,14/02/2017 09:08,15/02/2017 16:08,19/02/2017 16:08,02/03/2017 16:08,06/03/2017 09:08
ord_003682,cust_001790,delivered,10/09/2017 18:03,12/09/2017 08:03,17/09/2017 08:03,22/09/2017 08:03,22/09/2017 18:03
ord_003683,cust_000802,delivered,17/09/2018 14:29,19/09/2018 09:29,22/09/2018 09:29,03/10/2018 09:29,09/10/2018 14:29
ord_003684,cust_000894,delivered,03/10/2017 13:31,04/10/2017 17:31,08/10/2017 17:31,14/10/2017 17:31,23/10/2017 13:31
ord_003685,cust_000060,delivered,10/10/2018 09:16,11/10/2018 02:16,17/10/2018 02:16,23/10/2018 02:16,24/10/2018 09:16
ord_003686,cust_000658,delivered,08/03/2018 08:57,09/03/2018 12:57,11/03/2018 12:57,22/03/2018 12:57,27/03/2018 08:57
ord_003687,cust_001197,delivered,12/03/2018 20:15,13/03/2018 13:15,18/03/2018 13:15,23/03/2018 13:15,24/03/2018 20:15
ord_003688,cust_001279,delivered,13/09/2018 08:16,13/09/2018 17:16,17/09/2018 17:16,22/09/2018 17:16,05/10/2018 08:16
ord_003689,cust_000663,delivered,06/01/2018 22:48,07/01/2018 14:48,12/01/2018 14:48,21/01/2018 14:48,25/01/2018 22:48
ord_003690,cust_002600,delivered,24/09/2017 17:55,25/09/2017 15:55,29/09/2017 15:55,05/10/2017 15:55,13/10/2017 17:55
ord_003691,cust_002334,delivered,16/05/2017 10:32,16/05/2017 20:32,21/05/2017 20:32,27/05/2017 20:32,29/05/2017 10:32
ord_003692,cust_001315,delivered,18/07/2018 19:01,19/07/2018 10:01,24/07/2018 10:01,30/07/2018 10:01,30/07/2018 19:01
ord_003693,cust_002465,delivered,10/03/2018 14:21,11/03/2018 17:21,12/03/2018 17:21,22/03/2018 17:21,26/03/2018 14:21
ord_003694,cust_000939,delivered,05/10/2018 10:13,05/10/2018 16:13,06/10/2018 16:13,12/10/2018 16:13,20/10/2018 10:13
ord_003695,cust_002012,delivered,01/03/2018 22:30,02/03/2018 03:30,03/03/2018 03:30,12/03/2018 03:30,23/03/2018 22:30
ord_003696,cust_002365,delivered,30/01/2018 09:40,31/01/2018 22:40,06/02/2018 22:40,11/02/2018 22:40,23/02/2018 09:40
ord_003697,cust_001838,delivered,14/11/2017 16:23,16/11/2017 08:23,19/11/2017 08:23,02/12/2017 08:23,03/12/2017 16:23
ord_003698,cust_000938,delivered,20/08/2017 13:32,21/08/2017 04:32,27/08/2017 04:32,10/09/2017 04:32,10/09/2017 13:32
ord_003699,cust_002191,delivered,17/10/2018 21:45,18/10/2018 03:45,24/10/2018 03:45,26/10/2018 03:45,10/11/2018 21:45
ord_003700,cust_000320,delivered,05/05/2017 14:14,06/05/2017 12:14,09/05/2017 12:14,12/05/2017 12:14,26/05/2017 14:14
ord_003701,cust_001127,delivered,21/11/2018 09:11,21/11/2018 17:11,22/11/2018 17:11,25/11/2018 17:11,06/12/2018 09:11
ord_003702,cust_002549,delivered,08/02/2017 10:48,10/02/2017 04:48,16/02/2017 04:48,20/02/2017 04:48,21/02/2017 10:48
ord_003703,cust_001953,delivered,15/04/2018 16:02,15/04/2018 19:02,18/04/2018 19:02,30/04/2018 19:02,29/04/2018 16:02
ord_003704,cust_001067,delivered,22/03/2017 21:09,23/03/2017 21:09,25/03/2017 21:09,30/03/2017 21:09,05/04/2017 21:09
ord_003705,cust_001259,delivered,19/09/2018 17:00,20/09/2018 11:00,25/09/2018 11:00,04/10/2018 11:00,02/10/2018 17:00
ord_003706,cust_001217,delivered,31/08/2017 16:33,01/09/2017 14:33,04/09/2017 14:33,09/09/2017 14:33,20/09/2017 16:33
ord_003707,cust_001289,delivered,13/05/2018 21:36,15/05/2018 09:36,17/05/2018 09:36,19/05/2018 09:36,06/06/2018 21:36
ord_003708,cust_000691,delivered,24/11/2018 15:31,25/11/2018 03:31,28/11/2018 03:31,01/12/2018 03:31,07/12/2018 15:31
ord_003709,cust_002366,delivered,05/07/2018 17:24,07/07/2018 12:24,13/07/2018 12:24,27/07/2018 12:24,21/07/2018 17:24
ord_003710,cust_000271,delivered,31/07/2017 18:31,02/08/2017 16:31,04/08/2017 16:31,13/08/2017 16:31,24/08/2017 18:31
ord_003711,cust_002373,delivered,28/09/2018 22:11,29/09/2018 18:11,05/10/2018 18:11,15/10/2018 18:11,21/10/2018 22:11
ord_003712,cust_001653,delivered,18/02/2018 18:49,19/02/2018 12:49,23/02/2018 12:49,27/02/2018 12:49,28/02/2018 18:49
ord_003713,cust_001201,delivered,20/01/2017 18:58,21/01/2017 05:58,22/01/2017 05:58,30/01/2017 05:58,04/02/2017 18:58
ord_003714,cust_002383,delivered,22/03/2018 14:32,24/03/2018 05:32,25/03/2018 05:32,04/04/2018 05:32,06/04/2018 14:32
ord_003715,cust_002811,delivered,07/10/2018 10:22,08/10/2018 20:22,12/10/2018 20:22,24/10/2018 20:22,21/10/2018 10:22
ord_003716,cust_001274,delivered,10/02/2018 10:47,11/02/2018 07:47,12/02/2018 07:47,22/02/2018 07:47,06/03/2018 10:47
ord_003717,cust_001624,delivered,07/09/2018 19:11,09/09/2018 04:11,10/09/2018 04:11,19/09/2018 04:11,28/09/2018 19:11
ord_003718,cust_001327,delivered,07/08/2018 20:19,08/08/2018 13:19,11/08/2018 13:19,21/08/2018 13:19,17/08/2018 20:19
ord_003719,cust_001461,delivered,01/03/2018 18:56,03/03/2018 02:56,06/03/2018 02:56,12/03/2018 02:56,20/03/2018 18:56
ord_003720,cust_001063,delivered,25/11/2017 20:11,27/11/2017 11:11,03/12/2017 11:11,14/12/2017 11:11,13/12/2017 20:11
ord_003721,cust_001504,delivered,20/08/2018 10:06,21/08/2018 07:06,27/08/2018 07:06,01/09/2018 07:06,06/09/2018 10:06
ord_003722,cust_000071,delivered,26/12/2017 20:32,28/12/2017 03:32,03/01/2018 03:32,14/01/2018 03:32,15/01/2018 20:32
ord_003723,cust_002338,delivered,23/07/2017 10:35,24/07/2017 13:35,25/07/2017 13:35,01/08/2017 13:35,08/08/2017 10:35
ord_003724,cust_000275,delivered,24/11/2017 15:35,24/11/2017 18:35,29/11/2017 18:35,08/12/2017 18:35,14/12/2017 15:35
ord_003725,cust_002902,delivered,11/11/2018 17:09,11/11/2018 19:09,17/11/2018 19:09,25/11/2018 19:09,27/11/2018 17:09
ord_003726,cust_001173,delivered,01/11/2017 13:43,02/11/2017 01:43,06/11/2017 01:43,15/11/2017 01:43,25/11/2017 13:43
ord_003727,cust_002070,delivered,21/09/2017 21:14,22/09/2017 09:14,28/09/2017 09:14,09/10/2017 09:14,13/10/2017 21:14
ord_003728,cust_000092,delivered,15/06/2017 16:56,16/06/2017 01:56,21/06/2017 01:56,26/06/2017 01:56,25/06/2017 16:56
ord_003729,cust_001023,delivered,18/03/2017 17:13,20/03/2017 13:13,25/03/2017 13:13,02/04/2017 13:13,30/03/2017 17:13
ord_003730,cust_002848,delivered,19/12/2018 16:01,20/12/2018 21:01,23/12/2018 21:01,30/12/2018 21:01,03/01/2019 16:01
ord_003731,cust_001550,delivered,24/04/2018 15:34,24/04/2018 17:34,27/04/2018 17:34,29/04/2018 17:34,04/05/2018 15:34
ord_003732,cust_001354,delivered,21/08/2018 08:12,23/08/2018 03:12,26/08/2018 03:12,08/09/2018 03:12,01/09/2018 08:12
ord_003733,cust_000921,delivered,15/09/2018 22:37,16/09/2018 12:37,18/09/2018 12:37,28/09/2018 12:37,25/09/2018 22:37
ord_003734,cust_002066,delivered,13/12/2017 14:13,15/12/2017 13:13,19/12/2017 13:13,21/12/2017 13:13,05/01/2018 14:13
ord_003735,cust_001961,delivered,29/09/2018 09:25,29/09/2018 19:25,02/10/2018 19:25,04/10/2018 19:25,16/10/2018 09:25
ord_003736,cust_001572,delivered,12/12/2018 16:10,12/12/2018 20:10,14/12/2018 20:10,28/12/2018 20:10,02/01/2019 16:10
ord_003737,cust_002997,delivered,28/08/2018 20:25,29/08/2018 02:25,31/08/2018 02:25,13/09/2018 02:25,19/09/2018 20:25
ord_003738,cust_001657,shipped,11/08/2018 08:08,12/08/2018 02:08,16/08/2018 02:08,,23/08/2018 08:08
ord_003739,cust_002594,delivered,11/02/2018 20:20,13/02/2018 16:20,14/02/2018 16:20,25/02/2018 16:20,03/03/2018 20:20
ord_003740,cust_001416,delivered,23/10/2018 13:11,24/10/2018 15:11,27/10/2018 15:11,08/11/2018 15:11,11/11/2018 13:11
ord_003741,cust_001418,delivered,27/04/2017 20:48,28/04/2017 02:48,29/04/2017 02:48,08/05/2017 02:48,21/05/2017 20:48
ord_003742,cust_001764,delivered,02/09/2018 11:43,03/09/2018 02:43,06/09/2018 02:43,08/09/2018 02:43,25/09/2018 11:43
ord_003743,cust_001026,delivered,21/12/2017 14:10,22/12/2017 13:10,26/12/2017 13:10,02/01/2018 13:10,09/01/2018 14:10
ord_003744,cust_002368,delivered,13/05/2018 19:04,14/05/2018 21:04,18/05/2018 21:04,24/05/2018 21:04,02/06/2018 19:04
ord_003745,cust_001358,delivered,19/11/2018 21:01,21/11/2018 13:01,22/11/2018 13:01,26/11/2018 13:01,06/12/2018 21:01
ord_003746,cust_000802,delivered,07/06/2018 12:13,,12/06/2018 14:13,25/06/2018 14:13,25/06/2018 12:13
ord_003747,cust_000948,delivered,07/02/2017 11:28,07/02/2017 11:28,09/02/2017 11:28,19/02/2017 11:28,25/02/2017 11:28
ord_003748,cust_000987,delivered,17/08/2018 19:23,19/08/2018 05:23,22/08/2018 05:23,04/09/2018 05:23,09/09/2018 19:23
ord_003749,cust_002974,delivered,27/11/2018 15:58,27/11/2018 20:58,02/12/2018 20:58,05/12/2018 20:58,20/12/2018 15:58
ord_003750,cust_000958,delivered,30/06/2018 15:47,01/07/2018 23:47,02/07/2018 23:47,16/07/2018 23:47,13/07/2018 15:47
ord_003751,cust_000605,delivered,02/11/2018 13:04,03/11/2018 05:04,05/11/2018 05:04,14/11/2018 05:04,12/11/2018 13:04
ord_003752,cust_002054,delivered,14/10/2018 11:09,15/10/2018 05:09,16/10/2018 05:09,25/10/2018 05:09,27/10/2018 11:09
ord_003753,cust_002429,delivered,02/11/2018 21:01,03/11/2018 04:01,05/11/2018 04:01,09/11/2018 04:01,18/11/2018 21:01
ord_003754,cust_001265,delivered,07/12/2017 20:08,09/12/2017 09:08,10/12/2017 09:08,20/12/2017 09:08,20/12/2017 20:08
ord_003755,cust_001243,delivered,13/03/2018 10:31,13/03/2018 18:31,14/03/2018 18:31,23/03/2018 18:31,29/03/2018 10:31
ord_003756,cust_001819,delivered,26/10/2018 09:04,26/10/2018 09:04,30/10/2018 09:04,10/11/2018 09:04,11/11/2018 09:04
ord_003757,cust_001955,delivered,23/11/2018 19:03,24/11/2018 23:03,25/11/2018 23:03,28/11/2018 23:03,17/12/2018 19:03
ord_003758,cust_000326,delivered,29/06/2017 16:07,29/06/2017 23:07,02/07/2017 23:07,12/07/2017 23:07,15/07/2017 16:07
ord_003759,cust_002768,delivered,03/08/2017 09:40,03/08/2017 17:40,05/08/2017 17:40,08/08/2017 17:40,15/08/2017 09:40
ord_003760,cust_001120,delivered,09/12/2017 13:01,09/12/2017 23:01,15/12/2017 23:01,17/12/2017 23:01,25/12/2017 13:01
ord_003761,cust_001776,delivered,13/09/2018 18:58,15/09/2018 00:58,16/09/2018 00:58,24/09/2018 00:58,23/09/2018 18:58
ord_003762,cust_000157,delivered,10/11/2018 16:22,,15/11/2018 04:22,18/11/2018 04:22,20/11/2018 16:22
ord_003763,cust_001850,delivered,23/05/2018 20:20,25/05/2018 15:20,28/05/2018 15:20,08/06/2018 15:20,11/06/2018 20:20
ord_003764,cust_000315,delivered,25/05/2017 17:28,27/05/2017 16:28,01/06/2017 16:28,09/06/2017 16:28,07/06/2017 17:28
ord_003765,cust_000108,delivered,18/11/2017 18:31,19/11/2017 05:31,20/11/2017 05:31,25/11/2017 05:31,07/12/2017 18:31
ord_003766,cust_002868,delivered,31/10/2018 15:25,01/11/2018 01:25,07/11/2018 01:25,12/11/2018 01:25,10/11/2018 15:25
ord_003767,cust_000386,delivered,10/12/2017 12:29,10/12/2017 22:29,12/12/2017 22:29,20/12/2017 22:29,24/12/2017 12:29
ord_003768,cust_002240,delivered,13/05/2017 08:20,13/05/2017 16:20,14/05/2017 16:20,23/05/2017 16:20,31/05/2017 08:20
ord_003769,cust_001621,delivered,17/11/2017 09:19,17/11/2017 09:19,22/11/2017 09:19,04/12/2017 09:19,05/12/2017 09:19
ord_003770,cust_000727,delivered,04/10/2018 13:01,05/10/2018 17:01,09/10/2018 17:01,18/10/2018 17:01,22/10/2018 13:01
ord_003771,cust_001111,delivered,26/03/2018 12:40,26/03/2018 12:40,30/03/2018 12:40,08/04/2018 12:40,13/04/2018 12:40
ord_003772,cust_000424,delivered,24/07/2017 22:37,24/07/2017 23:37,30/07/2017 23:37,08/08/2017 23:37,07/08/2017 22:37
ord_003773,cust_001827,delivered,22/11/2017 18:40,23/11/2017 13:40,26/11/2017 13:40,05/12/2017 13:40,07/12/2017 18:40
ord_003774,cust_002497,invoiced,07/12/2018 22:56,09/12/2018 12:56,,,23/12/2018 22:56
ord_003775,cust_001152,delivered,11/02/2018 09:28,12/02/2018 08:28,18/02/2018 08:28,22/02/2018 08:28,27/02/2018 09:28
ord_003776,cust_002797,delivered,18/02/2018 21:52,19/02/2018 16:52,23/02/2018 16:52,03/03/2018 16:52,11/03/2018 21:52
ord_003777,cust_000524,delivered,06/07/2017 16:26,07/07/2017 00:26,12/07/2017 00:26,15/07/2017 00:26,18/07/2017 16:26
ord_003778,cust_002822,delivered,19/11/2017 08:28,20/11/2017 16:28,21/11/2017 16:28,26/11/2017 16:28,07/12/2017 08:28
ord_003779,cust_002390,delivered,08/10/2018 15:37,09/10/2018 06:37,13/10/2018 06:37,16/10/2018 06:37,29/10/2018 15:37
ord_003780,cust_000198,delivered,22/09/2018 15:12,24/09/2018 14:12,25/09/2018 14:12,03/10/2018 14:12,07/10/2018 15:12
ord_003781,cust_002535,delivered,14/02/2018 22:13,15/02/2018 04:13,18/02/2018 04:13,04/03/2018 04:13,01/03/2018 22:13
ord_003782,cust_000192,delivered,20/11/2018 13:30,22/11/2018 02:30,27/11/2018 02:30,10/12/2018 02:30,10/12/2018 13:30
ord_003783,cust_002904,delivered,04/01/2018 12:04,05/01/2018 20:04,06/01/2018 20:04,09/01/2018 20:04,23/01/2018 12:04
ord_003784,cust_002035,delivered,04/11/2018 17:14,05/11/2018 10:14,08/11/2018 10:14,20/11/2018 10:14,22/11/2018 17:14
ord_003785,cust_000602,delivered,15/02/2017 21:47,16/02/2017 15:47,19/02/2017 15:47,22/02/2017 15:47,03/03/2017 21:47
ord_003786,cust_002735,delivered,09/12/2017 14:27,11/12/2017 12:27,13/12/2017 12:27,26/12/2017 12:27,19/12/2017 14:27
ord_003787,cust_000934,delivered,30/10/2018 22:01,01/11/2018 09:01,05/11/2018 09:01,09/11/2018 09:01,11/11/2018 22:01
ord_003788,cust_000356,delivered,21/11/2018 13:03,21/11/2018 15:03,26/11/2018 15:03,29/11/2018 15:03,08/12/2018 13:03
ord_003789,cust_000842,delivered,06/09/2018 10:55,07/09/2018 12:55,13/09/2018 12:55,25/09/2018 12:55,26/09/2018 10:55
ord_003790,cust_002589,delivered,17/07/2018 09:57,18/07/2018 20:57,24/07/2018 20:57,05/08/2018 20:57,30/07/2018 09:57
ord_003791,cust_002790,delivered,09/10/2018 19:38,10/10/2018 13:38,16/10/2018 13:38,23/10/2018 13:38,25/10/2018 19:38
ord_003792,cust_002776,delivered,08/08/2018 19:11,10/08/2018 04:11,12/08/2018 04:11,21/08/2018 04:11,21/08/2018 19:11
ord_003793,cust_001792,delivered,08/10/2017 09:22,09/10/2017 15:22,10/10/2017 15:22,22/10/2017 15:22,20/10/2017 09:22
ord_003794,cust_000551,delivered,07/03/2018 19:18,08/03/2018 10:18,10/03/2018 10:18,23/03/2018 10:18,30/03/2018 19:18
ord_003795,cust_002767,delivered,11/07/2018 10:47,11/07/2018 10:47,17/07/2018 10:47,24/07/2018 10:47,04/08/2018 10:47
ord_003796,cust_001560,delivered,27/05/2018 17:32,27/05/2018 18:32,29/05/2018 18:32,10/06/2018 18:32,20/06/2018 17:32
ord_003797,cust_002670,delivered,15/11/2018 14:46,16/11/2018 23:46,21/11/2018 23:46,03/12/2018 23:46,08/12/2018 14:46
ord_003798,cust_000293,delivered,13/03/2018 19:21,15/03/2018 08:21,18/03/2018 08:21,30/03/2018 08:21,29/03/2018 19:21
ord_003799,cust_000735,delivered,30/07/2017 09:52,31/07/2017 02:52,05/08/2017 02:52,18/08/2017 02:52,19/08/2017 09:52
ord_003800,cust_000685,delivered,03/09/2017 10:25,04/09/2017 08:25,09/09/2017 08:25,21/09/2017 08:25,17/09/2017 10:25
ord_003801,cust_001283,delivered,25/10/2018 21:25,,01/11/2018 21:25,08/11/2018 21:25,12/11/2018 21:25
ord_003802,cust_002551,delivered,13/01/2017 20:29,15/01/2017 14:29,16/01/2017 14:29,22/01/2017 14:29,26/01/2017 20:29
ord_003803,cust_001240,delivered,07/11/2018 19:35,08/11/2018 20:35,10/11/2018 20:35,24/11/2018 20:35,26/11/2018 19:35
ord_003804,cust_001824,delivered,18/03/2017 12:53,19/03/2017 15:53,20/03/2017 15:53,27/03/2017 15:53,03/04/2017 12:53
ord_003805,cust_001460,delivered,12/01/2018 15:27,13/01/2018 17:27,16/01/2018 17:27,30/01/2018 17:27,27/01/2018 15:27
ord_003806,cust_002866,delivered,30/09/2018 17:55,30/09/2018 23:55,03/10/2018 23:55,17/10/2018 23:55,11/10/2018 17:55
ord_003807,cust_002993,canceled,24/01/2018 21:23,26/01/2018 06:23,,,06/02/2018 21:23
ord_003808,cust_002606,delivered,12/10/2018 11:19,14/10/2018 06:19,19/10/2018 06:19,22/10/2018 06:19,28/10/2018 11:19
ord_003809,cust_000521,delivered,10/05/2017 11:17,10/05/2017 16:17,11/05/2017 16:17,20/05/2017 16:17,28/05/2017 11:17
ord_003810,cust_002560,delivered,08/04/2018 14:01,08/04/2018 17:01,11/04/2018 17:01,14/04/2018 17:01,30/04/2018 14:01
ord_003811,cust_002317,delivered,24/05/2018 15:50,25/05/2018 14:50,30/05/2018 14:50,09/06/2018 14:50,14/06/2018 15:50
ord_003812,cust_001059,canceled,18/11/2018 14:04,20/11/2018 02:04,,,06/12/2018 14:04
ord_003813,cust_000682,delivered,03/05/2017 13:20,03/05/2017 16:20,08/05/2017 16:20,20/05/2017 16:20,20/05/2017 13:20
ord_003814,cust_002966,delivered,03/12/2017 16:15,05/12/2017 03:15,07/12/2017 03:15,14/12/2017 03:15,20/12/2017 16:15
ord_003815,cust_002218,delivered,11/07/2018 12:44,11/07/2018 23:44,17/07/2018 23:44,27/07/2018 23:44,03/08/2018 12:44
ord_003816,cust_000774,delivered,21/12/2018 10:55,21/12/2018 18:55,27/12/2018 18:55,04/01/2019 18:55,12/01/2019 10:55
ord_003817,cust_000608,delivered,26/10/2018 12:49,26/10/2018 21:49,28/10/2018 21:49,07/11/2018 21:49,10/11/2018 12:49
ord_003818,cust_001780,delivered,25/10/2018 09:19,26/10/2018 10:19,30/10/2018 10:19,09/11/2018 10:19,12/11/2018 09:19
ord_003819,cust_001581,delivered,11/04/2018 13:27,12/04/2018 17:27,17/04/2018 17:27,22/04/2018 17:27,26/04/2018 13:27
ord_003820,cust_002488,canceled,12/05/2018 09:14,13/05/2018 07:14,,,30/05/2018 09:14
ord_003821,cust_002003,delivered,01/11/2018 21:55,03/11/2018 02:55,04/11/2018 02:55,16/11/2018 02:55,17/11/2018 21:55
ord_003822,cust_002430,delivered,07/11/2018 14:07,09/11/2018 04:07,11/11/2018 04:07,17/11/2018 04:07,29/11/2018 14:07
ord_003823,cust_001295,delivered,01/10/2018 12:57,03/10/2018 03:57,09/10/2018 03:57,11/10/2018 03:57,21/10/2018 12:57
ord_003824,cust_002909,delivered,10/10/2018 21:48,12/10/2018 08:48,13/10/2018 08:48,20/10/2018 08:48,22/10/2018 21:48
ord_003825,cust_002898,delivered,12/11/2018 20:42,13/11/2018 21:42,16/11/2018 21:42,26/11/2018 21:42,22/11/2018 20:42
ord_003826,cust_002833,delivered,25/05/2017 17:46,26/05/2017 03:46,28/05/2017 03:46,09/06/2017 03:46,18/06/2017 17:46
ord_003827,cust_002116,delivered,09/11/2017 17:20,11/11/2017 04:20,15/11/2017 04:20,19/11/2017 04:20,24/11/2017 17:20
ord_003828,cust_001127,delivered,19/12/2018 17:17,21/12/2018 01:17,24/12/2018 01:17,01/01/2019 01:17,31/12/2018 17:17
ord_003829,cust_000471,delivered,30/04/2018 17:22,02/05/2018 11:22,08/05/2018 11:22,19/05/2018 11:22,21/05/2018 17:22
ord_003830,cust_001679,delivered,29/07/2017 15:10,31/07/2017 01:10,01/08/2017 01:10,09/08/2017 01:10,15/08/2017 15:10
ord_003831,cust_001116,delivered,02/04/2018 22:44,03/04/2018 04:44,07/04/2018 04:44,19/04/2018 04:44,20/04/2018 22:44
ord_003832,cust_000507,delivered,02/07/2018 09:28,03/07/2018 12:28,07/07/2018 12:28,17/07/2018 12:28,21/07/2018 09:28
ord_003833,cust_000941,delivered,16/10/2018 14:53,18/10/2018 00:53,22/10/2018 00:53,26/10/2018 00:53,30/10/2018 14:53
ord_003834,cust_002404,delivered,07/10/2018 19:52,09/10/2018 18:52,10/10/2018 18:52,14/10/2018 18:52,25/10/2018 19:52
ord_003835,cust_000886,canceled,10/03/2017 15:09,11/03/2017 06:09,,,29/03/2017 15:09
ord_003836,cust_000296,delivered,27/02/2018 18:13,01/03/2018 11:13,07/03/2018 11:13,18/03/2018 11:13,18/03/2018 18:13
ord_003837,cust_000635,shipped,31/01/2017 17:24,01/02/2017 06:24,05/02/2017 06:24,,23/02/2017 17:24
ord_003838,cust_000535,delivered,17/11/2018 13:07,18/11/2018 07:07,19/11/2018 07:07,24/11/2018 07:07,02/12/2018 13:07
ord_003839,cust_000557,delivered,26/07/2017 20:41,28/07/2017 18:41,02/08/2017 18:41,04/08/2017 18:41,12/08/2017 20:41
ord_003840,cust_001289,delivered,20/06/2018 13:44,20/06/2018 20:44,26/06/2018 20:44,01/07/2018 20:44,11/07/2018 13:44
ord_003841,cust_002610,delivered,16/05/2018 22:43,17/05/2018 07:43,22/05/2018 07:43,29/05/2018 07:43,06/06/2018 22:43
ord_003842,cust_001120,delivered,20/06/2018 22:28,22/06/2018 14:28,23/06/2018 14:28,26/06/2018 14:28,14/07/2018 22:28
ord_003843,cust_002968,delivered,12/05/2018 13:50,14/05/2018 08:50,15/05/2018 08:50,19/05/2018 08:50,24/05/2018 13:50
ord_003844,cust_002600,delivered,13/08/2018 17:36,13/08/2018 22:36,15/08/2018 22:36,18/08/2018 22:36,05/09/2018 17:36
ord_003845,cust_000480,delivered,20/06/2018 17:59,22/06/2018 08:59,25/06/2018 08:59,28/06/2018 08:59,07/07/2018 17:59
ord_003846,cust_001811,delivered,29/04/2017 18:48,30/04/2017 22:48,06/05/2017 22:48,12/05/2017 22:48,12/05/2017 18:48
ord_003847,cust_002373,delivered,25/12/2017 08:43,27/12/2017 02:43,30/12/2017 02:43,11/01/2018 02:43,08/01/2018 08:43
ord_003848,cust_002133,delivered,01/05/2018 12:07,02/05/2018 11:07,08/05/2018 11:07,14/05/2018 11:07,16/05/2018 12:07
ord_003849,cust_000682,delivered,26/11/2017 12:49,27/11/2017 16:49,28/11/2017 16:49,03/12/2017 16:49,20/12/2017 12:49
ord_003850,cust_002132,delivered,08/09/2018 20:18,09/09/2018 07:18,14/09/2018 07:18,23/09/2018 07:18,19/09/2018 20:18
ord_003851,cust_001565,delivered,23/11/2017 10:25,24/11/2017 14:25,29/11/2017 14:25,09/12/2017 14:25,06/12/2017 10:25
ord_003852,cust_000701,delivered,16/10/2018 12:27,17/10/2018 08:27,23/10/2018 08:27,29/10/2018 08:27,05/11/2018 12:27
ord_003853,cust_000591,delivered,29/06/2017 19:19,30/06/2017 14:19,04/07/2017 14:19,06/07/2017 14:19,23/07/2017 19:19
ord_003854,cust_001119,delivered,13/09/2018 10:06,13/09/2018 23:06,17/09/2018 23:06,22/09/2018 23:06,24/09/2018 10:06
ord_003855,cust_000813,delivered,04/08/2017 18:11,05/08/2017 13:11,06/08/2017 13:11,09/08/2017 13:11,20/08/2017 18:11
ord_003856,cust_001626,canceled,19/04/2018 11:48,19/04/2018 19:48,,,05/05/2018 11:48
ord_003857,cust_001232,shipped,24/11/2017 09:39,26/11/2017 01:39,30/11/2017 01:39,,11/12/2017 09:39
ord_003858,cust_000353,delivered,27/06/2018 08:56,28/06/2018 03:56,03/07/2018 03:56,07/07/2018 03:56,18/07/2018 08:56
ord_003859,cust_002115,delivered,01/09/2017 18:49,02/09/2017 12:49,05/09/2017 12:49,11/09/2017 12:49,18/09/2017 18:49
ord_003860,cust_000185,delivered,27/09/2018 17:24,29/09/2018 16:24,30/09/2018 16:24,07/10/2018 16:24,09/10/2018 17:24
ord_003861,cust_001422,delivered,18/05/2018 22:47,19/05/2018 21:47,24/05/2018 21:47,06/06/2018 21:47,31/05/2018 22:47
ord_003862,cust_000161,delivered,10/12/2018 09:34,11/12/2018 18:34,16/12/2018 18:34,19/12/2018 18:34,31/12/2018 09:34
ord_003863,cust_002430,delivered,11/08/2018 16:17,13/08/2018 15:17,15/08/2018 15:17,18/08/2018 15:17,24/08/2018 16:17
ord_003864,cust_000969,delivered,09/06/2018 14:58,11/06/2018 07:58,16/06/2018 07:58,24/06/2018 07:58,26/06/2018 14:58
ord_003865,cust_000289,canceled,16/10/2018 09:55,17/10/2018 02:55,,,31/10/2018 09:55
ord_003866,cust_000740,delivered,07/09/2017 18:06,08/09/2017 19:06,12/09/2017 19:06,20/09/2017 19:06,23/09/2017 18:06
ord_003867,cust_001715,delivered,25/06/2018 12:50,27/06/2018 03:50,28/06/2018 03:50,09/07/2018 03:50,16/07/2018 12:50
ord_003868,cust_002348,delivered,11/01/2018 18:04,12/01/2018 18:04,17/01/2018 18:04,30/01/2018 18:04,24/01/2018 18:04
ord_003869,cust_000320,delivered,29/08/2018 10:55,29/08/2018 23:55,01/09/2018 23:55,10/09/2018 23:55,18/09/2018 10:55
ord_003870,cust_000957,delivered,05/02/2017 10:37,06/02/2017 11:37,08/02/2017 11:37,16/02/2017 11:37,26/02/2017 10:37
ord_003871,cust_000353,delivered,08/02/2018 22:09,08/02/2018 23:09,13/02/2018 23:09,23/02/2018 23:09,04/03/2018 22:09
ord_003872,cust_000730,delivered,06/07/2018 08:49,08/07/2018 02:49,13/07/2018 02:49,17/07/2018 02:49,22/07/2018 08:49
ord_003873,cust_000926,delivered,04/03/2018 22:30,06/03/2018 02:30,10/03/2018 02:30,15/03/2018 02:30,15/03/2018 22:30
ord_003874,cust_001767,delivered,24/09/2017 11:03,24/09/2017 23:03,29/09/2017 23:03,05/10/2017 23:03,14/10/2017 11:03
ord_003875,cust_000314,delivered,06/03/2018 21:47,07/03/2018 20:47,08/03/2018 20:47,19/03/2018 20:47,27/03/2018 21:47
ord_003876,cust_001828,delivered,27/10/2018 21:47,27/10/2018 22:47,01/11/2018 22:47,14/11/2018 22:47,06/11/2018 21:47
ord_003877,cust_002326,canceled,26/08/2017 14:28,28/08/2017 03:28,,,07/09/2017 14:28
ord_003878,cust_002836,delivered,25/12/2017 13:43,26/12/2017 14:43,27/12/2017 14:43,06/01/2018 14:43,09/01/2018 13:43
ord_003879,cust_001522,delivered,26/12/2018 09:02,26/12/2018 09:02,29/12/2018 09:02,10/01/2019 09:02,12/01/2019 09:02
ord_003880,cust_001450,delivered,23/11/2018 22:19,24/11/2018 20:19,28/11/2018 20:19,03/12/2018 20:19,10/12/2018 22:19
ord_003881,cust_001933,delivered,18/02/2017 08:40,18/02/2017 11:40,23/02/2017 11:40,26/02/2017 11:40,02/03/2017 08:40
ord_003882,cust_002992,delivered,20/04/2018 13:13,21/04/2018 07:13,25/04/2018 07:13,06/05/2018 07:13,02/05/2018 13:13
ord_003883,cust_000168,delivered,30/03/2017 14:27,01/04/2017 07:27,03/04/2017 07:27,06/04/2017 07:27,23/04/2017 14:27
ord_003884,cust_000544,delivered,26/11/2018 17:55,28/11/2018 00:55,30/11/2018 00:55,04/12/2018 00:55,16/12/2018 17:55
ord_003885,cust_000674,delivered,18/02/2018 21:49,19/02/2018 20:49,24/02/2018 20:49,03/03/2018 20:49,07/03/2018 21:49
ord_003886,cust_000558,delivered,01/02/2018 15:33,02/02/2018 15:33,08/02/2018 15:33,20/02/2018 15:33,15/02/2018 15:33
ord_003887,cust_001569,delivered,24/10/2017 09:34,25/10/2017 09:34,29/10/2017 09:34,05/11/2017 09:34,10/11/2017 09:34
ord_003888,cust_000146,shipped,15/05/2018 18:53,15/05/2018 22:53,20/05/2018 22:53,,08/06/2018 18:53
ord_003889,cust_000246,delivered,27/06/2017 08:51,27/06/2017 18:51,01/07/2017 18:51,04/07/2017 18:51,11/07/2017 08:51
ord_003890,cust_002005,delivered,29/09/2018 15:05,01/10/2018 06:05,04/10/2018 06:05,09/10/2018 06:05,13/10/2018 15:05
ord_003891,cust_000481,delivered,25/03/2018 22:27,27/03/2018 18:27,30/03/2018 18:27,02/04/2018 18:27,10/04/2018 22:27
ord_003892,cust_000992,delivered,14/05/2018 14:11,14/05/2018 20:11,17/05/2018 20:11,23/05/2018 20:11,26/05/2018 14:11
ord_003893,cust_000065,delivered,23/10/2018 09:04,25/10/2018 04:04,26/10/2018 04:04,29/10/2018 04:04,03/11/2018 09:04
ord_003894,cust_002295,delivered,06/08/2017 12:17,06/08/2017 13:17,10/08/2017 13:17,22/08/2017 13:17,29/08/2017 12:17
ord_003895,cust_002734,delivered,27/07/2017 14:36,28/07/2017 14:36,30/07/2017 14:36,01/08/2017 14:36,16/08/2017 14:36
ord_003896,cust_002063,delivered,03/02/2018 22:47,05/02/2018 13:47,11/02/2018 13:47,15/02/2018 13:47,18/02/2018 22:47
ord_003897,cust_001293,delivered,22/09/2018 15:54,23/09/2018 01:54,29/09/2018 01:54,01/10/2018 01:54,10/10/2018 15:54
ord_003898,cust_001194,delivered,22/03/2017 16:25,24/03/2017 13:25,27/03/2017 13:25,01/04/2017 13:25,08/04/2017 16:25
ord_003899,cust_000135,delivered,27/09/2018 11:25,29/09/2018 10:25,03/10/2018 10:25,15/10/2018 10:25,08/10/2018 11:25
ord_003900,cust_000763,delivered,31/03/2018 08:09,01/04/2018 04:09,02/04/2018 04:09,11/04/2018 04:09,21/04/2018 08:09
ord_003901,cust_001381,delivered,11/05/2018 22:11,,17/05/2018 16:11,31/05/2018 16:11,22/05/2018 22:11
ord_003902,cust_000150,delivered,12/05/2018 16:06,12/05/2018 19:06,18/05/2018 19:06,28/05/2018 19:06,30/05/2018 16:06
ord_003903,cust_002662,delivered,19/03/2017 17:58,20/03/2017 18:58,24/03/2017 18:58,31/03/2017 18:58,02/04/2017 17:58
ord_003904,cust_001869,delivered,04/10/2017 14:07,05/10/2017 04:07,11/10/2017 04:07,25/10/2017 04:07,20/10/2017 14:07
ord_003905,cust_000569,delivered,05/09/2018 08:45,06/09/2018 14:45,07/09/2018 14:45,11/09/2018 14:45,22/09/2018 08:45
ord_003906,cust_002650,delivered,28/01/2018 09:19,28/01/2018 21:19,03/02/2018 21:19,06/02/2018 21:19,13/02/2018 09:19
ord_003907,cust_000713,canceled,10/05/2018 20:32,11/05/2018 17:32,,,23/05/2018 20:32
ord_003908,cust_001976,delivered,03/12/2018 21:52,05/12/2018 08:52,06/12/2018 08:52,20/12/2018 08:52,14/12/2018 21:52
ord_003909,cust_002946,delivered,06/03/2017 17:56,07/03/2017 02:56,11/03/2017 02:56,23/03/2017 02:56,17/03/2017 17:56
ord_003910,cust_001095,delivered,24/02/2018 08:14,26/02/2018 00:14,02/03/2018 00:14,10/03/2018 00:14,16/03/2018 08:14
ord_003911,cust_002561,delivered,20/12/2017 12:54,21/12/2017 20:54,22/12/2017 20:54,05/01/2018 20:54,31/12/2017 12:54
ord_003912,cust_002773,delivered,17/05/2017 17:15,18/05/2017 05:15,21/05/2017 05:15,31/05/2017 05:15,03/06/2017 17:15
ord_003913,cust_001645,delivered,06/12/2018 11:48,07/12/2018 19:48,13/12/2018 19:48,18/12/2018 19:48,20/12/2018 11:48
ord_003914,cust_001951,delivered,12/12/2018 20:00,13/12/2018 11:00,15/12/2018 11:00,17/12/2018 11:00,01/01/2019 20:00
ord_003915,cust_000558,delivered,21/11/2017 13:32,22/11/2017 15:32,23/11/2017 15:32,25/11/2017 15:32,10/12/2017 13:32
ord_003916,cust_002523,delivered,04/12/2018 11:43,05/12/2018 16:43,10/12/2018 16:43,23/12/2018 16:43,16/12/2018 11:43
ord_003917,cust_000658,canceled,20/02/2017 19:50,22/02/2017 10:50,,,12/03/2017 19:50
ord_003918,cust_000882,delivered,22/12/2018 19:50,23/12/2018 11:50,26/12/2018 11:50,02/01/2019 11:50,10/01/2019 19:50
ord_003919,cust_002584,delivered,20/10/2018 13:17,21/10/2018 10:17,23/10/2018 10:17,30/10/2018 10:17,03/11/2018 13:17
ord_003920,cust_000621,delivered,02/09/2017 12:51,03/09/2017 09:51,09/09/2017 09:51,12/09/2017 09:51,24/09/2017 12:51
ord_003921,cust_002026,delivered,04/06/2018 17:19,06/06/2018 10:19,12/06/2018 10:19,14/06/2018 10:19,20/06/2018 17:19
ord_003922,cust_001099,delivered,29/09/2018 18:14,01/10/2018 10:14,02/10/2018 10:14,13/10/2018 10:14,09/10/2018 18:14
ord_003923,cust_001052,delivered,24/11/2017 11:00,24/11/2017 21:00,29/11/2017 21:00,09/12/2017 21:00,13/12/2017 11:00
ord_003924,cust_002738,shipped,14/12/2017 22:14,15/12/2017 03:14,18/12/2017 03:14,,30/12/2017 22:14
ord_003925,cust_000077,delivered,22/06/2018 19:07,24/06/2018 17:07,26/06/2018 17:07,29/06/2018 17:07,07/07/2018 19:07
ord_003926,cust_002249,shipped,29/06/2017 08:40,29/06/2017 16:40,02/07/2017 16:40,,15/07/2017 08:40
ord_003927,cust_000408,delivered,30/05/2017 09:08,30/05/2017 18:08,02/06/2017 18:08,05/06/2017 18:08,23/06/2017 09:08
ord_003928,cust_002404,delivered,04/10/2017 12:35,04/10/2017 17:35,08/10/2017 17:35,13/10/2017 17:35,19/10/2017 12:35
ord_003929,cust_002187,delivered,28/08/2018 08:07,28/08/2018 15:07,03/09/2018 15:07,14/09/2018 15:07,17/09/2018 08:07
ord_003930,cust_001855,delivered,25/12/2017 13:42,25/12/2017 16:42,26/12/2017 16:42,30/12/2017 16:42,16/01/2018 13:42
ord_003931,cust_001946,delivered,05/04/2018 09:17,06/04/2018 13:17,10/04/2018 13:17,22/04/2018 13:17,23/04/2018 09:17
ord_003932,cust_000055,delivered,16/08/2017 10:18,17/08/2017 10:18,18/08/2017 10:18,31/08/2017 10:18,08/09/2017 10:18
ord_003933,cust_001076,delivered,15/08/2017 11:38,15/08/2017 15:38,16/08/2017 15:38,20/08/2017 15:38,01/09/2017 11:38
ord_003934,cust_002187,delivered,05/07/2018 09:56,06/07/2018 16:56,08/07/2018 16:56,18/07/2018 16:56,18/07/2018 09:56
ord_003935,cust_001775,delivered,19/05/2017 11:59,19/05/2017 19:59,24/05/2017 19:59,04/06/2017 19:59,05/06/2017 11:59
ord_003936,cust_000592,invoiced,16/07/2018 18:21,17/07/2018 19:21,,,27/07/2018 18:21
ord_003937,cust_002265,delivered,19/01/2018 12:56,20/01/2018 22:56,23/01/2018 22:56,28/01/2018 22:56,02/02/2018 12:56
ord_003938,cust_000884,delivered,18/07/2018 22:36,19/07/2018 18:36,25/07/2018 18:36,08/08/2018 18:36,31/07/2018 22:36
ord_003939,cust_001931,delivered,05/01/2018 08:54,05/01/2018 22:54,07/01/2018 22:54,13/01/2018 22:54,16/01/2018 08:54
ord_003940,cust_001906,delivered,25/10/2018 15:01,27/10/2018 10:01,01/11/2018 10:01,06/11/2018 10:01,06/11/2018 15:01
ord_003941,cust_000718,delivered,18/03/2017 20:01,20/03/2017 10:01,25/03/2017 10:01,28/03/2017 10:01,09/04/2017 20:01
ord_003942,cust_000146,delivered,20/11/2018 13:04,22/11/2018 05:04,26/11/2018 05:04,09/12/2018 05:04,12/12/2018 13:04
ord_003943,cust_002854,delivered,20/10/2017 14:48,20/10/2017 21:48,26/10/2017 21:48,30/10/2017 21:48,12/11/2017 14:48
ord_003944,cust_002264,delivered,01/03/2017 09:08,01/03/2017 22:08,07/03/2017 22:08,10/03/2017 22:08,11/03/2017 09:08
ord_003945,cust_000070,delivered,11/05/2018 22:10,12/05/2018 16:10,13/05/2018 16:10,15/05/2018 16:10,04/06/2018 22:10
ord_003946,cust_000582,delivered,12/09/2017 09:35,12/09/2017 17:35,14/09/2017 17:35,19/09/2017 17:35,27/09/2017 09:35
ord_003947,cust_001668,delivered,02/03/2018 12:57,03/03/2018 06:57,06/03/2018 06:57,16/03/2018 06:57,18/03/2018 12:57
ord_003948,cust_002655,delivered,01/10/2018 10:34,01/10/2018 21:34,05/10/2018 21:34,15/10/2018 21:34,13/10/2018 10:34
ord_003949,cust_000669,delivered,25/09/2018 21:43,26/09/2018 20:43,28/09/2018 20:43,11/10/2018 20:43,19/10/2018 21:43
ord_003950,cust_001578,delivered,04/06/2018 08:11,05/06/2018 17:11,09/06/2018 17:11,19/06/2018 17:11,28/06/2018 08:11
ord_003951,cust_002122,delivered,20/12/2018 09:54,21/12/2018 04:54,27/12/2018 04:54,29/12/2018 04:54,09/01/2019 09:54
ord_003952,cust_002630,delivered,06/03/2018 11:03,07/03/2018 21:03,08/03/2018 21:03,20/03/2018 21:03,17/03/2018 11:03
ord_003953,cust_001685,delivered,25/02/2017 13:16,26/02/2017 07:16,04/03/2017 07:16,09/03/2017 07:16,13/03/2017 13:16
ord_003954,cust_001252,delivered,11/10/2018 10:27,12/10/2018 09:27,15/10/2018 09:27,29/10/2018 09:27,25/10/2018 10:27
ord_003955,cust_000587,delivered,09/09/2017 21:13,10/09/2017 12:13,16/09/2017 12:13,22/09/2017 12:13,02/10/2017 21:13
ord_003956,cust_001648,delivered,28/07/2017 22:39,29/07/2017 02:39,03/08/2017 02:39,05/08/2017 02:39,16/08/2017 22:39
ord_003957,cust_001517,delivered,05/04/2017 13:40,05/04/2017 13:40,06/04/2017 13:40,13/04/2017 13:40,29/04/2017 13:40
ord_003958,cust_002663,delivered,27/11/2017 13:12,27/11/2017 21:12,03/12/2017 21:12,10/12/2017 21:12,19/12/2017 13:12
ord_003959,cust_001559,delivered,26/11/2017 11:00,27/11/2017 16:00,28/11/2017 16:00,10/12/2017 16:00,14/12/2017 11:00
ord_003960,cust_002312,delivered,17/11/2017 17:04,17/11/2017 21:04,19/11/2017 21:04,28/11/2017 21:04,01/12/2017 17:04
ord_003961,cust_001260,delivered,31/05/2018 10:00,01/06/2018 08:00,05/06/2018 08:00,07/06/2018 08:00,21/06/2018 10:00
ord_003962,cust_001499,delivered,03/09/2018 08:54,03/09/2018 14:54,09/09/2018 14:54,11/09/2018 14:54,23/09/2018 08:54
ord_003963,cust_000126,delivered,29/11/2018 08:37,30/11/2018 01:37,02/12/2018 01:37,11/12/2018 01:37,20/12/2018 08:37
ord_003964,cust_001485,delivered,03/05/2017 12:08,04/05/2017 00:08,08/05/2017 00:08,11/05/2017 00:08,26/05/2017 12:08
ord_003965,cust_000620,delivered,03/07/2017 12:05,03/07/2017 22:05,04/07/2017 22:05,12/07/2017 22:05,22/07/2017 12:05
ord_003966,cust_000973,delivered,29/05/2018 12:49,30/05/2018 12:49,02/06/2018 12:49,15/06/2018 12:49,18/06/2018 12:49
ord_003967,cust_002906,delivered,08/05/2017 17:48,10/05/2017 11:48,12/05/2017 11:48,24/05/2017 11:48,24/05/2017 17:48
ord_003968,cust_002034,processing,28/12/2017 18:55,30/12/2017 01:55,,,14/01/2018 18:55
ord_003969,cust_000565,delivered,19/06/2018 09:09,19/06/2018 20:09,24/06/2018 20:09,29/06/2018 20:09,01/07/2018 09:09
ord_003970,cust_001670,delivered,19/09/2018 14:31,21/09/2018 06:31,26/09/2018 06:31,04/10/2018 06:31,01/10/2018 14:31
ord_003971,cust_001376,delivered,05/09/2017 19:07,07/09/2017 15:07,12/09/2017 15:07,15/09/2017 15:07,29/09/2017 19:07
ord_003972,cust_002260,delivered,16/07/2018 09:47,,18/07/2018 21:47,29/07/2018 21:47,28/07/2018 09:47
ord_003973,cust_000882,shipped,03/07/2018 16:24,04/07/2018 02:24,09/07/2018 02:24,,14/07/2018 16:24
ord_003974,cust_001927,delivered,02/11/2018 11:41,02/11/2018 19:41,06/11/2018 19:41,08/11/2018 19:41,23/11/2018 11:41
ord_003975,cust_002270,delivered,22/11/2017 20:01,24/11/2017 18:01,25/11/2017 18:01,05/12/2017 18:01,04/12/2017 20:01
ord_003976,cust_002160,delivered,02/09/2018 08:46,04/09/2018 02:46,10/09/2018 02:46,19/09/2018 02:46,18/09/2018 08:46
ord_003977,cust_001734,delivered,03/09/2018 21:13,04/09/2018 17:13,09/09/2018 17:13,18/09/2018 17:13,18/09/2018 21:13
ord_003978,cust_000057,delivered,25/09/2017 18:50,26/09/2017 15:50,01/10/2017 15:50,09/10/2017 15:50,11/10/2017 18:50
ord_003979,cust_002146,delivered,17/06/2018 09:11,18/06/2018 10:11,21/06/2018 10:11,30/06/2018 10:11,02/07/2018 09:11
ord_003980,cust_002884,delivered,20/07/2018 09:47,22/07/2018 03:47,27/07/2018 03:47,03/08/2018 03:47,30/07/2018 09:47
ord_003981,cust_001910,delivered,25/10/2017 19:08,26/10/2017 09:08,28/10/2017 09:08,31/10/2017 09:08,08/11/2017 19:08
ord_003982,cust_001768,delivered,25/02/2018 10:39,26/02/2018 18:39,03/03/2018 18:39,12/03/2018 18:39,16/03/2018 10:39
ord_003983,cust_001511,delivered,14/02/2018 21:46,16/02/2018 18:46,20/02/2018 18:46,22/02/2018 18:46,25/02/2018 21:46
ord_003984,cust_000261,delivered,15/09/2018 10:23,16/09/2018 00:23,20/09/2018 00:23,22/09/2018 00:23,28/09/2018 10:23
ord_003985,cust_002881,delivered,02/01/2017 08:14,02/01/2017 21:14,07/01/2017 21:14,16/01/2017 21:14,25/01/2017 08:14
ord_003986,cust_001121,delivered,31/03/2018 16:20,31/03/2018 22:20,02/04/2018 22:20,13/04/2018 22:20,19/04/2018 16:20
ord_003987,cust_002109,delivered,05/08/2017 17:17,07/08/2017 04:17,08/08/2017 04:17,11/08/2017 04:17,22/08/2017 17:17
ord_003988,cust_001640,processing,03/07/2018 16:37,04/07/2018 05:37,,,21/07/2018 16:37
ord_003989,cust_002066,delivered,23/07/2018 10:02,23/07/2018 10:02,28/07/2018 10:02,11/08/2018 10:02,16/08/2018 10:02
ord_003990,cust_000243,delivered,31/03/2018 13:02,01/04/2018 13:02,03/04/2018 13:02,15/04/2018 13:02,10/04/2018 13:02
ord_003991,cust_002071,delivered,28/04/2018 10:17,29/04/2018 12:17,03/05/2018 12:17,15/05/2018 12:17,21/05/2018 10:17
ord_003992,cust_001659,canceled,23/11/2017 13:16,23/11/2017 13:16,,,10/12/2017 13:16
ord_003993,cust_001400,delivered,22/11/2017 08:10,23/11/2017 19:10,27/11/2017 19:10,01/12/2017 19:10,09/12/2017 08:10
ord_003994,cust_002241,delivered,30/08/2018 21:43,31/08/2018 23:43,01/09/2018 23:43,08/09/2018 23:43,12/09/2018 21:43
ord_003995,cust_001928,delivered,14/06/2017 14:01,15/06/2017 12:01,21/06/2017 12:01,30/06/2017 12:01,29/06/2017 14:01
ord_003996,cust_002268,delivered,14/09/2018 13:55,15/09/2018 05:55,21/09/2018 05:55,01/10/2018 05:55,02/10/2018 13:55
ord_003997,cust_001813,delivered,08/07/2018 20:45,10/07/2018 02:45,15/07/2018 02:45,18/07/2018 02:45,21/07/2018 20:45
ord_003998,cust_002351,delivered,15/11/2018 11:24,16/11/2018 23:24,20/11/2018 23:24,04/12/2018 23:24,30/11/2018 11:24
ord_003999,cust_002664,delivered,13/10/2017 08:51,14/10/2017 20:51,18/10/2017 20:51,01/11/2017 20:51,06/11/2017 08:51
ord_004000,cust_002441,delivered,04/04/2018 09:37,05/04/2018 03:37,09/04/2018 03:37,11/04/2018 03:37,26/04/2018 09:37
ord_004001,cust_002936,delivered,25/02/2017 12:34,26/02/2017 12:34,01/03/2017 12:34,10/03/2017 12:34,16/03/2017 12:34
ord_004002,cust_001615,delivered,23/11/2018 20:18,24/11/2018 08:18,28/11/2018 08:18,01/12/2018 08:18,07/12/2018 20:18
ord_004003,cust_001449,delivered,20/07/2018 08:39,20/07/2018 18:39,24/07/2018 18:39,30/07/2018 18:39,11/08/2018 08:39
ord_004004,cust_000209,delivered,18/06/2018 15:08,20/06/2018 08:08,25/06/2018 08:08,08/07/2018 08:08,10/07/2018 15:08
ord_004005,cust_001802,delivered,23/08/2018 08:31,24/08/2018 03:31,30/08/2018 03:31,09/09/2018 03:31,16/09/2018 08:31
ord_004006,cust_002046,delivered,02/11/2017 17:06,03/11/2017 06:06,08/11/2017 06:06,14/11/2017 06:06,22/11/2017 17:06
ord_004007,cust_000870,delivered,06/06/2018 16:26,08/06/2018 03:26,14/06/2018 03:26,16/06/2018 03:26,19/06/2018 16:26
ord_004008,cust_000121,delivered,01/10/2018 10:36,02/10/2018 19:36,05/10/2018 19:36,17/10/2018 19:36,16/10/2018 10:36
ord_004009,cust_002536,delivered,29/04/2017 17:09,30/04/2017 06:09,05/05/2017 06:09,10/05/2017 06:09,22/05/2017 17:09
ord_004010,cust_000378,delivered,10/12/2018 18:13,11/12/2018 02:13,14/12/2018 02:13,23/12/2018 02:13,21/12/2018 18:13
ord_004011,cust_002132,delivered,19/11/2018 16:48,20/11/2018 22:48,25/11/2018 22:48,30/11/2018 22:48,10/12/2018 16:48
ord_004012,cust_002924,delivered,12/12/2018 22:15,14/12/2018 18:15,16/12/2018 18:15,28/12/2018 18:15,29/12/2018 22:15
ord_004013,cust_002771,delivered,05/10/2018 13:05,05/10/2018 20:05,10/10/2018 20:05,16/10/2018 20:05,21/10/2018 13:05
ord_004014,cust_000653,delivered,10/11/2017 22:19,11/11/2017 09:19,12/11/2017 09:19,23/11/2017 09:19,22/11/2017 22:19
ord_004015,cust_001815,delivered,23/05/2018 20:56,25/05/2018 16:56,30/05/2018 16:56,02/06/2018 16:56,16/06/2018 20:56
ord_004016,cust_002822,delivered,01/06/2017 15:41,03/06/2017 02:41,05/06/2017 02:41,15/06/2017 02:41,14/06/2017 15:41
ord_004017,cust_002125,delivered,04/09/2018 15:34,05/09/2018 19:34,07/09/2018 19:34,21/09/2018 19:34,22/09/2018 15:34
ord_004018,cust_000862,delivered,06/07/2017 11:50,07/07/2017 03:50,10/07/2017 03:50,18/07/2017 03:50,24/07/2017 11:50
ord_004019,cust_000285,delivered,06/11/2018 09:39,07/11/2018 07:39,10/11/2018 07:39,18/11/2018 07:39,21/11/2018 09:39
ord_004020,cust_001552,delivered,26/09/2017 21:48,27/09/2017 06:48,28/09/2017 06:48,08/10/2017 06:48,08/10/2017 21:48
ord_004021,cust_001820,delivered,13/07/2017 19:39,15/07/2017 09:39,19/07/2017 09:39,01/08/2017 09:39,25/07/2017 19:39
ord_004022,cust_000565,delivered,06/04/2017 22:51,07/04/2017 22:51,08/04/2017 22:51,20/04/2017 22:51,25/04/2017 22:51
ord_004023,cust_001130,delivered,10/08/2018 12:37,12/08/2018 02:37,16/08/2018 02:37,18/08/2018 02:37,30/08/2018 12:37
ord_004024,cust_001258,delivered,07/08/2017 14:15,09/08/2017 08:15,12/08/2017 08:15,17/08/2017 08:15,20/08/2017 14:15
ord_004025,cust_001524,shipped,18/08/2017 20:02,19/08/2017 00:02,23/08/2017 00:02,,08/09/2017 20:02
ord_004026,cust_000161,delivered,22/07/2017 09:06,24/07/2017 02:06,25/07/2017 02:06,08/08/2017 02:06,11/08/2017 09:06
ord_004027,cust_000979,delivered,20/11/2017 11:30,21/11/2017 01:30,27/11/2017 01:30,07/12/2017 01:30,03/12/2017 11:30
ord_004028,cust_002524,delivered,01/12/2018 22:58,02/12/2018 13:58,03/12/2018 13:58,05/12/2018 13:58,16/12/2018 22:58
ord_004029,cust_000861,delivered,22/03/2018 21:45,23/03/2018 19:45,29/03/2018 19:45,08/04/2018 19:45,06/04/2018 21:45
ord_004030,cust_002405,delivered,13/10/2017 14:46,14/10/2017 04:46,17/10/2017 04:46,31/10/2017 04:46,31/10/2017 14:46
ord_004031,cust_002462,delivered,23/07/2017 12:39,24/07/2017 04:39,29/07/2017 04:39,10/08/2017 04:39,02/08/2017 12:39
ord_004032,cust_002596,delivered,28/01/2017 08:54,29/01/2017 17:54,02/02/2017 17:54,13/02/2017 17:54,21/02/2017 08:54
ord_004033,cust_001672,delivered,23/12/2017 22:44,24/12/2017 13:44,29/12/2017 13:44,06/01/2018 13:44,10/01/2018 22:44
ord_004034,cust_001084,processing,21/05/2017 10:15,22/05/2017 15:15,,,10/06/2017 10:15
ord_004035,cust_000759,delivered,09/02/2017 19:29,10/02/2017 11:29,15/02/2017 11:29,25/02/2017 11:29,28/02/2017 19:29
ord_004036,cust_001605,delivered,13/05/2017 16:24,14/05/2017 07:24,18/05/2017 07:24,26/05/2017 07:24,28/05/2017 16:24
ord_004037,cust_002300,delivered,24/11/2017 20:09,25/11/2017 02:09,30/11/2017 02:09,13/12/2017 02:09,16/12/2017 20:09
ord_004038,cust_002482,shipped,02/09/2018 14:13,04/09/2018 07:13,08/09/2018 07:13,,16/09/2018 14:13
ord_004039,cust_000224,delivered,01/04/2017 18:17,01/04/2017 23:17,03/04/2017 23:17,06/04/2017 23:17,11/04/2017 18:17
ord_004040,cust_002786,delivered,22/07/2018 12:10,23/07/2018 14:10,29/07/2018 14:10,10/08/2018 14:10,09/08/2018 12:10
ord_004041,cust_000879,delivered,17/06/2018 20:13,18/06/2018 08:13,24/06/2018 08:13,26/06/2018 08:13,28/06/2018 20:13
ord_004042,cust_000760,delivered,14/11/2018 21:54,16/11/2018 20:54,21/11/2018 20:54,04/12/2018 20:54,06/12/2018 21:54
ord_004043,cust_001008,delivered,05/08/2017 22:20,06/08/2017 01:20,08/08/2017 01:20,22/08/2017 01:20,15/08/2017 22:20
ord_004044,cust_001096,delivered,27/09/2018 17:49,28/09/2018 13:49,01/10/2018 13:49,06/10/2018 13:49,10/10/2018 17:49
ord_004045,cust_000532,delivered,05/11/2018 09:03,06/11/2018 09:03,11/11/2018 09:03,24/11/2018 09:03,29/11/2018 09:03
ord_004046,cust_000974,delivered,19/12/2018 11:58,21/12/2018 10:58,23/12/2018 10:58,01/01/2019 10:58,01/01/2019 11:58
ord_004047,cust_002528,delivered,05/10/2018 09:45,05/10/2018 16:45,06/10/2018 16:45,14/10/2018 16:45,22/10/2018 09:45
ord_004048,cust_000077,delivered,05/06/2017 20:54,07/06/2017 11:54,10/06/2017 11:54,23/06/2017 11:54,28/06/2017 20:54
ord_004049,cust_002021,delivered,04/12/2018 15:31,04/12/2018 18:31,08/12/2018 18:31,20/12/2018 18:31,17/12/2018 15:31
ord_004050,cust_002631,delivered,08/10/2018 19:38,09/10/2018 08:38,15/10/2018 08:38,28/10/2018 08:38,22/10/2018 19:38
ord_004051,cust_002010,delivered,31/08/2017 19:21,02/09/2017 11:21,04/09/2017 11:21,17/09/2017 11:21,10/09/2017 19:21
ord_004052,cust_001424,delivered,18/07/2017 22:25,19/07/2017 16:25,21/07/2017 16:25,01/08/2017 16:25,09/08/2017 22:25
ord_004053,cust_001778,delivered,29/11/2018 11:45,30/11/2018 15:45,05/12/2018 15:45,13/12/2018 15:45,10/12/2018 11:45
ord_004054,cust_001617,delivered,08/07/2017 17:02,09/07/2017 11:02,15/07/2017 11:02,19/07/2017 11:02,01/08/2017 17:02
ord_004055,cust_001134,delivered,17/09/2018 10:02,19/09/2018 05:02,25/09/2018 05:02,28/09/2018 05:02,07/10/2018 10:02
ord_004056,cust_002540,delivered,23/01/2018 16:52,23/01/2018 20:52,27/01/2018 20:52,01/02/2018 20:52,06/02/2018 16:52
ord_004057,cust_001977,delivered,18/08/2018 12:06,20/08/2018 11:06,21/08/2018 11:06,29/08/2018 11:06,04/09/2018 12:06
ord_004058,cust_000167,delivered,01/05/2017 20:43,02/05/2017 07:43,06/05/2017 07:43,09/05/2017 07:43,18/05/2017 20:43
ord_004059,cust_002208,delivered,19/08/2018 16:11,20/08/2018 20:11,21/08/2018 20:11,27/08/2018 20:11,09/09/2018 16:11
ord_004060,cust_000729,delivered,08/04/2018 18:21,09/04/2018 06:21,14/04/2018 06:21,26/04/2018 06:21,23/04/2018 18:21
ord_004061,cust_001615,canceled,21/11/2018 11:17,23/11/2018 01:17,,,04/12/2018 11:17
ord_004062,cust_000510,delivered,09/08/2017 08:29,10/08/2017 17:29,14/08/2017 17:29,20/08/2017 17:29,20/08/2017 08:29
ord_004063,cust_001412,delivered,21/05/2017 19:49,22/05/2017 02:49,24/05/2017 02:49,07/06/2017 02:49,06/06/2017 19:49
ord_004064,cust_000434,delivered,17/08/2017 18:52,18/08/2017 05:52,20/08/2017 05:52,26/08/2017 05:52,03/09/2017 18:52
ord_004065,cust_000670,delivered,15/04/2017 22:13,17/04/2017 07:13,22/04/2017 07:13,03/05/2017 07:13,04/05/2017 22:13
ord_004066,cust_002603,delivered,21/12/2018 14:20,22/12/2018 14:20,27/12/2018 14:20,05/01/2019 14:20,12/01/2019 14:20
ord_004067,cust_000251,delivered,04/06/2017 18:50,05/06/2017 20:50,10/06/2017 20:50,22/06/2017 20:50,17/06/2017 18:50
ord_004068,cust_000917,delivered,21/08/2017 21:05,22/08/2017 14:05,23/08/2017 14:05,03/09/2017 14:05,03/09/2017 21:05
ord_004069,cust_000123,delivered,05/10/2018 15:07,06/10/2018 23:07,11/10/2018 23:07,20/10/2018 23:07,19/10/2018 15:07
ord_004070,cust_000565,delivered,01/10/2017 12:28,03/10/2017 08:28,09/10/2017 08:28,23/10/2017 08:28,13/10/2017 12:28
ord_004071,cust_002142,delivered,10/09/2017 17:47,10/09/2017 22:47,11/09/2017 22:47,16/09/2017 22:47,22/09/2017 17:47
ord_004072,cust_001653,canceled,18/07/2018 22:20,20/07/2018 07:20,,,08/08/2018 22:20
ord_004073,cust_001045,delivered,18/01/2018 16:04,20/01/2018 12:04,25/01/2018 12:04,03/02/2018 12:04,07/02/2018 16:04
ord_004074,cust_000269,delivered,19/10/2018 09:58,19/10/2018 19:58,23/10/2018 19:58,03/11/2018 19:58,10/11/2018 09:58
ord_004075,cust_002125,delivered,28/06/2018 22:56,29/06/2018 18:56,05/07/2018 18:56,15/07/2018 18:56,16/07/2018 22:56
ord_004076,cust_000768,delivered,06/11/2017 11:39,07/11/2017 14:39,12/11/2017 14:39,26/11/2017 14:39,28/11/2017 11:39
ord_004077,cust_001523,delivered,03/06/2018 11:40,05/06/2018 00:40,08/06/2018 00:40,17/06/2018 00:40,19/06/2018 11:40
ord_004078,cust_000381,delivered,05/11/2018 15:56,06/11/2018 23:56,10/11/2018 23:56,21/11/2018 23:56,28/11/2018 15:56
ord_004079,cust_001340,delivered,23/12/2017 13:38,25/12/2017 12:38,30/12/2017 12:38,02/01/2018 12:38,10/01/2018 13:38
ord_004080,cust_002620,delivered,25/08/2018 17:47,26/08/2018 19:47,31/08/2018 19:47,02/09/2018 19:47,04/09/2018 17:47
ord_004081,cust_001886,invoiced,30/01/2018 08:27,01/02/2018 01:27,,,11/02/2018 08:27
ord_004082,cust_001426,delivered,28/04/2018 14:13,29/04/2018 14:13,05/05/2018 14:13,12/05/2018 14:13,15/05/2018 14:13
ord_004083,cust_000549,delivered,23/08/2018 20:49,24/08/2018 10:49,30/08/2018 10:49,04/09/2018 10:49,14/09/2018 20:49
ord_004084,cust_000794,delivered,24/03/2017 09:41,25/03/2017 17:41,27/03/2017 17:41,07/04/2017 17:41,05/04/2017 09:41
ord_004085,cust_002938,delivered,28/02/2018 20:17,01/03/2018 15:17,03/03/2018 15:17,10/03/2018 15:17,21/03/2018 20:17
ord_004086,cust_002811,delivered,05/05/2017 17:37,07/05/2017 00:37,10/05/2017 00:37,12/05/2017 00:37,28/05/2017 17:37
ord_004087,cust_000990,delivered,19/08/2018 08:48,20/08/2018 15:48,22/08/2018 15:48,31/08/2018 15:48,31/08/2018 08:48
ord_004088,cust_001927,canceled,09/06/2018 19:16,09/06/2018 22:16,,,27/06/2018 19:16
ord_004089,cust_002307,delivered,26/11/2017 12:46,27/11/2017 13:46,29/11/2017 13:46,13/12/2017 13:46,19/12/2017 12:46
ord_004090,cust_001232,delivered,13/04/2017 20:04,13/04/2017 20:04,18/04/2017 20:04,24/04/2017 20:04,27/04/2017 20:04
ord_004091,cust_000743,canceled,26/11/2018 13:37,27/11/2018 08:37,,,11/12/2018 13:37
ord_004092,cust_001003,delivered,23/11/2017 09:59,24/11/2017 16:59,25/11/2017 16:59,07/12/2017 16:59,09/12/2017 09:59
ord_004093,cust_001403,delivered,26/10/2017 11:51,27/10/2017 18:51,31/10/2017 18:51,02/11/2017 18:51,11/11/2017 11:51
ord_004094,cust_001080,delivered,11/05/2017 08:52,11/05/2017 12:52,13/05/2017 12:52,23/05/2017 12:52,25/05/2017 08:52
ord_004095,cust_001497,delivered,21/05/2018 08:40,23/05/2018 03:40,25/05/2018 03:40,08/06/2018 03:40,07/06/2018 08:40
ord_004096,cust_000461,delivered,18/10/2017 13:27,20/10/2017 00:27,24/10/2017 00:27,26/10/2017 00:27,01/11/2017 13:27
ord_004097,cust_000919,delivered,24/10/2018 09:40,24/10/2018 23:40,25/10/2018 23:40,08/11/2018 23:40,14/11/2018 09:40
ord_004098,cust_000535,delivered,25/07/2018 17:19,26/07/2018 14:19,27/07/2018 14:19,06/08/2018 14:19,14/08/2018 17:19
ord_004099,cust_001045,delivered,06/01/2017 15:33,06/01/2017 21:33,12/01/2017 21:33,16/01/2017 21:33,18/01/2017 15:33
ord_004100,cust_000841,delivered,13/05/2018 18:32,14/05/2018 11:32,17/05/2018 11:32,30/05/2018 11:32,04/06/2018 18:32
ord_004101,cust_001305,delivered,18/09/2017 08:32,19/09/2017 16:32,20/09/2017 16:32,02/10/2017 16:32,01/10/2017 08:32
ord_004102,cust_002996,delivered,23/01/2017 13:24,25/01/2017 07:24,31/01/2017 07:24,14/02/2017 07:24,09/02/2017 13:24
ord_004103,cust_002508,delivered,16/06/2018 13:21,17/06/2018 17:21,21/06/2018 17:21,04/07/2018 17:21,10/07/2018 13:21
ord_004104,cust_001854,delivered,25/08/2017 11:19,26/08/2017 00:19,31/08/2017 00:19,09/09/2017 00:19,14/09/2017 11:19
ord_004105,cust_001500,delivered,21/11/2018 18:13,23/11/2018 13:13,27/11/2018 13:13,29/11/2018 13:13,15/12/2018 18:13
ord_004106,cust_000999,delivered,18/05/2018 19:26,19/05/2018 21:26,22/05/2018 21:26,02/06/2018 21:26,06/06/2018 19:26
ord_004107,cust_000265,delivered,29/08/2017 17:07,31/08/2017 04:07,05/09/2017 04:07,16/09/2017 04:07,20/09/2017 17:07
ord_004108,cust_001857,delivered,21/12/2018 11:54,22/12/2018 21:54,25/12/2018 21:54,06/01/2019 21:54,06/01/2019 11:54
ord_004109,cust_000650,delivered,01/05/2018 20:04,02/05/2018 15:04,07/05/2018 15:04,11/05/2018 15:04,13/05/2018 20:04
ord_004110,cust_000115,delivered,18/07/2017 21:50,18/07/2017 21:50,24/07/2017 21:50,04/08/2017 21:50,30/07/2017 21:50
ord_004111,cust_002958,delivered,11/04/2018 10:14,12/04/2018 16:14,18/04/2018 16:14,30/04/2018 16:14,29/04/2018 10:14
ord_004112,cust_000627,delivered,11/12/2018 10:51,13/12/2018 04:51,17/12/2018 04:51,19/12/2018 04:51,23/12/2018 10:51
ord_004113,cust_000269,delivered,06/02/2018 20:43,08/02/2018 13:43,09/02/2018 13:43,11/02/2018 13:43,22/02/2018 20:43
ord_004114,cust_001780,delivered,06/02/2018 11:55,08/02/2018 04:55,09/02/2018 04:55,12/02/2018 04:55,22/02/2018 11:55
ord_004115,cust_001943,delivered,04/03/2018 20:52,05/03/2018 12:52,08/03/2018 12:52,18/03/2018 12:52,15/03/2018 20:52
ord_004116,cust_000821,delivered,30/10/2017 13:42,01/11/2017 08:42,05/11/2017 08:42,10/11/2017 08:42,21/11/2017 13:42
ord_004117,cust_000633,delivered,14/07/2017 18:09,14/07/2017 18:09,15/07/2017 18:09,27/07/2017 18:09,25/07/2017 18:09
ord_004118,cust_000419,delivered,22/05/2018 16:32,23/05/2018 07:32,26/05/2018 07:32,09/06/2018 07:32,05/06/2018 16:32
ord_004119,cust_001295,delivered,20/11/2018 16:20,21/11/2018 22:20,24/11/2018 22:20,26/11/2018 22:20,12/12/2018 16:20
ord_004120,cust_001218,delivered,25/08/2018 18:53,26/08/2018 08:53,29/08/2018 08:53,09/09/2018 08:53,04/09/2018 18:53
ord_004121,cust_001071,delivered,06/05/2017 17:52,06/05/2017 18:52,10/05/2017 18:52,21/05/2017 18:52,17/05/2017 17:52
ord_004122,cust_002772,delivered,19/01/2018 19:18,20/01/2018 03:18,22/01/2018 03:18,24/01/2018 03:18,10/02/2018 19:18
ord_004123,cust_002931,delivered,09/01/2017 19:40,11/01/2017 15:40,15/01/2017 15:40,18/01/2017 15:40,23/01/2017 19:40
ord_004124,cust_002621,delivered,20/11/2017 22:20,21/11/2017 18:20,24/11/2017 18:20,06/12/2017 18:20,13/12/2017 22:20
ord_004125,cust_001653,delivered,17/07/2018 10:40,17/07/2018 18:40,23/07/2018 18:40,26/07/2018 18:40,29/07/2018 10:40
ord_004126,cust_002887,delivered,07/11/2017 17:36,08/11/2017 22:36,10/11/2017 22:36,14/11/2017 22:36,19/11/2017 17:36
ord_004127,cust_000749,delivered,22/10/2018 19:30,23/10/2018 12:30,29/10/2018 12:30,11/11/2018 12:30,09/11/2018 19:30
ord_004128,cust_002224,delivered,15/03/2018 08:52,16/03/2018 02:52,22/03/2018 02:52,02/04/2018 02:52,08/04/2018 08:52
ord_004129,cust_001810,delivered,17/07/2018 12:14,19/07/2018 09:14,21/07/2018 09:14,03/08/2018 09:14,07/08/2018 12:14
ord_004130,cust_001845,shipped,15/11/2018 20:47,16/11/2018 22:47,19/11/2018 22:47,,04/12/2018 20:47
ord_004131,cust_000214,delivered,25/07/2018 15:41,25/07/2018 18:41,30/07/2018 18:41,10/08/2018 18:41,07/08/2018 15:41
ord_004132,cust_000433,delivered,20/11/2018 09:16,22/11/2018 06:16,25/11/2018 06:16,04/12/2018 06:16,01/12/2018 09:16
ord_004133,cust_002779,delivered,04/10/2018 11:25,04/10/2018 11:25,09/10/2018 11:25,22/10/2018 11:25,25/10/2018 11:25
ord_004134,cust_000805,delivered,14/05/2018 13:04,15/05/2018 21:04,17/05/2018 21:04,21/05/2018 21:04,25/05/2018 13:04
ord_004135,cust_001032,delivered,13/11/2017 18:35,13/11/2017 22:35,19/11/2017 22:35,21/11/2017 22:35,25/11/2017 18:35
ord_004136,cust_002056,delivered,14/11/2017 13:53,15/11/2017 02:53,20/11/2017 02:53,27/11/2017 02:53,30/11/2017 13:53
ord_004137,cust_002650,delivered,10/11/2018 13:07,12/11/2018 12:07,13/11/2018 12:07,21/11/2018 12:07,25/11/2018 13:07
ord_004138,cust_001189,delivered,16/03/2017 20:07,17/03/2017 04:07,19/03/2017 04:07,28/03/2017 04:07,07/04/2017 20:07
ord_004139,cust_002427,delivered,01/12/2018 09:28,03/12/2018 07:28,07/12/2018 07:28,20/12/2018 07:28,14/12/2018 09:28
ord_004140,cust_001843,delivered,27/11/2017 16:16,28/11/2017 06:16,30/11/2017 06:16,10/12/2017 06:16,16/12/2017 16:16
ord_004141,cust_000560,delivered,27/08/2018 20:16,28/08/2018 14:16,31/08/2018 14:16,13/09/2018 14:16,12/09/2018 20:16
ord_004142,cust_001678,delivered,27/11/2017 22:38,29/11/2017 18:38,03/12/2017 18:38,14/12/2017 18:38,10/12/2017 22:38
ord_004143,cust_002886,delivered,07/12/2018 10:24,08/12/2018 21:24,11/12/2018 21:24,17/12/2018 21:24,31/12/2018 10:24
ord_004144,cust_002952,delivered,21/02/2017 09:50,21/02/2017 23:50,27/02/2017 23:50,11/03/2017 23:50,14/03/2017 09:50
ord_004145,cust_002975,shipped,14/12/2017 17:25,16/12/2017 04:25,20/12/2017 04:25,,04/01/2018 17:25
ord_004146,cust_000219,delivered,06/11/2018 18:36,07/11/2018 16:36,10/11/2018 16:36,22/11/2018 16:36,22/11/2018 18:36
ord_004147,cust_002415,delivered,25/10/2017 16:23,25/10/2017 20:23,27/10/2017 20:23,07/11/2017 20:23,07/11/2017 16:23
ord_004148,cust_001424,shipped,26/10/2017 13:15,27/10/2017 01:15,29/10/2017 01:15,,14/11/2017 13:15
ord_004149,cust_001354,delivered,21/11/2018 19:28,22/11/2018 06:28,23/11/2018 06:28,25/11/2018 06:28,15/12/2018 19:28
ord_004150,cust_001269,delivered,17/10/2018 15:43,18/10/2018 13:43,19/10/2018 13:43,01/11/2018 13:43,30/10/2018 15:43
ord_004151,cust_002017,delivered,17/05/2017 15:57,19/05/2017 09:57,24/05/2017 09:57,05/06/2017 09:57,06/06/2017 15:57
ord_004152,cust_001510,delivered,23/05/2018 11:02,24/05/2018 14:02,29/05/2018 14:02,31/05/2018 14:02,14/06/2018 11:02
ord_004153,cust_000241,delivered,11/09/2017 14:31,11/09/2017 21:31,12/09/2017 21:31,17/09/2017 21:31,27/09/2017 14:31
ord_004154,cust_001178,delivered,03/09/2017 20:38,05/09/2017 01:38,09/09/2017 01:38,17/09/2017 01:38,14/09/2017 20:38
ord_004155,cust_002763,delivered,14/06/2018 22:05,15/06/2018 23:05,17/06/2018 23:05,25/06/2018 23:05,07/07/2018 22:05
ord_004156,cust_000405,delivered,05/06/2017 16:49,06/06/2017 10:49,11/06/2017 10:49,17/06/2017 10:49,16/06/2017 16:49
ord_004157,cust_000665,delivered,10/03/2018 15:16,11/03/2018 02:16,15/03/2018 02:16,19/03/2018 02:16,31/03/2018 15:16
ord_004158,cust_000330,processing,09/10/2017 19:52,11/10/2017 05:52,,,26/10/2017 19:52
ord_004159,cust_002150,canceled,30/10/2018 11:33,31/10/2018 13:33,,,19/11/2018 11:33
ord_004160,cust_002430,delivered,06/05/2018 20:09,,09/05/2018 16:09,19/05/2018 16:09,26/05/2018 20:09
ord_004161,cust_002404,delivered,03/09/2017 08:44,03/09/2017 17:44,07/09/2017 17:44,21/09/2017 17:44,16/09/2017 08:44
ord_004162,cust_000211,delivered,27/11/2018 19:09,28/11/2018 00:09,04/12/2018 00:09,11/12/2018 00:09,08/12/2018 19:09
ord_004163,cust_002908,canceled,13/10/2018 16:43,14/10/2018 02:43,,,24/10/2018 16:43
ord_004164,cust_002675,delivered,17/10/2017 22:48,19/10/2017 03:48,24/10/2017 03:48,30/10/2017 03:48,30/10/2017 22:48
ord_004165,cust_002471,delivered,11/12/2018 11:34,11/12/2018 13:34,14/12/2018 13:34,28/12/2018 13:34,02/01/2019 11:34
ord_004166,cust_002589,delivered,19/10/2017 18:16,19/10/2017 21:16,23/10/2017 21:16,30/10/2017 21:16,30/10/2017 18:16
ord_004167,cust_002454,delivered,09/11/2017 10:26,11/11/2017 09:26,12/11/2017 09:26,19/11/2017 09:26,29/11/2017 10:26
ord_004168,cust_000109,delivered,08/01/2018 18:31,09/01/2018 06:31,13/01/2018 06:31,24/01/2018 06:31,23/01/2018 18:31
ord_004169,cust_002116,delivered,17/07/2017 17:39,17/07/2017 22:39,18/07/2017 22:39,23/07/2017 22:39,08/08/2017 17:39
ord_004170,cust_002734,shipped,27/07/2018 22:38,29/07/2018 20:38,31/07/2018 20:38,,14/08/2018 22:38
ord_004171,cust_001729,processing,08/05/2018 10:24,09/05/2018 05:24,,,29/05/2018 10:24
ord_004172,cust_002730,delivered,20/11/2018 10:45,20/11/2018 10:45,23/11/2018 10:45,25/11/2018 10:45,12/12/2018 10:45
ord_004173,cust_000125,delivered,26/09/2017 22:46,27/09/2017 18:46,30/09/2017 18:46,02/10/2017 18:46,19/10/2017 22:46
ord_004174,cust_001795,delivered,23/07/2017 11:41,23/07/2017 11:41,27/07/2017 11:41,09/08/2017 11:41,14/08/2017 11:41
ord_004175,cust_002918,delivered,18/12/2017 08:16,18/12/2017 22:16,24/12/2017 22:16,29/12/2017 22:16,02/01/2018 08:16
ord_004176,cust_001686,delivered,29/06/2017 12:28,01/07/2017 09:28,07/07/2017 09:28,19/07/2017 09:28,22/07/2017 12:28
ord_004177,cust_001346,delivered,04/12/2018 12:25,06/12/2018 02:25,10/12/2018 02:25,20/12/2018 02:25,19/12/2018 12:25
ord_004178,cust_000860,delivered,14/08/2018 08:49,15/08/2018 04:49,19/08/2018 04:49,23/08/2018 04:49,01/09/2018 08:49
ord_004179,cust_002390,delivered,28/09/2018 13:48,29/09/2018 05:48,02/10/2018 05:48,06/10/2018 05:48,11/10/2018 13:48
ord_004180,cust_002836,delivered,01/09/2018 08:51,02/09/2018 12:51,08/09/2018 12:51,22/09/2018 12:51,23/09/2018 08:51
ord_004181,cust_001131,delivered,28/09/2017 17:13,29/09/2017 23:13,05/10/2017 23:13,18/10/2017 23:13,09/10/2017 17:13
ord_004182,cust_001487,delivered,23/06/2017 19:44,25/06/2017 07:44,26/06/2017 07:44,01/07/2017 07:44,17/07/2017 19:44
ord_004183,cust_001368,delivered,09/02/2018 18:52,10/02/2018 20:52,15/02/2018 20:52,23/02/2018 20:52,26/02/2018 18:52
ord_004184,cust_001898,delivered,16/10/2018 22:09,17/10/2018 01:09,18/10/2018 01:09,31/10/2018 01:09,07/11/2018 22:09
ord_004185,cust_001387,delivered,28/11/2017 12:02,30/11/2017 05:02,05/12/2017 05:02,10/12/2017 05:02,15/12/2017 12:02
ord_004186,cust_002184,delivered,15/01/2017 08:06,16/01/2017 00:06,19/01/2017 00:06,29/01/2017 00:06,27/01/2017 08:06
ord_004187,cust_002970,delivered,11/07/2018 18:36,13/07/2018 09:36,17/07/2018 09:36,23/07/2018 09:36,22/07/2018 18:36
ord_004188,cust_000921,delivered,20/08/2017 08:25,21/08/2017 22:25,26/08/2017 22:25,08/09/2017 22:25,12/09/2017 08:25
ord_004189,cust_000634,delivered,28/04/2018 09:11,28/04/2018 19:11,30/04/2018 19:11,05/05/2018 19:11,17/05/2018 09:11
ord_004190,cust_001665,delivered,23/01/2017 08:31,24/01/2017 08:31,25/01/2017 08:31,01/02/2017 08:31,04/02/2017 08:31
ord_004191,cust_001505,delivered,06/04/2018 09:47,07/04/2018 21:47,11/04/2018 21:47,22/04/2018 21:47,21/04/2018 09:47
ord_004192,cust_001276,delivered,14/01/2018 21:51,15/01/2018 14:51,21/01/2018 14:51,31/01/2018 14:51,01/02/2018 21:51
ord_004193,cust_000464,delivered,13/11/2018 20:45,15/11/2018 10:45,16/11/2018 10:45,19/11/2018 10:45,29/11/2018 20:45
ord_004194,cust_000341,delivered,17/08/2018 21:53,18/08/2018 22:53,21/08/2018 22:53,24/08/2018 22:53,28/08/2018 21:53
ord_004195,cust_001482,canceled,21/02/2017 11:36,23/02/2017 07:36,,,10/03/2017 11:36
ord_004196,cust_002169,delivered,24/09/2018 12:50,26/09/2018 07:50,28/09/2018 07:50,09/10/2018 07:50,06/10/2018 12:50
ord_004197,cust_001637,delivered,25/09/2018 08:25,27/09/2018 06:25,03/10/2018 06:25,06/10/2018 06:25,09/10/2018 08:25
ord_004198,cust_002334,delivered,13/07/2018 13:51,13/07/2018 23:51,17/07/2018 23:51,27/07/2018 23:51,02/08/2018 13:51
ord_004199,cust_000409,delivered,27/11/2018 12:53,28/11/2018 23:53,02/12/2018 23:53,07/12/2018 23:53,17/12/2018 12:53
ord_004200,cust_002838,delivered,02/10/2018 15:41,04/10/2018 03:41,05/10/2018 03:41,12/10/2018 03:41,13/10/2018 15:41
ord_004201,cust_002094,delivered,06/09/2017 15:25,07/09/2017 12:25,08/09/2017 12:25,18/09/2017 12:25,23/09/2017 15:25
ord_004202,cust_001995,processing,05/01/2018 12:16,05/01/2018 20:16,,,18/01/2018 12:16
ord_004203,cust_002483,delivered,12/12/2017 17:19,13/12/2017 07:19,14/12/2017 07:19,20/12/2017 07:19,28/12/2017 17:19
ord_004204,cust_002830,delivered,03/04/2018 20:07,04/04/2018 20:07,08/04/2018 20:07,20/04/2018 20:07,25/04/2018 20:07
ord_004205,cust_002448,processing,08/12/2018 11:02,10/12/2018 04:02,,,24/12/2018 11:02
ord_004206,cust_001443,delivered,14/06/2018 20:24,16/06/2018 15:24,21/06/2018 15:24,03/07/2018 15:24,02/07/2018 20:24
ord_004207,cust_002187,delivered,22/11/2017 08:02,24/11/2017 03:02,26/11/2017 03:02,05/12/2017 03:02,02/12/2017 08:02
ord_004208,cust_001263,delivered,01/12/2018 21:52,03/12/2018 18:52,05/12/2018 18:52,11/12/2018 18:52,18/12/2018 21:52
ord_004209,cust_000422,delivered,04/08/2018 12:38,04/08/2018 16:38,08/08/2018 16:38,13/08/2018 16:38,25/08/2018 12:38
ord_004210,cust_002954,delivered,18/10/2017 11:50,20/10/2017 10:50,25/10/2017 10:50,27/10/2017 10:50,06/11/2017 11:50
ord_004211,cust_001864,delivered,22/11/2018 18:26,23/11/2018 20:26,28/11/2018 20:26,06/12/2018 20:26,16/12/2018 18:26
ord_004212,cust_002363,delivered,07/12/2017 21:13,08/12/2017 01:13,12/12/2017 01:13,21/12/2017 01:13,28/12/2017 21:13
ord_004213,cust_002095,delivered,11/04/2018 22:17,12/04/2018 04:17,14/04/2018 04:17,28/04/2018 04:17,22/04/2018 22:17
ord_004214,cust_001018,delivered,16/03/2018 21:51,17/03/2018 09:51,20/03/2018 09:51,25/03/2018 09:51,26/03/2018 21:51
ord_004215,cust_002278,delivered,26/11/2018 16:07,27/11/2018 04:07,02/12/2018 04:07,04/12/2018 04:07,10/12/2018 16:07
ord_004216,cust_000980,delivered,18/10/2017 19:41,19/10/2017 00:41,25/10/2017 00:41,07/11/2017 00:41,09/11/2017 19:41
ord_004217,cust_002128,canceled,28/11/2017 20:13,29/11/2017 14:13,,,20/12/2017 20:13
ord_004218,cust_002457,delivered,11/07/2018 11:21,12/07/2018 13:21,17/07/2018 13:21,19/07/2018 13:21,31/07/2018 11:21
ord_004219,cust_001886,delivered,16/11/2018 13:00,17/11/2018 03:00,22/11/2018 03:00,28/11/2018 03:00,06/12/2018 13:00
ord_004220,cust_001425,delivered,26/05/2017 10:28,27/05/2017 18:28,29/05/2017 18:28,12/06/2017 18:28,15/06/2017 10:28
ord_004221,cust_002183,delivered,29/08/2017 22:07,31/08/2017 08:07,01/09/2017 08:07,14/09/2017 08:07,12/09/2017 22:07
ord_004222,cust_000214,delivered,05/12/2018 11:51,06/12/2018 06:51,08/12/2018 06:51,17/12/2018 06:51,25/12/2018 11:51
ord_004223,cust_002556,delivered,17/09/2018 08:05,17/09/2018 11:05,19/09/2018 11:05,22/09/2018 11:05,06/10/2018 08:05
ord_004224,cust_001502,canceled,08/12/2017 21:15,09/12/2017 11:15,,,19/12/2017 21:15
ord_004225,cust_001707,delivered,18/12/2017 12:00,19/12/2017 17:00,21/12/2017 17:00,23/12/2017 17:00,10/01/2018 12:00
ord_004226,cust_000606,delivered,10/03/2018 14:59,,13/03/2018 08:59,20/03/2018 08:59,31/03/2018 14:59
ord_004227,cust_000435,delivered,19/07/2018 22:38,21/07/2018 01:38,27/07/2018 01:38,03/08/2018 01:38,01/08/2018 22:38
ord_004228,cust_001091,processing,10/05/2018 18:38,12/05/2018 10:38,,,24/05/2018 18:38
ord_004229,cust_002447,delivered,17/09/2018 18:31,19/09/2018 07:31,23/09/2018 07:31,03/10/2018 07:31,07/10/2018 18:31
ord_004230,cust_000042,delivered,16/03/2017 11:52,17/03/2017 16:52,19/03/2017 16:52,27/03/2017 16:52,29/03/2017 11:52
ord_004231,cust_001983,delivered,11/10/2018 21:08,12/10/2018 01:08,18/10/2018 01:08,20/10/2018 01:08,02/11/2018 21:08
ord_004232,cust_002970,delivered,21/03/2017 09:47,22/03/2017 20:47,25/03/2017 20:47,27/03/2017 20:47,07/04/2017 09:47
ord_004233,cust_002059,delivered,13/11/2018 08:48,13/11/2018 23:48,17/11/2018 23:48,29/11/2018 23:48,24/11/2018 08:48
ord_004234,cust_000883,delivered,02/03/2017 22:02,03/03/2017 17:02,06/03/2017 17:02,16/03/2017 17:02,22/03/2017 22:02
ord_004235,cust_000882,delivered,09/06/2017 19:07,11/06/2017 04:07,16/06/2017 04:07,22/06/2017 04:07,03/07/2017 19:07
ord_004236,cust_001001,delivered,01/08/2017 12:32,03/08/2017 03:32,08/08/2017 03:32,19/08/2017 03:32,15/08/2017 12:32
ord_004237,cust_000448,canceled,10/09/2017 18:05,12/09/2017 04:05,,,04/10/2017 18:05
ord_004238,cust_001794,delivered,20/01/2018 09:16,20/01/2018 23:16,23/01/2018 23:16,25/01/2018 23:16,09/02/2018 09:16
ord_004239,cust_002342,delivered,08/07/2018 18:24,09/07/2018 15:24,12/07/2018 15:24,25/07/2018 15:24,28/07/2018 18:24
ord_004240,cust_001549,delivered,19/11/2018 12:09,20/11/2018 05:09,22/11/2018 05:09,27/11/2018 05:09,04/12/2018 12:09
ord_004241,cust_000148,delivered,16/04/2018 22:42,17/04/2018 20:42,21/04/2018 20:42,02/05/2018 20:42,03/05/2018 22:42
ord_004242,cust_002595,delivered,22/04/2018 22:29,24/04/2018 10:29,26/04/2018 10:29,05/05/2018 10:29,05/05/2018 22:29
ord_004243,cust_001207,delivered,24/11/2017 20:38,26/11/2017 18:38,28/11/2017 18:38,09/12/2017 18:38,13/12/2017 20:38
ord_004244,cust_001531,delivered,01/10/2018 15:28,02/10/2018 09:28,05/10/2018 09:28,08/10/2018 09:28,23/10/2018 15:28
ord_004245,cust_001526,delivered,22/05/2017 15:24,23/05/2017 06:24,29/05/2017 06:24,07/06/2017 06:24,10/06/2017 15:24
ord_004246,cust_001901,delivered,16/11/2017 17:29,18/11/2017 11:29,21/11/2017 11:29,05/12/2017 11:29,09/12/2017 17:29
ord_004247,cust_000052,delivered,07/05/2017 22:53,08/05/2017 05:53,14/05/2017 05:53,26/05/2017 05:53,19/05/2017 22:53
ord_004248,cust_000730,processing,02/09/2017 14:23,03/09/2017 08:23,,,21/09/2017 14:23
ord_004249,cust_001791,delivered,27/05/2018 19:38,29/05/2018 16:38,30/05/2018 16:38,03/06/2018 16:38,10/06/2018 19:38
ord_004250,cust_001165,delivered,07/06/2017 11:50,09/06/2017 05:50,13/06/2017 05:50,18/06/2017 05:50,25/06/2017 11:50
ord_004251,cust_000358,delivered,11/05/2017 18:37,13/05/2017 08:37,19/05/2017 08:37,31/05/2017 08:37,22/05/2017 18:37
ord_004252,cust_002755,delivered,14/10/2018 19:13,16/10/2018 13:13,22/10/2018 13:13,29/10/2018 13:13,29/10/2018 19:13
ord_004253,cust_000724,delivered,30/05/2017 19:07,31/05/2017 06:07,02/06/2017 06:07,11/06/2017 06:07,14/06/2017 19:07
ord_004254,cust_000665,delivered,09/06/2018 19:35,09/06/2018 21:35,11/06/2018 21:35,15/06/2018 21:35,26/06/2018 19:35
ord_004255,cust_002980,delivered,13/12/2017 16:43,15/12/2017 09:43,20/12/2017 09:43,01/01/2018 09:43,03/01/2018 16:43
ord_004256,cust_000688,delivered,20/11/2018 12:46,21/11/2018 11:46,24/11/2018 11:46,01/12/2018 11:46,08/12/2018 12:46
ord_004257,cust_001680,delivered,08/08/2018 08:41,08/08/2018 20:41,13/08/2018 20:41,21/08/2018 20:41,31/08/2018 08:41
ord_004258,cust_001551,delivered,23/03/2017 19:00,24/03/2017 17:00,28/03/2017 17:00,11/04/2017 17:00,06/04/2017 19:00
ord_004259,cust_002904,delivered,20/11/2018 18:46,22/11/2018 09:46,24/11/2018 09:46,04/12/2018 09:46,05/12/2018 18:46
ord_004260,cust_002862,processing,29/01/2018 15:36,30/01/2018 14:36,,,15/02/2018 15:36
ord_004261,cust_001477,delivered,14/11/2017 08:59,15/11/2017 14:59,16/11/2017 14:59,22/11/2017 14:59,03/12/2017 08:59
ord_004262,cust_000134,delivered,19/07/2018 22:45,20/07/2018 22:45,22/07/2018 22:45,31/07/2018 22:45,10/08/2018 22:45
ord_004263,cust_002410,delivered,14/08/2018 08:25,15/08/2018 07:25,20/08/2018 07:25,27/08/2018 07:25,01/09/2018 08:25
ord_004264,cust_001922,delivered,18/11/2017 20:40,20/11/2017 17:40,22/11/2017 17:40,26/11/2017 17:40,12/12/2017 20:40
ord_004265,cust_000113,delivered,13/12/2017 21:36,15/12/2017 17:36,18/12/2017 17:36,24/12/2017 17:36,30/12/2017 21:36
ord_004266,cust_000423,delivered,09/07/2017 18:20,10/07/2017 14:20,12/07/2017 14:20,17/07/2017 14:20,26/07/2017 18:20
ord_004267,cust_000873,delivered,31/05/2018 20:32,02/06/2018 10:32,05/06/2018 10:32,16/06/2018 10:32,20/06/2018 20:32
ord_004268,cust_002542,delivered,09/12/2018 20:12,11/12/2018 06:12,17/12/2018 06:12,25/12/2018 06:12,21/12/2018 20:12
ord_004269,cust_000849,delivered,31/01/2018 12:05,31/01/2018 18:05,05/02/2018 18:05,09/02/2018 18:05,12/02/2018 12:05
ord_004270,cust_002660,delivered,30/12/2018 18:43,01/01/2019 10:43,06/01/2019 10:43,09/01/2019 10:43,14/01/2019 18:43
ord_004271,cust_000209,delivered,29/07/2017 12:23,30/07/2017 21:23,01/08/2017 21:23,15/08/2017 21:23,09/08/2017 12:23
ord_004272,cust_001533,delivered,28/09/2018 16:45,30/09/2018 09:45,02/10/2018 09:45,15/10/2018 09:45,14/10/2018 16:45
ord_004273,cust_002856,delivered,27/11/2018 12:29,29/11/2018 01:29,30/11/2018 01:29,12/12/2018 01:29,12/12/2018 12:29
ord_004274,cust_001948,delivered,28/07/2018 10:48,30/07/2018 06:48,05/08/2018 06:48,16/08/2018 06:48,16/08/2018 10:48
ord_004275,cust_001514,delivered,20/05/2017 21:44,21/05/2017 22:44,27/05/2017 22:44,09/06/2017 22:44,13/06/2017 21:44
ord_004276,cust_001165,delivered,26/11/2017 20:45,26/11/2017 22:45,29/11/2017 22:45,09/12/2017 22:45,14/12/2017 20:45
ord_004277,cust_001778,delivered,24/04/2017 20:25,25/04/2017 09:25,30/04/2017 09:25,13/05/2017 09:25,18/05/2017 20:25
ord_004278,cust_000762,delivered,05/06/2018 11:57,05/06/2018 18:57,07/06/2018 18:57,20/06/2018 18:57,24/06/2018 11:57
ord_004279,cust_001561,delivered,31/12/2018 08:24,31/12/2018 19:24,04/01/2019 19:24,11/01/2019 19:24,19/01/2019 08:24
ord_004280,cust_000168,delivered,31/12/2017 18:47,01/01/2018 21:47,02/01/2018 21:47,07/01/2018 21:47,22/01/2018 18:47
ord_004281,cust_000745,delivered,15/07/2017 18:29,17/07/2017 16:29,19/07/2017 16:29,01/08/2017 16:29,02/08/2017 18:29
ord_004282,cust_002192,delivered,20/10/2017 21:14,22/10/2017 09:14,25/10/2017 09:14,06/11/2017 09:14,13/11/2017 21:14
ord_004283,cust_002772,delivered,16/05/2018 10:37,17/05/2018 06:37,23/05/2018 06:37,30/05/2018 06:37,04/06/2018 10:37
ord_004284,cust_001277,delivered,15/05/2018 12:28,16/05/2018 11:28,19/05/2018 11:28,01/06/2018 11:28,30/05/2018 12:28
ord_004285,cust_002006,delivered,16/09/2017 14:15,17/09/2017 14:15,19/09/2017 14:15,22/09/2017 14:15,02/10/2017 14:15
ord_004286,cust_001363,shipped,02/09/2018 22:22,03/09/2018 17:22,04/09/2018 17:22,,21/09/2018 22:22
ord_004287,cust_000370,delivered,26/04/2017 18:09,27/04/2017 22:09,29/04/2017 22:09,01/05/2017 22:09,10/05/2017 18:09
ord_004288,cust_002882,delivered,19/06/2018 22:59,21/06/2018 19:59,23/06/2018 19:59,26/06/2018 19:59,09/07/2018 22:59
ord_004289,cust_001385,delivered,07/02/2018 09:38,07/02/2018 13:38,09/02/2018 13:38,11/02/2018 13:38,17/02/2018 09:38
ord_004290,cust_000339,delivered,09/06/2017 16:10,10/06/2017 09:10,11/06/2017 09:10,14/06/2017 09:10,29/06/2017 16:10
ord_004291,cust_000004,delivered,26/06/2018 19:45,26/06/2018 22:45,01/07/2018 22:45,05/07/2018 22:45,06/07/2018 19:45
ord_004292,cust_000611,delivered,19/07/2018 20:36,21/07/2018 12:36,24/07/2018 12:36,30/07/2018 12:36,31/07/2018 20:36
ord_004293,cust_002024,delivered,17/02/2018 18:43,18/02/2018 03:43,20/02/2018 03:43,26/02/2018 03:43,13/03/2018 18:43
ord_004294,cust_000986,delivered,29/09/2018 19:35,01/10/2018 02:35,05/10/2018 02:35,12/10/2018 02:35,21/10/2018 19:35
ord_004295,cust_001570,canceled,06/04/2018 19:03,06/04/2018 22:03,,,27/04/2018 19:03
ord_004296,cust_000494,delivered,03/11/2017 17:12,04/11/2017 15:12,09/11/2017 15:12,17/11/2017 15:12,26/11/2017 17:12
ord_004297,cust_002712,delivered,07/12/2018 14:46,09/12/2018 09:46,13/12/2018 09:46,18/12/2018 09:46,27/12/2018 14:46
ord_004298,cust_002916,delivered,03/12/2018 09:45,05/12/2018 06:45,11/12/2018 06:45,14/12/2018 06:45,14/12/2018 09:45
ord_004299,cust_002842,delivered,05/05/2017 11:45,05/05/2017 18:45,09/05/2017 18:45,22/05/2017 18:45,27/05/2017 11:45
ord_004300,cust_001868,delivered,04/12/2018 19:00,06/12/2018 02:00,09/12/2018 02:00,14/12/2018 02:00,17/12/2018 19:00
ord_004301,cust_000294,delivered,16/09/2018 11:48,16/09/2018 21:48,17/09/2018 21:48,29/09/2018 21:48,05/10/2018 11:48
ord_004302,cust_000358,delivered,17/05/2017 13:26,19/05/2017 00:26,20/05/2017 00:26,01/06/2017 00:26,09/06/2017 13:26
ord_004303,cust_000268,delivered,13/04/2018 08:41,14/04/2018 09:41,18/04/2018 09:41,01/05/2018 09:41,03/05/2018 08:41
ord_004304,cust_001488,delivered,20/02/2017 09:16,21/02/2017 23:16,22/02/2017 23:16,25/02/2017 23:16,02/03/2017 09:16
ord_004305,cust_002697,delivered,28/05/2018 15:46,30/05/2018 10:46,02/06/2018 10:46,14/06/2018 10:46,18/06/2018 15:46
ord_004306,cust_002390,delivered,28/11/2018 15:58,29/11/2018 07:58,30/11/2018 07:58,12/12/2018 07:58,20/12/2018 15:58
ord_004307,cust_001536,delivered,26/12/2017 15:15,26/12/2017 17:15,29/12/2017 17:15,12/01/2018 17:15,06/01/2018 15:15
ord_004308,cust_002248,delivered,05/04/2018 10:47,06/04/2018 01:47,12/04/2018 01:47,23/04/2018 01:47,29/04/2018 10:47
ord_004309,cust_001409,delivered,14/09/2017 14:36,15/09/2017 00:36,16/09/2017 00:36,19/09/2017 00:36,26/09/2017 14:36
ord_004310,cust_001869,delivered,27/04/2018 13:16,27/04/2018 18:16,03/05/2018 18:16,10/05/2018 18:16,07/05/2018 13:16
ord_004311,cust_001712,processing,02/10/2018 16:17,04/10/2018 02:17,,,20/10/2018 16:17
ord_004312,cust_001811,delivered,03/09/2017 22:43,05/09/2017 17:43,11/09/2017 17:43,19/09/2017 17:43,23/09/2017 22:43
ord_004313,cust_001399,delivered,05/05/2018 20:17,06/05/2018 20:17,11/05/2018 20:17,17/05/2018 20:17,16/05/2018 20:17
ord_004314,cust_002227,delivered,15/12/2017 08:02,16/12/2017 09:02,18/12/2017 09:02,30/12/2017 09:02,27/12/2017 08:02
ord_004315,cust_001842,delivered,01/09/2018 20:52,03/09/2018 00:52,04/09/2018 00:52,09/09/2018 00:52,20/09/2018 20:52
ord_004316,cust_000815,delivered,05/08/2018 18:35,07/08/2018 13:35,13/08/2018 13:35,20/08/2018 13:35,16/08/2018 18:35
ord_004317,cust_002847,delivered,03/08/2018 11:45,03/08/2018 11:45,06/08/2018 11:45,13/08/2018 11:45,25/08/2018 11:45
ord_004318,cust_001477,delivered,02/01/2018 15:36,03/01/2018 16:36,06/01/2018 16:36,16/01/2018 16:36,16/01/2018 15:36
ord_004319,cust_001817,delivered,04/06/2018 08:30,06/06/2018 01:30,07/06/2018 01:30,15/06/2018 01:30,26/06/2018 08:30
ord_004320,cust_001590,delivered,06/07/2018 18:46,07/07/2018 01:46,08/07/2018 01:46,22/07/2018 01:46,27/07/2018 18:46
ord_004321,cust_000962,delivered,24/07/2018 10:01,25/07/2018 13:01,29/07/2018 13:01,12/08/2018 13:01,07/08/2018 10:01
ord_004322,cust_000242,delivered,19/05/2018 20:18,19/05/2018 20:18,22/05/2018 20:18,30/05/2018 20:18,09/06/2018 20:18
ord_004323,cust_000640,delivered,06/11/2018 15:37,08/11/2018 07:37,13/11/2018 07:37,18/11/2018 07:37,19/11/2018 15:37
ord_004324,cust_002871,delivered,03/10/2017 15:56,04/10/2017 22:56,10/10/2017 22:56,21/10/2017 22:56,20/10/2017 15:56
ord_004325,cust_002898,delivered,19/03/2017 20:23,21/03/2017 18:23,22/03/2017 18:23,04/04/2017 18:23,12/04/2017 20:23
ord_004326,cust_000486,canceled,12/12/2018 10:58,13/12/2018 00:58,,,04/01/2019 10:58
ord_004327,cust_001738,delivered,25/03/2017 18:45,27/03/2017 05:45,02/04/2017 05:45,06/04/2017 05:45,17/04/2017 18:45
ord_004328,cust_000772,delivered,22/11/2018 14:29,24/11/2018 02:29,28/11/2018 02:29,30/11/2018 02:29,04/12/2018 14:29
ord_004329,cust_001700,shipped,12/06/2018 10:25,12/06/2018 11:25,15/06/2018 11:25,,26/06/2018 10:25
ord_004330,cust_001965,delivered,25/11/2018 16:07,27/11/2018 04:07,28/11/2018 04:07,03/12/2018 04:07,06/12/2018 16:07
ord_004331,cust_000099,delivered,13/05/2018 17:36,15/05/2018 03:36,17/05/2018 03:36,22/05/2018 03:36,05/06/2018 17:36
ord_004332,cust_002850,canceled,12/10/2018 20:03,14/10/2018 01:03,,,02/11/2018 20:03
ord_004333,cust_002755,delivered,16/08/2018 11:25,17/08/2018 14:25,18/08/2018 14:25,01/09/2018 14:25,08/09/2018 11:25
ord_004334,cust_002855,canceled,17/04/2018 21:14,19/04/2018 11:14,,,28/04/2018 21:14
ord_004335,cust_001408,delivered,22/12/2017 22:57,23/12/2017 02:57,24/12/2017 02:57,03/01/2018 02:57,06/01/2018 22:57
ord_004336,cust_002153,delivered,05/01/2017 09:21,06/01/2017 03:21,11/01/2017 03:21,25/01/2017 03:21,25/01/2017 09:21
ord_004337,cust_002999,delivered,05/10/2017 11:29,05/10/2017 23:29,11/10/2017 23:29,13/10/2017 23:29,20/10/2017 11:29
ord_004338,cust_000573,delivered,07/12/2018 21:22,09/12/2018 13:22,11/12/2018 13:22,21/12/2018 13:22,21/12/2018 21:22
ord_004339,cust_000503,delivered,26/10/2017 17:08,27/10/2017 01:08,30/10/2017 01:08,13/11/2017 01:08,18/11/2017 17:08
ord_004340,cust_002406,delivered,03/09/2018 16:21,03/09/2018 18:21,07/09/2018 18:21,14/09/2018 18:21,21/09/2018 16:21
ord_004341,cust_000978,delivered,05/04/2018 21:46,07/04/2018 17:46,12/04/2018 17:46,17/04/2018 17:46,26/04/2018 21:46
ord_004342,cust_000544,invoiced,21/11/2017 11:37,22/11/2017 06:37,,,12/12/2017 11:37
ord_004343,cust_000630,canceled,27/12/2018 13:26,29/12/2018 03:26,,,15/01/2019 13:26
ord_004344,cust_002063,canceled,07/03/2017 14:49,08/03/2017 01:49,,,28/03/2017 14:49
ord_004345,cust_001136,delivered,24/05/2018 12:00,25/05/2018 21:00,27/05/2018 21:00,29/05/2018 21:00,17/06/2018 12:00
ord_004346,cust_000921,delivered,04/03/2018 10:49,,11/03/2018 06:49,21/03/2018 06:49,21/03/2018 10:49
ord_004347,cust_002929,delivered,13/04/2017 12:03,15/04/2017 00:03,18/04/2017 00:03,22/04/2017 00:03,05/05/2017 12:03
ord_004348,cust_002933,delivered,02/09/2017 14:52,03/09/2017 04:52,06/09/2017 04:52,20/09/2017 04:52,13/09/2017 14:52
ord_004349,cust_001244,shipped,01/08/2018 21:56,,06/08/2018 01:56,,12/08/2018 21:56
ord_004350,cust_000692,delivered,19/05/2017 18:49,21/05/2017 09:49,22/05/2017 09:49,01/06/2017 09:49,03/06/2017 18:49
ord_004351,cust_002481,delivered,01/10/2018 19:01,03/10/2018 12:01,04/10/2018 12:01,14/10/2018 12:01,18/10/2018 19:01
ord_004352,cust_002252,delivered,20/06/2018 14:31,21/06/2018 04:31,23/06/2018 04:31,30/06/2018 04:31,04/07/2018 14:31
ord_004353,cust_002265,delivered,11/05/2017 14:49,12/05/2017 00:49,13/05/2017 00:49,25/05/2017 00:49,03/06/2017 14:49
ord_004354,cust_000646,delivered,04/11/2017 22:32,05/11/2017 18:32,10/11/2017 18:32,23/11/2017 18:32,14/11/2017 22:32
ord_004355,cust_000893,delivered,19/06/2017 09:21,19/06/2017 21:21,25/06/2017 21:21,05/07/2017 21:21,30/06/2017 09:21
ord_004356,cust_000240,delivered,29/09/2018 10:28,30/09/2018 20:28,03/10/2018 20:28,14/10/2018 20:28,18/10/2018 10:28
ord_004357,cust_001739,delivered,22/04/2018 11:04,23/04/2018 15:04,27/04/2018 15:04,29/04/2018 15:04,03/05/2018 11:04
ord_004358,cust_000135,delivered,05/01/2017 10:29,06/01/2017 09:29,07/01/2017 09:29,12/01/2017 09:29,17/01/2017 10:29
ord_004359,cust_002555,delivered,28/04/2018 10:01,30/04/2018 00:01,01/05/2018 00:01,08/05/2018 00:01,20/05/2018 10:01
ord_004360,cust_000947,delivered,19/03/2018 12:38,19/03/2018 22:38,23/03/2018 22:38,26/03/2018 22:38,10/04/2018 12:38
ord_004361,cust_001833,delivered,01/07/2018 17:23,03/07/2018 09:23,08/07/2018 09:23,16/07/2018 09:23,22/07/2018 17:23
ord_004362,cust_000488,delivered,19/02/2017 17:11,20/02/2017 20:11,26/02/2017 20:11,28/02/2017 20:11,06/03/2017 17:11
ord_004363,cust_000794,delivered,20/02/2017 18:01,22/02/2017 16:01,25/02/2017 16:01,03/03/2017 16:01,04/03/2017 18:01
ord_004364,cust_000811,canceled,11/12/2017 10:55,12/12/2017 14:55,,,25/12/2017 10:55
ord_004365,cust_002589,delivered,28/07/2018 15:33,30/07/2018 03:33,04/08/2018 03:33,11/08/2018 03:33,09/08/2018 15:33
ord_004366,cust_002938,delivered,15/07/2018 13:38,15/07/2018 22:38,16/07/2018 22:38,23/07/2018 22:38,28/07/2018 13:38
ord_004367,cust_001668,delivered,28/10/2017 19:46,29/10/2017 06:46,04/11/2017 06:46,12/11/2017 06:46,19/11/2017 19:46
ord_004368,cust_000313,delivered,04/09/2017 11:37,05/09/2017 13:37,07/09/2017 13:37,21/09/2017 13:37,17/09/2017 11:37
ord_004369,cust_002940,delivered,25/07/2018 19:24,26/07/2018 06:24,27/07/2018 06:24,05/08/2018 06:24,07/08/2018 19:24
ord_004370,cust_000868,delivered,09/02/2017 13:37,09/02/2017 15:37,14/02/2017 15:37,17/02/2017 15:37,22/02/2017 13:37
ord_004371,cust_001966,delivered,07/05/2018 16:15,08/05/2018 13:15,14/05/2018 13:15,24/05/2018 13:15,19/05/2018 16:15
ord_004372,cust_000683,delivered,05/02/2018 22:33,06/02/2018 10:33,09/02/2018 10:33,23/02/2018 10:33,27/02/2018 22:33
ord_004373,cust_001346,delivered,25/09/2017 16:12,26/09/2017 23:12,27/09/2017 23:12,01/10/2017 23:12,18/10/2017 16:12
ord_004374,cust_000110,delivered,13/04/2018 18:55,14/04/2018 21:55,15/04/2018 21:55,18/04/2018 21:55,26/04/2018 18:55
ord_004375,cust_001307,delivered,05/09/2017 18:30,06/09/2017 18:30,08/09/2017 18:30,21/09/2017 18:30,27/09/2017 18:30
ord_004376,cust_002024,delivered,12/05/2018 17:14,14/05/2018 08:14,18/05/2018 08:14,22/05/2018 08:14,26/05/2018 17:14
ord_004377,cust_002640,delivered,01/07/2017 08:38,01/07/2017 11:38,05/07/2017 11:38,17/07/2017 11:38,17/07/2017 08:38
ord_004378,cust_002852,delivered,23/01/2018 10:05,24/01/2018 23:05,29/01/2018 23:05,05/02/2018 23:05,16/02/2018 10:05
ord_004379,cust_002941,delivered,07/04/2018 19:26,08/04/2018 18:26,13/04/2018 18:26,25/04/2018 18:26,26/04/2018 19:26
ord_004380,cust_002905,delivered,15/02/2017 20:51,17/02/2017 05:51,19/02/2017 05:51,02/03/2017 05:51,09/03/2017 20:51
ord_004381,cust_001231,delivered,11/06/2018 09:46,13/06/2018 00:46,15/06/2018 00:46,27/06/2018 00:46,27/06/2018 09:46
ord_004382,cust_000784,delivered,02/09/2018 13:42,03/09/2018 03:42,09/09/2018 03:42,20/09/2018 03:42,21/09/2018 13:42
ord_004383,cust_000489,delivered,09/12/2018 08:28,09/12/2018 19:28,10/12/2018 19:28,18/12/2018 19:28,23/12/2018 08:28
ord_004384,cust_000493,delivered,23/08/2017 17:26,25/08/2017 05:26,29/08/2017 05:26,03/09/2017 05:26,13/09/2017 17:26
ord_004385,cust_000119,delivered,28/08/2017 16:00,29/08/2017 22:00,31/08/2017 22:00,14/09/2017 22:00,21/09/2017 16:00
ord_004386,cust_002128,delivered,19/11/2017 08:36,19/11/2017 16:36,24/11/2017 16:36,28/11/2017 16:36,01/12/2017 08:36
ord_004387,cust_000967,delivered,18/11/2018 14:34,19/11/2018 02:34,21/11/2018 02:34,27/11/2018 02:34,06/12/2018 14:34
ord_004388,cust_001524,delivered,24/01/2018 13:00,26/01/2018 05:00,27/01/2018 05:00,01/02/2018 05:00,07/02/2018 13:00
ord_004389,cust_001025,delivered,17/11/2017 18:08,18/11/2017 20:08,20/11/2017 20:08,27/11/2017 20:08,06/12/2017 18:08
ord_004390,cust_001616,delivered,28/08/2018 19:00,30/08/2018 14:00,31/08/2018 14:00,05/09/2018 14:00,13/09/2018 19:00
ord_004391,cust_001277,delivered,23/02/2017 21:15,25/02/2017 06:15,27/02/2017 06:15,11/03/2017 06:15,11/03/2017 21:15
ord_004392,cust_001756,delivered,02/05/2018 21:00,03/05/2018 06:00,06/05/2018 06:00,13/05/2018 06:00,17/05/2018 21:00
ord_004393,cust_000435,delivered,24/02/2018 14:25,24/02/2018 23:25,02/03/2018 23:25,15/03/2018 23:25,13/03/2018 14:25
ord_004394,cust_002712,delivered,20/06/2018 10:28,22/06/2018 08:28,24/06/2018 08:28,26/06/2018 08:28,03/07/2018 10:28
ord_004395,cust_001477,delivered,22/08/2018 11:26,23/08/2018 22:26,28/08/2018 22:26,04/09/2018 22:26,05/09/2018 11:26
ord_004396,cust_002089,delivered,26/11/2017 13:11,27/11/2017 17:11,01/12/2017 17:11,10/12/2017 17:11,07/12/2017 13:11
ord_004397,cust_002830,delivered,27/06/2018 19:31,29/06/2018 03:31,05/07/2018 03:31,18/07/2018 03:31,13/07/2018 19:31
ord_004398,cust_000268,delivered,16/04/2018 20:48,17/04/2018 15:48,21/04/2018 15:48,02/05/2018 15:48,05/05/2018 20:48
ord_004399,cust_000697,delivered,16/06/2017 11:17,17/06/2017 02:17,18/06/2017 02:17,28/06/2017 02:17,05/07/2017 11:17
ord_004400,cust_001625,delivered,13/11/2018 22:18,15/11/2018 13:18,18/11/2018 13:18,30/11/2018 13:18,26/11/2018 22:18
ord_004401,cust_002054,delivered,05/09/2018 09:32,07/09/2018 03:32,08/09/2018 03:32,15/09/2018 03:32,27/09/2018 09:32
ord_004402,cust_001422,delivered,26/11/2018 22:14,28/11/2018 17:14,30/11/2018 17:14,14/12/2018 17:14,12/12/2018 22:14
ord_004403,cust_000113,delivered,16/08/2018 17:20,18/08/2018 06:20,22/08/2018 06:20,04/09/2018 06:20,07/09/2018 17:20
ord_004404,cust_002075,delivered,29/09/2017 13:27,01/10/2017 06:27,07/10/2017 06:27,20/10/2017 06:27,21/10/2017 13:27
ord_004405,cust_001931,delivered,10/02/2018 10:23,11/02/2018 11:23,15/02/2018 11:23,23/02/2018 11:23,20/02/2018 10:23
ord_004406,cust_000047,delivered,09/01/2018 12:49,10/01/2018 02:49,13/01/2018 02:49,16/01/2018 02:49,19/01/2018 12:49
ord_004407,cust_002812,delivered,21/02/2017 11:50,21/02/2017 14:50,25/02/2017 14:50,10/03/2017 14:50,11/03/2017 11:50
ord_004408,cust_002668,delivered,26/01/2018 08:24,26/01/2018 22:24,28/01/2018 22:24,04/02/2018 22:24,17/02/2018 08:24
ord_004409,cust_000847,delivered,08/12/2017 12:26,09/12/2017 09:26,10/12/2017 09:26,22/12/2017 09:26,23/12/2017 12:26
ord_004410,cust_001832,delivered,06/01/2017 19:57,06/01/2017 23:57,11/01/2017 23:57,13/01/2017 23:57,25/01/2017 19:57
ord_004411,cust_002448,delivered,26/10/2018 18:30,27/10/2018 09:30,02/11/2018 09:30,05/11/2018 09:30,14/11/2018 18:30
ord_004412,cust_001345,processing,26/06/2017 15:59,28/06/2017 11:59,,,17/07/2017 15:59
ord_004413,cust_000247,delivered,31/03/2018 22:45,01/04/2018 10:45,04/04/2018 10:45,17/04/2018 10:45,23/04/2018 22:45
ord_004414,cust_001212,delivered,21/09/2018 10:15,22/09/2018 04:15,25/09/2018 04:15,27/09/2018 04:15,09/10/2018 10:15
ord_004415,cust_001074,delivered,07/06/2018 12:13,08/06/2018 18:13,11/06/2018 18:13,15/06/2018 18:13,28/06/2018 12:13
ord_004416,cust_002441,delivered,22/07/2017 22:09,24/07/2017 16:09,30/07/2017 16:09,07/08/2017 16:09,10/08/2017 22:09
ord_004417,cust_000020,delivered,15/06/2018 20:48,17/06/2018 16:48,21/06/2018 16:48,03/07/2018 16:48,29/06/2018 20:48
ord_004418,cust_002848,delivered,06/09/2018 15:18,08/09/2018 05:18,14/09/2018 05:18,18/09/2018 05:18,24/09/2018 15:18
ord_004419,cust_001065,canceled,30/10/2018 11:40,30/10/2018 18:40,,,20/11/2018 11:40
ord_004420,cust_001155,delivered,24/11/2017 18:32,24/11/2017 23:32,27/11/2017 23:32,05/12/2017 23:32,17/12/2017 18:32
ord_004421,cust_000929,shipped,18/02/2017 16:49,20/02/2017 03:49,22/02/2017 03:49,,01/03/2017 16:49
ord_004422,cust_000067,delivered,09/06/2018 19:45,11/06/2018 13:45,12/06/2018 13:45,23/06/2018 13:45,24/06/2018 19:45
ord_004423,cust_002078,delivered,13/09/2017 12:03,14/09/2017 17:03,20/09/2017 17:03,03/10/2017 17:03,24/09/2017 12:03
ord_004424,cust_002224,delivered,19/09/2018 14:20,21/09/2018 09:20,22/09/2018 09:20,24/09/2018 09:20,01/10/2018 14:20
ord_004425,cust_000883,delivered,23/07/2018 13:31,24/07/2018 21:31,28/07/2018 21:31,06/08/2018 21:31,05/08/2018 13:31
ord_004426,cust_000373,delivered,15/09/2018 21:48,16/09/2018 13:48,18/09/2018 13:48,25/09/2018 13:48,08/10/2018 21:48
ord_004427,cust_002469,delivered,15/12/2018 18:42,17/12/2018 10:42,18/12/2018 10:42,24/12/2018 10:42,30/12/2018 18:42
ord_004428,cust_002075,delivered,25/05/2018 14:32,27/05/2018 02:32,02/06/2018 02:32,13/06/2018 02:32,17/06/2018 14:32
ord_004429,cust_000874,delivered,22/11/2018 14:48,23/11/2018 08:48,25/11/2018 08:48,04/12/2018 08:48,09/12/2018 14:48
ord_004430,cust_002008,delivered,30/06/2018 22:26,02/07/2018 02:26,05/07/2018 02:26,12/07/2018 02:26,10/07/2018 22:26
ord_004431,cust_000669,delivered,03/08/2017 18:03,04/08/2017 21:03,06/08/2017 21:03,17/08/2017 21:03,18/08/2017 18:03
ord_004432,cust_001904,delivered,30/09/2018 14:52,30/09/2018 18:52,05/10/2018 18:52,14/10/2018 18:52,20/10/2018 14:52
ord_004433,cust_001483,delivered,31/07/2018 18:31,01/08/2018 07:31,07/08/2018 07:31,13/08/2018 07:31,19/08/2018 18:31
ord_004434,cust_000570,delivered,20/12/2018 11:48,20/12/2018 21:48,23/12/2018 21:48,29/12/2018 21:48,04/01/2019 11:48
ord_004435,cust_001969,delivered,28/09/2017 22:23,29/09/2017 11:23,04/10/2017 11:23,09/10/2017 11:23,09/10/2017 22:23
ord_004436,cust_000544,shipped,28/11/2017 20:35,29/11/2017 21:35,02/12/2017 21:35,,19/12/2017 20:35
ord_004437,cust_002666,delivered,12/10/2018 13:19,13/10/2018 13:19,17/10/2018 13:19,25/10/2018 13:19,29/10/2018 13:19
ord_004438,cust_000306,delivered,27/03/2017 15:24,29/03/2017 08:24,03/04/2017 08:24,07/04/2017 08:24,17/04/2017 15:24
ord_004439,cust_002440,delivered,25/06/2018 17:08,25/06/2018 17:08,01/07/2018 17:08,14/07/2018 17:08,09/07/2018 17:08
ord_004440,cust_000861,delivered,24/04/2018 15:44,26/04/2018 06:44,30/04/2018 06:44,09/05/2018 06:44,06/05/2018 15:44
ord_004441,cust_001573,delivered,21/07/2017 20:16,22/07/2017 07:16,25/07/2017 07:16,04/08/2017 07:16,05/08/2017 20:16
ord_004442,cust_002559,delivered,18/07/2017 17:18,19/07/2017 09:18,22/07/2017 09:18,31/07/2017 09:18,31/07/2017 17:18
ord_004443,cust_002934,delivered,06/10/2018 19:21,07/10/2018 02:21,13/10/2018 02:21,26/10/2018 02:21,23/10/2018 19:21
ord_004444,cust_001499,delivered,23/01/2017 18:25,23/01/2017 18:25,26/01/2017 18:25,07/02/2017 18:25,09/02/2017 18:25
ord_004445,cust_000889,delivered,31/08/2018 12:34,31/08/2018 17:34,03/09/2018 17:34,11/09/2018 17:34,11/09/2018 12:34
ord_004446,cust_002235,delivered,23/08/2018 17:40,24/08/2018 03:40,29/08/2018 03:40,04/09/2018 03:40,09/09/2018 17:40
ord_004447,cust_002998,delivered,05/07/2018 19:40,06/07/2018 13:40,12/07/2018 13:40,26/07/2018 13:40,20/07/2018 19:40
ord_004448,cust_000895,delivered,26/01/2018 20:25,27/01/2018 10:25,30/01/2018 10:25,08/02/2018 10:25,12/02/2018 20:25
ord_004449,cust_001155,delivered,10/02/2017 15:28,10/02/2017 20:28,16/02/2017 20:28,28/02/2017 20:28,03/03/2017 15:28
ord_004450,cust_002489,delivered,01/10/2018 16:08,02/10/2018 08:08,08/10/2018 08:08,11/10/2018 08:08,17/10/2018 16:08
ord_004451,cust_000787,delivered,07/06/2017 20:31,08/06/2017 03:31,11/06/2017 03:31,17/06/2017 03:31,21/06/2017 20:31
ord_004452,cust_001692,delivered,30/10/2017 16:52,01/11/2017 00:52,03/11/2017 00:52,08/11/2017 00:52,22/11/2017 16:52
ord_004453,cust_001148,delivered,04/12/2018 14:27,05/12/2018 22:27,07/12/2018 22:27,14/12/2018 22:27,25/12/2018 14:27
ord_004454,cust_001527,delivered,17/11/2017 16:56,17/11/2017 19:56,18/11/2017 19:56,26/11/2017 19:56,11/12/2017 16:56
ord_004455,cust_001757,delivered,09/10/2017 11:09,10/10/2017 18:09,12/10/2017 18:09,26/10/2017 18:09,22/10/2017 11:09
ord_004456,cust_001548,delivered,18/12/2018 09:44,20/12/2018 04:44,21/12/2018 04:44,24/12/2018 04:44,06/01/2019 09:44
ord_004457,cust_001421,delivered,24/04/2017 08:42,26/04/2017 05:42,28/04/2017 05:42,12/05/2017 05:42,15/05/2017 08:42
ord_004458,cust_001147,delivered,13/07/2017 21:40,13/07/2017 23:40,19/07/2017 23:40,31/07/2017 23:40,05/08/2017 21:40
ord_004459,cust_000150,delivered,16/02/2018 10:39,18/02/2018 06:39,20/02/2018 06:39,27/02/2018 06:39,28/02/2018 10:39
ord_004460,cust_002345,delivered,23/09/2018 14:01,24/09/2018 09:01,27/09/2018 09:01,02/10/2018 09:01,06/10/2018 14:01
ord_004461,cust_001068,delivered,15/11/2018 10:44,17/11/2018 03:44,20/11/2018 03:44,02/12/2018 03:44,09/12/2018 10:44
ord_004462,cust_000219,delivered,05/09/2018 16:29,06/09/2018 01:29,10/09/2018 01:29,13/09/2018 01:29,23/09/2018 16:29
ord_004463,cust_001475,delivered,19/12/2018 19:31,21/12/2018 04:31,25/12/2018 04:31,07/01/2019 04:31,31/12/2018 19:31
ord_004464,cust_002463,delivered,25/01/2017 22:03,27/01/2017 12:03,31/01/2017 12:03,14/02/2017 12:03,06/02/2017 22:03
ord_004465,cust_001989,delivered,16/06/2018 12:11,17/06/2018 00:11,18/06/2018 00:11,23/06/2018 00:11,10/07/2018 12:11
ord_004466,cust_001785,delivered,28/05/2017 14:54,30/05/2017 01:54,01/06/2017 01:54,10/06/2017 01:54,20/06/2017 14:54
ord_004467,cust_002859,delivered,23/11/2018 14:18,23/11/2018 22:18,29/11/2018 22:18,07/12/2018 22:18,06/12/2018 14:18
ord_004468,cust_002017,delivered,28/11/2018 09:23,29/11/2018 19:23,05/12/2018 19:23,16/12/2018 19:23,16/12/2018 09:23
ord_004469,cust_002867,delivered,17/11/2017 11:11,19/11/2017 08:11,20/11/2017 08:11,01/12/2017 08:11,07/12/2017 11:11
ord_004470,cust_002684,delivered,15/10/2018 10:37,16/10/2018 00:37,20/10/2018 00:37,03/11/2018 00:37,31/10/2018 10:37
ord_004471,cust_001542,delivered,23/06/2018 18:44,25/06/2018 16:44,26/06/2018 16:44,28/06/2018 16:44,07/07/2018 18:44
ord_004472,cust_000212,delivered,11/05/2017 08:55,12/05/2017 16:55,16/05/2017 16:55,28/05/2017 16:55,31/05/2017 08:55
ord_004473,cust_001707,shipped,06/06/2018 15:33,07/06/2018 15:33,08/06/2018 15:33,,17/06/2018 15:33
ord_004474,cust_002841,delivered,19/12/2018 21:16,20/12/2018 12:16,25/12/2018 12:16,05/01/2019 12:16,01/01/2019 21:16
ord_004475,cust_002094,delivered,20/11/2017 15:04,21/11/2017 17:04,27/11/2017 17:04,01/12/2017 17:04,30/11/2017 15:04
ord_004476,cust_000665,delivered,02/01/2017 15:15,04/01/2017 14:15,05/01/2017 14:15,16/01/2017 14:15,25/01/2017 15:15
ord_004477,cust_002505,delivered,20/12/2018 10:37,20/12/2018 10:37,23/12/2018 10:37,31/12/2018 10:37,01/01/2019 10:37
ord_004478,cust_002517,canceled,29/01/2018 09:58,31/01/2018 02:58,,,21/02/2018 09:58
ord_004479,cust_002235,delivered,10/02/2018 11:04,10/02/2018 18:04,12/02/2018 18:04,18/02/2018 18:04,26/02/2018 11:04
ord_004480,cust_000471,delivered,11/08/2018 14:23,13/08/2018 08:23,18/08/2018 08:23,25/08/2018 08:23,22/08/2018 14:23
ord_004481,cust_002161,delivered,07/06/2018 17:40,08/06/2018 19:40,09/06/2018 19:40,20/06/2018 19:40,25/06/2018 17:40
ord_004482,cust_002595,delivered,17/11/2017 16:34,19/11/2017 11:34,20/11/2017 11:34,24/11/2017 11:34,01/12/2017 16:34
ord_004483,cust_001341,delivered,10/05/2017 19:39,11/05/2017 03:39,14/05/2017 03:39,19/05/2017 03:39,27/05/2017 19:39
ord_004484,cust_002056,delivered,15/10/2018 10:27,15/10/2018 12:27,17/10/2018 12:27,23/10/2018 12:27,08/11/2018 10:27
ord_004485,cust_002606,delivered,19/03/2018 18:16,20/03/2018 16:16,26/03/2018 16:16,03/04/2018 16:16,07/04/2018 18:16
ord_004486,cust_002201,delivered,19/07/2018 20:28,21/07/2018 09:28,24/07/2018 09:28,07/08/2018 09:28,29/07/2018 20:28
ord_004487,cust_001987,delivered,02/11/2018 12:22,04/11/2018 02:22,08/11/2018 02:22,13/11/2018 02:22,13/11/2018 12:22
ord_004488,cust_001249,shipped,27/01/2017 17:42,29/01/2017 05:42,30/01/2017 05:42,,17/02/2017 17:42
ord_004489,cust_000477,delivered,01/11/2018 11:10,03/11/2018 01:10,06/11/2018 01:10,08/11/2018 01:10,21/11/2018 11:10
ord_004490,cust_000811,delivered,03/09/2018 09:29,04/09/2018 22:29,06/09/2018 22:29,14/09/2018 22:29,20/09/2018 09:29
ord_004491,cust_001795,delivered,04/12/2018 21:57,06/12/2018 14:57,09/12/2018 14:57,21/12/2018 14:57,25/12/2018 21:57
ord_004492,cust_002208,delivered,20/09/2017 16:31,21/09/2017 00:31,23/09/2017 00:31,29/09/2017 00:31,03/10/2017 16:31
ord_004493,cust_000931,delivered,25/11/2017 15:14,26/11/2017 02:14,27/11/2017 02:14,01/12/2017 02:14,08/12/2017 15:14
ord_004494,cust_001144,delivered,12/07/2018 14:56,12/07/2018 14:56,16/07/2018 14:56,25/07/2018 14:56,28/07/2018 14:56
ord_004495,cust_000609,delivered,26/11/2018 17:14,27/11/2018 13:14,01/12/2018 13:14,06/12/2018 13:14,17/12/2018 17:14
ord_004496,cust_001051,delivered,28/12/2018 09:45,28/12/2018 21:45,01/01/2019 21:45,03/01/2019 21:45,21/01/2019 09:45
ord_004497,cust_001946,delivered,31/01/2018 21:06,02/02/2018 03:06,05/02/2018 03:06,07/02/2018 03:06,13/02/2018 21:06
ord_004498,cust_000001,delivered,26/04/2018 13:51,27/04/2018 15:51,01/05/2018 15:51,09/05/2018 15:51,15/05/2018 13:51
ord_004499,cust_001926,delivered,23/07/2017 11:10,24/07/2017 14:10,29/07/2017 14:10,06/08/2017 14:10,08/08/2017 11:10
ord_004500,cust_000187,delivered,31/07/2018 13:23,01/08/2018 20:23,03/08/2018 20:23,05/08/2018 20:23,23/08/2018 13:23
ord_004501,cust_002864,delivered,21/10/2018 15:57,23/10/2018 14:57,25/10/2018 14:57,30/10/2018 14:57,12/11/2018 15:57
ord_004502,cust_002217,delivered,29/09/2018 22:34,30/09/2018 03:34,05/10/2018 03:34,16/10/2018 03:34,11/10/2018 22:34
ord_004503,cust_002928,shipped,08/12/2017 09:15,08/12/2017 22:15,09/12/2017 22:15,,28/12/2017 09:15
ord_004504,cust_001107,delivered,13/12/2018 10:00,14/12/2018 06:00,17/12/2018 06:00,26/12/2018 06:00,23/12/2018 10:00
ord_004505,cust_001226,delivered,01/06/2017 13:00,01/06/2017 16:00,05/06/2017 16:00,16/06/2017 16:00,18/06/2017 13:00
ord_004506,cust_001440,delivered,27/03/2018 16:16,29/03/2018 07:16,02/04/2018 07:16,15/04/2018 07:16,10/04/2018 16:16
ord_004507,cust_000535,delivered,06/05/2018 18:31,07/05/2018 12:31,12/05/2018 12:31,14/05/2018 12:31,21/05/2018 18:31
ord_004508,cust_002157,delivered,24/04/2018 22:29,25/04/2018 06:29,28/04/2018 06:29,06/05/2018 06:29,08/05/2018 22:29
ord_004509,cust_000421,delivered,06/09/2018 10:55,07/09/2018 10:55,10/09/2018 10:55,14/09/2018 10:55,24/09/2018 10:55
ord_004510,cust_002536,shipped,10/06/2018 12:45,10/06/2018 21:45,11/06/2018 21:45,,02/07/2018 12:45
ord_004511,cust_002922,delivered,14/04/2017 19:55,15/04/2017 13:55,20/04/2017 13:55,27/04/2017 13:55,01/05/2017 19:55
ord_004512,cust_000774,delivered,01/08/2017 17:30,02/08/2017 23:30,04/08/2017 23:30,08/08/2017 23:30,23/08/2017 17:30
ord_004513,cust_001187,canceled,21/04/2018 13:26,22/04/2018 04:26,,,15/05/2018 13:26
ord_004514,cust_000102,delivered,01/08/2018 19:33,03/08/2018 10:33,07/08/2018 10:33,15/08/2018 10:33,14/08/2018 19:33
ord_004515,cust_001028,shipped,09/04/2018 08:22,09/04/2018 20:22,15/04/2018 20:22,,01/05/2018 08:22
ord_004516,cust_000630,shipped,16/12/2017 21:12,17/12/2017 02:12,23/12/2017 02:12,,29/12/2017 21:12
ord_004517,cust_001863,canceled,13/03/2017 15:50,14/03/2017 11:50,,,24/03/2017 15:50
ord_004518,cust_002362,delivered,22/09/2018 12:40,22/09/2018 21:40,25/09/2018 21:40,03/10/2018 21:40,05/10/2018 12:40
ord_004519,cust_000171,delivered,29/03/2018 19:19,31/03/2018 04:19,06/04/2018 04:19,20/04/2018 04:19,14/04/2018 19:19
ord_004520,cust_000517,delivered,26/04/2018 21:26,27/04/2018 22:26,03/05/2018 22:26,05/05/2018 22:26,08/05/2018 21:26
ord_004521,cust_001940,delivered,09/03/2018 12:13,09/03/2018 19:13,14/03/2018 19:13,17/03/2018 19:13,27/03/2018 12:13
ord_004522,cust_001372,delivered,17/10/2017 11:33,18/10/2017 03:33,24/10/2017 03:33,03/11/2017 03:33,04/11/2017 11:33
ord_004523,cust_002627,delivered,27/10/2017 11:21,29/10/2017 04:21,02/11/2017 04:21,08/11/2017 04:21,16/11/2017 11:21
ord_004524,cust_002363,delivered,28/03/2017 18:52,30/03/2017 09:52,31/03/2017 09:52,13/04/2017 09:52,20/04/2017 18:52
ord_004525,cust_002172,delivered,08/08/2018 18:31,10/08/2018 00:31,14/08/2018 00:31,26/08/2018 00:31,20/08/2018 18:31
ord_004526,cust_002914,invoiced,23/10/2017 18:24,25/10/2017 13:24,,,16/11/2017 18:24
ord_004527,cust_001252,delivered,14/11/2017 12:44,14/11/2017 17:44,15/11/2017 17:44,29/11/2017 17:44,06/12/2017 12:44
ord_004528,cust_001968,delivered,28/12/2018 10:54,29/12/2018 21:54,02/01/2019 21:54,16/01/2019 21:54,07/01/2019 10:54
ord_004529,cust_000348,delivered,08/01/2018 14:49,08/01/2018 15:49,12/01/2018 15:49,17/01/2018 15:49,27/01/2018 14:49
ord_004530,cust_000291,delivered,07/04/2018 09:29,08/04/2018 13:29,13/04/2018 13:29,22/04/2018 13:29,20/04/2018 09:29
ord_004531,cust_000723,delivered,09/01/2018 14:21,09/01/2018 16:21,14/01/2018 16:21,24/01/2018 16:21,20/01/2018 14:21
ord_004532,cust_000888,delivered,07/11/2017 15:39,08/11/2017 07:39,10/11/2017 07:39,12/11/2017 07:39,27/11/2017 15:39
ord_004533,cust_000796,delivered,09/01/2017 22:49,10/01/2017 02:49,16/01/2017 02:49,27/01/2017 02:49,19/01/2017 22:49
ord_004534,cust_002013,delivered,30/10/2018 11:58,30/10/2018 23:58,02/11/2018 23:58,16/11/2018 23:58,11/11/2018 11:58
ord_004535,cust_001154,delivered,12/03/2018 15:27,,16/03/2018 21:27,23/03/2018 21:27,01/04/2018 15:27
ord_004536,cust_002103,delivered,16/08/2018 08:40,17/08/2018 21:40,19/08/2018 21:40,02/09/2018 21:40,27/08/2018 08:40
ord_004537,cust_000400,delivered,10/12/2018 21:17,12/12/2018 18:17,18/12/2018 18:17,28/12/2018 18:17,31/12/2018 21:17
ord_004538,cust_001061,delivered,05/01/2017 21:05,07/01/2017 20:05,10/01/2017 20:05,21/01/2017 20:05,15/01/2017 21:05
ord_004539,cust_001726,delivered,20/07/2018 22:15,21/07/2018 04:15,23/07/2018 04:15,01/08/2018 04:15,03/08/2018 22:15
ord_004540,cust_002979,delivered,31/05/2017 15:00,02/06/2017 11:00,08/06/2017 11:00,18/06/2017 11:00,13/06/2017 15:00
ord_004541,cust_001098,delivered,02/03/2018 21:30,03/03/2018 10:30,09/03/2018 10:30,23/03/2018 10:30,14/03/2018 21:30
ord_004542,cust_001705,delivered,26/10/2018 22:22,28/10/2018 16:22,30/10/2018 16:22,08/11/2018 16:22,12/11/2018 22:22
ord_004543,cust_001489,delivered,07/04/2017 08:40,09/04/2017 01:40,13/04/2017 01:40,22/04/2017 01:40,20/04/2017 08:40
ord_004544,cust_000037,delivered,26/12/2018 10:36,28/12/2018 06:36,03/01/2019 06:36,07/01/2019 06:36,07/01/2019 10:36
ord_004545,cust_000855,delivered,23/05/2018 08:10,24/05/2018 08:10,28/05/2018 08:10,05/06/2018 08:10,07/06/2018 08:10
ord_004546,cust_000862,delivered,15/01/2018 17:40,17/01/2018 05:40,20/01/2018 05:40,02/02/2018 05:40,01/02/2018 17:40
ord_004547,cust_001361,delivered,29/01/2017 10:11,30/01/2017 06:11,03/02/2017 06:11,13/02/2017 06:11,17/02/2017 10:11
ord_004548,cust_000555,delivered,27/05/2018 20:00,27/05/2018 23:00,28/05/2018 23:00,08/06/2018 23:00,07/06/2018 20:00
ord_004549,cust_002137,delivered,27/03/2018 11:58,28/03/2018 09:58,03/04/2018 09:58,06/04/2018 09:58,08/04/2018 11:58
ord_004550,cust_001424,delivered,03/09/2017 16:01,04/09/2017 01:01,08/09/2017 01:01,21/09/2017 01:01,13/09/2017 16:01
ord_004551,cust_000264,delivered,24/03/2018 21:20,25/03/2018 01:20,26/03/2018 01:20,03/04/2018 01:20,14/04/2018 21:20
ord_004552,cust_001069,delivered,19/01/2017 18:38,20/01/2017 00:38,23/01/2017 00:38,30/01/2017 00:38,06/02/2017 18:38
ord_004553,cust_001530,delivered,31/12/2018 13:22,31/12/2018 23:22,03/01/2019 23:22,05/01/2019 23:22,13/01/2019 13:22
ord_004554,cust_000654,delivered,28/11/2017 16:22,30/11/2017 06:22,06/12/2017 06:22,19/12/2017 06:22,15/12/2017 16:22
ord_004555,cust_001854,delivered,17/03/2018 10:43,19/03/2018 08:43,25/03/2018 08:43,04/04/2018 08:43,08/04/2018 10:43
ord_004556,cust_002284,delivered,21/09/2018 18:36,23/09/2018 10:36,25/09/2018 10:36,01/10/2018 10:36,12/10/2018 18:36
ord_004557,cust_002003,delivered,11/08/2018 19:31,13/08/2018 01:31,15/08/2018 01:31,23/08/2018 01:31,03/09/2018 19:31
ord_004558,cust_002012,delivered,17/11/2018 21:53,19/11/2018 15:53,20/11/2018 15:53,03/12/2018 15:53,30/11/2018 21:53
ord_004559,cust_002768,delivered,01/12/2018 22:06,02/12/2018 11:06,06/12/2018 11:06,18/12/2018 11:06,13/12/2018 22:06
ord_004560,cust_001573,delivered,10/08/2017 09:28,12/08/2017 04:28,15/08/2017 04:28,20/08/2017 04:28,31/08/2017 09:28
ord_004561,cust_002343,delivered,11/01/2018 18:14,13/01/2018 15:14,17/01/2018 15:14,29/01/2018 15:14,03/02/2018 18:14
ord_004562,cust_001028,canceled,27/07/2018 09:02,27/07/2018 16:02,,,08/08/2018 09:02
ord_004563,cust_002216,delivered,05/03/2017 16:58,06/03/2017 11:58,11/03/2017 11:58,18/03/2017 11:58,25/03/2017 16:58
ord_004564,cust_001744,delivered,14/08/2018 14:44,15/08/2018 03:44,19/08/2018 03:44,28/08/2018 03:44,01/09/2018 14:44
ord_004565,cust_002603,delivered,08/01/2017 08:12,08/01/2017 14:12,14/01/2017 14:12,24/01/2017 14:12,31/01/2017 08:12
ord_004566,cust_000230,delivered,24/11/2018 18:24,25/11/2018 02:24,27/11/2018 02:24,29/11/2018 02:24,06/12/2018 18:24
ord_004567,cust_002743,delivered,15/08/2018 08:13,17/08/2018 06:13,19/08/2018 06:13,24/08/2018 06:13,30/08/2018 08:13
ord_004568,cust_000694,delivered,13/05/2018 19:41,14/05/2018 03:41,18/05/2018 03:41,23/05/2018 03:41,01/06/2018 19:41
ord_004569,cust_002518,delivered,09/02/2018 20:21,11/02/2018 03:21,16/02/2018 03:21,23/02/2018 03:21,03/03/2018 20:21
ord_004570,cust_001139,delivered,25/12/2018 21:55,27/12/2018 14:55,29/12/2018 14:55,08/01/2019 14:55,16/01/2019 21:55
ord_004571,cust_001841,delivered,25/08/2018 13:12,27/08/2018 01:12,31/08/2018 01:12,03/09/2018 01:12,11/09/2018 13:12
ord_004572,cust_001003,delivered,04/10/2018 22:20,05/10/2018 19:20,09/10/2018 19:20,20/10/2018 19:20,19/10/2018 22:20
ord_004573,cust_002529,delivered,14/10/2018 15:55,14/10/2018 16:55,18/10/2018 16:55,21/10/2018 16:55,26/10/2018 15:55
ord_004574,cust_002176,delivered,01/02/2017 12:53,02/02/2017 08:53,06/02/2017 08:53,14/02/2017 08:53,17/02/2017 12:53
ord_004575,cust_000979,delivered,17/03/2017 10:17,17/03/2017 23:17,19/03/2017 23:17,31/03/2017 23:17,10/04/2017 10:17
ord_004576,cust_000399,delivered,19/08/2017 13:28,21/08/2017 06:28,22/08/2017 06:28,04/09/2017 06:28,01/09/2017 13:28
ord_004577,cust_002855,delivered,08/07/2018 11:53,10/07/2018 08:53,12/07/2018 08:53,26/07/2018 08:53,01/08/2018 11:53
ord_004578,cust_002921,delivered,19/06/2018 17:40,20/06/2018 04:40,21/06/2018 04:40,28/06/2018 04:40,03/07/2018 17:40
ord_004579,cust_000520,processing,26/11/2017 18:38,27/11/2017 01:38,,,07/12/2017 18:38
ord_004580,cust_000952,delivered,18/12/2018 17:39,20/12/2018 08:39,24/12/2018 08:39,06/01/2019 08:39,07/01/2019 17:39
ord_004581,cust_000687,delivered,02/05/2017 18:55,04/05/2017 11:55,05/05/2017 11:55,08/05/2017 11:55,18/05/2017 18:55
ord_004582,cust_000681,delivered,17/09/2018 10:31,19/09/2018 09:31,24/09/2018 09:31,07/10/2018 09:31,07/10/2018 10:31
ord_004583,cust_000475,delivered,18/03/2018 10:10,19/03/2018 22:10,24/03/2018 22:10,27/03/2018 22:10,11/04/2018 10:10
ord_004584,cust_002188,delivered,02/02/2018 22:28,03/02/2018 20:28,06/02/2018 20:28,09/02/2018 20:28,14/02/2018 22:28
ord_004585,cust_002331,delivered,07/02/2017 18:43,08/02/2017 12:43,09/02/2017 12:43,11/02/2017 12:43,25/02/2017 18:43
ord_004586,cust_001818,delivered,20/08/2018 08:29,20/08/2018 10:29,21/08/2018 10:29,25/08/2018 10:29,02/09/2018 08:29
ord_004587,cust_001303,delivered,14/09/2018 10:18,16/09/2018 04:18,22/09/2018 04:18,05/10/2018 04:18,01/10/2018 10:18
ord_004588,cust_002938,delivered,24/11/2017 10:39,26/11/2017 09:39,28/11/2017 09:39,02/12/2017 09:39,07/12/2017 10:39
ord_004589,cust_002214,delivered,11/04/2018 09:27,13/04/2018 05:27,19/04/2018 05:27,26/04/2018 05:27,23/04/2018 09:27
ord_004590,cust_000177,delivered,08/06/2018 12:57,,13/06/2018 15:57,25/06/2018 15:57,25/06/2018 12:57
ord_004591,cust_001530,delivered,25/12/2017 19:21,27/12/2017 12:21,31/12/2017 12:21,13/01/2018 12:21,10/01/2018 19:21
ord_004592,cust_000510,delivered,14/06/2018 12:43,14/06/2018 12:43,20/06/2018 12:43,27/06/2018 12:43,05/07/2018 12:43
ord_004593,cust_001209,delivered,13/02/2018 17:33,14/02/2018 12:33,20/02/2018 12:33,26/02/2018 12:33,02/03/2018 17:33
ord_004594,cust_001182,delivered,12/11/2018 09:04,12/11/2018 14:04,14/11/2018 14:04,22/11/2018 14:04,01/12/2018 09:04
ord_004595,cust_002689,delivered,15/08/2018 17:28,16/08/2018 21:28,22/08/2018 21:28,31/08/2018 21:28,04/09/2018 17:28
ord_004596,cust_002461,delivered,22/05/2017 20:01,22/05/2017 20:01,23/05/2017 20:01,29/05/2017 20:01,01/06/2017 20:01
ord_004597,cust_001296,delivered,30/09/2018 10:47,01/10/2018 00:47,06/10/2018 00:47,16/10/2018 00:47,16/10/2018 10:47
ord_004598,cust_002312,shipped,02/12/2017 22:44,03/12/2017 18:44,06/12/2017 18:44,,19/12/2017 22:44
ord_004599,cust_001855,delivered,28/11/2018 08:03,28/11/2018 14:03,02/12/2018 14:03,04/12/2018 14:03,17/12/2018 08:03
ord_004600,cust_001662,delivered,06/06/2018 21:29,07/06/2018 01:29,13/06/2018 01:29,25/06/2018 01:29,16/06/2018 21:29
ord_004601,cust_002575,delivered,09/02/2017 15:57,11/02/2017 10:57,14/02/2017 10:57,24/02/2017 10:57,20/02/2017 15:57
ord_004602,cust_001869,delivered,24/08/2018 11:17,25/08/2018 00:17,26/08/2018 00:17,28/08/2018 00:17,15/09/2018 11:17
ord_004603,cust_000637,delivered,13/06/2017 18:54,15/06/2017 17:54,20/06/2017 17:54,02/07/2017 17:54,04/07/2017 18:54
ord_004604,cust_001186,delivered,11/11/2018 13:09,12/11/2018 06:09,13/11/2018 06:09,21/11/2018 06:09,27/11/2018 13:09
ord_004605,cust_001208,delivered,05/12/2018 08:00,05/12/2018 10:00,10/12/2018 10:00,12/12/2018 10:00,15/12/2018 08:00
ord_004606,cust_002531,delivered,01/08/2018 13:31,01/08/2018 17:31,04/08/2018 17:31,07/08/2018 17:31,14/08/2018 13:31
ord_004607,cust_000434,delivered,22/04/2018 15:14,24/04/2018 00:14,27/04/2018 00:14,29/04/2018 00:14,11/05/2018 15:14
ord_004608,cust_001430,delivered,05/06/2018 18:52,05/06/2018 18:52,07/06/2018 18:52,14/06/2018 18:52,25/06/2018 18:52
ord_004609,cust_001628,delivered,09/02/2018 11:40,11/02/2018 08:40,15/02/2018 08:40,23/02/2018 08:40,03/03/2018 11:40
ord_004610,cust_002860,shipped,21/04/2017 16:41,22/04/2017 04:41,24/04/2017 04:41,,09/05/2017 16:41
ord_004611,cust_002368,delivered,27/11/2018 08:40,28/11/2018 13:40,30/11/2018 13:40,14/12/2018 13:40,18/12/2018 08:40
ord_004612,cust_000782,delivered,27/11/2017 19:40,28/11/2017 16:40,01/12/2017 16:40,03/12/2017 16:40,10/12/2017 19:40
ord_004613,cust_000165,delivered,22/11/2017 20:44,22/11/2017 22:44,27/11/2017 22:44,11/12/2017 22:44,04/12/2017 20:44
ord_004614,cust_000380,delivered,12/08/2017 22:40,14/08/2017 07:40,18/08/2017 07:40,21/08/2017 07:40,27/08/2017 22:40
ord_004615,cust_000180,delivered,27/12/2018 14:50,27/12/2018 14:50,02/01/2019 14:50,05/01/2019 14:50,18/01/2019 14:50
ord_004616,cust_001218,delivered,02/12/2018 18:33,04/12/2018 08:33,06/12/2018 08:33,14/12/2018 08:33,25/12/2018 18:33
ord_004617,cust_002223,delivered,11/12/2017 16:21,12/12/2017 16:21,13/12/2017 16:21,24/12/2017 16:21,22/12/2017 16:21
ord_004618,cust_001971,delivered,13/10/2017 17:28,14/10/2017 07:28,16/10/2017 07:28,26/10/2017 07:28,25/10/2017 17:28
ord_004619,cust_002128,delivered,03/10/2018 09:26,05/10/2018 06:26,06/10/2018 06:26,18/10/2018 06:26,13/10/2018 09:26
ord_004620,cust_001592,delivered,04/02/2018 22:19,05/02/2018 07:19,09/02/2018 07:19,16/02/2018 07:19,25/02/2018 22:19
ord_004621,cust_001206,delivered,15/12/2018 18:24,16/12/2018 07:24,22/12/2018 07:24,04/01/2019 07:24,06/01/2019 18:24
ord_004622,cust_002472,delivered,21/11/2018 12:23,22/11/2018 18:23,25/11/2018 18:23,06/12/2018 18:23,14/12/2018 12:23
ord_004623,cust_001082,delivered,07/09/2018 22:06,08/09/2018 14:06,10/09/2018 14:06,12/09/2018 14:06,19/09/2018 22:06
ord_004624,cust_001752,delivered,28/04/2017 18:49,29/04/2017 17:49,03/05/2017 17:49,11/05/2017 17:49,15/05/2017 18:49
ord_004625,cust_000846,delivered,05/08/2018 10:45,07/08/2018 00:45,12/08/2018 00:45,26/08/2018 00:45,21/08/2018 10:45
ord_004626,cust_001095,delivered,25/12/2018 17:20,27/12/2018 12:20,02/01/2019 12:20,13/01/2019 12:20,18/01/2019 17:20
ord_004627,cust_000185,delivered,29/12/2017 10:56,31/12/2017 00:56,03/01/2018 00:56,15/01/2018 00:56,22/01/2018 10:56
ord_004628,cust_001823,delivered,13/11/2018 10:56,13/11/2018 13:56,16/11/2018 13:56,27/11/2018 13:56,05/12/2018 10:56
ord_004629,cust_001540,delivered,25/01/2018 17:51,27/01/2018 14:51,31/01/2018 14:51,09/02/2018 14:51,07/02/2018 17:51
ord_004630,cust_000946,delivered,17/12/2018 12:01,18/12/2018 08:01,20/12/2018 08:01,26/12/2018 08:01,01/01/2019 12:01
ord_004631,cust_001848,delivered,07/07/2018 17:22,09/07/2018 09:22,10/07/2018 09:22,12/07/2018 09:22,28/07/2018 17:22
ord_004632,cust_000391,delivered,06/05/2017 16:27,07/05/2017 05:27,12/05/2017 05:27,17/05/2017 05:27,25/05/2017 16:27
ord_004633,cust_002596,delivered,16/03/2018 12:43,17/03/2018 16:43,18/03/2018 16:43,23/03/2018 16:43,03/04/2018 12:43
ord_004634,cust_000097,delivered,11/03/2017 15:38,13/03/2017 13:38,18/03/2017 13:38,29/03/2017 13:38,22/03/2017 15:38
ord_004635,cust_001625,delivered,15/01/2018 18:40,17/01/2018 15:40,21/01/2018 15:40,27/01/2018 15:40,31/01/2018 18:40
ord_004636,cust_000801,invoiced,24/11/2018 12:46,25/11/2018 19:46,,,18/12/2018 12:46
ord_004637,cust_000455,delivered,19/09/2017 11:56,20/09/2017 16:56,23/09/2017 16:56,06/10/2017 16:56,05/10/2017 11:56
ord_004638,cust_000514,delivered,06/12/2018 20:33,06/12/2018 21:33,12/12/2018 21:33,16/12/2018 21:33,29/12/2018 20:33
ord_004639,cust_000924,delivered,10/05/2017 10:54,11/05/2017 14:54,16/05/2017 14:54,27/05/2017 14:54,26/05/2017 10:54
ord_004640,cust_001899,delivered,14/07/2018 16:48,15/07/2018 12:48,16/07/2018 12:48,22/07/2018 12:48,05/08/2018 16:48
ord_004641,cust_002355,delivered,14/12/2018 08:20,14/12/2018 08:20,20/12/2018 08:20,03/01/2019 08:20,05/01/2019 08:20
ord_004642,cust_002796,delivered,08/07/2018 12:48,10/07/2018 09:48,11/07/2018 09:48,25/07/2018 09:48,27/07/2018 12:48
ord_004643,cust_001854,delivered,21/11/2018 14:07,22/11/2018 11:07,27/11/2018 11:07,04/12/2018 11:07,13/12/2018 14:07
ord_004644,cust_001488,delivered,27/12/2018 17:09,29/12/2018 05:09,01/01/2019 05:09,13/01/2019 05:09,06/01/2019 17:09
ord_004645,cust_002313,delivered,30/06/2018 14:59,30/06/2018 16:59,03/07/2018 16:59,16/07/2018 16:59,15/07/2018 14:59
ord_004646,cust_002436,delivered,20/09/2018 14:25,21/09/2018 01:25,25/09/2018 01:25,04/10/2018 01:25,01/10/2018 14:25
ord_004647,cust_001240,delivered,15/02/2017 08:27,17/02/2017 03:27,20/02/2017 03:27,05/03/2017 03:27,07/03/2017 08:27
ord_004648,cust_001253,delivered,08/02/2018 22:57,10/02/2018 18:57,11/02/2018 18:57,21/02/2018 18:57,22/02/2018 22:57
ord_004649,cust_000202,delivered,06/11/2017 22:21,06/11/2017 22:21,07/11/2017 22:21,09/11/2017 22:21,23/11/2017 22:21
ord_004650,cust_000047,delivered,13/10/2018 08:14,15/10/2018 02:14,20/10/2018 02:14,29/10/2018 02:14,04/11/2018 08:14
ord_004651,cust_002676,delivered,22/07/2018 11:04,23/07/2018 01:04,28/07/2018 01:04,02/08/2018 01:04,12/08/2018 11:04
ord_004652,cust_002599,delivered,13/06/2018 18:31,14/06/2018 04:31,17/06/2018 04:31,26/06/2018 04:31,02/07/2018 18:31
ord_004653,cust_001047,delivered,28/11/2018 18:11,30/11/2018 17:11,03/12/2018 17:11,15/12/2018 17:11,08/12/2018 18:11
ord_004654,cust_002830,delivered,27/04/2017 18:03,28/04/2017 19:03,01/05/2017 19:03,05/05/2017 19:03,16/05/2017 18:03
ord_004655,cust_000250,delivered,08/12/2018 18:48,10/12/2018 08:48,16/12/2018 08:48,26/12/2018 08:48,23/12/2018 18:48
ord_004656,cust_002873,delivered,11/05/2017 11:19,11/05/2017 17:19,12/05/2017 17:19,21/05/2017 17:19,04/06/2017 11:19
ord_004657,cust_001760,delivered,09/12/2017 14:34,11/12/2017 02:34,15/12/2017 02:34,19/12/2017 02:34,24/12/2017 14:34
ord_004658,cust_001566,canceled,23/06/2018 15:06,24/06/2018 08:06,,,14/07/2018 15:06
ord_004659,cust_002231,delivered,05/12/2017 13:30,06/12/2017 23:30,08/12/2017 23:30,20/12/2017 23:30,23/12/2017 13:30
ord_004660,cust_000682,delivered,25/07/2018 17:37,27/07/2018 00:37,28/07/2018 00:37,30/07/2018 00:37,09/08/2018 17:37
ord_004661,cust_001434,delivered,16/09/2018 17:26,16/09/2018 19:26,19/09/2018 19:26,25/09/2018 19:26,29/09/2018 17:26
ord_004662,cust_000689,delivered,16/10/2018 15:20,18/10/2018 08:20,19/10/2018 08:20,21/10/2018 08:20,29/10/2018 15:20
ord_004663,cust_001841,delivered,01/08/2017 12:18,02/08/2017 01:18,07/08/2017 01:18,16/08/2017 01:18,18/08/2017 12:18
ord_004664,cust_001249,delivered,03/08/2017 14:06,04/08/2017 07:06,06/08/2017 07:06,19/08/2017 07:06,26/08/2017 14:06
ord_004665,cust_001251,delivered,14/03/2017 11:06,16/03/2017 01:06,22/03/2017 01:06,05/04/2017 01:06,07/04/2017 11:06
ord_004666,cust_002238,delivered,24/03/2018 14:29,26/03/2018 08:29,27/03/2018 08:29,03/04/2018 08:29,07/04/2018 14:29
ord_004667,cust_002441,delivered,20/06/2017 10:08,22/06/2017 04:08,25/06/2017 04:08,30/06/2017 04:08,30/06/2017 10:08
ord_004668,cust_002576,delivered,24/11/2017 15:13,25/11/2017 12:13,28/11/2017 12:13,04/12/2017 12:13,07/12/2017 15:13
ord_004669,cust_002351,delivered,22/10/2018 21:09,23/10/2018 13:09,28/10/2018 13:09,30/10/2018 13:09,08/11/2018 21:09
ord_004670,cust_000534,delivered,05/12/2018 15:48,07/12/2018 06:48,09/12/2018 06:48,15/12/2018 06:48,21/12/2018 15:48
ord_004671,cust_002159,delivered,12/10/2018 09:26,12/10/2018 21:26,14/10/2018 21:26,24/10/2018 21:26,24/10/2018 09:26
ord_004672,cust_002125,delivered,02/01/2017 15:33,03/01/2017 21:33,06/01/2017 21:33,08/01/2017 21:33,14/01/2017 15:33
ord_004673,cust_000059,delivered,15/05/2018 21:34,16/05/2018 08:34,22/05/2018 08:34,02/06/2018 08:34,02/06/2018 21:34
ord_004674,cust_000580,delivered,19/07/2017 13:23,19/07/2017 23:23,24/07/2017 23:23,05/08/2017 23:23,01/08/2017 13:23
ord_004675,cust_001549,delivered,01/01/2018 17:17,02/01/2018 19:17,06/01/2018 19:17,12/01/2018 19:17,14/01/2018 17:17
ord_004676,cust_000914,delivered,08/02/2018 18:22,10/02/2018 11:22,16/02/2018 11:22,27/02/2018 11:22,23/02/2018 18:22
ord_004677,cust_002356,delivered,02/12/2018 08:32,02/12/2018 21:32,07/12/2018 21:32,15/12/2018 21:32,25/12/2018 08:32
ord_004678,cust_002303,delivered,25/06/2018 11:21,26/06/2018 21:21,01/07/2018 21:21,15/07/2018 21:21,17/07/2018 11:21
ord_004679,cust_000734,delivered,19/10/2017 12:08,19/10/2017 13:08,22/10/2017 13:08,30/10/2017 13:08,02/11/2017 12:08
ord_004680,cust_000055,delivered,01/07/2018 12:54,02/07/2018 21:54,05/07/2018 21:54,14/07/2018 21:54,22/07/2018 12:54
ord_004681,cust_000777,delivered,07/12/2018 12:43,08/12/2018 06:43,14/12/2018 06:43,26/12/2018 06:43,31/12/2018 12:43
ord_004682,cust_002709,delivered,23/03/2017 14:03,23/03/2017 17:03,29/03/2017 17:03,03/04/2017 17:03,06/04/2017 14:03
ord_004683,cust_002712,delivered,09/10/2018 20:54,10/10/2018 22:54,15/10/2018 22:54,26/10/2018 22:54,19/10/2018 20:54
ord_004684,cust_001513,delivered,05/09/2017 11:10,05/09/2017 22:10,06/09/2017 22:10,19/09/2017 22:10,18/09/2017 11:10
ord_004685,cust_002525,delivered,06/07/2017 21:05,08/07/2017 03:05,09/07/2017 03:05,14/07/2017 03:05,28/07/2017 21:05
ord_004686,cust_001698,delivered,21/11/2018 21:10,21/11/2018 23:10,24/11/2018 23:10,06/12/2018 23:10,02/12/2018 21:10
ord_004687,cust_002964,delivered,03/01/2017 21:55,04/01/2017 13:55,08/01/2017 13:55,13/01/2017 13:55,16/01/2017 21:55
ord_004688,cust_000460,delivered,28/08/2018 11:13,28/08/2018 22:13,01/09/2018 22:13,10/09/2018 22:13,21/09/2018 11:13
ord_004689,cust_001492,delivered,26/04/2017 09:47,27/04/2017 00:47,29/04/2017 00:47,05/05/2017 00:47,09/05/2017 09:47
ord_004690,cust_000543,shipped,15/06/2018 13:38,15/06/2018 13:38,20/06/2018 13:38,,02/07/2018 13:38
ord_004691,cust_000372,delivered,17/06/2018 17:31,18/06/2018 06:31,24/06/2018 06:31,27/06/2018 06:31,10/07/2018 17:31
ord_004692,cust_000463,delivered,03/11/2018 11:21,03/11/2018 15:21,05/11/2018 15:21,17/11/2018 15:21,25/11/2018 11:21
ord_004693,cust_000024,delivered,12/10/2018 15:05,13/10/2018 20:05,18/10/2018 20:05,21/10/2018 20:05,26/10/2018 15:05
ord_004694,cust_002832,delivered,26/07/2018 14:42,27/07/2018 12:42,28/07/2018 12:42,03/08/2018 12:42,08/08/2018 14:42
ord_004695,cust_002118,delivered,04/01/2018 14:23,05/01/2018 03:23,08/01/2018 03:23,20/01/2018 03:23,22/01/2018 14:23
ord_004696,cust_001495,delivered,19/07/2017 20:32,21/07/2017 01:32,27/07/2017 01:32,30/07/2017 01:32,02/08/2017 20:32
ord_004697,cust_002450,delivered,26/06/2018 19:03,28/06/2018 15:03,30/06/2018 15:03,12/07/2018 15:03,17/07/2018 19:03
ord_004698,cust_001701,delivered,29/03/2018 21:46,30/03/2018 23:46,04/04/2018 23:46,11/04/2018 23:46,18/04/2018 21:46
ord_004699,cust_001284,delivered,14/04/2017 20:41,15/04/2017 09:41,21/04/2017 09:41,26/04/2017 09:41,30/04/2017 20:41
ord_004700,cust_001453,delivered,09/12/2018 16:31,10/12/2018 11:31,13/12/2018 11:31,25/12/2018 11:31,25/12/2018 16:31
ord_004701,cust_001277,delivered,22/11/2017 17:29,24/11/2017 06:29,30/11/2017 06:29,13/12/2017 06:29,03/12/2017 17:29
ord_004702,cust_001215,delivered,04/01/2017 18:20,04/01/2017 22:20,08/01/2017 22:20,21/01/2017 22:20,24/01/2017 18:20
ord_004703,cust_002520,delivered,21/11/2018 19:20,22/11/2018 10:20,26/11/2018 10:20,05/12/2018 10:20,14/12/2018 19:20
ord_004704,cust_002913,delivered,21/05/2018 15:04,22/05/2018 13:04,23/05/2018 13:04,27/05/2018 13:04,13/06/2018 15:04
ord_004705,cust_000558,delivered,23/08/2018 21:41,25/08/2018 03:41,30/08/2018 03:41,10/09/2018 03:41,11/09/2018 21:41
ord_004706,cust_002209,delivered,05/07/2017 11:02,06/07/2017 14:02,08/07/2017 14:02,19/07/2017 14:02,25/07/2017 11:02
ord_004707,cust_000190,delivered,22/01/2018 20:00,24/01/2018 05:00,26/01/2018 05:00,08/02/2018 05:00,14/02/2018 20:00
ord_004708,cust_002386,delivered,02/07/2018 15:01,04/07/2018 12:01,10/07/2018 12:01,21/07/2018 12:01,15/07/2018 15:01
ord_004709,cust_002897,delivered,05/10/2017 18:12,06/10/2017 02:12,09/10/2017 02:12,15/10/2017 02:12,26/10/2017 18:12
ord_004710,cust_002170,delivered,05/08/2018 14:34,06/08/2018 13:34,09/08/2018 13:34,16/08/2018 13:34,16/08/2018 14:34
ord_004711,cust_001627,delivered,20/09/2017 13:40,21/09/2017 07:40,27/09/2017 07:40,07/10/2017 07:40,11/10/2017 13:40
ord_004712,cust_002848,delivered,29/08/2017 15:25,29/08/2017 19:25,31/08/2017 19:25,12/09/2017 19:25,11/09/2017 15:25
ord_004713,cust_002317,delivered,18/01/2017 12:24,18/01/2017 18:24,23/01/2017 18:24,29/01/2017 18:24,05/02/2017 12:24
ord_004714,cust_002359,delivered,31/10/2017 12:34,01/11/2017 18:34,05/11/2017 18:34,10/11/2017 18:34,10/11/2017 12:34
ord_004715,cust_002864,delivered,01/10/2017 19:35,02/10/2017 19:35,03/10/2017 19:35,16/10/2017 19:35,11/10/2017 19:35
ord_004716,cust_001627,invoiced,10/09/2018 08:50,10/09/2018 22:50,,,29/09/2018 08:50
ord_004717,cust_002431,delivered,16/05/2018 19:49,18/05/2018 14:49,21/05/2018 14:49,26/05/2018 14:49,08/06/2018 19:49
ord_004718,cust_002698,delivered,30/07/2017 08:49,30/07/2017 22:49,04/08/2017 22:49,06/08/2017 22:49,10/08/2017 08:49
ord_004719,cust_001402,delivered,15/05/2018 15:50,16/05/2018 19:50,19/05/2018 19:50,29/05/2018 19:50,06/06/2018 15:50
ord_004720,cust_002185,delivered,12/09/2017 19:52,14/09/2017 18:52,16/09/2017 18:52,18/09/2017 18:52,03/10/2017 19:52
ord_004721,cust_001944,delivered,06/02/2018 09:33,07/02/2018 18:33,09/02/2018 18:33,13/02/2018 18:33,26/02/2018 09:33
ord_004722,cust_002969,delivered,17/11/2018 18:35,19/11/2018 04:35,23/11/2018 04:35,01/12/2018 04:35,01/12/2018 18:35
ord_004723,cust_001896,delivered,15/08/2018 20:43,16/08/2018 09:43,22/08/2018 09:43,28/08/2018 09:43,07/09/2018 20:43
ord_004724,cust_002170,delivered,06/07/2018 08:11,08/07/2018 03:11,11/07/2018 03:11,13/07/2018 03:11,25/07/2018 08:11
ord_004725,cust_002776,delivered,31/10/2017 17:21,01/11/2017 15:21,02/11/2017 15:21,08/11/2017 15:21,12/11/2017 17:21
ord_004726,cust_000031,delivered,06/06/2017 13:54,07/06/2017 03:54,12/06/2017 03:54,22/06/2017 03:54,29/06/2017 13:54
ord_004727,cust_000423,delivered,04/09/2018 09:31,05/09/2018 20:31,07/09/2018 20:31,18/09/2018 20:31,18/09/2018 09:31
ord_004728,cust_000985,delivered,15/05/2018 12:03,16/05/2018 13:03,19/05/2018 13:03,30/05/2018 13:03,01/06/2018 12:03
ord_004729,cust_002087,delivered,18/06/2018 13:24,18/06/2018 19:24,24/06/2018 19:24,29/06/2018 19:24,30/06/2018 13:24
ord_004730,cust_001316,delivered,19/12/2018 14:09,19/12/2018 14:09,20/12/2018 14:09,30/12/2018 14:09,03/01/2019 14:09
ord_004731,cust_002588,delivered,10/12/2017 18:21,10/12/2017 23:21,11/12/2017 23:21,17/12/2017 23:21,29/12/2017 18:21
ord_004732,cust_000234,delivered,01/10/2018 16:32,01/10/2018 23:32,03/10/2018 23:32,13/10/2018 23:32,24/10/2018 16:32
ord_004733,cust_001077,delivered,09/05/2018 16:30,10/05/2018 02:30,13/05/2018 02:30,15/05/2018 02:30,25/05/2018 16:30
ord_004734,cust_000440,delivered,21/09/2017 12:29,22/09/2017 04:29,28/09/2017 04:29,05/10/2017 04:29,10/10/2017 12:29
ord_004735,cust_002124,delivered,15/03/2017 15:01,16/03/2017 02:01,20/03/2017 02:01,26/03/2017 02:01,26/03/2017 15:01
ord_004736,cust_000810,delivered,14/06/2018 18:26,16/06/2018 13:26,21/06/2018 13:26,01/07/2018 13:26,27/06/2018 18:26
ord_004737,cust_000749,delivered,13/11/2017 12:01,15/11/2017 10:01,18/11/2017 10:01,23/11/2017 10:01,01/12/2017 12:01
ord_004738,cust_001827,delivered,01/08/2018 12:24,03/08/2018 10:24,06/08/2018 10:24,11/08/2018 10:24,11/08/2018 12:24
ord_004739,cust_000264,delivered,04/08/2018 20:38,05/08/2018 03:38,08/08/2018 03:38,17/08/2018 03:38,19/08/2018 20:38
ord_004740,cust_002785,delivered,28/02/2018 14:07,01/03/2018 15:07,02/03/2018 15:07,12/03/2018 15:07,10/03/2018 14:07
ord_004741,cust_000076,delivered,24/04/2018 12:55,24/04/2018 17:55,28/04/2018 17:55,05/05/2018 17:55,11/05/2018 12:55
ord_004742,cust_001030,delivered,21/06/2018 09:37,22/06/2018 19:37,24/06/2018 19:37,07/07/2018 19:37,04/07/2018 09:37
ord_004743,cust_001589,delivered,09/03/2018 15:13,09/03/2018 21:13,15/03/2018 21:13,29/03/2018 21:13,22/03/2018 15:13
ord_004744,cust_000027,delivered,11/11/2018 21:23,12/11/2018 10:23,17/11/2018 10:23,26/11/2018 10:23,27/11/2018 21:23
ord_004745,cust_000155,delivered,12/04/2017 17:05,13/04/2017 02:05,19/04/2017 02:05,28/04/2017 02:05,24/04/2017 17:05
ord_004746,cust_002941,delivered,21/12/2018 22:01,22/12/2018 21:01,24/12/2018 21:01,01/01/2019 21:01,11/01/2019 22:01
ord_004747,cust_001777,delivered,17/02/2017 12:54,18/02/2017 05:54,19/02/2017 05:54,21/02/2017 05:54,05/03/2017 12:54
ord_004748,cust_000092,delivered,28/08/2017 17:40,29/08/2017 18:40,01/09/2017 18:40,08/09/2017 18:40,20/09/2017 17:40
ord_004749,cust_001126,delivered,09/08/2018 12:46,09/08/2018 21:46,13/08/2018 21:46,25/08/2018 21:46,22/08/2018 12:46
ord_004750,cust_000998,delivered,23/04/2017 21:37,24/04/2017 21:37,28/04/2017 21:37,09/05/2017 21:37,03/05/2017 21:37
ord_004751,cust_000020,delivered,15/10/2017 11:54,15/10/2017 15:54,19/10/2017 15:54,21/10/2017 15:54,31/10/2017 11:54
ord_004752,cust_001713,delivered,06/07/2017 08:53,06/07/2017 09:53,11/07/2017 09:53,14/07/2017 09:53,17/07/2017 08:53
ord_004753,cust_000679,delivered,18/08/2018 08:03,18/08/2018 14:03,20/08/2018 14:03,01/09/2018 14:03,02/09/2018 08:03
ord_004754,cust_001942,delivered,22/05/2018 08:11,22/05/2018 20:11,24/05/2018 20:11,04/06/2018 20:11,12/06/2018 08:11
ord_004755,cust_002215,processing,29/03/2017 18:23,31/03/2017 07:23,,,22/04/2017 18:23
ord_004756,cust_001251,delivered,03/03/2018 09:20,04/03/2018 00:20,07/03/2018 00:20,21/03/2018 00:20,19/03/2018 09:20
ord_004757,cust_001136,delivered,28/08/2017 22:31,29/08/2017 22:31,02/09/2017 22:31,04/09/2017 22:31,09/09/2017 22:31
ord_004758,cust_001909,canceled,15/12/2018 18:15,17/12/2018 02:15,,,30/12/2018 18:15
ord_004759,cust_002176,delivered,19/05/2017 15:47,21/05/2017 02:47,24/05/2017 02:47,07/06/2017 02:47,02/06/2017 15:47
ord_004760,cust_001187,delivered,03/06/2018 18:00,04/06/2018 22:00,07/06/2018 22:00,14/06/2018 22:00,14/06/2018 18:00
ord_004761,cust_002444,shipped,18/03/2018 17:47,19/03/2018 01:47,25/03/2018 01:47,,08/04/2018 17:47
ord_004762,cust_000860,delivered,21/05/2018 10:23,22/05/2018 17:23,25/05/2018 17:23,29/05/2018 17:23,10/06/2018 10:23
ord_004763,cust_002390,delivered,09/12/2018 17:00,10/12/2018 07:00,11/12/2018 07:00,24/12/2018 07:00,23/12/2018 17:00
ord_004764,cust_001111,delivered,05/12/2017 18:50,06/12/2017 22:50,09/12/2017 22:50,20/12/2017 22:50,22/12/2017 18:50
ord_004765,cust_002011,canceled,01/09/2018 15:26,03/09/2018 14:26,,,18/09/2018 15:26
ord_004766,cust_002991,delivered,22/02/2018 09:43,22/02/2018 12:43,25/02/2018 12:43,02/03/2018 12:43,10/03/2018 09:43
ord_004767,cust_002239,delivered,11/07/2018 22:52,12/07/2018 02:52,18/07/2018 02:52,26/07/2018 02:52,01/08/2018 22:52
ord_004768,cust_000956,delivered,24/12/2017 16:02,25/12/2017 03:02,30/12/2017 03:02,06/01/2018 03:02,13/01/2018 16:02
ord_004769,cust_001709,invoiced,14/09/2017 12:15,15/09/2017 09:15,,,24/09/2017 12:15
ord_004770,cust_000602,delivered,21/04/2017 08:07,22/04/2017 06:07,24/04/2017 06:07,06/05/2017 06:07,04/05/2017 08:07
ord_004771,cust_001394,delivered,12/05/2017 16:05,13/05/2017 06:05,16/05/2017 06:05,22/05/2017 06:05,05/06/2017 16:05
ord_004772,cust_001855,delivered,11/12/2018 08:56,13/12/2018 03:56,19/12/2018 03:56,22/12/2018 03:56,27/12/2018 08:56
ord_004773,cust_000185,delivered,24/09/2018 17:48,24/09/2018 17:48,29/09/2018 17:48,11/10/2018 17:48,10/10/2018 17:48
ord_004774,cust_001198,delivered,30/09/2017 11:21,01/10/2017 13:21,03/10/2017 13:21,14/10/2017 13:21,21/10/2017 11:21
ord_004775,cust_002925,delivered,19/04/2018 17:41,20/04/2018 19:41,26/04/2018 19:41,28/04/2018 19:41,10/05/2018 17:41
ord_004776,cust_002986,delivered,12/08/2018 13:55,14/08/2018 01:55,15/08/2018 01:55,26/08/2018 01:55,30/08/2018 13:55
ord_004777,cust_002520,delivered,13/12/2017 18:13,14/12/2017 20:13,16/12/2017 20:13,24/12/2017 20:13,05/01/2018 18:13
ord_004778,cust_002145,delivered,17/02/2018 09:00,17/02/2018 15:00,21/02/2018 15:00,03/03/2018 15:00,07/03/2018 09:00
ord_004779,cust_002015,delivered,15/08/2018 20:49,16/08/2018 11:49,20/08/2018 11:49,25/08/2018 11:49,07/09/2018 20:49
ord_004780,cust_001594,delivered,14/09/2017 15:43,14/09/2017 23:43,19/09/2017 23:43,23/09/2017 23:43,30/09/2017 15:43
ord_004781,cust_001932,delivered,17/04/2018 21:09,18/04/2018 19:09,23/04/2018 19:09,02/05/2018 19:09,30/04/2018 21:09
ord_004782,cust_000718,delivered,30/08/2017 22:29,01/09/2017 17:29,03/09/2017 17:29,05/09/2017 17:29,10/09/2017 22:29
ord_004783,cust_001730,delivered,05/01/2017 14:09,06/01/2017 08:09,09/01/2017 08:09,13/01/2017 08:09,23/01/2017 14:09
ord_004784,cust_001669,delivered,29/07/2018 18:36,30/07/2018 11:36,04/08/2018 11:36,06/08/2018 11:36,21/08/2018 18:36
ord_004785,cust_000283,delivered,08/08/2018 08:38,09/08/2018 06:38,15/08/2018 06:38,21/08/2018 06:38,24/08/2018 08:38
ord_004786,cust_000846,delivered,29/12/2018 10:16,29/12/2018 17:16,04/01/2019 17:16,17/01/2019 17:16,18/01/2019 10:16
ord_004787,cust_000958,delivered,02/08/2017 17:46,04/08/2017 09:46,10/08/2017 09:46,18/08/2017 09:46,19/08/2017 17:46
ord_004788,cust_002056,delivered,27/08/2018 10:28,28/08/2018 17:28,02/09/2018 17:28,13/09/2018 17:28,18/09/2018 10:28
ord_004789,cust_001018,delivered,05/12/2018 12:42,06/12/2018 22:42,09/12/2018 22:42,20/12/2018 22:42,26/12/2018 12:42
ord_004790,cust_000639,canceled,02/07/2018 20:38,03/07/2018 12:38,,,22/07/2018 20:38
ord_004791,cust_002381,delivered,13/12/2018 19:27,14/12/2018 08:27,15/12/2018 08:27,29/12/2018 08:27,28/12/2018 19:27
ord_004792,cust_001518,processing,28/12/2018 16:17,29/12/2018 14:17,,,13/01/2019 16:17
ord_004793,cust_001814,delivered,01/10/2018 22:12,02/10/2018 09:12,08/10/2018 09:12,13/10/2018 09:12,18/10/2018 22:12
ord_004794,cust_001019,delivered,31/12/2018 21:44,31/12/2018 22:44,04/01/2019 22:44,14/01/2019 22:44,22/01/2019 21:44
ord_004795,cust_001194,delivered,20/06/2018 22:38,22/06/2018 08:38,26/06/2018 08:38,04/07/2018 08:38,09/07/2018 22:38
ord_004796,cust_001735,delivered,29/03/2018 13:16,31/03/2018 06:16,04/04/2018 06:16,08/04/2018 06:16,10/04/2018 13:16
ord_004797,cust_000984,delivered,25/11/2018 10:58,25/11/2018 20:58,26/11/2018 20:58,02/12/2018 20:58,09/12/2018 10:58
ord_004798,cust_002862,delivered,17/10/2018 09:48,18/10/2018 15:48,20/10/2018 15:48,27/10/2018 15:48,31/10/2018 09:48
ord_004799,cust_002561,delivered,21/05/2017 18:07,23/05/2017 13:07,28/05/2017 13:07,06/06/2017 13:07,09/06/2017 18:07
ord_004800,cust_002898,delivered,17/11/2017 21:09,19/11/2017 08:09,20/11/2017 08:09,02/12/2017 08:09,08/12/2017 21:09
ord_004801,cust_002356,delivered,13/10/2017 10:32,15/10/2017 01:32,20/10/2017 01:32,26/10/2017 01:32,25/10/2017 10:32
ord_004802,cust_000257,processing,30/10/2018 09:06,01/11/2018 03:06,,,19/11/2018 09:06
ord_004803,cust_002439,delivered,19/09/2017 17:57,20/09/2017 05:57,21/09/2017 05:57,24/09/2017 05:57,08/10/2017 17:57
ord_004804,cust_000738,delivered,18/11/2017 08:38,18/11/2017 11:38,22/11/2017 11:38,06/12/2017 11:38,01/12/2017 08:38
ord_004805,cust_001186,delivered,12/04/2018 17:03,14/04/2018 07:03,16/04/2018 07:03,25/04/2018 07:03,24/04/2018 17:03
ord_004806,cust_001255,delivered,12/04/2017 10:26,13/04/2017 23:26,16/04/2017 23:26,21/04/2017 23:26,24/04/2017 10:26
ord_004807,cust_001437,delivered,12/12/2018 18:13,13/12/2018 03:13,19/12/2018 03:13,21/12/2018 03:13,02/01/2019 18:13
ord_004808,cust_002403,delivered,25/03/2018 14:29,27/03/2018 09:29,01/04/2018 09:29,15/04/2018 09:29,07/04/2018 14:29
ord_004809,cust_001719,delivered,11/08/2017 18:14,11/08/2017 19:14,17/08/2017 19:14,19/08/2017 19:14,23/08/2017 18:14
ord_004810,cust_001601,delivered,22/10/2017 18:49,23/10/2017 12:49,26/10/2017 12:49,30/10/2017 12:49,07/11/2017 18:49
ord_004811,cust_000575,delivered,29/09/2018 16:43,01/10/2018 14:43,04/10/2018 14:43,17/10/2018 14:43,18/10/2018 16:43
ord_004812,cust_002398,canceled,25/06/2018 10:54,26/06/2018 02:54,,,11/07/2018 10:54
ord_004813,cust_001086,delivered,06/03/2018 12:11,08/03/2018 00:11,09/03/2018 00:11,22/03/2018 00:11,24/03/2018 12:11
ord_004814,cust_002000,canceled,28/11/2017 16:23,28/11/2017 17:23,,,13/12/2017 16:23
ord_004815,cust_001473,delivered,21/11/2018 14:48,22/11/2018 13:48,25/11/2018 13:48,04/12/2018 13:48,07/12/2018 14:48
ord_004816,cust_001956,delivered,15/09/2018 16:22,17/09/2018 05:22,20/09/2018 05:22,04/10/2018 05:22,03/10/2018 16:22
ord_004817,cust_002011,delivered,15/08/2018 20:22,17/08/2018 12:22,21/08/2018 12:22,23/08/2018 12:22,03/09/2018 20:22
ord_004818,cust_001665,delivered,21/02/2018 22:59,22/02/2018 18:59,23/02/2018 18:59,01/03/2018 18:59,14/03/2018 22:59
ord_004819,cust_001348,delivered,22/12/2018 15:46,22/12/2018 18:46,24/12/2018 18:46,30/12/2018 18:46,13/01/2019 15:46
ord_004820,cust_002140,delivered,10/08/2018 18:51,11/08/2018 19:51,12/08/2018 19:51,23/08/2018 19:51,24/08/2018 18:51
ord_004821,cust_000463,delivered,05/02/2018 14:24,07/02/2018 01:24,11/02/2018 01:24,17/02/2018 01:24,16/02/2018 14:24
ord_004822,cust_002914,delivered,11/12/2018 12:35,12/12/2018 09:35,17/12/2018 09:35,30/12/2018 09:35,22/12/2018 12:35
ord_004823,cust_001275,shipped,20/11/2018 17:27,22/11/2018 14:27,23/11/2018 14:27,,10/12/2018 17:27
ord_004824,cust_002946,delivered,27/08/2018 12:27,28/08/2018 03:27,29/08/2018 03:27,11/09/2018 03:27,12/09/2018 12:27
ord_004825,cust_001594,delivered,12/09/2018 15:07,14/09/2018 06:07,19/09/2018 06:07,01/10/2018 06:07,28/09/2018 15:07
ord_004826,cust_000388,delivered,05/02/2018 17:50,07/02/2018 05:50,10/02/2018 05:50,21/02/2018 05:50,26/02/2018 17:50
ord_004827,cust_001952,delivered,05/04/2018 12:23,06/04/2018 08:23,12/04/2018 08:23,18/04/2018 08:23,25/04/2018 12:23
ord_004828,cust_001554,delivered,12/08/2017 09:34,12/08/2017 13:34,16/08/2017 13:34,27/08/2017 13:34,04/09/2017 09:34
ord_004829,cust_002561,delivered,01/06/2018 14:51,02/06/2018 06:51,07/06/2018 06:51,14/06/2018 06:51,24/06/2018 14:51
ord_004830,cust_002507,delivered,27/12/2017 21:46,29/12/2017 09:46,01/01/2018 09:46,07/01/2018 09:46,17/01/2018 21:46
ord_004831,cust_000697,delivered,10/12/2017 11:11,12/12/2017 05:11,14/12/2017 05:11,18/12/2017 05:11,29/12/2017 11:11
ord_004832,cust_002302,delivered,05/12/2018 15:37,06/12/2018 12:37,11/12/2018 12:37,24/12/2018 12:37,28/12/2018 15:37
ord_004833,cust_001679,delivered,17/07/2017 08:29,17/07/2017 21:29,21/07/2017 21:29,01/08/2017 21:29,29/07/2017 08:29
ord_004834,cust_001372,delivered,17/10/2018 09:15,18/10/2018 21:15,22/10/2018 21:15,24/10/2018 21:15,10/11/2018 09:15
ord_004835,cust_001252,delivered,31/10/2017 13:02,02/11/2017 09:02,05/11/2017 09:02,11/11/2017 09:02,16/11/2017 13:02
ord_004836,cust_002031,delivered,11/02/2017 11:37,11/02/2017 17:37,15/02/2017 17:37,24/02/2017 17:37,24/02/2017 11:37
ord_004837,cust_002060,delivered,27/02/2017 22:46,28/02/2017 13:46,03/03/2017 13:46,14/03/2017 13:46,17/03/2017 22:46
ord_004838,cust_002629,delivered,09/02/2018 12:56,11/02/2018 02:56,17/02/2018 02:56,22/02/2018 02:56,04/03/2018 12:56
ord_004839,cust_002622,delivered,27/02/2018 14:21,27/02/2018 20:21,04/03/2018 20:21,15/03/2018 20:21,10/03/2018 14:21
ord_004840,cust_000730,delivered,24/11/2017 20:23,26/11/2017 18:23,29/11/2017 18:23,04/12/2017 18:23,06/12/2017 20:23
ord_004841,cust_001431,delivered,16/07/2018 19:09,17/07/2018 06:09,23/07/2018 06:09,27/07/2018 06:09,04/08/2018 19:09
ord_004842,cust_002969,delivered,21/03/2018 12:59,22/03/2018 11:59,23/03/2018 11:59,26/03/2018 11:59,10/04/2018 12:59
ord_004843,cust_002532,delivered,10/04/2017 11:50,11/04/2017 11:50,16/04/2017 11:50,29/04/2017 11:50,30/04/2017 11:50
ord_004844,cust_001346,delivered,10/12/2017 14:57,11/12/2017 07:57,14/12/2017 07:57,24/12/2017 07:57,02/01/2018 14:57
ord_004845,cust_000006,delivered,12/05/2017 14:29,12/05/2017 20:29,14/05/2017 20:29,26/05/2017 20:29,02/06/2017 14:29
ord_004846,cust_000690,delivered,27/03/2017 13:12,27/03/2017 14:12,01/04/2017 14:12,09/04/2017 14:12,18/04/2017 13:12
ord_004847,cust_002736,delivered,28/08/2017 20:34,29/08/2017 14:34,02/09/2017 14:34,11/09/2017 14:34,08/09/2017 20:34
ord_004848,cust_002116,delivered,04/08/2018 15:22,05/08/2018 03:22,06/08/2018 03:22,11/08/2018 03:22,19/08/2018 15:22
ord_004849,cust_002365,delivered,02/08/2018 19:20,04/08/2018 14:20,06/08/2018 14:20,09/08/2018 14:20,22/08/2018 19:20
ord_004850,cust_002324,delivered,02/11/2018 11:04,03/11/2018 18:04,06/11/2018 18:04,17/11/2018 18:04,24/11/2018 11:04
ord_004851,cust_000401,delivered,06/09/2018 21:04,07/09/2018 01:04,11/09/2018 01:04,15/09/2018 01:04,21/09/2018 21:04
ord_004852,cust_001755,delivered,24/04/2018 20:22,26/04/2018 08:22,01/05/2018 08:22,14/05/2018 08:22,12/05/2018 20:22
ord_004853,cust_002025,delivered,22/11/2017 08:55,23/11/2017 13:55,26/11/2017 13:55,29/11/2017 13:55,05/12/2017 08:55
ord_004854,cust_000286,delivered,09/01/2017 19:43,10/01/2017 01:43,15/01/2017 01:43,29/01/2017 01:43,31/01/2017 19:43
ord_004855,cust_001542,delivered,03/07/2018 16:45,04/07/2018 11:45,09/07/2018 11:45,17/07/2018 11:45,20/07/2018 16:45
ord_004856,cust_000804,delivered,07/11/2017 09:14,08/11/2017 20:14,11/11/2017 20:14,16/11/2017 20:14,18/11/2017 09:14
ord_004857,cust_002912,delivered,04/10/2017 16:44,05/10/2017 23:44,11/10/2017 23:44,16/10/2017 23:44,22/10/2017 16:44
ord_004858,cust_000756,delivered,19/12/2018 16:24,20/12/2018 19:24,26/12/2018 19:24,05/01/2019 19:24,01/01/2019 16:24
ord_004859,cust_000913,delivered,27/07/2017 18:03,28/07/2017 17:03,30/07/2017 17:03,11/08/2017 17:03,12/08/2017 18:03
ord_004860,cust_002660,delivered,16/02/2017 15:23,18/02/2017 00:23,22/02/2017 00:23,02/03/2017 00:23,03/03/2017 15:23
ord_004861,cust_001827,delivered,05/12/2018 15:07,07/12/2018 09:07,13/12/2018 09:07,20/12/2018 09:07,27/12/2018 15:07
ord_004862,cust_002836,delivered,20/11/2017 21:51,21/11/2017 05:51,25/11/2017 05:51,08/12/2017 05:51,12/12/2017 21:51
ord_004863,cust_001568,delivered,14/01/2018 22:50,15/01/2018 17:50,20/01/2018 17:50,27/01/2018 17:50,26/01/2018 22:50
ord_004864,cust_000564,delivered,18/04/2017 17:17,20/04/2017 09:17,25/04/2017 09:17,01/05/2017 09:17,02/05/2017 17:17
ord_004865,cust_000663,delivered,22/01/2018 09:36,23/01/2018 09:36,27/01/2018 09:36,09/02/2018 09:36,07/02/2018 09:36
ord_004866,cust_000503,delivered,17/12/2018 22:21,18/12/2018 06:21,21/12/2018 06:21,02/01/2019 06:21,08/01/2019 22:21
ord_004867,cust_002441,delivered,31/07/2018 22:09,01/08/2018 04:09,05/08/2018 04:09,14/08/2018 04:09,14/08/2018 22:09
ord_004868,cust_000072,delivered,13/03/2018 12:38,14/03/2018 22:38,19/03/2018 22:38,21/03/2018 22:38,02/04/2018 12:38
ord_004869,cust_002229,delivered,20/11/2017 15:45,21/11/2017 14:45,23/11/2017 14:45,30/11/2017 14:45,30/11/2017 15:45
ord_004870,cust_001321,delivered,24/12/2017 13:46,26/12/2017 02:46,01/01/2018 02:46,15/01/2018 02:46,17/01/2018 13:46
ord_004871,cust_001632,delivered,11/06/2018 12:08,11/06/2018 17:08,13/06/2018 17:08,27/06/2018 17:08,26/06/2018 12:08
ord_004872,cust_002484,delivered,08/10/2017 16:30,09/10/2017 21:30,12/10/2017 21:30,22/10/2017 21:30,22/10/2017 16:30
ord_004873,cust_002832,delivered,04/07/2017 16:01,05/07/2017 19:01,06/07/2017 19:01,14/07/2017 19:01,24/07/2017 16:01
ord_004874,cust_000855,shipped,02/08/2018 14:05,03/08/2018 12:05,09/08/2018 12:05,,21/08/2018 14:05
ord_004875,cust_002779,delivered,07/11/2018 20:04,08/11/2018 16:04,13/11/2018 16:04,22/11/2018 16:04,24/11/2018 20:04
ord_004876,cust_002732,canceled,21/11/2018 21:03,22/11/2018 10:03,,,14/12/2018 21:03
ord_004877,cust_002453,delivered,23/10/2018 17:20,25/10/2018 06:20,27/10/2018 06:20,02/11/2018 06:20,08/11/2018 17:20
ord_004878,cust_000372,canceled,20/04/2018 09:21,21/04/2018 00:21,,,08/05/2018 09:21
ord_004879,cust_000457,delivered,24/09/2018 08:41,25/09/2018 04:41,28/09/2018 04:41,08/10/2018 04:41,11/10/2018 08:41
ord_004880,cust_000101,delivered,27/11/2018 21:19,29/11/2018 14:19,30/11/2018 14:19,04/12/2018 14:19,09/12/2018 21:19
ord_004881,cust_002682,delivered,03/02/2017 14:08,04/02/2017 20:08,10/02/2017 20:08,22/02/2017 20:08,17/02/2017 14:08
ord_004882,cust_002860,delivered,28/01/2018 15:56,28/01/2018 16:56,31/01/2018 16:56,05/02/2018 16:56,16/02/2018 15:56
ord_004883,cust_000917,delivered,24/08/2017 16:52,24/08/2017 18:52,29/08/2017 18:52,08/09/2017 18:52,04/09/2017 16:52
ord_004884,cust_001577,delivered,30/12/2018 19:07,31/12/2018 20:07,05/01/2019 20:07,10/01/2019 20:07,19/01/2019 19:07
ord_004885,cust_001710,delivered,27/11/2018 08:21,28/11/2018 18:21,30/11/2018 18:21,05/12/2018 18:21,15/12/2018 08:21
ord_004886,cust_001174,shipped,01/10/2018 22:10,02/10/2018 20:10,05/10/2018 20:10,,20/10/2018 22:10
ord_004887,cust_002924,canceled,12/11/2017 08:57,14/11/2017 05:57,,,04/12/2017 08:57
ord_004888,cust_002827,delivered,07/12/2018 10:21,09/12/2018 02:21,14/12/2018 02:21,26/12/2018 02:21,24/12/2018 10:21
ord_004889,cust_000692,invoiced,12/02/2017 19:05,13/02/2017 16:05,,,05/03/2017 19:05
ord_004890,cust_001649,delivered,09/08/2017 10:43,09/08/2017 21:43,11/08/2017 21:43,24/08/2017 21:43,30/08/2017 10:43
ord_004891,cust_000599,shipped,15/06/2018 08:42,15/06/2018 08:42,20/06/2018 08:42,,28/06/2018 08:42
ord_004892,cust_000261,delivered,26/09/2018 16:14,26/09/2018 17:14,29/09/2018 17:14,12/10/2018 17:14,10/10/2018 16:14
ord_004893,cust_002555,delivered,14/11/2018 17:19,15/11/2018 21:19,16/11/2018 21:19,18/11/2018 21:19,30/11/2018 17:19
ord_004894,cust_002598,delivered,16/11/2017 22:24,17/11/2017 14:24,20/11/2017 14:24,02/12/2017 14:24,27/11/2017 22:24
ord_004895,cust_000039,delivered,12/01/2018 19:16,13/01/2018 01:16,14/01/2018 01:16,22/01/2018 01:16,30/01/2018 19:16
ord_004896,cust_001630,delivered,27/02/2018 20:17,27/02/2018 23:17,03/03/2018 23:17,14/03/2018 23:17,22/03/2018 20:17
ord_004897,cust_000522,delivered,09/02/2017 15:48,10/02/2017 13:48,16/02/2017 13:48,02/03/2017 13:48,03/03/2017 15:48
ord_004898,cust_001689,delivered,04/11/2018 21:45,06/11/2018 01:45,07/11/2018 01:45,15/11/2018 01:45,24/11/2018 21:45
ord_004899,cust_000981,delivered,02/12/2017 18:41,02/12/2017 19:41,04/12/2017 19:41,14/12/2017 19:41,14/12/2017 18:41
ord_004900,cust_001602,delivered,19/08/2017 14:41,20/08/2017 10:41,24/08/2017 10:41,07/09/2017 10:41,10/09/2017 14:41
ord_004901,cust_002214,delivered,25/01/2018 16:31,26/01/2018 13:31,27/01/2018 13:31,30/01/2018 13:31,05/02/2018 16:31
ord_004902,cust_000254,delivered,10/08/2018 12:21,10/08/2018 14:21,14/08/2018 14:21,25/08/2018 14:21,26/08/2018 12:21
ord_004903,cust_001441,delivered,08/11/2018 09:43,10/11/2018 02:43,12/11/2018 02:43,23/11/2018 02:43,01/12/2018 09:43
ord_004904,cust_001026,delivered,03/09/2017 08:06,03/09/2017 19:06,07/09/2017 19:06,11/09/2017 19:06,24/09/2017 08:06
ord_004905,cust_001179,delivered,25/07/2017 12:08,25/07/2017 18:08,28/07/2017 18:08,30/07/2017 18:08,06/08/2017 12:08
ord_004906,cust_002791,delivered,03/12/2018 19:07,04/12/2018 01:07,10/12/2018 01:07,20/12/2018 01:07,20/12/2018 19:07
ord_004907,cust_002756,delivered,04/05/2018 14:43,05/05/2018 13:43,11/05/2018 13:43,17/05/2018 13:43,28/05/2018 14:43
ord_004908,cust_001956,shipped,24/12/2017 16:35,26/12/2017 02:35,01/01/2018 02:35,,09/01/2018 16:35
ord_004909,cust_002267,delivered,20/08/2017 13:27,21/08/2017 01:27,22/08/2017 01:27,27/08/2017 01:27,07/09/2017 13:27
ord_004910,cust_001157,canceled,29/12/2018 19:28,31/12/2018 07:28,,,13/01/2019 19:28
ord_004911,cust_001898,delivered,15/08/2018 18:49,16/08/2018 06:49,17/08/2018 06:49,22/08/2018 06:49,01/09/2018 18:49
ord_004912,cust_001413,delivered,06/09/2017 11:07,06/09/2017 19:07,08/09/2017 19:07,10/09/2017 19:07,23/09/2017 11:07
ord_004913,cust_001020,delivered,30/04/2017 14:22,01/05/2017 20:22,07/05/2017 20:22,09/05/2017 20:22,12/05/2017 14:22
ord_004914,cust_002374,delivered,19/08/2017 10:45,20/08/2017 23:45,26/08/2017 23:45,31/08/2017 23:45,12/09/2017 10:45
ord_004915,cust_002576,delivered,02/10/2017 17:39,04/10/2017 04:39,06/10/2017 04:39,16/10/2017 04:39,24/10/2017 17:39
ord_004916,cust_001056,delivered,22/05/2017 18:26,23/05/2017 20:26,29/05/2017 20:26,06/06/2017 20:26,02/06/2017 18:26
ord_004917,cust_000759,delivered,16/09/2017 15:13,18/09/2017 08:13,19/09/2017 08:13,30/09/2017 08:13,28/09/2017 15:13
ord_004918,cust_001205,delivered,29/05/2017 18:56,31/05/2017 10:56,03/06/2017 10:56,12/06/2017 10:56,17/06/2017 18:56
ord_004919,cust_002837,delivered,02/01/2018 21:24,03/01/2018 10:24,04/01/2018 10:24,09/01/2018 10:24,18/01/2018 21:24
ord_004920,cust_002314,delivered,21/03/2018 08:52,22/03/2018 14:52,26/03/2018 14:52,08/04/2018 14:52,10/04/2018 08:52
ord_004921,cust_000781,delivered,28/02/2018 16:46,28/02/2018 19:46,06/03/2018 19:46,15/03/2018 19:46,10/03/2018 16:46
ord_004922,cust_001860,delivered,16/10/2018 12:51,16/10/2018 15:51,20/10/2018 15:51,30/10/2018 15:51,06/11/2018 12:51
ord_004923,cust_002460,delivered,08/10/2017 20:01,09/10/2017 17:01,13/10/2017 17:01,21/10/2017 17:01,18/10/2017 20:01
ord_004924,cust_001071,delivered,16/11/2018 16:28,18/11/2018 01:28,20/11/2018 01:28,27/11/2018 01:28,28/11/2018 16:28
ord_004925,cust_002742,delivered,23/11/2018 17:15,24/11/2018 21:15,28/11/2018 21:15,12/12/2018 21:15,13/12/2018 17:15
ord_004926,cust_002803,delivered,11/12/2018 09:16,11/12/2018 16:16,13/12/2018 16:16,20/12/2018 16:16,26/12/2018 09:16
ord_004927,cust_000679,delivered,02/08/2017 15:16,04/08/2017 02:16,08/08/2017 02:16,20/08/2017 02:16,15/08/2017 15:16
ord_004928,cust_001808,delivered,30/09/2017 14:23,01/10/2017 19:23,02/10/2017 19:23,05/10/2017 19:23,23/10/2017 14:23
ord_004929,cust_000688,delivered,19/06/2018 18:24,21/06/2018 06:24,25/06/2018 06:24,09/07/2018 06:24,08/07/2018 18:24
ord_004930,cust_002013,delivered,23/06/2017 10:38,24/06/2017 15:38,27/06/2017 15:38,08/07/2017 15:38,07/07/2017 10:38
ord_004931,cust_000235,delivered,24/04/2017 11:18,26/04/2017 04:18,01/05/2017 04:18,13/05/2017 04:18,14/05/2017 11:18
ord_004932,cust_001922,delivered,10/04/2017 18:16,11/04/2017 11:16,17/04/2017 11:16,23/04/2017 11:16,22/04/2017 18:16
ord_004933,cust_001023,delivered,08/06/2018 08:21,08/06/2018 09:21,14/06/2018 09:21,24/06/2018 09:21,25/06/2018 08:21
ord_004934,cust_001533,delivered,03/10/2018 13:41,04/10/2018 17:41,07/10/2018 17:41,18/10/2018 17:41,15/10/2018 13:41
ord_004935,cust_001500,delivered,12/10/2017 18:00,14/10/2017 17:00,18/10/2017 17:00,20/10/2017 17:00,31/10/2017 18:00
ord_004936,cust_002982,delivered,28/11/2018 19:44,28/11/2018 23:44,02/12/2018 23:44,12/12/2018 23:44,12/12/2018 19:44
ord_004937,cust_000257,delivered,26/09/2018 10:20,28/09/2018 08:20,04/10/2018 08:20,17/10/2018 08:20,09/10/2018 10:20
ord_004938,cust_001745,delivered,14/04/2017 19:34,16/04/2017 07:34,21/04/2017 07:34,04/05/2017 07:34,27/04/2017 19:34
ord_004939,cust_000438,delivered,24/01/2018 13:45,24/01/2018 14:45,25/01/2018 14:45,05/02/2018 14:45,15/02/2018 13:45
ord_004940,cust_001945,delivered,03/04/2017 17:30,04/04/2017 19:30,09/04/2017 19:30,22/04/2017 19:30,25/04/2017 17:30
ord_004941,cust_001266,delivered,24/11/2018 08:38,24/11/2018 23:38,27/11/2018 23:38,02/12/2018 23:38,07/12/2018 08:38
ord_004942,cust_000498,delivered,29/08/2018 10:55,30/08/2018 17:55,05/09/2018 17:55,15/09/2018 17:55,10/09/2018 10:55
ord_004943,cust_000540,delivered,27/07/2018 10:01,28/07/2018 22:01,01/08/2018 22:01,06/08/2018 22:01,14/08/2018 10:01
ord_004944,cust_000371,delivered,25/07/2018 13:20,26/07/2018 06:20,29/07/2018 06:20,11/08/2018 06:20,13/08/2018 13:20
ord_004945,cust_002320,delivered,03/11/2017 13:55,04/11/2017 11:55,06/11/2017 11:55,14/11/2017 11:55,25/11/2017 13:55
ord_004946,cust_002738,delivered,28/11/2018 12:50,28/11/2018 13:50,04/12/2018 13:50,16/12/2018 13:50,20/12/2018 12:50
ord_004947,cust_000967,delivered,26/11/2018 10:37,26/11/2018 10:37,27/11/2018 10:37,02/12/2018 10:37,17/12/2018 10:37
ord_004948,cust_001146,delivered,27/08/2018 09:13,28/08/2018 21:13,29/08/2018 21:13,03/09/2018 21:13,06/09/2018 09:13
ord_004949,cust_000139,delivered,09/03/2018 10:19,10/03/2018 03:19,11/03/2018 03:19,25/03/2018 03:19,19/03/2018 10:19
ord_004950,cust_000502,canceled,07/03/2017 14:51,09/03/2017 08:51,,,19/03/2017 14:51
ord_004951,cust_000463,delivered,10/02/2017 19:41,11/02/2017 22:41,13/02/2017 22:41,17/02/2017 22:41,25/02/2017 19:41
ord_004952,cust_002842,delivered,20/06/2017 15:17,21/06/2017 10:17,25/06/2017 10:17,02/07/2017 10:17,11/07/2017 15:17
ord_004953,cust_000921,delivered,01/06/2018 12:07,03/06/2018 06:07,08/06/2018 06:07,11/06/2018 06:07,23/06/2018 12:07
ord_004954,cust_002351,delivered,29/09/2018 17:46,29/09/2018 19:46,01/10/2018 19:46,11/10/2018 19:46,19/10/2018 17:46
ord_004955,cust_000437,delivered,05/12/2018 16:34,07/12/2018 07:34,08/12/2018 07:34,10/12/2018 07:34,27/12/2018 16:34
ord_004956,cust_000536,canceled,28/07/2017 13:57,28/07/2017 16:57,,,12/08/2017 13:57
ord_004957,cust_000646,delivered,26/10/2017 21:24,28/10/2017 18:24,01/11/2017 18:24,10/11/2017 18:24,14/11/2017 21:24
ord_004958,cust_000576,delivered,16/03/2017 19:20,17/03/2017 22:20,22/03/2017 22:20,04/04/2017 22:20,28/03/2017 19:20
ord_004959,cust_000619,delivered,26/12/2018 09:17,27/12/2018 07:17,28/12/2018 07:17,08/01/2019 07:17,06/01/2019 09:17
ord_004960,cust_000866,delivered,19/09/2018 20:28,21/09/2018 03:28,27/09/2018 03:28,08/10/2018 03:28,11/10/2018 20:28
ord_004961,cust_001256,delivered,18/03/2018 20:19,20/03/2018 10:19,24/03/2018 10:19,02/04/2018 10:19,03/04/2018 20:19
ord_004962,cust_000551,shipped,20/05/2018 14:04,21/05/2018 03:04,24/05/2018 03:04,,09/06/2018 14:04
ord_004963,cust_001572,delivered,11/05/2018 19:18,11/05/2018 23:18,13/05/2018 23:18,17/05/2018 23:18,04/06/2018 19:18
ord_004964,cust_001093,delivered,08/10/2017 09:13,10/10/2017 07:13,16/10/2017 07:13,26/10/2017 07:13,26/10/2017 09:13
ord_004965,cust_001867,delivered,06/08/2017 17:48,07/08/2017 17:48,08/08/2017 17:48,22/08/2017 17:48,17/08/2017 17:48
ord_004966,cust_001745,delivered,13/11/2017 22:14,14/11/2017 11:14,17/11/2017 11:14,19/11/2017 11:14,02/12/2017 22:14
ord_004967,cust_002728,delivered,02/10/2017 16:27,04/10/2017 11:27,07/10/2017 11:27,13/10/2017 11:27,24/10/2017 16:27
ord_004968,cust_001861,delivered,08/05/2018 18:40,08/05/2018 19:40,12/05/2018 19:40,16/05/2018 19:40,22/05/2018 18:40
ord_004969,cust_002064,canceled,20/11/2017 09:08,22/11/2017 01:08,,,06/12/2017 09:08
ord_004970,cust_002512,delivered,21/08/2018 16:31,21/08/2018 16:31,27/08/2018 16:31,02/09/2018 16:31,09/09/2018 16:31
ord_004971,cust_000595,delivered,15/05/2018 21:50,17/05/2018 04:50,20/05/2018 04:50,24/05/2018 04:50,05/06/2018 21:50
ord_004972,cust_002617,delivered,21/04/2018 08:35,21/04/2018 09:35,26/04/2018 09:35,01/05/2018 09:35,03/05/2018 08:35
ord_004973,cust_001347,delivered,06/12/2018 14:28,06/12/2018 21:28,10/12/2018 21:28,17/12/2018 21:28,16/12/2018 14:28
ord_004974,cust_001986,delivered,25/11/2017 08:50,25/11/2017 23:50,27/11/2017 23:50,08/12/2017 23:50,14/12/2017 08:50
ord_004975,cust_002188,delivered,26/06/2018 10:56,26/06/2018 18:56,02/07/2018 18:56,11/07/2018 18:56,06/07/2018 10:56
ord_004976,cust_000643,delivered,01/01/2017 21:49,01/01/2017 23:49,04/01/2017 23:49,13/01/2017 23:49,17/01/2017 21:49
ord_004977,cust_001665,delivered,25/08/2018 09:24,26/08/2018 17:24,30/08/2018 17:24,08/09/2018 17:24,08/09/2018 09:24
ord_004978,cust_000854,delivered,02/04/2018 08:36,03/04/2018 20:36,07/04/2018 20:36,11/04/2018 20:36,18/04/2018 08:36
ord_004979,cust_000508,delivered,28/08/2017 20:31,29/08/2017 11:31,02/09/2017 11:31,04/09/2017 11:31,20/09/2017 20:31
ord_004980,cust_002642,delivered,03/01/2017 08:18,04/01/2017 17:18,08/01/2017 17:18,10/01/2017 17:18,27/01/2017 08:18
ord_004981,cust_002362,delivered,08/08/2018 10:26,09/08/2018 01:26,13/08/2018 01:26,26/08/2018 01:26,28/08/2018 10:26
ord_004982,cust_000555,delivered,13/07/2018 13:49,13/07/2018 23:49,18/07/2018 23:49,31/07/2018 23:49,28/07/2018 13:49
ord_004983,cust_000589,delivered,14/07/2018 11:18,16/07/2018 03:18,19/07/2018 03:18,25/07/2018 03:18,02/08/2018 11:18
ord_004984,cust_000259,delivered,15/02/2018 11:53,16/02/2018 12:53,21/02/2018 12:53,05/03/2018 12:53,27/02/2018 11:53
ord_004985,cust_001032,delivered,28/06/2018 12:59,28/06/2018 12:59,02/07/2018 12:59,07/07/2018 12:59,22/07/2018 12:59
ord_004986,cust_000725,delivered,17/05/2018 17:18,19/05/2018 02:18,25/05/2018 02:18,30/05/2018 02:18,09/06/2018 17:18
ord_004987,cust_002200,delivered,25/09/2017 16:07,26/09/2017 10:07,30/09/2017 10:07,10/10/2017 10:07,10/10/2017 16:07
ord_004988,cust_001213,delivered,12/04/2018 21:57,13/04/2018 00:57,17/04/2018 00:57,01/05/2018 00:57,22/04/2018 21:57
ord_004989,cust_002908,canceled,10/04/2018 12:10,10/04/2018 23:10,,,02/05/2018 12:10
ord_004990,cust_001681,delivered,13/10/2018 14:46,14/10/2018 05:46,17/10/2018 05:46,31/10/2018 05:46,23/10/2018 14:46
ord_004991,cust_002671,delivered,12/02/2018 17:02,12/02/2018 18:02,17/02/2018 18:02,03/03/2018 18:02,23/02/2018 17:02
ord_004992,cust_000287,delivered,14/02/2018 08:14,15/02/2018 18:14,19/02/2018 18:14,21/02/2018 18:14,24/02/2018 08:14
ord_004993,cust_002909,delivered,24/12/2018 19:15,25/12/2018 05:15,28/12/2018 05:15,04/01/2019 05:15,05/01/2019 19:15
ord_004994,cust_000975,delivered,20/11/2018 21:17,21/11/2018 04:17,26/11/2018 04:17,04/12/2018 04:17,13/12/2018 21:17
ord_004995,cust_001190,delivered,27/09/2017 21:55,28/09/2017 05:55,29/09/2017 05:55,03/10/2017 05:55,14/10/2017 21:55
ord_004996,cust_001790,delivered,23/11/2018 18:10,25/11/2018 04:10,26/11/2018 04:10,30/11/2018 04:10,05/12/2018 18:10
ord_004997,cust_001307,delivered,20/06/2017 09:10,21/06/2017 09:10,25/06/2017 09:10,09/07/2017 09:10,14/07/2017 09:10
ord_004998,cust_000944,delivered,29/10/2018 17:41,31/10/2018 08:41,03/11/2018 08:41,07/11/2018 08:41,14/11/2018 17:41
ord_004999,cust_000488,delivered,04/08/2017 22:57,05/08/2017 18:57,10/08/2017 18:57,18/08/2017 18:57,24/08/2017 22:57
ord_005000,cust_001257,delivered,07/02/2018 12:23,08/02/2018 20:23,12/02/2018 20:23,20/02/2018 20:23,25/02/2018 12:23
ord_005001,cust_001417,canceled,23/12/2018 19:46,24/12/2018 17:46,,,03/01/2019 19:46
ord_005002,cust_000387,delivered,07/05/2017 12:01,08/05/2017 16:01,10/05/2017 16:01,19/05/2017 16:01,27/05/2017 12:01
ord_005003,cust_002341,canceled,22/10/2018 09:49,24/10/2018 03:49,,,15/11/2018 09:49
ord_005004,cust_000536,invoiced,27/03/2018 13:43,28/03/2018 18:43,,,20/04/2018 13:43
ord_005005,cust_000206,delivered,22/05/2017 20:53,23/05/2017 19:53,27/05/2017 19:53,02/06/2017 19:53,12/06/2017 20:53
ord_005006,cust_000964,delivered,07/12/2018 15:38,09/12/2018 08:38,14/12/2018 08:38,17/12/2018 08:38,27/12/2018 15:38
ord_005007,cust_000957,delivered,02/05/2018 10:56,03/05/2018 16:56,09/05/2018 16:56,23/05/2018 16:56,23/05/2018 10:56
ord_005008,cust_000897,delivered,13/11/2018 21:23,15/11/2018 17:23,17/11/2018 17:23,26/11/2018 17:23,07/12/2018 21:23
ord_005009,cust_002776,delivered,07/11/2018 13:43,08/11/2018 20:43,09/11/2018 20:43,23/11/2018 20:43,25/11/2018 13:43
ord_005010,cust_001791,delivered,22/01/2017 14:43,23/01/2017 22:43,29/01/2017 22:43,11/02/2017 22:43,14/02/2017 14:43
ord_005011,cust_000547,shipped,17/10/2017 09:16,18/10/2017 09:16,22/10/2017 09:16,,01/11/2017 09:16
ord_005012,cust_001554,delivered,01/12/2017 19:55,03/12/2017 11:55,06/12/2017 11:55,11/12/2017 11:55,15/12/2017 19:55
ord_005013,cust_000891,delivered,23/04/2018 08:46,23/04/2018 22:46,25/04/2018 22:46,07/05/2018 22:46,04/05/2018 08:46
ord_005014,cust_002850,delivered,07/04/2017 09:51,08/04/2017 11:51,14/04/2017 11:51,16/04/2017 11:51,23/04/2017 09:51
ord_005015,cust_002805,delivered,10/01/2018 11:21,12/01/2018 06:21,17/01/2018 06:21,25/01/2018 06:21,29/01/2018 11:21
ord_005016,cust_001758,delivered,08/10/2018 18:50,09/10/2018 04:50,11/10/2018 04:50,24/10/2018 04:50,24/10/2018 18:50
ord_005017,cust_001034,shipped,26/07/2017 14:18,27/07/2017 11:18,29/07/2017 11:18,,06/08/2017 14:18
ord_005018,cust_000400,delivered,05/08/2018 22:57,05/08/2018 23:57,11/08/2018 23:57,15/08/2018 23:57,21/08/2018 22:57
ord_005019,cust_002492,delivered,03/03/2018 15:01,04/03/2018 18:01,09/03/2018 18:01,11/03/2018 18:01,21/03/2018 15:01
ord_005020,cust_000073,delivered,06/04/2017 22:37,07/04/2017 14:37,12/04/2017 14:37,19/04/2017 14:37,17/04/2017 22:37
ord_005021,cust_000861,delivered,30/07/2017 16:06,31/07/2017 18:06,01/08/2017 18:06,13/08/2017 18:06,17/08/2017 16:06
ord_005022,cust_001642,shipped,23/06/2017 22:43,24/06/2017 09:43,28/06/2017 09:43,,08/07/2017 22:43
ord_005023,cust_000771,shipped,16/06/2018 11:21,18/06/2018 02:21,19/06/2018 02:21,,04/07/2018 11:21
ord_005024,cust_002177,delivered,26/04/2017 13:52,28/04/2017 12:52,01/05/2017 12:52,08/05/2017 12:52,06/05/2017 13:52
ord_005025,cust_000561,delivered,13/10/2018 15:52,14/10/2018 16:52,15/10/2018 16:52,26/10/2018 16:52,04/11/2018 15:52
ord_005026,cust_002557,delivered,04/10/2018 18:22,05/10/2018 23:22,07/10/2018 23:22,19/10/2018 23:22,19/10/2018 18:22
ord_005027,cust_000188,delivered,17/04/2017 14:48,18/04/2017 11:48,20/04/2017 11:48,26/04/2017 11:48,03/05/2017 14:48
ord_005028,cust_001000,delivered,17/11/2018 15:40,18/11/2018 05:40,20/11/2018 05:40,25/11/2018 05:40,28/11/2018 15:40
ord_005029,cust_001246,canceled,11/12/2018 09:25,12/12/2018 07:25,,,27/12/2018 09:25
ord_005030,cust_002955,delivered,03/03/2017 16:20,04/03/2017 15:20,07/03/2017 15:20,18/03/2017 15:20,18/03/2017 16:20
ord_005031,cust_002140,delivered,06/12/2018 20:12,08/12/2018 09:12,09/12/2018 09:12,21/12/2018 09:12,16/12/2018 20:12
ord_005032,cust_002969,delivered,29/10/2017 20:03,31/10/2017 05:03,06/11/2017 05:03,10/11/2017 05:03,16/11/2017 20:03
ord_005033,cust_001516,delivered,14/07/2018 14:31,15/07/2018 05:31,16/07/2018 05:31,30/07/2018 05:31,28/07/2018 14:31
ord_005034,cust_002814,delivered,27/07/2017 11:32,28/07/2017 16:32,29/07/2017 16:32,31/07/2017 16:32,11/08/2017 11:32
ord_005035,cust_001221,delivered,10/10/2018 21:26,12/10/2018 17:26,18/10/2018 17:26,25/10/2018 17:26,21/10/2018 21:26
ord_005036,cust_000084,delivered,23/10/2018 16:57,24/10/2018 12:57,27/10/2018 12:57,04/11/2018 12:57,11/11/2018 16:57
ord_005037,cust_000613,delivered,20/12/2018 21:00,22/12/2018 13:00,25/12/2018 13:00,27/12/2018 13:00,01/01/2019 21:00
ord_005038,cust_001125,delivered,28/12/2018 18:51,29/12/2018 16:51,31/12/2018 16:51,11/01/2019 16:51,15/01/2019 18:51
ord_005039,cust_002050,delivered,12/04/2017 22:48,13/04/2017 04:48,17/04/2017 04:48,30/04/2017 04:48,28/04/2017 22:48
ord_005040,cust_000630,delivered,10/07/2018 09:45,10/07/2018 17:45,13/07/2018 17:45,18/07/2018 17:45,31/07/2018 09:45
ord_005041,cust_000758,delivered,24/10/2017 20:31,25/10/2017 11:31,26/10/2017 11:31,05/11/2017 11:31,09/11/2017 20:31
ord_005042,cust_001961,delivered,07/06/2017 08:11,08/06/2017 11:11,14/06/2017 11:11,28/06/2017 11:11,26/06/2017 08:11
ord_005043,cust_000096,delivered,01/07/2017 12:51,03/07/2017 07:51,09/07/2017 07:51,19/07/2017 07:51,25/07/2017 12:51
ord_005044,cust_002650,delivered,29/11/2018 09:44,30/11/2018 03:44,02/12/2018 03:44,09/12/2018 03:44,12/12/2018 09:44
ord_005045,cust_002893,delivered,25/07/2018 10:49,25/07/2018 23:49,29/07/2018 23:49,12/08/2018 23:49,05/08/2018 10:49
ord_005046,cust_002425,delivered,12/03/2017 08:14,13/03/2017 15:14,16/03/2017 15:14,23/03/2017 15:14,31/03/2017 08:14
ord_005047,cust_002827,delivered,23/12/2018 09:33,24/12/2018 00:33,25/12/2018 00:33,04/01/2019 00:33,04/01/2019 09:33
ord_005048,cust_000491,delivered,04/10/2018 19:24,05/10/2018 15:24,08/10/2018 15:24,20/10/2018 15:24,17/10/2018 19:24
ord_005049,cust_000643,delivered,21/11/2017 16:38,22/11/2017 02:38,26/11/2017 02:38,06/12/2017 02:38,12/12/2017 16:38
ord_005050,cust_002600,delivered,11/03/2018 14:45,12/03/2018 04:45,13/03/2018 04:45,19/03/2018 04:45,31/03/2018 14:45
ord_005051,cust_000715,delivered,20/08/2018 12:10,20/08/2018 14:10,23/08/2018 14:10,03/09/2018 14:10,30/08/2018 12:10
ord_005052,cust_002111,delivered,21/07/2018 10:10,22/07/2018 13:10,24/07/2018 13:10,30/07/2018 13:10,08/08/2018 10:10
ord_005053,cust_001740,delivered,05/03/2018 08:02,06/03/2018 06:02,09/03/2018 06:02,17/03/2018 06:02,24/03/2018 08:02
ord_005054,cust_000890,delivered,08/04/2018 08:09,08/04/2018 16:09,12/04/2018 16:09,21/04/2018 16:09,22/04/2018 08:09
ord_005055,cust_001282,delivered,02/03/2017 17:14,04/03/2017 05:14,07/03/2017 05:14,12/03/2017 05:14,23/03/2017 17:14
ord_005056,cust_001341,delivered,31/03/2018 16:04,01/04/2018 01:04,06/04/2018 01:04,17/04/2018 01:04,20/04/2018 16:04
ord_005057,cust_002663,delivered,04/12/2017 20:21,06/12/2017 03:21,10/12/2017 03:21,15/12/2017 03:21,23/12/2017 20:21
ord_005058,cust_001611,delivered,03/11/2017 14:40,,08/11/2017 19:40,12/11/2017 19:40,16/11/2017 14:40
ord_005059,cust_001280,delivered,21/10/2017 22:47,21/10/2017 23:47,25/10/2017 23:47,05/11/2017 23:47,04/11/2017 22:47
ord_005060,cust_002010,delivered,04/07/2018 14:20,04/07/2018 19:20,09/07/2018 19:20,22/07/2018 19:20,22/07/2018 14:20
ord_005061,cust_000407,canceled,09/02/2018 13:05,10/02/2018 14:05,,,20/02/2018 13:05
ord_005062,cust_000962,delivered,07/02/2018 13:45,07/02/2018 21:45,13/02/2018 21:45,21/02/2018 21:45,23/02/2018 13:45
ord_005063,cust_001639,delivered,12/07/2017 12:23,13/07/2017 03:23,18/07/2017 03:23,01/08/2017 03:23,05/08/2017 12:23
ord_005064,cust_001853,delivered,12/12/2018 09:15,13/12/2018 10:15,15/12/2018 10:15,21/12/2018 10:15,31/12/2018 09:15
ord_005065,cust_000339,delivered,11/09/2017 09:28,12/09/2017 15:28,13/09/2017 15:28,20/09/2017 15:28,03/10/2017 09:28
ord_005066,cust_000927,delivered,23/01/2018 12:58,25/01/2018 01:58,26/01/2018 01:58,06/02/2018 01:58,06/02/2018 12:58
ord_005067,cust_001341,canceled,11/08/2017 16:22,12/08/2017 11:22,,,31/08/2017 16:22
ord_005068,cust_000008,delivered,06/08/2018 16:57,06/08/2018 21:57,09/08/2018 21:57,12/08/2018 21:57,27/08/2018 16:57
ord_005069,cust_001731,delivered,14/02/2018 10:15,16/02/2018 09:15,18/02/2018 09:15,20/02/2018 09:15,26/02/2018 10:15
ord_005070,cust_002541,delivered,29/01/2018 16:06,31/01/2018 05:06,02/02/2018 05:06,08/02/2018 05:06,11/02/2018 16:06
ord_005071,cust_002836,delivered,10/11/2018 15:09,12/11/2018 06:09,15/11/2018 06:09,22/11/2018 06:09,26/11/2018 15:09
ord_005072,cust_001935,delivered,07/09/2018 20:46,09/09/2018 16:46,10/09/2018 16:46,19/09/2018 16:46,26/09/2018 20:46
ord_005073,cust_000880,delivered,13/04/2018 08:32,14/04/2018 17:32,18/04/2018 17:32,25/04/2018 17:32,03/05/2018 08:32
ord_005074,cust_002126,delivered,09/03/2018 11:34,11/03/2018 10:34,12/03/2018 10:34,15/03/2018 10:34,02/04/2018 11:34
ord_005075,cust_001948,delivered,11/12/2018 16:58,12/12/2018 16:58,16/12/2018 16:58,27/12/2018 16:58,22/12/2018 16:58
ord_005076,cust_000101,delivered,09/12/2018 10:30,10/12/2018 12:30,11/12/2018 12:30,18/12/2018 12:30,28/12/2018 10:30
ord_005077,cust_000000,delivered,07/08/2018 22:07,09/08/2018 02:07,14/08/2018 02:07,16/08/2018 02:07,31/08/2018 22:07
ord_005078,cust_002990,delivered,08/09/2018 11:43,09/09/2018 11:43,11/09/2018 11:43,20/09/2018 11:43,20/09/2018 11:43
ord_005079,cust_002614,delivered,21/11/2018 09:12,22/11/2018 06:12,26/11/2018 06:12,03/12/2018 06:12,15/12/2018 09:12
ord_005080,cust_001211,delivered,13/12/2018 22:34,14/12/2018 13:34,17/12/2018 13:34,25/12/2018 13:34,04/01/2019 22:34
ord_005081,cust_000951,delivered,20/04/2017 08:51,21/04/2017 22:51,27/04/2017 22:51,10/05/2017 22:51,02/05/2017 08:51
ord_005082,cust_000279,shipped,30/12/2018 15:28,31/12/2018 06:28,05/01/2019 06:28,,12/01/2019 15:28
ord_005083,cust_000722,delivered,06/08/2018 22:18,08/08/2018 17:18,14/08/2018 17:18,24/08/2018 17:18,18/08/2018 22:18
ord_005084,cust_000276,delivered,30/05/2018 13:34,01/06/2018 00:34,06/06/2018 00:34,09/06/2018 00:34,10/06/2018 13:34
ord_005085,cust_000307,shipped,29/01/2018 11:07,31/01/2018 10:07,06/02/2018 10:07,,13/02/2018 11:07
ord_005086,cust_002568,delivered,01/12/2017 10:18,02/12/2017 16:18,04/12/2017 16:18,10/12/2017 16:18,17/12/2017 10:18
ord_005087,cust_002355,delivered,02/10/2018 09:30,03/10/2018 13:30,05/10/2018 13:30,16/10/2018 13:30,18/10/2018 09:30
ord_005088,cust_002374,delivered,08/07/2018 22:15,09/07/2018 14:15,14/07/2018 14:15,16/07/2018 14:15,30/07/2018 22:15
ord_005089,cust_000169,delivered,21/08/2017 08:02,22/08/2017 16:02,23/08/2017 16:02,02/09/2017 16:02,06/09/2017 08:02
ord_005090,cust_001107,delivered,10/06/2018 10:35,11/06/2018 13:35,13/06/2018 13:35,18/06/2018 13:35,22/06/2018 10:35
ord_005091,cust_001853,delivered,23/06/2017 15:24,24/06/2017 10:24,29/06/2017 10:24,06/07/2017 10:24,13/07/2017 15:24
ord_005092,cust_001661,delivered,29/03/2018 19:23,29/03/2018 22:23,01/04/2018 22:23,06/04/2018 22:23,17/04/2018 19:23
ord_005093,cust_000946,delivered,25/05/2018 17:59,25/05/2018 17:59,27/05/2018 17:59,03/06/2018 17:59,11/06/2018 17:59
ord_005094,cust_001223,delivered,26/06/2018 10:06,26/06/2018 21:06,28/06/2018 21:06,10/07/2018 21:06,15/07/2018 10:06
ord_005095,cust_002133,delivered,28/06/2017 11:09,29/06/2017 20:09,04/07/2017 20:09,06/07/2017 20:09,10/07/2017 11:09
ord_005096,cust_002538,delivered,05/05/2017 20:52,07/05/2017 16:52,10/05/2017 16:52,19/05/2017 16:52,26/05/2017 20:52
ord_005097,cust_002897,delivered,12/10/2017 16:07,14/10/2017 12:07,15/10/2017 12:07,19/10/2017 12:07,25/10/2017 16:07
ord_005098,cust_002126,delivered,08/06/2018 20:55,09/06/2018 21:55,13/06/2018 21:55,20/06/2018 21:55,18/06/2018 20:55
ord_005099,cust_000824,delivered,28/11/2018 14:40,30/11/2018 07:40,05/12/2018 07:40,14/12/2018 07:40,14/12/2018 14:40
ord_005100,cust_002723,delivered,18/09/2018 17:31,18/09/2018 17:31,19/09/2018 17:31,22/09/2018 17:31,01/10/2018 17:31
ord_005101,cust_001859,delivered,30/08/2018 13:16,01/09/2018 07:16,02/09/2018 07:16,15/09/2018 07:16,16/09/2018 13:16
ord_005102,cust_002294,canceled,27/11/2017 12:21,29/11/2017 10:21,,,13/12/2017 12:21
ord_005103,cust_001111,delivered,23/05/2017 19:49,24/05/2017 14:49,30/05/2017 14:49,08/06/2017 14:49,15/06/2017 19:49
ord_005104,cust_001670,delivered,19/11/2018 09:03,19/11/2018 11:03,20/11/2018 11:03,04/12/2018 11:03,05/12/2018 09:03
ord_005105,cust_001528,delivered,31/03/2018 15:46,02/04/2018 01:46,06/04/2018 01:46,13/04/2018 01:46,11/04/2018 15:46
ord_005106,cust_002193,delivered,11/05/2017 16:49,11/05/2017 16:49,16/05/2017 16:49,19/05/2017 16:49,28/05/2017 16:49
ord_005107,cust_000249,delivered,23/04/2018 18:42,25/04/2018 00:42,26/04/2018 00:42,08/05/2018 00:42,15/05/2018 18:42
ord_005108,cust_001623,delivered,20/07/2018 16:03,21/07/2018 07:03,23/07/2018 07:03,02/08/2018 07:03,02/08/2018 16:03
ord_005109,cust_000613,delivered,24/11/2017 10:44,25/11/2017 11:44,29/11/2017 11:44,06/12/2017 11:44,08/12/2017 10:44
ord_005110,cust_000482,delivered,14/01/2017 12:43,16/01/2017 08:43,20/01/2017 08:43,23/01/2017 08:43,26/01/2017 12:43
ord_005111,cust_002382,delivered,18/06/2018 13:00,18/06/2018 20:00,22/06/2018 20:00,27/06/2018 20:00,08/07/2018 13:00
ord_005112,cust_001621,delivered,26/02/2017 18:53,26/02/2017 19:53,28/02/2017 19:53,09/03/2017 19:53,10/03/2017 18:53
ord_005113,cust_001034,delivered,12/02/2018 14:07,13/02/2018 17:07,19/02/2018 17:07,22/02/2018 17:07,25/02/2018 14:07
ord_005114,cust_002007,invoiced,14/10/2018 14:57,15/10/2018 23:57,,,25/10/2018 14:57
ord_005115,cust_000003,delivered,31/12/2018 12:04,01/01/2019 02:04,05/01/2019 02:04,17/01/2019 02:04,15/01/2019 12:04
ord_005116,cust_002737,delivered,27/12/2017 19:14,28/12/2017 02:14,01/01/2018 02:14,08/01/2018 02:14,19/01/2018 19:14
ord_005117,cust_000962,delivered,30/01/2017 08:41,31/01/2017 17:41,04/02/2017 17:41,14/02/2017 17:41,15/02/2017 08:41
ord_005118,cust_000351,delivered,26/03/2018 13:08,27/03/2018 22:08,29/03/2018 22:08,02/04/2018 22:08,06/04/2018 13:08
ord_005119,cust_002009,delivered,26/10/2017 08:11,28/10/2017 05:11,30/10/2017 05:11,08/11/2017 05:11,16/11/2017 08:11
ord_005120,cust_002544,delivered,19/11/2018 10:00,21/11/2018 03:00,22/11/2018 03:00,26/11/2018 03:00,04/12/2018 10:00
ord_005121,cust_002914,delivered,11/08/2018 13:49,12/08/2018 23:49,17/08/2018 23:49,28/08/2018 23:49,23/08/2018 13:49
ord_005122,cust_002259,delivered,22/01/2018 13:02,22/01/2018 13:02,24/01/2018 13:02,01/02/2018 13:02,01/02/2018 13:02
ord_005123,cust_002562,delivered,09/09/2018 21:37,10/09/2018 09:37,11/09/2018 09:37,20/09/2018 09:37,24/09/2018 21:37
ord_005124,cust_000940,delivered,05/12/2017 22:34,07/12/2017 05:34,08/12/2017 05:34,14/12/2017 05:34,17/12/2017 22:34
ord_005125,cust_002270,delivered,14/04/2018 15:30,15/04/2018 13:30,21/04/2018 13:30,27/04/2018 13:30,01/05/2018 15:30
ord_005126,cust_000029,delivered,26/11/2018 08:22,26/11/2018 10:22,29/11/2018 10:22,09/12/2018 10:22,12/12/2018 08:22
ord_005127,cust_002787,delivered,20/08/2017 14:17,21/08/2017 17:17,25/08/2017 17:17,04/09/2017 17:17,08/09/2017 14:17
ord_005128,cust_002405,delivered,22/11/2017 20:57,24/11/2017 08:57,28/11/2017 08:57,08/12/2017 08:57,06/12/2017 20:57
ord_005129,cust_001978,delivered,15/11/2018 15:47,17/11/2018 01:47,23/11/2018 01:47,26/11/2018 01:47,26/11/2018 15:47
ord_005130,cust_002799,delivered,05/03/2018 11:55,07/03/2018 07:55,13/03/2018 07:55,17/03/2018 07:55,16/03/2018 11:55
ord_005131,cust_001557,delivered,23/11/2017 18:44,24/11/2017 01:44,29/11/2017 01:44,04/12/2017 01:44,04/12/2017 18:44
ord_005132,cust_000966,delivered,23/02/2017 16:49,25/02/2017 13:49,03/03/2017 13:49,10/03/2017 13:49,09/03/2017 16:49
ord_005133,cust_001618,delivered,02/02/2018 16:57,03/02/2018 17:57,05/02/2018 17:57,13/02/2018 17:57,22/02/2018 16:57
ord_005134,cust_000165,delivered,31/03/2018 17:27,01/04/2018 07:27,04/04/2018 07:27,12/04/2018 07:27,18/04/2018 17:27
ord_005135,cust_002832,delivered,23/01/2018 11:54,25/01/2018 04:54,27/01/2018 04:54,29/01/2018 04:54,07/02/2018 11:54
ord_005136,cust_001522,delivered,27/10/2017 08:02,27/10/2017 12:02,01/11/2017 12:02,03/11/2017 12:02,09/11/2017 08:02
ord_005137,cust_000006,delivered,26/12/2017 08:06,26/12/2017 09:06,28/12/2017 09:06,09/01/2018 09:06,07/01/2018 08:06
ord_005138,cust_001810,delivered,30/06/2018 11:29,01/07/2018 22:29,06/07/2018 22:29,15/07/2018 22:29,12/07/2018 11:29
ord_005139,cust_001546,delivered,19/11/2018 12:27,20/11/2018 22:27,22/11/2018 22:27,24/11/2018 22:27,02/12/2018 12:27
ord_005140,cust_002965,delivered,05/07/2018 14:26,05/07/2018 18:26,10/07/2018 18:26,23/07/2018 18:26,22/07/2018 14:26
ord_005141,cust_002307,delivered,03/07/2018 08:32,05/07/2018 02:32,06/07/2018 02:32,12/07/2018 02:32,21/07/2018 08:32
ord_005142,cust_000821,delivered,09/10/2018 12:32,11/10/2018 04:32,16/10/2018 04:32,26/10/2018 04:32,02/11/2018 12:32
ord_005143,cust_000114,delivered,18/07/2017 08:52,19/07/2017 22:52,24/07/2017 22:52,31/07/2017 22:52,11/08/2017 08:52
ord_005144,cust_001316,delivered,16/11/2017 18:20,17/11/2017 12:20,21/11/2017 12:20,25/11/2017 12:20,29/11/2017 18:20
ord_005145,cust_002469,delivered,12/03/2017 13:18,14/03/2017 09:18,18/03/2017 09:18,28/03/2017 09:18,01/04/2017 13:18
ord_005146,cust_002180,delivered,11/12/2017 22:42,12/12/2017 04:42,15/12/2017 04:42,21/12/2017 04:42,22/12/2017 22:42
ord_005147,cust_002531,delivered,31/12/2018 14:38,02/01/2019 03:38,06/01/2019 03:38,10/01/2019 03:38,21/01/2019 14:38
ord_005148,cust_002492,delivered,27/11/2017 08:49,29/11/2017 00:49,03/12/2017 00:49,07/12/2017 00:49,20/12/2017 08:49
ord_005149,cust_001570,delivered,02/11/2018 16:18,03/11/2018 16:18,06/11/2018 16:18,18/11/2018 16:18,21/11/2018 16:18
ord_005150,cust_002416,delivered,24/04/2017 18:00,25/04/2017 10:00,29/04/2017 10:00,07/05/2017 10:00,12/05/2017 18:00
ord_005151,cust_002486,shipped,03/03/2018 15:56,04/03/2018 13:56,05/03/2018 13:56,,18/03/2018 15:56
ord_005152,cust_000311,canceled,13/12/2017 19:02,13/12/2017 21:02,,,05/01/2018 19:02
ord_005153,cust_000427,shipped,22/08/2017 16:40,22/08/2017 17:40,25/08/2017 17:40,,15/09/2017 16:40
ord_005154,cust_000705,delivered,29/12/2017 15:19,30/12/2017 07:19,05/01/2018 07:19,08/01/2018 07:19,18/01/2018 15:19
ord_005155,cust_002829,delivered,06/07/2018 18:25,06/07/2018 18:25,08/07/2018 18:25,11/07/2018 18:25,17/07/2018 18:25
ord_005156,cust_002572,delivered,24/03/2018 22:50,26/03/2018 04:50,01/04/2018 04:50,04/04/2018 04:50,16/04/2018 22:50
ord_005157,cust_000146,delivered,24/10/2018 21:25,26/10/2018 03:25,01/11/2018 03:25,15/11/2018 03:25,15/11/2018 21:25
ord_005158,cust_002780,delivered,22/11/2018 18:08,24/11/2018 11:08,29/11/2018 11:08,12/12/2018 11:08,07/12/2018 18:08
ord_005159,cust_000111,delivered,18/03/2018 19:45,19/03/2018 08:45,24/03/2018 08:45,31/03/2018 08:45,31/03/2018 19:45
ord_005160,cust_002304,shipped,22/12/2018 19:01,24/12/2018 10:01,26/12/2018 10:01,,12/01/2019 19:01
ord_005161,cust_001572,delivered,07/04/2017 14:16,08/04/2017 04:16,09/04/2017 04:16,15/04/2017 04:16,26/04/2017 14:16
ord_005162,cust_001932,delivered,26/10/2017 21:32,27/10/2017 23:32,01/11/2017 23:32,10/11/2017 23:32,16/11/2017 21:32
ord_005163,cust_002205,delivered,31/01/2018 17:26,02/02/2018 07:26,07/02/2018 07:26,11/02/2018 07:26,24/02/2018 17:26
ord_005164,cust_002610,delivered,24/05/2018 09:37,25/05/2018 02:37,30/05/2018 02:37,09/06/2018 02:37,08/06/2018 09:37
ord_005165,cust_002100,delivered,30/04/2018 17:22,30/04/2018 22:22,04/05/2018 22:22,12/05/2018 22:22,22/05/2018 17:22
ord_005166,cust_001625,delivered,15/05/2018 17:23,17/05/2018 08:23,23/05/2018 08:23,05/06/2018 08:23,01/06/2018 17:23
ord_005167,cust_001650,delivered,20/11/2018 17:20,21/11/2018 06:20,22/11/2018 06:20,28/11/2018 06:20,12/12/2018 17:20
ord_005168,cust_002898,delivered,27/10/2017 19:53,28/10/2017 05:53,29/10/2017 05:53,09/11/2017 05:53,09/11/2017 19:53
ord_005169,cust_002350,delivered,09/10/2018 15:01,10/10/2018 23:01,11/10/2018 23:01,15/10/2018 23:01,31/10/2018 15:01
ord_005170,cust_001873,delivered,08/05/2018 18:56,09/05/2018 19:56,11/05/2018 19:56,14/05/2018 19:56,28/05/2018 18:56
ord_005171,cust_001823,delivered,24/03/2018 18:21,24/03/2018 19:21,25/03/2018 19:21,05/04/2018 19:21,09/04/2018 18:21
ord_005172,cust_000890,delivered,15/11/2017 16:21,17/11/2017 11:21,18/11/2017 11:21,01/12/2017 11:21,08/12/2017 16:21
ord_005173,cust_002550,delivered,18/11/2017 19:43,19/11/2017 19:43,24/11/2017 19:43,07/12/2017 19:43,03/12/2017 19:43
ord_005174,cust_002154,delivered,10/01/2018 17:23,11/01/2018 05:23,12/01/2018 05:23,14/01/2018 05:23,31/01/2018 17:23
ord_005175,cust_000347,delivered,10/09/2018 10:36,10/09/2018 14:36,15/09/2018 14:36,21/09/2018 14:36,27/09/2018 10:36
ord_005176,cust_002395,delivered,15/03/2018 13:54,16/03/2018 21:54,20/03/2018 21:54,28/03/2018 21:54,27/03/2018 13:54
ord_005177,cust_002944,delivered,06/07/2017 08:50,07/07/2017 20:50,11/07/2017 20:50,16/07/2017 20:50,20/07/2017 08:50
ord_005178,cust_002179,delivered,07/09/2018 19:30,09/09/2018 06:30,10/09/2018 06:30,15/09/2018 06:30,29/09/2018 19:30
ord_005179,cust_002642,delivered,13/07/2018 22:42,15/07/2018 04:42,16/07/2018 04:42,22/07/2018 04:42,30/07/2018 22:42
ord_005180,cust_002341,delivered,05/12/2018 08:23,07/12/2018 02:23,08/12/2018 02:23,10/12/2018 02:23,27/12/2018 08:23
ord_005181,cust_002685,delivered,19/04/2018 20:46,21/04/2018 01:46,23/04/2018 01:46,07/05/2018 01:46,30/04/2018 20:46
ord_005182,cust_001746,delivered,08/07/2018 10:10,08/07/2018 21:10,14/07/2018 21:10,19/07/2018 21:10,29/07/2018 10:10
ord_005183,cust_001090,delivered,16/03/2018 21:02,17/03/2018 07:02,20/03/2018 07:02,29/03/2018 07:02,08/04/2018 21:02
ord_005184,cust_001402,delivered,24/07/2018 22:32,25/07/2018 16:32,27/07/2018 16:32,08/08/2018 16:32,17/08/2018 22:32
ord_005185,cust_002840,delivered,14/02/2018 20:12,16/02/2018 06:12,18/02/2018 06:12,22/02/2018 06:12,07/03/2018 20:12
ord_005186,cust_002087,delivered,20/06/2017 13:43,20/06/2017 14:43,23/06/2017 14:43,27/06/2017 14:43,07/07/2017 13:43
ord_005187,cust_000424,delivered,25/12/2018 10:06,26/12/2018 00:06,30/12/2018 00:06,09/01/2019 00:06,04/01/2019 10:06
ord_005188,cust_001163,delivered,16/08/2018 17:00,17/08/2018 13:00,22/08/2018 13:00,05/09/2018 13:00,29/08/2018 17:00
ord_005189,cust_000233,delivered,09/06/2018 22:40,11/06/2018 01:40,12/06/2018 01:40,19/06/2018 01:40,28/06/2018 22:40
ord_005190,cust_002698,delivered,18/03/2018 18:30,19/03/2018 01:30,24/03/2018 01:30,06/04/2018 01:30,10/04/2018 18:30
ord_005191,cust_001196,delivered,10/08/2018 17:57,10/08/2018 21:57,11/08/2018 21:57,13/08/2018 21:57,31/08/2018 17:57
ord_005192,cust_000217,delivered,08/06/2017 08:14,10/06/2017 03:14,12/06/2017 03:14,23/06/2017 03:14,27/06/2017 08:14
ord_005193,cust_002799,delivered,26/11/2017 18:07,26/11/2017 22:07,30/11/2017 22:07,14/12/2017 22:07,18/12/2017 18:07
ord_005194,cust_002548,delivered,06/06/2017 11:01,06/06/2017 14:01,07/06/2017 14:01,18/06/2017 14:01,20/06/2017 11:01
ord_005195,cust_002903,delivered,08/06/2017 08:26,08/06/2017 17:26,10/06/2017 17:26,13/06/2017 17:26,22/06/2017 08:26
ord_005196,cust_001056,delivered,01/02/2017 17:06,02/02/2017 09:06,06/02/2017 09:06,08/02/2017 09:06,12/02/2017 17:06
ord_005197,cust_001480,delivered,05/09/2018 22:46,06/09/2018 08:46,11/09/2018 08:46,18/09/2018 08:46,24/09/2018 22:46
ord_005198,cust_001520,delivered,14/09/2017 17:04,16/09/2017 08:04,17/09/2017 08:04,26/09/2017 08:04,26/09/2017 17:04
ord_005199,cust_002255,delivered,18/10/2018 15:55,18/10/2018 21:55,23/10/2018 21:55,02/11/2018 21:55,01/11/2018 15:55
ord_005200,cust_002479,delivered,22/11/2018 11:32,22/11/2018 17:32,25/11/2018 17:32,09/12/2018 17:32,03/12/2018 11:32
ord_005201,cust_001614,delivered,21/07/2017 16:41,21/07/2017 21:41,25/07/2017 21:41,03/08/2017 21:41,12/08/2017 16:41
ord_005202,cust_001627,delivered,09/08/2018 21:07,11/08/2018 04:07,13/08/2018 04:07,18/08/2018 04:07,22/08/2018 21:07
ord_005203,cust_000340,canceled,03/03/2018 08:05,05/03/2018 02:05,,,26/03/2018 08:05
ord_005204,cust_000560,delivered,25/11/2018 12:21,25/11/2018 19:21,30/11/2018 19:21,14/12/2018 19:21,08/12/2018 12:21
ord_005205,cust_001959,delivered,20/03/2018 21:31,21/03/2018 23:31,25/03/2018 23:31,03/04/2018 23:31,31/03/2018 21:31
ord_005206,cust_001361,shipped,03/01/2018 19:34,04/01/2018 12:34,06/01/2018 12:34,,27/01/2018 19:34
ord_005207,cust_000440,delivered,11/11/2017 22:19,13/11/2017 03:19,18/11/2017 03:19,29/11/2017 03:19,25/11/2017 22:19
ord_005208,cust_000316,delivered,22/11/2018 18:16,24/11/2018 01:16,27/11/2018 01:16,09/12/2018 01:16,12/12/2018 18:16
ord_005209,cust_001968,delivered,13/09/2017 11:58,14/09/2017 00:58,18/09/2017 00:58,01/10/2017 00:58,24/09/2017 11:58
ord_005210,cust_002678,delivered,15/10/2018 08:16,16/10/2018 13:16,20/10/2018 13:16,02/11/2018 13:16,27/10/2018 08:16
ord_005211,cust_000721,delivered,15/08/2017 13:08,15/08/2017 15:08,20/08/2017 15:08,24/08/2017 15:08,30/08/2017 13:08
ord_005212,cust_001629,invoiced,01/07/2018 19:21,02/07/2018 18:21,,,22/07/2018 19:21
ord_005213,cust_000789,delivered,25/02/2018 14:18,27/02/2018 12:18,02/03/2018 12:18,04/03/2018 12:18,07/03/2018 14:18
ord_005214,cust_002453,shipped,15/05/2017 21:25,17/05/2017 16:25,18/05/2017 16:25,,03/06/2017 21:25
ord_005215,cust_002024,delivered,07/06/2017 19:37,07/06/2017 21:37,10/06/2017 21:37,24/06/2017 21:37,28/06/2017 19:37
ord_005216,cust_001034,delivered,31/10/2017 22:36,01/11/2017 00:36,04/11/2017 00:36,11/11/2017 00:36,11/11/2017 22:36
ord_005217,cust_001394,delivered,11/09/2018 22:41,13/09/2018 13:41,16/09/2018 13:41,26/09/2018 13:41,27/09/2018 22:41
ord_005218,cust_001600,delivered,21/08/2018 08:09,21/08/2018 18:09,24/08/2018 18:09,02/09/2018 18:09,14/09/2018 08:09
ord_005219,cust_002490,delivered,25/08/2017 19:02,27/08/2017 02:02,31/08/2017 02:02,07/09/2017 02:02,12/09/2017 19:02
ord_005220,cust_001459,delivered,14/03/2018 10:47,15/03/2018 12:47,19/03/2018 12:47,23/03/2018 12:47,04/04/2018 10:47
ord_005221,cust_002040,canceled,07/05/2017 13:13,08/05/2017 08:13,,,28/05/2017 13:13
ord_005222,cust_001413,delivered,13/08/2018 10:18,14/08/2018 00:18,18/08/2018 00:18,29/08/2018 00:18,29/08/2018 10:18
ord_005223,cust_000884,delivered,26/09/2018 20:27,28/09/2018 07:27,04/10/2018 07:27,08/10/2018 07:27,16/10/2018 20:27
ord_005224,cust_001838,delivered,20/11/2018 22:42,21/11/2018 10:42,25/11/2018 10:42,01/12/2018 10:42,14/12/2018 22:42
ord_005225,cust_002331,delivered,15/11/2018 12:09,17/11/2018 00:09,21/11/2018 00:09,05/12/2018 00:09,29/11/2018 12:09
ord_005226,cust_002933,delivered,02/12/2017 22:54,03/12/2017 09:54,05/12/2017 09:54,18/12/2017 09:54,12/12/2017 22:54
ord_005227,cust_000194,delivered,08/10/2017 09:19,10/10/2017 03:19,13/10/2017 03:19,23/10/2017 03:19,29/10/2017 09:19
ord_005228,cust_002930,delivered,20/11/2018 19:58,22/11/2018 04:58,23/11/2018 04:58,07/12/2018 04:58,04/12/2018 19:58
ord_005229,cust_002204,delivered,28/06/2017 21:17,29/06/2017 23:17,03/07/2017 23:17,16/07/2017 23:17,17/07/2017 21:17
ord_005230,cust_000822,delivered,23/03/2017 21:43,24/03/2017 01:43,25/03/2017 01:43,03/04/2017 01:43,04/04/2017 21:43
ord_005231,cust_001156,delivered,22/11/2017 14:22,23/11/2017 00:22,28/11/2017 00:22,07/12/2017 00:22,05/12/2017 14:22
ord_005232,cust_002031,delivered,08/09/2018 20:50,10/09/2018 02:50,16/09/2018 02:50,26/09/2018 02:50,29/09/2018 20:50
ord_005233,cust_000906,delivered,31/07/2018 21:27,02/08/2018 00:27,07/08/2018 00:27,19/08/2018 00:27,10/08/2018 21:27
ord_005234,cust_001015,delivered,25/12/2018 12:52,25/12/2018 16:52,26/12/2018 16:52,09/01/2019 16:52,11/01/2019 12:52
ord_005235,cust_001567,delivered,19/12/2017 12:45,19/12/2017 16:45,23/12/2017 16:45,29/12/2017 16:45,09/01/2018 12:45
ord_005236,cust_002096,delivered,26/10/2017 15:35,27/10/2017 20:35,30/10/2017 20:35,04/11/2017 20:35,12/11/2017 15:35
ord_005237,cust_002721,delivered,02/01/2018 11:14,03/01/2018 05:14,04/01/2018 05:14,07/01/2018 05:14,14/01/2018 11:14
ord_005238,cust_002550,shipped,20/09/2018 17:15,21/09/2018 15:15,26/09/2018 15:15,,09/10/2018 17:15
ord_005239,cust_000770,delivered,02/09/2017 18:59,03/09/2017 23:59,09/09/2017 23:59,15/09/2017 23:59,13/09/2017 18:59
ord_005240,cust_000574,delivered,05/12/2018 09:55,07/12/2018 01:55,10/12/2018 01:55,15/12/2018 01:55,23/12/2018 09:55
ord_005241,cust_002998,delivered,08/04/2018 10:08,08/04/2018 22:08,14/04/2018 22:08,27/04/2018 22:08,24/04/2018 10:08
ord_005242,cust_002813,delivered,21/09/2018 20:12,23/09/2018 05:12,24/09/2018 05:12,02/10/2018 05:12,09/10/2018 20:12
ord_005243,cust_001766,delivered,15/10/2018 17:06,17/10/2018 10:06,23/10/2018 10:06,03/11/2018 10:06,07/11/2018 17:06
ord_005244,cust_002092,delivered,16/03/2018 09:12,18/03/2018 04:12,23/03/2018 04:12,27/03/2018 04:12,08/04/2018 09:12
ord_005245,cust_000756,delivered,28/08/2018 15:17,30/08/2018 13:17,04/09/2018 13:17,11/09/2018 13:17,17/09/2018 15:17
ord_005246,cust_001852,delivered,23/12/2017 11:50,23/12/2017 11:50,27/12/2017 11:50,08/01/2018 11:50,09/01/2018 11:50
ord_005247,cust_002073,delivered,06/10/2018 10:05,06/10/2018 13:05,07/10/2018 13:05,12/10/2018 13:05,27/10/2018 10:05
ord_005248,cust_000894,delivered,13/10/2018 09:52,15/10/2018 02:52,18/10/2018 02:52,25/10/2018 02:52,24/10/2018 09:52
ord_005249,cust_002206,delivered,14/05/2018 15:58,15/05/2018 00:58,21/05/2018 00:58,30/05/2018 00:58,28/05/2018 15:58
ord_005250,cust_001130,delivered,06/09/2017 20:16,07/09/2017 09:16,10/09/2017 09:16,14/09/2017 09:16,22/09/2017 20:16
ord_005251,cust_001594,delivered,16/12/2018 19:27,17/12/2018 17:27,18/12/2018 17:27,27/12/2018 17:27,07/01/2019 19:27
ord_005252,cust_000136,delivered,04/12/2018 16:31,05/12/2018 23:31,08/12/2018 23:31,17/12/2018 23:31,19/12/2018 16:31
ord_005253,cust_000391,delivered,16/06/2018 19:12,16/06/2018 20:12,17/06/2018 20:12,25/06/2018 20:12,02/07/2018 19:12
ord_005254,cust_001889,invoiced,23/12/2018 08:43,24/12/2018 15:43,,,16/01/2019 08:43
ord_005255,cust_002445,delivered,02/04/2018 22:34,03/04/2018 02:34,07/04/2018 02:34,18/04/2018 02:34,26/04/2018 22:34
ord_005256,cust_001701,delivered,31/12/2017 09:06,01/01/2018 02:06,02/01/2018 02:06,14/01/2018 02:06,10/01/2018 09:06
ord_005257,cust_002430,delivered,03/03/2018 16:53,05/03/2018 11:53,08/03/2018 11:53,13/03/2018 11:53,21/03/2018 16:53
ord_005258,cust_002406,delivered,06/03/2017 17:18,06/03/2017 23:18,10/03/2017 23:18,13/03/2017 23:18,26/03/2017 17:18
ord_005259,cust_002295,delivered,02/05/2018 17:09,02/05/2018 19:09,07/05/2018 19:09,15/05/2018 19:09,21/05/2018 17:09
ord_005260,cust_002478,processing,15/07/2018 15:58,16/07/2018 13:58,,,08/08/2018 15:58
ord_005261,cust_002267,delivered,21/05/2017 17:06,22/05/2017 04:06,26/05/2017 04:06,01/06/2017 04:06,13/06/2017 17:06
ord_005262,cust_002488,delivered,09/10/2017 11:03,09/10/2017 22:03,13/10/2017 22:03,23/10/2017 22:03,22/10/2017 11:03
ord_005263,cust_001143,delivered,16/08/2018 14:14,17/08/2018 10:14,18/08/2018 10:14,22/08/2018 10:14,09/09/2018 14:14
ord_005264,cust_001181,delivered,26/09/2018 22:19,27/09/2018 06:19,28/09/2018 06:19,04/10/2018 06:19,12/10/2018 22:19
ord_005265,cust_001478,delivered,24/12/2018 08:26,24/12/2018 08:26,28/12/2018 08:26,03/01/2019 08:26,03/01/2019 08:26
ord_005266,cust_001615,delivered,07/10/2017 19:41,09/10/2017 15:41,15/10/2017 15:41,26/10/2017 15:41,22/10/2017 19:41
ord_005267,cust_001984,delivered,23/10/2018 22:21,25/10/2018 12:21,31/10/2018 12:21,12/11/2018 12:21,05/11/2018 22:21
ord_005268,cust_001636,delivered,25/07/2017 15:33,26/07/2017 10:33,31/07/2017 10:33,13/08/2017 10:33,17/08/2017 15:33
ord_005269,cust_000497,delivered,13/06/2017 08:00,14/06/2017 23:00,20/06/2017 23:00,23/06/2017 23:00,02/07/2017 08:00
ord_005270,cust_001183,delivered,21/08/2018 19:23,23/08/2018 18:23,27/08/2018 18:23,08/09/2018 18:23,04/09/2018 19:23
ord_005271,cust_001812,delivered,21/02/2018 18:56,22/02/2018 12:56,23/02/2018 12:56,28/02/2018 12:56,03/03/2018 18:56
ord_005272,cust_000089,delivered,27/09/2018 11:46,27/09/2018 18:46,01/10/2018 18:46,14/10/2018 18:46,12/10/2018 11:46
ord_005273,cust_000330,delivered,01/11/2017 11:44,01/11/2017 20:44,04/11/2017 20:44,12/11/2017 20:44,15/11/2017 11:44
ord_005274,cust_002806,delivered,01/09/2017 10:18,03/09/2017 08:18,05/09/2017 08:18,18/09/2017 08:18,17/09/2017 10:18
ord_005275,cust_002543,delivered,02/05/2018 15:29,04/05/2018 09:29,05/05/2018 09:29,12/05/2018 09:29,14/05/2018 15:29
ord_005276,cust_001743,delivered,27/05/2017 08:50,28/05/2017 17:50,29/05/2017 17:50,04/06/2017 17:50,14/06/2017 08:50
ord_005277,cust_000359,delivered,29/10/2017 08:52,30/10/2017 16:52,04/11/2017 16:52,16/11/2017 16:52,15/11/2017 08:52
ord_005278,cust_000763,delivered,19/07/2017 11:42,20/07/2017 01:42,22/07/2017 01:42,28/07/2017 01:42,08/08/2017 11:42
ord_005279,cust_002317,delivered,24/11/2017 18:27,25/11/2017 19:27,29/11/2017 19:27,11/12/2017 19:27,12/12/2017 18:27
ord_005280,cust_002191,delivered,11/09/2018 16:04,12/09/2018 09:04,14/09/2018 09:04,16/09/2018 09:04,01/10/2018 16:04
ord_005281,cust_000665,delivered,02/06/2017 21:07,03/06/2017 15:07,06/06/2017 15:07,16/06/2017 15:07,14/06/2017 21:07
ord_005282,cust_000197,delivered,12/06/2018 17:00,14/06/2018 03:00,17/06/2018 03:00,30/06/2018 03:00,24/06/2018 17:00
ord_005283,cust_002785,delivered,25/05/2018 19:21,26/05/2018 20:21,28/05/2018 20:21,02/06/2018 20:21,12/06/2018 19:21
ord_005284,cust_002167,delivered,25/04/2018 15:01,26/04/2018 11:01,29/04/2018 11:01,13/05/2018 11:01,19/05/2018 15:01
ord_005285,cust_001973,delivered,20/03/2018 11:26,20/03/2018 22:26,25/03/2018 22:26,27/03/2018 22:26,04/04/2018 11:26
ord_005286,cust_002620,delivered,13/07/2018 18:35,15/07/2018 01:35,19/07/2018 01:35,22/07/2018 01:35,02/08/2018 18:35
ord_005287,cust_001293,delivered,29/10/2018 11:35,30/10/2018 08:35,04/11/2018 08:35,10/11/2018 08:35,22/11/2018 11:35
ord_005288,cust_000324,delivered,14/07/2017 11:33,14/07/2017 13:33,20/07/2017 13:33,26/07/2017 13:33,25/07/2017 11:33
ord_005289,cust_000130,delivered,08/10/2018 16:13,10/10/2018 00:13,13/10/2018 00:13,22/10/2018 00:13,18/10/2018 16:13
ord_005290,cust_002934,canceled,26/03/2017 11:31,27/03/2017 03:31,,,14/04/2017 11:31
ord_005291,cust_001821,delivered,19/03/2018 16:58,20/03/2018 11:58,21/03/2018 11:58,24/03/2018 11:58,10/04/2018 16:58
ord_005292,cust_002223,delivered,07/04/2018 15:26,09/04/2018 14:26,13/04/2018 14:26,24/04/2018 14:26,27/04/2018 15:26
ord_005293,cust_001134,delivered,18/08/2017 15:52,19/08/2017 23:52,22/08/2017 23:52,03/09/2017 23:52,11/09/2017 15:52
ord_005294,cust_000329,delivered,28/04/2017 12:22,28/04/2017 15:22,29/04/2017 15:22,08/05/2017 15:22,08/05/2017 12:22
ord_005295,cust_002394,delivered,11/04/2017 13:37,13/04/2017 00:37,19/04/2017 00:37,03/05/2017 00:37,29/04/2017 13:37
ord_005296,cust_002386,delivered,22/02/2017 18:28,23/02/2017 08:28,28/02/2017 08:28,03/03/2017 08:28,14/03/2017 18:28
ord_005297,cust_002378,invoiced,18/05/2018 11:41,19/05/2018 23:41,,,07/06/2018 11:41
ord_005298,cust_001553,invoiced,08/07/2017 12:53,09/07/2017 04:53,,,18/07/2017 12:53
ord_005299,cust_002061,canceled,05/10/2018 17:26,06/10/2018 20:26,,,16/10/2018 17:26
ord_005300,cust_000942,delivered,21/11/2018 11:45,22/11/2018 20:45,27/11/2018 20:45,06/12/2018 20:45,15/12/2018 11:45
ord_005301,cust_000803,delivered,09/11/2017 17:52,10/11/2017 01:52,12/11/2017 01:52,24/11/2017 01:52,24/11/2017 17:52
ord_005302,cust_000099,delivered,17/07/2017 18:47,18/07/2017 00:47,21/07/2017 00:47,29/07/2017 00:47,29/07/2017 18:47
ord_005303,cust_000518,delivered,26/01/2018 09:01,27/01/2018 18:01,30/01/2018 18:01,04/02/2018 18:01,07/02/2018 09:01
ord_005304,cust_001304,delivered,13/11/2018 17:00,13/11/2018 20:00,19/11/2018 20:00,24/11/2018 20:00,25/11/2018 17:00
ord_005305,cust_001491,delivered,18/01/2018 21:52,20/01/2018 12:52,21/01/2018 12:52,04/02/2018 12:52,05/02/2018 21:52
ord_005306,cust_001344,canceled,19/05/2017 16:43,20/05/2017 12:43,,,05/06/2017 16:43
ord_005307,cust_001357,delivered,24/12/2018 14:57,24/12/2018 18:57,27/12/2018 18:57,02/01/2019 18:57,17/01/2019 14:57
ord_005308,cust_000652,delivered,30/03/2018 08:17,31/03/2018 20:17,05/04/2018 20:17,14/04/2018 20:17,16/04/2018 08:17
ord_005309,cust_002018,delivered,06/12/2017 18:47,08/12/2017 13:47,10/12/2017 13:47,20/12/2017 13:47,16/12/2017 18:47
ord_005310,cust_001333,delivered,20/11/2018 11:48,20/11/2018 14:48,26/11/2018 14:48,28/11/2018 14:48,07/12/2018 11:48
ord_005311,cust_001598,delivered,27/11/2018 14:51,29/11/2018 11:51,03/12/2018 11:51,05/12/2018 11:51,14/12/2018 14:51
ord_005312,cust_001766,delivered,29/03/2018 12:41,30/03/2018 07:41,05/04/2018 07:41,14/04/2018 07:41,12/04/2018 12:41
ord_005313,cust_001484,delivered,20/11/2017 11:08,21/11/2017 19:08,24/11/2017 19:08,04/12/2017 19:08,10/12/2017 11:08
ord_005314,cust_001652,delivered,19/03/2018 18:40,20/03/2018 06:40,26/03/2018 06:40,03/04/2018 06:40,12/04/2018 18:40
ord_005315,cust_001442,delivered,07/09/2017 12:36,07/09/2017 17:36,13/09/2017 17:36,18/09/2017 17:36,23/09/2017 12:36
ord_005316,cust_001135,delivered,16/03/2018 22:20,18/03/2018 21:20,19/03/2018 21:20,31/03/2018 21:20,05/04/2018 22:20
ord_005317,cust_001512,delivered,16/09/2017 15:12,17/09/2017 22:12,20/09/2017 22:12,23/09/2017 22:12,04/10/2017 15:12
ord_005318,cust_002043,delivered,18/06/2018 15:53,19/06/2018 03:53,22/06/2018 03:53,02/07/2018 03:53,08/07/2018 15:53
ord_005319,cust_002616,delivered,07/09/2018 17:08,08/09/2018 10:08,10/09/2018 10:08,17/09/2018 10:08,23/09/2018 17:08
ord_005320,cust_000289,delivered,16/12/2018 19:25,18/12/2018 07:25,24/12/2018 07:25,30/12/2018 07:25,29/12/2018 19:25
ord_005321,cust_000512,delivered,23/10/2018 08:37,23/10/2018 22:37,24/10/2018 22:37,27/10/2018 22:37,10/11/2018 08:37
ord_005322,cust_000367,delivered,24/04/2017 12:58,25/04/2017 21:58,27/04/2017 21:58,07/05/2017 21:58,09/05/2017 12:58
ord_005323,cust_000056,delivered,31/08/2017 22:40,31/08/2017 23:40,02/09/2017 23:40,06/09/2017 23:40,11/09/2017 22:40
ord_005324,cust_002480,delivered,21/04/2018 17:18,23/04/2018 16:18,26/04/2018 16:18,05/05/2018 16:18,12/05/2018 17:18
ord_005325,cust_000665,delivered,11/10/2017 09:03,12/10/2017 19:03,17/10/2017 19:03,30/10/2017 19:03,29/10/2017 09:03
ord_005326,cust_000871,delivered,22/01/2017 14:19,23/01/2017 06:19,24/01/2017 06:19,04/02/2017 06:19,10/02/2017 14:19
ord_005327,cust_000930,delivered,05/09/2018 22:17,07/09/2018 01:17,11/09/2018 01:17,13/09/2018 01:17,22/09/2018 22:17
ord_005328,cust_002587,delivered,18/12/2017 11:49,18/12/2017 19:49,21/12/2017 19:49,04/01/2018 19:49,10/01/2018 11:49
ord_005329,cust_001837,delivered,31/03/2017 20:22,01/04/2017 17:22,05/04/2017 17:22,15/04/2017 17:22,12/04/2017 20:22
ord_005330,cust_000315,delivered,06/04/2018 09:05,07/04/2018 01:05,08/04/2018 01:05,20/04/2018 01:05,17/04/2018 09:05
ord_005331,cust_002527,delivered,20/12/2018 15:52,21/12/2018 09:52,27/12/2018 09:52,29/12/2018 09:52,07/01/2019 15:52
ord_005332,cust_002957,delivered,22/07/2018 13:01,24/07/2018 04:01,28/07/2018 04:01,10/08/2018 04:01,14/08/2018 13:01
ord_005333,cust_002139,delivered,11/07/2017 13:00,12/07/2017 08:00,14/07/2017 08:00,25/07/2017 08:00,27/07/2017 13:00
ord_005334,cust_001448,shipped,09/04/2018 14:28,09/04/2018 14:28,14/04/2018 14:28,,25/04/2018 14:28
ord_005335,cust_002994,delivered,21/11/2018 18:04,22/11/2018 15:04,25/11/2018 15:04,09/12/2018 15:04,09/12/2018 18:04
ord_005336,cust_000128,delivered,16/03/2017 15:10,16/03/2017 17:10,19/03/2017 17:10,31/03/2017 17:10,31/03/2017 15:10
ord_005337,cust_000002,delivered,28/06/2018 14:59,29/06/2018 12:59,01/07/2018 12:59,08/07/2018 12:59,16/07/2018 14:59
ord_005338,cust_002338,delivered,16/08/2018 19:50,18/08/2018 03:50,21/08/2018 03:50,02/09/2018 03:50,09/09/2018 19:50
ord_005339,cust_000570,delivered,06/08/2018 08:45,06/08/2018 12:45,08/08/2018 12:45,22/08/2018 12:45,22/08/2018 08:45
ord_005340,cust_000174,delivered,03/07/2017 20:40,03/07/2017 23:40,08/07/2017 23:40,21/07/2017 23:40,20/07/2017 20:40
ord_005341,cust_000261,delivered,22/11/2018 19:02,23/11/2018 13:02,26/11/2018 13:02,06/12/2018 13:02,13/12/2018 19:02
ord_005342,cust_001349,delivered,25/11/2017 19:50,26/11/2017 18:50,27/11/2017 18:50,11/12/2017 18:50,15/12/2017 19:50
ord_005343,cust_001990,delivered,13/03/2017 11:28,13/03/2017 14:28,18/03/2017 14:28,27/03/2017 14:28,28/03/2017 11:28
ord_005344,cust_001332,delivered,21/04/2017 14:05,22/04/2017 05:05,28/04/2017 05:05,05/05/2017 05:05,08/05/2017 14:05
ord_005345,cust_001280,delivered,01/03/2018 09:18,02/03/2018 22:18,08/03/2018 22:18,12/03/2018 22:18,18/03/2018 09:18
ord_005346,cust_000438,delivered,26/02/2017 09:30,27/02/2017 12:30,02/03/2017 12:30,10/03/2017 12:30,13/03/2017 09:30
ord_005347,cust_000933,delivered,19/09/2018 08:00,20/09/2018 09:00,22/09/2018 09:00,06/10/2018 09:00,05/10/2018 08:00
ord_005348,cust_002834,delivered,05/11/2018 17:15,05/11/2018 22:15,07/11/2018 22:15,10/11/2018 22:15,15/11/2018 17:15
ord_005349,cust_000937,delivered,20/01/2017 13:20,22/01/2017 03:20,25/01/2017 03:20,07/02/2017 03:20,06/02/2017 13:20
ord_005350,cust_001030,delivered,05/10/2018 15:27,06/10/2018 19:27,07/10/2018 19:27,17/10/2018 19:27,19/10/2018 15:27
ord_005351,cust_002678,processing,22/12/2018 09:00,23/12/2018 05:00,,,13/01/2019 09:00
ord_005352,cust_000191,delivered,13/02/2017 14:33,14/02/2017 19:33,16/02/2017 19:33,20/02/2017 19:33,04/03/2017 14:33
ord_005353,cust_000226,delivered,18/08/2018 19:11,19/08/2018 02:11,24/08/2018 02:11,26/08/2018 02:11,07/09/2018 19:11
ord_005354,cust_002687,delivered,31/12/2018 09:35,01/01/2019 17:35,04/01/2019 17:35,15/01/2019 17:35,13/01/2019 09:35
ord_005355,cust_000940,delivered,28/09/2018 21:14,29/09/2018 11:14,04/10/2018 11:14,10/10/2018 11:14,08/10/2018 21:14
ord_005356,cust_000715,delivered,03/04/2018 09:24,03/04/2018 10:24,09/04/2018 10:24,13/04/2018 10:24,18/04/2018 09:24
ord_005357,cust_001499,canceled,15/11/2018 16:37,16/11/2018 03:37,,,02/12/2018 16:37
ord_005358,cust_000114,delivered,09/08/2018 09:39,10/08/2018 02:39,16/08/2018 02:39,24/08/2018 02:39,25/08/2018 09:39
ord_005359,cust_001234,delivered,09/11/2017 13:01,10/11/2017 10:01,13/11/2017 10:01,19/11/2017 10:01,20/11/2017 13:01
ord_005360,cust_000035,delivered,11/09/2017 21:32,12/09/2017 07:32,14/09/2017 07:32,27/09/2017 07:32,24/09/2017 21:32
ord_005361,cust_002062,delivered,08/04/2018 12:48,10/04/2018 01:48,15/04/2018 01:48,29/04/2018 01:48,28/04/2018 12:48
ord_005362,cust_002555,delivered,29/12/2017 19:12,30/12/2017 07:12,31/12/2017 07:12,04/01/2018 07:12,21/01/2018 19:12
ord_005363,cust_001822,delivered,27/11/2017 22:31,28/11/2017 03:31,29/11/2017 03:31,12/12/2017 03:31,21/12/2017 22:31
ord_005364,cust_000544,delivered,30/07/2017 11:26,30/07/2017 21:26,02/08/2017 21:26,04/08/2017 21:26,16/08/2017 11:26
ord_005365,cust_002401,delivered,25/10/2018 10:50,26/10/2018 05:50,30/10/2018 05:50,06/11/2018 05:50,13/11/2018 10:50
ord_005366,cust_001987,shipped,07/08/2018 12:26,07/08/2018 14:26,10/08/2018 14:26,,26/08/2018 12:26
ord_005367,cust_002532,delivered,28/11/2017 09:56,28/11/2017 13:56,29/11/2017 13:56,04/12/2017 13:56,13/12/2017 09:56
ord_005368,cust_002736,delivered,23/09/2017 12:39,23/09/2017 19:39,27/09/2017 19:39,07/10/2017 19:39,07/10/2017 12:39
ord_005369,cust_001199,delivered,10/06/2017 13:33,11/06/2017 07:33,15/06/2017 07:33,24/06/2017 07:33,21/06/2017 13:33
ord_005370,cust_002920,delivered,24/05/2017 16:17,26/05/2017 13:17,28/05/2017 13:17,11/06/2017 13:17,03/06/2017 16:17
ord_005371,cust_002598,shipped,20/06/2018 14:35,21/06/2018 17:35,25/06/2018 17:35,,04/07/2018 14:35
ord_005372,cust_001758,delivered,20/05/2017 11:07,20/05/2017 14:07,23/05/2017 14:07,04/06/2017 14:07,04/06/2017 11:07
ord_005373,cust_001896,delivered,11/12/2018 10:24,11/12/2018 13:24,12/12/2018 13:24,24/12/2018 13:24,28/12/2018 10:24
ord_005374,cust_001350,delivered,29/10/2017 11:17,29/10/2017 15:17,03/11/2017 15:17,09/11/2017 15:17,22/11/2017 11:17
ord_005375,cust_002581,delivered,07/02/2017 18:40,07/02/2017 21:40,10/02/2017 21:40,23/02/2017 21:40,02/03/2017 18:40
ord_005376,cust_000160,delivered,30/10/2018 22:45,31/10/2018 22:45,06/11/2018 22:45,12/11/2018 22:45,11/11/2018 22:45
ord_005377,cust_001396,delivered,25/12/2017 14:55,27/12/2017 01:55,29/12/2017 01:55,09/01/2018 01:55,11/01/2018 14:55
ord_005378,cust_000301,delivered,06/12/2017 21:13,07/12/2017 17:13,08/12/2017 17:13,16/12/2017 17:13,24/12/2017 21:13
ord_005379,cust_000076,delivered,31/05/2017 10:53,01/06/2017 05:53,06/06/2017 05:53,14/06/2017 05:53,24/06/2017 10:53
ord_005380,cust_002822,delivered,11/07/2018 21:50,13/07/2018 01:50,19/07/2018 01:50,31/07/2018 01:50,27/07/2018 21:50
ord_005381,cust_001973,delivered,18/12/2017 14:51,19/12/2017 06:51,25/12/2017 06:51,28/12/2017 06:51,02/01/2018 14:51
ord_005382,cust_001378,delivered,13/10/2018 19:44,15/10/2018 09:44,21/10/2018 09:44,03/11/2018 09:44,03/11/2018 19:44
ord_005383,cust_002898,shipped,23/06/2018 17:16,25/06/2018 01:16,27/06/2018 01:16,,03/07/2018 17:16
ord_005384,cust_000275,delivered,13/11/2018 19:52,15/11/2018 18:52,20/11/2018 18:52,28/11/2018 18:52,24/11/2018 19:52
ord_005385,cust_002790,delivered,18/06/2018 21:35,19/06/2018 01:35,20/06/2018 01:35,30/06/2018 01:35,07/07/2018 21:35
ord_005386,cust_001453,delivered,18/09/2018 08:44,19/09/2018 04:44,22/09/2018 04:44,27/09/2018 04:44,02/10/2018 08:44
ord_005387,cust_000456,delivered,02/08/2018 11:12,04/08/2018 04:12,10/08/2018 04:12,22/08/2018 04:12,15/08/2018 11:12
ord_005388,cust_000884,delivered,05/03/2018 09:09,06/03/2018 17:09,10/03/2018 17:09,13/03/2018 17:09,27/03/2018 09:09
ord_005389,cust_001468,delivered,28/07/2018 15:16,30/07/2018 04:16,05/08/2018 04:16,16/08/2018 04:16,10/08/2018 15:16
ord_005390,cust_002421,delivered,13/07/2018 13:30,14/07/2018 11:30,20/07/2018 11:30,30/07/2018 11:30,23/07/2018 13:30
ord_005391,cust_002618,delivered,11/01/2017 15:24,12/01/2017 09:24,17/01/2017 09:24,22/01/2017 09:24,21/01/2017 15:24
ord_005392,cust_000384,delivered,03/08/2018 14:53,05/08/2018 02:53,10/08/2018 02:53,22/08/2018 02:53,26/08/2018 14:53
ord_005393,cust_001249,delivered,15/10/2017 12:00,16/10/2017 10:00,19/10/2017 10:00,24/10/2017 10:00,01/11/2017 12:00
ord_005394,cust_001225,delivered,28/04/2018 20:04,29/04/2018 15:04,03/05/2018 15:04,12/05/2018 15:04,08/05/2018 20:04
ord_005395,cust_001554,delivered,23/05/2017 19:19,24/05/2017 14:19,25/05/2017 14:19,07/06/2017 14:19,05/06/2017 19:19
ord_005396,cust_001670,delivered,03/02/2017 20:10,04/02/2017 01:10,08/02/2017 01:10,10/02/2017 01:10,17/02/2017 20:10
ord_005397,cust_002992,delivered,23/01/2017 10:24,24/01/2017 23:24,30/01/2017 23:24,06/02/2017 23:24,16/02/2017 10:24
ord_005398,cust_000801,invoiced,11/07/2017 14:43,13/07/2017 06:43,,,29/07/2017 14:43
ord_005399,cust_001447,delivered,30/01/2017 17:59,30/01/2017 18:59,02/02/2017 18:59,06/02/2017 18:59,21/02/2017 17:59
ord_005400,cust_000825,delivered,14/06/2017 18:12,15/06/2017 13:12,21/06/2017 13:12,29/06/2017 13:12,30/06/2017 18:12
ord_005401,cust_000570,delivered,09/05/2018 09:15,10/05/2018 17:15,13/05/2018 17:15,23/05/2018 17:15,29/05/2018 09:15
ord_005402,cust_001194,delivered,19/01/2018 22:46,20/01/2018 05:46,24/01/2018 05:46,06/02/2018 05:46,29/01/2018 22:46
ord_005403,cust_000116,delivered,21/12/2018 19:16,22/12/2018 09:16,27/12/2018 09:16,01/01/2019 09:16,05/01/2019 19:16
ord_005404,cust_002342,delivered,05/10/2018 15:42,07/10/2018 13:42,12/10/2018 13:42,24/10/2018 13:42,21/10/2018 15:42
ord_005405,cust_001384,delivered,29/06/2017 22:35,01/07/2017 11:35,06/07/2017 11:35,16/07/2017 11:35,10/07/2017 22:35
ord_005406,cust_001329,invoiced,31/01/2018 08:51,02/02/2018 02:51,,,13/02/2018 08:51
ord_005407,cust_001543,shipped,10/02/2018 22:02,12/02/2018 21:02,13/02/2018 21:02,,02/03/2018 22:02
ord_005408,cust_001559,delivered,21/12/2017 13:58,22/12/2017 21:58,27/12/2017 21:58,10/01/2018 21:58,10/01/2018 13:58
ord_005409,cust_002759,canceled,28/03/2018 22:57,29/03/2018 11:57,,,07/04/2018 22:57
ord_005410,cust_001756,delivered,17/07/2018 22:01,19/07/2018 19:01,21/07/2018 19:01,28/07/2018 19:01,30/07/2018 22:01
ord_005411,cust_002375,delivered,29/06/2018 10:29,30/06/2018 07:29,04/07/2018 07:29,18/07/2018 07:29,15/07/2018 10:29
ord_005412,cust_002464,delivered,17/12/2017 17:24,18/12/2017 18:24,19/12/2017 18:24,29/12/2017 18:24,31/12/2017 17:24
ord_005413,cust_000188,canceled,07/08/2018 12:15,08/08/2018 14:15,,,17/08/2018 12:15
ord_005414,cust_002410,delivered,07/11/2017 17:58,08/11/2017 19:58,11/11/2017 19:58,20/11/2017 19:58,17/11/2017 17:58
ord_005415,cust_002450,delivered,19/10/2018 20:10,20/10/2018 22:10,21/10/2018 22:10,04/11/2018 22:10,06/11/2018 20:10
ord_005416,cust_001909,delivered,13/12/2018 10:15,14/12/2018 23:15,18/12/2018 23:15,29/12/2018 23:15,28/12/2018 10:15
ord_005417,cust_000208,delivered,11/11/2017 18:00,12/11/2017 01:00,16/11/2017 01:00,27/11/2017 01:00,29/11/2017 18:00
ord_005418,cust_000023,delivered,21/09/2018 18:34,22/09/2018 15:34,23/09/2018 15:34,03/10/2018 15:34,11/10/2018 18:34
ord_005419,cust_000042,delivered,08/10/2018 17:51,09/10/2018 20:51,13/10/2018 20:51,26/10/2018 20:51,25/10/2018 17:51
ord_005420,cust_002100,delivered,24/03/2018 16:37,25/03/2018 18:37,28/03/2018 18:37,31/03/2018 18:37,11/04/2018 16:37
ord_005421,cust_001640,delivered,26/04/2017 15:39,28/04/2017 01:39,29/04/2017 01:39,11/05/2017 01:39,16/05/2017 15:39
ord_005422,cust_001101,delivered,22/09/2018 13:03,23/09/2018 05:03,25/09/2018 05:03,08/10/2018 05:03,04/10/2018 13:03
ord_005423,cust_001589,delivered,24/01/2018 08:42,26/01/2018 05:42,30/01/2018 05:42,01/02/2018 05:42,06/02/2018 08:42
ord_005424,cust_001353,delivered,28/08/2017 17:24,28/08/2017 17:24,02/09/2017 17:24,14/09/2017 17:24,17/09/2017 17:24
ord_005425,cust_000949,delivered,21/06/2018 19:28,23/06/2018 05:28,26/06/2018 05:28,04/07/2018 05:28,04/07/2018 19:28
ord_005426,cust_002286,delivered,15/02/2018 11:35,15/02/2018 19:35,19/02/2018 19:35,26/02/2018 19:35,10/03/2018 11:35
ord_005427,cust_001381,delivered,26/04/2017 13:58,27/04/2017 17:58,30/04/2017 17:58,03/05/2017 17:58,12/05/2017 13:58
ord_005428,cust_001638,delivered,23/12/2018 18:44,23/12/2018 19:44,29/12/2018 19:44,04/01/2019 19:44,03/01/2019 18:44
ord_005429,cust_002761,shipped,29/09/2017 18:41,30/09/2017 05:41,06/10/2017 05:41,,19/10/2017 18:41
ord_005430,cust_002729,delivered,07/04/2018 19:25,08/04/2018 13:25,11/04/2018 13:25,19/04/2018 13:25,23/04/2018 19:25
ord_005431,cust_002029,delivered,16/07/2018 20:02,17/07/2018 00:02,19/07/2018 00:02,21/07/2018 00:02,27/07/2018 20:02
ord_005432,cust_002711,delivered,27/05/2017 17:32,28/05/2017 08:32,01/06/2017 08:32,06/06/2017 08:32,09/06/2017 17:32
ord_005433,cust_001027,delivered,27/08/2018 08:39,28/08/2018 14:39,03/09/2018 14:39,05/09/2018 14:39,19/09/2018 08:39
ord_005434,cust_001110,delivered,04/07/2018 08:42,04/07/2018 15:42,08/07/2018 15:42,14/07/2018 15:42,20/07/2018 08:42
ord_005435,cust_002801,delivered,27/03/2018 15:36,28/03/2018 21:36,31/03/2018 21:36,13/04/2018 21:36,09/04/2018 15:36
ord_005436,cust_002666,delivered,19/04/2018 17:18,20/04/2018 15:18,25/04/2018 15:18,06/05/2018 15:18,07/05/2018 17:18
ord_005437,cust_000488,delivered,08/12/2018 17:13,10/12/2018 09:13,12/12/2018 09:13,25/12/2018 09:13,19/12/2018 17:13
ord_005438,cust_000018,delivered,23/11/2018 19:05,25/11/2018 01:05,27/11/2018 01:05,01/12/2018 01:05,08/12/2018 19:05
ord_005439,cust_000525,delivered,23/05/2017 10:42,24/05/2017 07:42,25/05/2017 07:42,04/06/2017 07:42,10/06/2017 10:42
ord_005440,cust_002274,delivered,26/12/2017 08:58,27/12/2017 23:58,02/01/2018 23:58,07/01/2018 23:58,19/01/2018 08:58
ord_005441,cust_000699,delivered,11/04/2018 08:31,11/04/2018 16:31,17/04/2018 16:31,24/04/2018 16:31,25/04/2018 08:31
ord_005442,cust_002963,delivered,25/11/2018 22:40,27/11/2018 01:40,03/12/2018 01:40,17/12/2018 01:40,17/12/2018 22:40
ord_005443,cust_000697,delivered,09/10/2018 17:41,10/10/2018 03:41,11/10/2018 03:41,23/10/2018 03:41,25/10/2018 17:41
ord_005444,cust_000509,shipped,09/01/2018 18:09,10/01/2018 15:09,16/01/2018 15:09,,01/02/2018 18:09
ord_005445,cust_000212,delivered,16/11/2018 12:11,17/11/2018 10:11,19/11/2018 10:11,03/12/2018 10:11,26/11/2018 12:11
ord_005446,cust_002849,delivered,02/01/2018 11:12,03/01/2018 15:12,09/01/2018 15:12,17/01/2018 15:12,14/01/2018 11:12
ord_005447,cust_000928,delivered,22/10/2017 17:55,23/10/2017 07:55,26/10/2017 07:55,28/10/2017 07:55,07/11/2017 17:55
ord_005448,cust_002468,delivered,10/06/2018 16:00,11/06/2018 23:00,13/06/2018 23:00,26/06/2018 23:00,01/07/2018 16:00
ord_005449,cust_001645,shipped,16/12/2017 18:32,17/12/2017 02:32,21/12/2017 02:32,,30/12/2017 18:32
ord_005450,cust_000478,delivered,18/06/2018 19:22,19/06/2018 03:22,24/06/2018 03:22,29/06/2018 03:22,29/06/2018 19:22
ord_005451,cust_000668,delivered,26/01/2018 14:39,26/01/2018 19:39,29/01/2018 19:39,11/02/2018 19:39,07/02/2018 14:39
ord_005452,cust_000252,delivered,28/09/2018 18:13,29/09/2018 17:13,04/10/2018 17:13,17/10/2018 17:13,12/10/2018 18:13
ord_005453,cust_000320,delivered,08/12/2018 16:57,09/12/2018 11:57,10/12/2018 11:57,13/12/2018 11:57,23/12/2018 16:57
ord_005454,cust_002415,delivered,21/10/2017 08:19,22/10/2017 23:19,28/10/2017 23:19,10/11/2017 23:19,08/11/2017 08:19
ord_005455,cust_001951,delivered,06/04/2018 16:55,07/04/2018 08:55,11/04/2018 08:55,22/04/2018 08:55,27/04/2018 16:55
ord_005456,cust_000478,shipped,18/08/2018 22:35,20/08/2018 01:35,24/08/2018 01:35,,29/08/2018 22:35
ord_005457,cust_001259,delivered,11/07/2017 16:24,13/07/2017 14:24,19/07/2017 14:24,28/07/2017 14:24,01/08/2017 16:24
ord_005458,cust_000685,delivered,28/09/2018 14:44,29/09/2018 19:44,30/09/2018 19:44,05/10/2018 19:44,22/10/2018 14:44
ord_005459,cust_001960,delivered,24/05/2018 16:33,26/05/2018 09:33,01/06/2018 09:33,09/06/2018 09:33,08/06/2018 16:33
ord_005460,cust_000390,delivered,02/07/2017 20:08,03/07/2017 20:08,05/07/2017 20:08,09/07/2017 20:08,15/07/2017 20:08
ord_005461,cust_000744,delivered,06/11/2018 22:42,07/11/2018 06:42,13/11/2018 06:42,16/11/2018 06:42,30/11/2018 22:42
ord_005462,cust_002013,delivered,07/02/2018 16:34,08/02/2018 13:34,13/02/2018 13:34,23/02/2018 13:34,02/03/2018 16:34
ord_005463,cust_002268,canceled,29/07/2017 16:33,31/07/2017 04:33,,,09/08/2017 16:33
ord_005464,cust_002902,delivered,16/08/2017 13:44,16/08/2017 18:44,17/08/2017 18:44,21/08/2017 18:44,07/09/2017 13:44
ord_005465,cust_002918,delivered,22/09/2018 11:39,23/09/2018 10:39,24/09/2018 10:39,03/10/2018 10:39,14/10/2018 11:39
ord_005466,cust_002135,delivered,28/11/2018 15:21,29/11/2018 15:21,30/11/2018 15:21,08/12/2018 15:21,12/12/2018 15:21
ord_005467,cust_000783,delivered,02/01/2018 20:19,04/01/2018 16:19,05/01/2018 16:19,19/01/2018 16:19,26/01/2018 20:19
ord_005468,cust_002480,delivered,16/04/2017 17:15,18/04/2017 15:15,22/04/2017 15:15,01/05/2017 15:15,28/04/2017 17:15
ord_005469,cust_001918,delivered,11/05/2017 11:34,12/05/2017 16:34,18/05/2017 16:34,26/05/2017 16:34,29/05/2017 11:34
ord_005470,cust_002886,delivered,08/07/2018 22:17,09/07/2018 08:17,14/07/2018 08:17,16/07/2018 08:17,28/07/2018 22:17
ord_005471,cust_002295,delivered,28/12/2017 09:07,28/12/2017 18:07,02/01/2018 18:07,15/01/2018 18:07,07/01/2018 09:07
ord_005472,cust_002416,delivered,07/02/2018 15:46,08/02/2018 19:46,14/02/2018 19:46,24/02/2018 19:46,02/03/2018 15:46
ord_005473,cust_001629,delivered,01/12/2017 18:12,02/12/2017 03:12,06/12/2017 03:12,10/12/2017 03:12,24/12/2017 18:12
ord_005474,cust_002423,delivered,07/03/2018 20:09,09/03/2018 04:09,10/03/2018 04:09,12/03/2018 04:09,22/03/2018 20:09
ord_005475,cust_000873,shipped,01/07/2018 16:50,03/07/2018 14:50,06/07/2018 14:50,,17/07/2018 16:50
ord_005476,cust_000257,delivered,27/04/2018 20:42,28/04/2018 04:42,03/05/2018 04:42,11/05/2018 04:42,12/05/2018 20:42
ord_005477,cust_000643,delivered,17/07/2017 12:45,19/07/2017 08:45,22/07/2017 08:45,05/08/2017 08:45,29/07/2017 12:45
ord_005478,cust_001701,delivered,25/03/2018 13:21,25/03/2018 14:21,27/03/2018 14:21,06/04/2018 14:21,17/04/2018 13:21
ord_005479,cust_001939,delivered,04/03/2018 15:37,05/03/2018 14:37,08/03/2018 14:37,11/03/2018 14:37,27/03/2018 15:37
ord_005480,cust_001488,delivered,30/04/2018 11:55,01/05/2018 05:55,06/05/2018 05:55,10/05/2018 05:55,18/05/2018 11:55
ord_005481,cust_001439,delivered,22/05/2017 21:16,24/05/2017 00:16,27/05/2017 00:16,01/06/2017 00:16,07/06/2017 21:16
ord_005482,cust_000595,delivered,06/07/2017 11:04,07/07/2017 10:04,10/07/2017 10:04,12/07/2017 10:04,26/07/2017 11:04
ord_005483,cust_002511,delivered,20/04/2018 14:10,21/04/2018 16:10,24/04/2018 16:10,27/04/2018 16:10,07/05/2018 14:10
ord_005484,cust_000695,delivered,26/10/2017 21:53,27/10/2017 02:53,30/10/2017 02:53,02/11/2017 02:53,16/11/2017 21:53
ord_005485,cust_000268,delivered,22/06/2018 20:16,24/06/2018 08:16,26/06/2018 08:16,07/07/2018 08:16,10/07/2018 20:16
ord_005486,cust_000455,delivered,29/12/2017 18:29,31/12/2017 15:29,02/01/2018 15:29,12/01/2018 15:29,10/01/2018 18:29
ord_005487,cust_000098,delivered,08/09/2017 12:32,09/09/2017 10:32,10/09/2017 10:32,22/09/2017 10:32,01/10/2017 12:32
ord_005488,cust_002989,delivered,09/07/2018 10:57,11/07/2018 03:57,16/07/2018 03:57,20/07/2018 03:57,25/07/2018 10:57
ord_005489,cust_001112,delivered,14/01/2018 10:18,14/01/2018 15:18,16/01/2018 15:18,29/01/2018 15:18,31/01/2018 10:18
ord_005490,cust_002381,delivered,10/07/2017 11:31,11/07/2017 22:31,17/07/2017 22:31,23/07/2017 22:31,29/07/2017 11:31
ord_005491,cust_001423,delivered,05/10/2018 18:57,06/10/2018 09:57,12/10/2018 09:57,15/10/2018 09:57,28/10/2018 18:57
ord_005492,cust_002752,delivered,11/02/2018 13:12,12/02/2018 21:12,17/02/2018 21:12,21/02/2018 21:12,27/02/2018 13:12
ord_005493,cust_001918,delivered,24/11/2018 08:35,25/11/2018 11:35,01/12/2018 11:35,07/12/2018 11:35,06/12/2018 08:35
ord_005494,cust_000729,delivered,14/08/2017 22:03,15/08/2017 00:03,21/08/2017 00:03,24/08/2017 00:03,25/08/2017 22:03
ord_005495,cust_000342,delivered,11/11/2018 22:15,12/11/2018 14:15,17/11/2018 14:15,23/11/2018 14:15,30/11/2018 22:15
ord_005496,cust_000513,delivered,09/10/2018 21:04,10/10/2018 17:04,13/10/2018 17:04,23/10/2018 17:04,25/10/2018 21:04
ord_005497,cust_001761,delivered,15/05/2017 21:19,17/05/2017 12:19,23/05/2017 12:19,06/06/2017 12:19,01/06/2017 21:19
ord_005498,cust_000086,delivered,21/04/2018 12:12,21/04/2018 17:12,24/04/2018 17:12,26/04/2018 17:12,13/05/2018 12:12
ord_005499,cust_002439,delivered,07/07/2018 10:47,09/07/2018 07:47,10/07/2018 07:47,19/07/2018 07:47,21/07/2018 10:47
ord_005500,cust_000859,delivered,28/03/2018 09:27,28/03/2018 11:27,01/04/2018 11:27,06/04/2018 11:27,16/04/2018 09:27
ord_005501,cust_002728,delivered,11/01/2018 22:24,12/01/2018 09:24,13/01/2018 09:24,19/01/2018 09:24,24/01/2018 22:24
ord_005502,cust_000360,delivered,03/12/2018 20:41,04/12/2018 02:41,05/12/2018 02:41,15/12/2018 02:41,23/12/2018 20:41
ord_005503,cust_002699,delivered,04/08/2018 19:56,06/08/2018 13:56,07/08/2018 13:56,12/08/2018 13:56,15/08/2018 19:56
ord_005504,cust_002624,delivered,14/12/2018 09:18,15/12/2018 12:18,21/12/2018 12:18,28/12/2018 12:18,27/12/2018 09:18
ord_005505,cust_001555,delivered,25/10/2018 12:04,26/10/2018 22:04,27/10/2018 22:04,02/11/2018 22:04,07/11/2018 12:04
ord_005506,cust_001433,delivered,10/10/2018 09:06,11/10/2018 18:06,14/10/2018 18:06,20/10/2018 18:06,22/10/2018 09:06
ord_005507,cust_002697,delivered,19/08/2018 22:51,21/08/2018 02:51,26/08/2018 02:51,06/09/2018 02:51,08/09/2018 22:51
ord_005508,cust_002445,delivered,03/07/2018 16:50,04/07/2018 06:50,09/07/2018 06:50,14/07/2018 06:50,18/07/2018 16:50
ord_005509,cust_001612,delivered,16/11/2018 13:28,16/11/2018 19:28,17/11/2018 19:28,26/11/2018 19:28,30/11/2018 13:28
ord_005510,cust_000996,delivered,12/06/2018 21:08,13/06/2018 17:08,19/06/2018 17:08,01/07/2018 17:08,26/06/2018 21:08
ord_005511,cust_000220,delivered,11/04/2017 10:31,12/04/2017 05:31,18/04/2017 05:31,28/04/2017 05:31,01/05/2017 10:31
ord_005512,cust_002788,delivered,24/05/2018 11:40,25/05/2018 07:40,31/05/2018 07:40,11/06/2018 07:40,11/06/2018 11:40
ord_005513,cust_002921,delivered,13/05/2017 17:19,15/05/2017 16:19,19/05/2017 16:19,27/05/2017 16:19,05/06/2017 17:19
ord_005514,cust_002615,delivered,05/12/2018 09:04,05/12/2018 15:04,09/12/2018 15:04,17/12/2018 15:04,22/12/2018 09:04
ord_005515,cust_000007,invoiced,03/07/2018 14:19,04/07/2018 21:19,,,23/07/2018 14:19
ord_005516,cust_001287,delivered,07/05/2018 08:41,07/05/2018 15:41,08/05/2018 15:41,19/05/2018 15:41,30/05/2018 08:41
ord_005517,cust_000857,delivered,18/08/2017 22:58,20/08/2017 02:58,25/08/2017 02:58,04/09/2017 02:58,09/09/2017 22:58
ord_005518,cust_001300,delivered,10/04/2018 09:11,11/04/2018 17:11,17/04/2018 17:11,25/04/2018 17:11,01/05/2018 09:11
ord_005519,cust_000139,delivered,06/12/2017 14:54,06/12/2017 15:54,11/12/2017 15:54,22/12/2017 15:54,24/12/2017 14:54
ord_005520,cust_001623,delivered,20/07/2018 16:27,21/07/2018 14:27,25/07/2018 14:27,04/08/2018 14:27,12/08/2018 16:27
ord_005521,cust_001631,delivered,07/06/2018 21:39,08/06/2018 12:39,12/06/2018 12:39,16/06/2018 12:39,01/07/2018 21:39
ord_005522,cust_000743,delivered,30/03/2018 22:51,31/03/2018 21:51,02/04/2018 21:51,06/04/2018 21:51,10/04/2018 22:51
ord_005523,cust_001702,delivered,06/10/2017 22:33,07/10/2017 21:33,08/10/2017 21:33,18/10/2017 21:33,27/10/2017 22:33
ord_005524,cust_001634,delivered,17/04/2018 13:03,18/04/2018 11:03,20/04/2018 11:03,23/04/2018 11:03,27/04/2018 13:03
ord_005525,cust_001913,delivered,04/03/2018 18:15,06/03/2018 00:15,09/03/2018 00:15,22/03/2018 00:15,18/03/2018 18:15
ord_005526,cust_000702,delivered,28/10/2018 08:48,28/10/2018 17:48,30/10/2018 17:48,05/11/2018 17:48,19/11/2018 08:48
ord_005527,cust_000421,delivered,20/11/2018 14:33,22/11/2018 07:33,26/11/2018 07:33,05/12/2018 07:33,10/12/2018 14:33
ord_005528,cust_000973,delivered,07/09/2018 19:19,09/09/2018 11:19,14/09/2018 11:19,22/09/2018 11:19,26/09/2018 19:19
ord_005529,cust_000052,delivered,24/11/2017 20:34,25/11/2017 17:34,30/11/2017 17:34,10/12/2017 17:34,14/12/2017 20:34
ord_005530,cust_002088,delivered,24/02/2017 16:16,26/02/2017 11:16,03/03/2017 11:16,09/03/2017 11:16,08/03/2017 16:16
ord_005531,cust_000797,delivered,26/11/2018 19:14,27/11/2018 08:14,29/11/2018 08:14,10/12/2018 08:14,17/12/2018 19:14
ord_005532,cust_000954,delivered,27/12/2018 17:49,28/12/2018 02:49,03/01/2019 02:49,07/01/2019 02:49,07/01/2019 17:49
ord_005533,cust_000154,delivered,09/06/2017 09:24,09/06/2017 22:24,15/06/2017 22:24,21/06/2017 22:24,23/06/2017 09:24
ord_005534,cust_001572,shipped,26/07/2018 18:16,28/07/2018 07:16,31/07/2018 07:16,,06/08/2018 18:16
ord_005535,cust_000105,delivered,06/02/2018 08:24,06/02/2018 14:24,08/02/2018 14:24,12/02/2018 14:24,23/02/2018 08:24
ord_005536,cust_001423,delivered,01/07/2017 15:55,02/07/2017 05:55,08/07/2017 05:55,10/07/2017 05:55,23/07/2017 15:55
ord_005537,cust_000791,delivered,31/12/2018 20:10,01/01/2019 02:10,07/01/2019 02:10,15/01/2019 02:10,23/01/2019 20:10
ord_005538,cust_001887,delivered,28/11/2018 12:11,29/11/2018 09:11,02/12/2018 09:11,04/12/2018 09:11,08/12/2018 12:11
ord_005539,cust_002996,delivered,23/12/2018 21:21,24/12/2018 11:21,25/12/2018 11:21,30/12/2018 11:21,16/01/2019 21:21
ord_005540,cust_001691,delivered,26/06/2017 21:03,28/06/2017 12:03,02/07/2017 12:03,10/07/2017 12:03,09/07/2017 21:03
ord_005541,cust_002410,delivered,25/03/2018 16:04,27/03/2018 04:04,01/04/2018 04:04,11/04/2018 04:04,09/04/2018 16:04
ord_005542,cust_000592,delivered,20/11/2018 16:00,22/11/2018 10:00,25/11/2018 10:00,27/11/2018 10:00,04/12/2018 16:00
ord_005543,cust_001085,delivered,20/07/2018 10:08,21/07/2018 05:08,22/07/2018 05:08,02/08/2018 05:08,06/08/2018 10:08
ord_005544,cust_002448,delivered,13/02/2018 18:38,14/02/2018 19:38,19/02/2018 19:38,27/02/2018 19:38,23/02/2018 18:38
ord_005545,cust_001128,delivered,11/04/2018 16:11,13/04/2018 09:11,18/04/2018 09:11,20/04/2018 09:11,25/04/2018 16:11
ord_005546,cust_002771,delivered,24/02/2017 11:22,25/02/2017 21:22,03/03/2017 21:22,06/03/2017 21:22,10/03/2017 11:22
ord_005547,cust_002789,delivered,11/06/2018 22:42,13/06/2018 19:42,19/06/2018 19:42,03/07/2018 19:42,01/07/2018 22:42
ord_005548,cust_002238,delivered,02/11/2018 08:01,04/11/2018 07:01,07/11/2018 07:01,14/11/2018 07:01,24/11/2018 08:01
ord_005549,cust_001985,delivered,05/01/2017 13:12,05/01/2017 16:12,07/01/2017 16:12,21/01/2017 16:12,15/01/2017 13:12
ord_005550,cust_001028,delivered,13/07/2017 14:59,14/07/2017 01:59,15/07/2017 01:59,23/07/2017 01:59,29/07/2017 14:59
ord_005551,cust_002510,delivered,12/04/2018 10:35,13/04/2018 20:35,14/04/2018 20:35,17/04/2018 20:35,06/05/2018 10:35
ord_005552,cust_002964,shipped,10/05/2018 15:39,10/05/2018 19:39,15/05/2018 19:39,,02/06/2018 15:39
ord_005553,cust_002593,delivered,06/12/2017 16:30,06/12/2017 20:30,12/12/2017 20:30,20/12/2017 20:30,24/12/2017 16:30
ord_005554,cust_001039,delivered,10/02/2017 12:57,10/02/2017 18:57,14/02/2017 18:57,20/02/2017 18:57,03/03/2017 12:57
ord_005555,cust_000507,delivered,29/08/2018 12:08,29/08/2018 15:08,04/09/2018 15:08,08/09/2018 15:08,12/09/2018 12:08
ord_005556,cust_002743,delivered,28/09/2017 09:04,29/09/2017 16:04,01/10/2017 16:04,08/10/2017 16:04,20/10/2017 09:04
ord_005557,cust_000048,canceled,02/07/2018 13:48,03/07/2018 02:48,,,12/07/2018 13:48
ord_005558,cust_002390,delivered,09/05/2018 10:00,11/05/2018 07:00,14/05/2018 07:00,18/05/2018 07:00,26/05/2018 10:00
ord_005559,cust_000804,delivered,10/02/2018 15:33,10/02/2018 19:33,13/02/2018 19:33,22/02/2018 19:33,28/02/2018 15:33
ord_005560,cust_002307,delivered,29/05/2018 16:00,30/05/2018 13:00,03/06/2018 13:00,05/06/2018 13:00,10/06/2018 16:00
ord_005561,cust_001783,delivered,01/08/2018 11:20,02/08/2018 18:20,03/08/2018 18:20,14/08/2018 18:20,19/08/2018 11:20
ord_005562,cust_000346,delivered,17/05/2018 19:39,18/05/2018 12:39,21/05/2018 12:39,03/06/2018 12:39,10/06/2018 19:39
ord_005563,cust_002725,delivered,08/05/2018 20:32,10/05/2018 06:32,13/05/2018 06:32,27/05/2018 06:32,28/05/2018 20:32
ord_005564,cust_002807,canceled,14/02/2018 14:33,16/02/2018 06:33,,,26/02/2018 14:33
ord_005565,cust_000925,delivered,10/02/2018 13:09,11/02/2018 19:09,16/02/2018 19:09,26/02/2018 19:09,27/02/2018 13:09
ord_005566,cust_000476,delivered,25/03/2018 16:17,26/03/2018 21:17,28/03/2018 21:17,06/04/2018 21:17,14/04/2018 16:17
ord_005567,cust_002550,delivered,26/02/2018 11:42,27/02/2018 14:42,28/02/2018 14:42,13/03/2018 14:42,15/03/2018 11:42
ord_005568,cust_001312,delivered,16/02/2018 08:01,18/02/2018 07:01,22/02/2018 07:01,24/02/2018 07:01,28/02/2018 08:01
ord_005569,cust_001986,delivered,30/08/2017 13:35,01/09/2017 02:35,02/09/2017 02:35,07/09/2017 02:35,13/09/2017 13:35
ord_005570,cust_002473,delivered,18/08/2018 20:31,18/08/2018 22:31,24/08/2018 22:31,26/08/2018 22:31,03/09/2018 20:31
ord_005571,cust_001963,delivered,15/06/2017 11:20,17/06/2017 00:20,23/06/2017 00:20,27/06/2017 00:20,27/06/2017 11:20
ord_005572,cust_001424,delivered,23/11/2018 13:20,23/11/2018 20:20,26/11/2018 20:20,30/11/2018 20:20,09/12/2018 13:20
ord_005573,cust_002148,delivered,20/06/2018 18:47,22/06/2018 11:47,27/06/2018 11:47,04/07/2018 11:47,03/07/2018 18:47
ord_005574,cust_000246,delivered,10/03/2017 18:22,11/03/2017 09:22,15/03/2017 09:22,25/03/2017 09:22,22/03/2017 18:22
ord_005575,cust_001534,canceled,10/07/2018 12:04,11/07/2018 21:04,,,25/07/2018 12:04
ord_005576,cust_001815,delivered,20/12/2017 19:57,22/12/2017 06:57,24/12/2017 06:57,02/01/2018 06:57,30/12/2017 19:57
ord_005577,cust_002020,delivered,27/11/2018 08:07,28/11/2018 01:07,04/12/2018 01:07,06/12/2018 01:07,18/12/2018 08:07
ord_005578,cust_000661,delivered,28/11/2018 11:47,30/11/2018 09:47,06/12/2018 09:47,09/12/2018 09:47,08/12/2018 11:47
ord_005579,cust_002379,delivered,25/10/2018 11:00,26/10/2018 12:00,30/10/2018 12:00,06/11/2018 12:00,05/11/2018 11:00
ord_005580,cust_000987,delivered,15/05/2018 13:21,16/05/2018 09:21,22/05/2018 09:21,31/05/2018 09:21,29/05/2018 13:21
ord_005581,cust_001768,canceled,25/11/2018 13:30,26/11/2018 12:30,,,14/12/2018 13:30
ord_005582,cust_002116,delivered,05/07/2018 11:01,06/07/2018 01:01,11/07/2018 01:01,17/07/2018 01:01,21/07/2018 11:01
ord_005583,cust_000117,delivered,10/11/2018 09:44,10/11/2018 14:44,16/11/2018 14:44,20/11/2018 14:44,20/11/2018 09:44
ord_005584,cust_002862,delivered,13/07/2017 17:15,15/07/2017 16:15,20/07/2017 16:15,23/07/2017 16:15,28/07/2017 17:15
ord_005585,cust_001531,delivered,22/11/2018 22:32,24/11/2018 12:32,30/11/2018 12:32,10/12/2018 12:32,02/12/2018 22:32
ord_005586,cust_000024,delivered,12/07/2018 19:47,14/07/2018 10:47,16/07/2018 10:47,30/07/2018 10:47,28/07/2018 19:47
ord_005587,cust_001790,shipped,18/11/2017 12:35,20/11/2017 07:35,21/11/2017 07:35,,02/12/2017 12:35
ord_005588,cust_000777,processing,30/12/2018 16:27,31/12/2018 21:27,,,22/01/2019 16:27
ord_005589,cust_002626,delivered,27/07/2018 17:20,29/07/2018 16:20,31/07/2018 16:20,02/08/2018 16:20,11/08/2018 17:20
ord_005590,cust_000495,delivered,23/11/2018 09:02,25/11/2018 08:02,29/11/2018 08:02,08/12/2018 08:02,11/12/2018 09:02
ord_005591,cust_000015,delivered,09/01/2017 14:54,10/01/2017 01:54,13/01/2017 01:54,19/01/2017 01:54,21/01/2017 14:54
ord_005592,cust_002177,delivered,04/05/2018 11:35,05/05/2018 08:35,11/05/2018 08:35,23/05/2018 08:35,21/05/2018 11:35
ord_005593,cust_000145,delivered,11/08/2018 10:37,11/08/2018 14:37,12/08/2018 14:37,24/08/2018 14:37,03/09/2018 10:37
ord_005594,cust_000597,delivered,21/01/2017 10:26,22/01/2017 19:26,28/01/2017 19:26,05/02/2017 19:26,31/01/2017 10:26
ord_005595,cust_001103,delivered,09/09/2018 20:22,10/09/2018 01:22,12/09/2018 01:22,14/09/2018 01:22,23/09/2018 20:22
ord_005596,cust_002614,shipped,06/07/2018 22:02,08/07/2018 10:02,10/07/2018 10:02,,21/07/2018 22:02
ord_005597,cust_002408,delivered,25/10/2017 09:10,26/10/2017 23:10,27/10/2017 23:10,02/11/2017 23:10,11/11/2017 09:10
ord_005598,cust_001804,delivered,28/07/2018 11:25,29/07/2018 06:25,03/08/2018 06:25,15/08/2018 06:25,13/08/2018 11:25
ord_005599,cust_001452,delivered,13/06/2017 21:14,15/06/2017 03:14,20/06/2017 03:14,01/07/2017 03:14,07/07/2017 21:14
ord_005600,cust_002014,delivered,13/10/2018 13:02,15/10/2018 10:02,21/10/2018 10:02,04/11/2018 10:02,25/10/2018 13:02
ord_005601,cust_000915,delivered,05/11/2018 18:32,07/11/2018 06:32,08/11/2018 06:32,14/11/2018 06:32,18/11/2018 18:32
ord_005602,cust_002655,delivered,21/03/2018 08:27,22/03/2018 05:27,25/03/2018 05:27,31/03/2018 05:27,07/04/2018 08:27
ord_005603,cust_002079,delivered,05/04/2018 11:25,07/04/2018 06:25,13/04/2018 06:25,21/04/2018 06:25,24/04/2018 11:25
ord_005604,cust_001754,delivered,20/01/2018 12:47,20/01/2018 13:47,21/01/2018 13:47,02/02/2018 13:47,31/01/2018 12:47
ord_005605,cust_001513,delivered,08/12/2017 08:35,08/12/2017 18:35,12/12/2017 18:35,20/12/2017 18:35,29/12/2017 08:35
ord_005606,cust_001892,invoiced,09/11/2018 19:00,10/11/2018 10:00,,,26/11/2018 19:00
ord_005607,cust_001721,delivered,19/11/2017 21:45,,23/11/2017 14:45,06/12/2017 14:45,03/12/2017 21:45
ord_005608,cust_002050,delivered,21/01/2018 12:28,22/01/2018 20:28,27/01/2018 20:28,03/02/2018 20:28,05/02/2018 12:28
ord_005609,cust_001284,delivered,15/11/2017 18:31,17/11/2017 08:31,22/11/2017 08:31,05/12/2017 08:31,25/11/2017 18:31
ord_005610,cust_000894,delivered,09/07/2018 19:53,09/07/2018 21:53,10/07/2018 21:53,20/07/2018 21:53,28/07/2018 19:53
ord_005611,cust_002175,canceled,08/10/2018 13:06,09/10/2018 01:06,,,29/10/2018 13:06
ord_005612,cust_000916,delivered,17/07/2017 14:35,19/07/2017 05:35,22/07/2017 05:35,30/07/2017 05:35,10/08/2017 14:35
ord_005613,cust_000046,delivered,08/10/2017 19:16,09/10/2017 19:16,14/10/2017 19:16,24/10/2017 19:16,22/10/2017 19:16
ord_005614,cust_000218,delivered,15/05/2017 21:02,16/05/2017 11:02,22/05/2017 11:02,04/06/2017 11:02,29/05/2017 21:02
ord_005615,cust_000005,delivered,13/07/2017 16:26,14/07/2017 13:26,20/07/2017 13:26,29/07/2017 13:26,27/07/2017 16:26
ord_005616,cust_001568,delivered,24/01/2018 18:17,25/01/2018 23:17,26/01/2018 23:17,28/01/2018 23:17,04/02/2018 18:17
ord_005617,cust_002048,delivered,17/09/2018 21:00,19/09/2018 01:00,24/09/2018 01:00,30/09/2018 01:00,03/10/2018 21:00
ord_005618,cust_000862,delivered,27/04/2018 20:29,29/04/2018 11:29,05/05/2018 11:29,19/05/2018 11:29,08/05/2018 20:29
ord_005619,cust_000079,delivered,15/03/2017 15:18,17/03/2017 14:18,22/03/2017 14:18,30/03/2017 14:18,25/03/2017 15:18
ord_005620,cust_001926,delivered,20/06/2018 13:26,22/06/2018 03:26,25/06/2018 03:26,01/07/2018 03:26,05/07/2018 13:26
ord_005621,cust_001011,delivered,27/09/2018 12:00,27/09/2018 16:00,02/10/2018 16:00,15/10/2018 16:00,19/10/2018 12:00
ord_005622,cust_002391,delivered,14/01/2018 14:24,15/01/2018 10:24,16/01/2018 10:24,23/01/2018 10:24,07/02/2018 14:24
ord_005623,cust_001098,delivered,30/09/2017 18:28,01/10/2017 17:28,04/10/2017 17:28,16/10/2017 17:28,22/10/2017 18:28
ord_005624,cust_001949,delivered,10/09/2018 16:27,11/09/2018 22:27,16/09/2018 22:27,18/09/2018 22:27,04/10/2018 16:27
ord_005625,cust_001841,delivered,04/02/2017 14:43,06/02/2017 12:43,10/02/2017 12:43,19/02/2017 12:43,27/02/2017 14:43
ord_005626,cust_000850,delivered,09/10/2018 18:59,10/10/2018 15:59,12/10/2018 15:59,14/10/2018 15:59,28/10/2018 18:59
ord_005627,cust_002317,delivered,02/10/2018 15:01,03/10/2018 07:01,07/10/2018 07:01,11/10/2018 07:01,14/10/2018 15:01
ord_005628,cust_002448,delivered,17/11/2018 16:23,19/11/2018 11:23,20/11/2018 11:23,29/11/2018 11:23,09/12/2018 16:23
ord_005629,cust_002465,delivered,28/04/2017 09:51,29/04/2017 20:51,05/05/2017 20:51,15/05/2017 20:51,22/05/2017 09:51
ord_005630,cust_000955,delivered,19/05/2017 17:37,20/05/2017 15:37,24/05/2017 15:37,27/05/2017 15:37,05/06/2017 17:37
ord_005631,cust_000840,delivered,09/11/2018 17:59,11/11/2018 13:59,15/11/2018 13:59,23/11/2018 13:59,28/11/2018 17:59
ord_005632,cust_000868,delivered,14/03/2018 18:42,15/03/2018 08:42,18/03/2018 08:42,25/03/2018 08:42,29/03/2018 18:42
ord_005633,cust_000486,delivered,13/01/2018 19:43,14/01/2018 06:43,16/01/2018 06:43,23/01/2018 06:43,31/01/2018 19:43
ord_005634,cust_002638,delivered,18/05/2018 18:04,18/05/2018 19:04,20/05/2018 19:04,01/06/2018 19:04,28/05/2018 18:04
ord_005635,cust_002942,delivered,22/03/2017 14:16,22/03/2017 17:16,25/03/2017 17:16,08/04/2017 17:16,11/04/2017 14:16
ord_005636,cust_002478,delivered,01/07/2018 21:35,03/07/2018 14:35,06/07/2018 14:35,08/07/2018 14:35,18/07/2018 21:35
ord_005637,cust_000131,delivered,03/12/2018 15:31,03/12/2018 18:31,06/12/2018 18:31,20/12/2018 18:31,24/12/2018 15:31
ord_005638,cust_002833,delivered,20/07/2018 18:45,22/07/2018 06:45,26/07/2018 06:45,28/07/2018 06:45,04/08/2018 18:45
ord_005639,cust_002441,delivered,06/03/2018 11:59,06/03/2018 14:59,09/03/2018 14:59,23/03/2018 14:59,22/03/2018 11:59
ord_005640,cust_000203,delivered,11/12/2018 19:12,12/12/2018 06:12,14/12/2018 06:12,24/12/2018 06:12,23/12/2018 19:12
ord_005641,cust_000060,delivered,28/07/2018 17:25,29/07/2018 09:25,02/08/2018 09:25,13/08/2018 09:25,15/08/2018 17:25
ord_005642,cust_000750,delivered,20/03/2017 13:52,20/03/2017 23:52,22/03/2017 23:52,27/03/2017 23:52,12/04/2017 13:52
ord_005643,cust_001455,delivered,17/07/2018 12:50,17/07/2018 18:50,23/07/2018 18:50,01/08/2018 18:50,04/08/2018 12:50
ord_005644,cust_001056,delivered,23/03/2017 17:49,25/03/2017 16:49,30/03/2017 16:49,08/04/2017 16:49,15/04/2017 17:49
ord_005645,cust_001924,delivered,20/11/2017 19:37,21/11/2017 14:37,23/11/2017 14:37,29/11/2017 14:37,30/11/2017 19:37
ord_005646,cust_002081,delivered,14/06/2018 10:59,15/06/2018 06:59,20/06/2018 06:59,28/06/2018 06:59,05/07/2018 10:59
ord_005647,cust_001433,delivered,04/09/2017 17:21,06/09/2017 05:21,12/09/2017 05:21,26/09/2017 05:21,14/09/2017 17:21
ord_005648,cust_001136,delivered,24/02/2017 11:06,26/02/2017 06:06,03/03/2017 06:06,06/03/2017 06:06,12/03/2017 11:06
ord_005649,cust_001694,delivered,15/06/2018 12:07,16/06/2018 02:07,21/06/2018 02:07,28/06/2018 02:07,02/07/2018 12:07
ord_005650,cust_000312,delivered,03/11/2017 21:26,04/11/2017 18:26,06/11/2017 18:26,12/11/2017 18:26,20/11/2017 21:26
ord_005651,cust_000076,delivered,22/04/2018 17:48,23/04/2018 16:48,25/04/2018 16:48,29/04/2018 16:48,10/05/2018 17:48
ord_005652,cust_002381,delivered,14/10/2017 22:27,15/10/2017 10:27,19/10/2017 10:27,27/10/2017 10:27,04/11/2017 22:27
ord_005653,cust_000462,delivered,27/07/2018 08:36,27/07/2018 14:36,29/07/2018 14:36,01/08/2018 14:36,16/08/2018 08:36
ord_005654,cust_002947,delivered,20/11/2018 22:21,22/11/2018 18:21,23/11/2018 18:21,26/11/2018 18:21,30/11/2018 22:21
ord_005655,cust_001659,delivered,25/04/2017 09:42,26/04/2017 18:42,02/05/2017 18:42,14/05/2017 18:42,16/05/2017 09:42
ord_005656,cust_001582,delivered,22/09/2018 17:09,24/09/2018 01:09,27/09/2018 01:09,03/10/2018 01:09,07/10/2018 17:09
ord_005657,cust_002483,delivered,09/07/2017 08:31,09/07/2017 23:31,14/07/2017 23:31,20/07/2017 23:31,27/07/2017 08:31
ord_005658,cust_000621,delivered,27/11/2017 10:11,28/11/2017 17:11,03/12/2017 17:11,13/12/2017 17:11,20/12/2017 10:11
ord_005659,cust_001645,delivered,17/12/2017 12:28,17/12/2017 18:28,18/12/2017 18:28,29/12/2017 18:28,31/12/2017 12:28
ord_005660,cust_001399,delivered,26/08/2017 20:25,27/08/2017 01:25,29/08/2017 01:25,11/09/2017 01:25,14/09/2017 20:25
ord_005661,cust_001498,delivered,11/04/2017 20:36,13/04/2017 17:36,17/04/2017 17:36,27/04/2017 17:36,30/04/2017 20:36
ord_005662,cust_002771,delivered,12/09/2018 13:30,12/09/2018 23:30,16/09/2018 23:30,21/09/2018 23:30,29/09/2018 13:30
ord_005663,cust_002964,delivered,26/09/2018 10:58,27/09/2018 22:58,29/09/2018 22:58,04/10/2018 22:58,09/10/2018 10:58
ord_005664,cust_001217,delivered,30/12/2018 12:54,31/12/2018 01:54,01/01/2019 01:54,12/01/2019 01:54,20/01/2019 12:54
ord_005665,cust_001169,delivered,28/11/2018 17:17,30/11/2018 00:17,04/12/2018 00:17,17/12/2018 00:17,20/12/2018 17:17
ord_005666,cust_000805,delivered,13/02/2018 15:07,14/02/2018 20:07,16/02/2018 20:07,01/03/2018 20:07,09/03/2018 15:07
ord_005667,cust_001156,delivered,15/06/2017 17:03,17/06/2017 03:03,19/06/2017 03:03,01/07/2017 03:03,01/07/2017 17:03
ord_005668,cust_001296,delivered,17/01/2017 17:11,19/01/2017 14:11,22/01/2017 14:11,01/02/2017 14:11,28/01/2017 17:11
ord_005669,cust_000222,delivered,21/04/2018 09:13,22/04/2018 05:13,25/04/2018 05:13,29/04/2018 05:13,14/05/2018 09:13
ord_005670,cust_000695,delivered,02/11/2018 09:53,04/11/2018 02:53,07/11/2018 02:53,14/11/2018 02:53,21/11/2018 09:53
ord_005671,cust_002349,delivered,19/10/2017 22:55,20/10/2017 12:55,23/10/2017 12:55,26/10/2017 12:55,30/10/2017 22:55
ord_005672,cust_002149,delivered,19/08/2017 18:13,21/08/2017 16:13,25/08/2017 16:13,01/09/2017 16:13,09/09/2017 18:13
ord_005673,cust_000203,delivered,16/02/2018 19:45,17/02/2018 18:45,21/02/2018 18:45,02/03/2018 18:45,08/03/2018 19:45
ord_005674,cust_002676,delivered,20/11/2018 11:50,22/11/2018 03:50,23/11/2018 03:50,03/12/2018 03:50,12/12/2018 11:50
ord_005675,cust_000408,delivered,25/02/2018 22:22,27/02/2018 13:22,01/03/2018 13:22,06/03/2018 13:22,13/03/2018 22:22
ord_005676,cust_000486,delivered,17/08/2018 16:52,18/08/2018 22:52,22/08/2018 22:52,02/09/2018 22:52,03/09/2018 16:52
ord_005677,cust_000170,delivered,05/03/2018 11:59,07/03/2018 09:59,12/03/2018 09:59,18/03/2018 09:59,16/03/2018 11:59
ord_005678,cust_000466,delivered,29/12/2017 12:58,30/12/2017 20:58,31/12/2017 20:58,11/01/2018 20:58,14/01/2018 12:58
ord_005679,cust_000577,delivered,18/02/2018 11:44,19/02/2018 16:44,24/02/2018 16:44,10/03/2018 16:44,08/03/2018 11:44
ord_005680,cust_002675,delivered,12/09/2018 15:22,13/09/2018 03:22,14/09/2018 03:22,19/09/2018 03:22,05/10/2018 15:22
ord_005681,cust_001316,processing,04/09/2018 14:13,05/09/2018 08:13,,,17/09/2018 14:13
ord_005682,cust_000584,delivered,11/02/2018 18:59,11/02/2018 18:59,13/02/2018 18:59,27/02/2018 18:59,21/02/2018 18:59
ord_005683,cust_000125,delivered,19/10/2017 16:16,21/10/2017 02:16,27/10/2017 02:16,04/11/2017 02:16,02/11/2017 16:16
ord_005684,cust_000740,delivered,21/06/2017 18:26,22/06/2017 23:26,27/06/2017 23:26,02/07/2017 23:26,04/07/2017 18:26
ord_005685,cust_001234,canceled,03/01/2017 21:15,05/01/2017 06:15,,,19/01/2017 21:15
ord_005686,cust_001320,shipped,25/05/2017 15:29,26/05/2017 21:29,31/05/2017 21:29,,14/06/2017 15:29
ord_005687,cust_001443,delivered,17/07/2017 21:06,18/07/2017 08:06,19/07/2017 08:06,25/07/2017 08:06,01/08/2017 21:06
ord_005688,cust_000600,delivered,29/07/2018 17:48,31/07/2018 16:48,06/08/2018 16:48,19/08/2018 16:48,13/08/2018 17:48
ord_005689,cust_000332,invoiced,10/10/2018 13:30,11/10/2018 09:30,,,25/10/2018 13:30
ord_005690,cust_001453,delivered,25/08/2018 12:25,26/08/2018 21:25,30/08/2018 21:25,07/09/2018 21:25,18/09/2018 12:25
ord_005691,cust_000165,delivered,17/08/2018 22:21,18/08/2018 04:21,22/08/2018 04:21,27/08/2018 04:21,01/09/2018 22:21
ord_005692,cust_002673,delivered,28/12/2018 11:34,29/12/2018 15:34,04/01/2019 15:34,15/01/2019 15:34,17/01/2019 11:34
ord_005693,cust_000943,delivered,12/12/2018 15:46,13/12/2018 10:46,18/12/2018 10:46,29/12/2018 10:46,22/12/2018 15:46
ord_005694,cust_001959,delivered,20/10/2017 08:54,22/10/2017 04:54,27/10/2017 04:54,05/11/2017 04:54,31/10/2017 08:54
ord_005695,cust_001951,delivered,28/06/2017 18:50,30/06/2017 06:50,06/07/2017 06:50,18/07/2017 06:50,13/07/2017 18:50
ord_005696,cust_000115,delivered,06/07/2017 14:26,08/07/2017 10:26,09/07/2017 10:26,14/07/2017 10:26,23/07/2017 14:26
ord_005697,cust_001821,delivered,20/11/2018 13:50,21/11/2018 04:50,22/11/2018 04:50,01/12/2018 04:50,05/12/2018 13:50
ord_005698,cust_001891,delivered,13/05/2017 09:31,14/05/2017 16:31,16/05/2017 16:31,27/05/2017 16:31,27/05/2017 09:31
ord_005699,cust_000379,delivered,04/12/2017 11:38,05/12/2017 17:38,07/12/2017 17:38,20/12/2017 17:38,22/12/2017 11:38
ord_005700,cust_001742,delivered,20/04/2018 22:40,21/04/2018 10:40,24/04/2018 10:40,30/04/2018 10:40,03/05/2018 22:40
ord_005701,cust_000275,canceled,13/06/2018 08:23,13/06/2018 23:23,,,30/06/2018 08:23
ord_005702,cust_001388,delivered,01/06/2018 08:29,02/06/2018 16:29,05/06/2018 16:29,17/06/2018 16:29,12/06/2018 08:29
ord_005703,cust_000560,delivered,22/09/2018 10:41,22/09/2018 17:41,28/09/2018 17:41,06/10/2018 17:41,04/10/2018 10:41
ord_005704,cust_000980,delivered,17/05/2018 16:18,18/05/2018 11:18,22/05/2018 11:18,24/05/2018 11:18,09/06/2018 16:18
ord_005705,cust_002623,delivered,28/10/2018 20:44,30/10/2018 07:44,02/11/2018 07:44,14/11/2018 07:44,15/11/2018 20:44
ord_005706,cust_002695,delivered,22/04/2017 17:21,24/04/2017 09:21,29/04/2017 09:21,07/05/2017 09:21,06/05/2017 17:21
ord_005707,cust_002794,delivered,01/11/2018 12:35,02/11/2018 16:35,05/11/2018 16:35,15/11/2018 16:35,11/11/2018 12:35
ord_005708,cust_002879,delivered,29/05/2018 19:50,31/05/2018 03:50,01/06/2018 03:50,07/06/2018 03:50,19/06/2018 19:50
ord_005709,cust_001564,delivered,10/09/2017 19:01,12/09/2017 10:01,18/09/2017 10:01,02/10/2017 10:01,24/09/2017 19:01
ord_005710,cust_002585,delivered,20/12/2018 22:14,21/12/2018 09:14,22/12/2018 09:14,29/12/2018 09:14,05/01/2019 22:14
ord_005711,cust_002706,delivered,30/11/2018 08:33,01/12/2018 16:33,04/12/2018 16:33,13/12/2018 16:33,19/12/2018 08:33
ord_005712,cust_000829,delivered,25/10/2018 14:06,27/10/2018 01:06,28/10/2018 01:06,05/11/2018 01:06,05/11/2018 14:06
ord_005713,cust_000394,delivered,23/11/2018 11:12,25/11/2018 02:12,30/11/2018 02:12,14/12/2018 02:12,12/12/2018 11:12
ord_005714,cust_001188,delivered,05/01/2018 14:44,06/01/2018 19:44,10/01/2018 19:44,19/01/2018 19:44,29/01/2018 14:44
ord_005715,cust_001971,delivered,14/09/2017 18:01,15/09/2017 01:01,21/09/2017 01:01,24/09/2017 01:01,26/09/2017 18:01
ord_005716,cust_000355,delivered,04/08/2017 10:36,04/08/2017 12:36,10/08/2017 12:36,23/08/2017 12:36,28/08/2017 10:36
ord_005717,cust_001946,delivered,09/11/2018 20:02,,13/11/2018 01:02,15/11/2018 01:02,24/11/2018 20:02
ord_005718,cust_000976,delivered,15/10/2018 13:06,16/10/2018 02:06,18/10/2018 02:06,26/10/2018 02:06,25/10/2018 13:06
ord_005719,cust_001347,delivered,22/12/2018 15:23,23/12/2018 08:23,25/12/2018 08:23,31/12/2018 08:23,07/01/2019 15:23
ord_005720,cust_001144,delivered,26/10/2018 10:57,27/10/2018 08:57,28/10/2018 08:57,05/11/2018 08:57,08/11/2018 10:57
ord_005721,cust_002213,delivered,24/06/2018 19:32,26/06/2018 06:32,02/07/2018 06:32,14/07/2018 06:32,10/07/2018 19:32
ord_005722,cust_000989,delivered,25/06/2017 19:18,26/06/2017 12:18,27/06/2017 12:18,30/06/2017 12:18,07/07/2017 19:18
ord_005723,cust_001424,delivered,17/07/2017 22:24,19/07/2017 01:24,22/07/2017 01:24,24/07/2017 01:24,06/08/2017 22:24
ord_005724,cust_001895,delivered,13/03/2018 13:34,14/03/2018 12:34,16/03/2018 12:34,29/03/2018 12:34,28/03/2018 13:34
ord_005725,cust_002569,delivered,12/09/2018 16:37,12/09/2018 18:37,13/09/2018 18:37,18/09/2018 18:37,03/10/2018 16:37
ord_005726,cust_001373,delivered,26/07/2017 20:16,28/07/2017 05:16,02/08/2017 05:16,09/08/2017 05:16,08/08/2017 20:16
ord_005727,cust_000407,delivered,24/11/2018 18:11,25/11/2018 19:11,29/11/2018 19:11,13/12/2018 19:11,04/12/2018 18:11
ord_005728,cust_001679,delivered,25/07/2018 11:29,25/07/2018 21:29,31/07/2018 21:29,11/08/2018 21:29,08/08/2018 11:29
ord_005729,cust_000051,delivered,22/11/2017 15:38,24/11/2017 02:38,28/11/2017 02:38,08/12/2017 02:38,13/12/2017 15:38
ord_005730,cust_001990,delivered,16/11/2018 10:48,16/11/2018 14:48,19/11/2018 14:48,21/11/2018 14:48,10/12/2018 10:48
ord_005731,cust_001134,delivered,03/06/2018 16:35,04/06/2018 04:35,06/06/2018 04:35,13/06/2018 04:35,26/06/2018 16:35
ord_005732,cust_001938,delivered,23/08/2018 19:41,24/08/2018 06:41,28/08/2018 06:41,05/09/2018 06:41,02/09/2018 19:41
ord_005733,cust_000385,delivered,08/01/2018 14:29,09/01/2018 21:29,14/01/2018 21:29,17/01/2018 21:29,31/01/2018 14:29
ord_005734,cust_001495,delivered,14/01/2018 11:34,16/01/2018 10:34,17/01/2018 10:34,27/01/2018 10:34,29/01/2018 11:34
ord_005735,cust_000537,delivered,19/01/2017 11:38,21/01/2017 03:38,23/01/2017 03:38,03/02/2017 03:38,29/01/2017 11:38
ord_005736,cust_001659,delivered,25/04/2018 14:14,25/04/2018 20:14,28/04/2018 20:14,04/05/2018 20:14,08/05/2018 14:14
ord_005737,cust_000143,delivered,08/09/2018 15:56,08/09/2018 18:56,09/09/2018 18:56,23/09/2018 18:56,01/10/2018 15:56
ord_005738,cust_001566,delivered,15/12/2018 16:20,17/12/2018 05:20,18/12/2018 05:20,01/01/2019 05:20,02/01/2019 16:20
ord_005739,cust_001291,delivered,19/11/2018 14:36,20/11/2018 17:36,22/11/2018 17:36,03/12/2018 17:36,01/12/2018 14:36
ord_005740,cust_000378,delivered,25/04/2017 10:33,26/04/2017 03:33,29/04/2017 03:33,05/05/2017 03:33,16/05/2017 10:33
ord_005741,cust_002211,delivered,21/12/2018 08:51,23/12/2018 02:51,27/12/2018 02:51,30/12/2018 02:51,05/01/2019 08:51
ord_005742,cust_002510,delivered,02/07/2017 17:06,03/07/2017 01:06,08/07/2017 01:06,19/07/2017 01:06,13/07/2017 17:06
ord_005743,cust_001670,delivered,28/02/2017 14:53,28/02/2017 20:53,06/03/2017 20:53,14/03/2017 20:53,15/03/2017 14:53
ord_005744,cust_001561,delivered,01/09/2018 22:08,02/09/2018 21:08,05/09/2018 21:08,16/09/2018 21:08,22/09/2018 22:08
ord_005745,cust_001070,delivered,22/11/2018 12:08,23/11/2018 00:08,27/11/2018 00:08,04/12/2018 00:08,06/12/2018 12:08
ord_005746,cust_000826,delivered,06/12/2018 13:51,07/12/2018 00:51,08/12/2018 00:51,11/12/2018 00:51,18/12/2018 13:51
ord_005747,cust_000035,delivered,14/10/2018 18:15,16/10/2018 00:15,22/10/2018 00:15,04/11/2018 00:15,28/10/2018 18:15
ord_005748,cust_001437,delivered,25/08/2017 12:36,26/08/2017 02:36,28/08/2017 02:36,11/09/2017 02:36,15/09/2017 12:36
ord_005749,cust_001527,delivered,06/07/2017 16:27,07/07/2017 20:27,08/07/2017 20:27,19/07/2017 20:27,18/07/2017 16:27
ord_005750,cust_000093,delivered,22/03/2017 14:56,23/03/2017 17:56,27/03/2017 17:56,29/03/2017 17:56,07/04/2017 14:56
ord_005751,cust_000983,delivered,24/05/2018 15:46,26/05/2018 05:46,29/05/2018 05:46,10/06/2018 05:46,12/06/2018 15:46
ord_005752,cust_001683,delivered,22/03/2018 22:20,24/03/2018 20:20,27/03/2018 20:20,10/04/2018 20:20,01/04/2018 22:20
ord_005753,cust_000716,delivered,20/05/2017 19:48,22/05/2017 01:48,25/05/2017 01:48,01/06/2017 01:48,07/06/2017 19:48
ord_005754,cust_001777,delivered,06/03/2018 11:13,07/03/2018 00:13,11/03/2018 00:13,19/03/2018 00:13,27/03/2018 11:13
ord_005755,cust_001354,delivered,14/05/2018 10:36,15/05/2018 13:36,20/05/2018 13:36,22/05/2018 13:36,02/06/2018 10:36
ord_005756,cust_002789,delivered,17/08/2018 19:45,18/08/2018 18:45,22/08/2018 18:45,31/08/2018 18:45,29/08/2018 19:45
ord_005757,cust_000510,delivered,29/01/2018 13:42,30/01/2018 10:42,03/02/2018 10:42,14/02/2018 10:42,15/02/2018 13:42
ord_005758,cust_000110,delivered,24/11/2017 08:39,25/11/2017 00:39,30/11/2017 00:39,04/12/2017 00:39,17/12/2017 08:39
ord_005759,cust_000964,delivered,14/07/2018 15:49,14/07/2018 18:49,19/07/2018 18:49,29/07/2018 18:49,27/07/2018 15:49
ord_005760,cust_002400,delivered,26/07/2018 22:33,27/07/2018 09:33,29/07/2018 09:33,03/08/2018 09:33,07/08/2018 22:33
ord_005761,cust_002778,delivered,22/10/2017 17:55,23/10/2017 21:55,26/10/2017 21:55,29/10/2017 21:55,09/11/2017 17:55
ord_005762,cust_001888,delivered,30/01/2017 13:08,30/01/2017 16:08,02/02/2017 16:08,04/02/2017 16:08,15/02/2017 13:08
ord_005763,cust_001832,delivered,04/12/2018 15:21,,10/12/2018 22:21,21/12/2018 22:21,23/12/2018 15:21
ord_005764,cust_002172,delivered,05/09/2018 17:46,06/09/2018 20:46,10/09/2018 20:46,14/09/2018 20:46,24/09/2018 17:46
ord_005765,cust_002969,delivered,21/08/2017 15:18,23/08/2017 14:18,28/08/2017 14:18,31/08/2017 14:18,31/08/2017 15:18
ord_005766,cust_002826,delivered,13/05/2018 16:26,14/05/2018 00:26,19/05/2018 00:26,02/06/2018 00:26,02/06/2018 16:26
ord_005767,cust_001883,delivered,01/06/2018 10:46,01/06/2018 13:46,07/06/2018 13:46,18/06/2018 13:46,25/06/2018 10:46
ord_005768,cust_001055,delivered,08/06/2017 12:32,09/06/2017 04:32,13/06/2017 04:32,18/06/2017 04:32,20/06/2017 12:32
ord_005769,cust_000290,delivered,12/08/2017 21:11,13/08/2017 00:11,15/08/2017 00:11,26/08/2017 00:11,30/08/2017 21:11
ord_005770,cust_000499,delivered,09/12/2018 14:10,11/12/2018 09:10,14/12/2018 09:10,22/12/2018 09:10,24/12/2018 14:10
ord_005771,cust_001997,delivered,05/04/2018 14:18,07/04/2018 03:18,08/04/2018 03:18,10/04/2018 03:18,24/04/2018 14:18
ord_005772,cust_000212,delivered,12/08/2017 21:18,13/08/2017 02:18,18/08/2017 02:18,23/08/2017 02:18,30/08/2017 21:18
ord_005773,cust_002597,delivered,29/09/2018 17:08,29/09/2018 21:08,03/10/2018 21:08,15/10/2018 21:08,17/10/2018 17:08
ord_005774,cust_001433,delivered,10/03/2018 14:50,11/03/2018 15:50,12/03/2018 15:50,23/03/2018 15:50,22/03/2018 14:50
ord_005775,cust_002738,delivered,28/06/2018 18:16,29/06/2018 13:16,02/07/2018 13:16,09/07/2018 13:16,18/07/2018 18:16
ord_005776,cust_002583,delivered,13/11/2017 22:48,15/11/2017 07:48,20/11/2017 07:48,04/12/2017 07:48,03/12/2017 22:48
ord_005777,cust_001663,canceled,21/03/2017 14:58,23/03/2017 10:58,,,09/04/2017 14:58
ord_005778,cust_001283,delivered,18/07/2017 10:19,19/07/2017 02:19,24/07/2017 02:19,26/07/2017 02:19,30/07/2017 10:19
ord_005779,cust_000360,delivered,18/12/2018 21:58,20/12/2018 10:58,21/12/2018 10:58,04/01/2019 10:58,08/01/2019 21:58
ord_005780,cust_002891,delivered,19/06/2018 20:11,20/06/2018 11:11,23/06/2018 11:11,25/06/2018 11:11,02/07/2018 20:11
ord_005781,cust_001929,delivered,17/10/2018 11:38,17/10/2018 22:38,21/10/2018 22:38,03/11/2018 22:38,29/10/2018 11:38
ord_005782,cust_001248,delivered,01/02/2017 08:59,03/02/2017 06:59,04/02/2017 06:59,06/02/2017 06:59,15/02/2017 08:59
ord_005783,cust_000428,delivered,11/09/2018 22:48,12/09/2018 10:48,14/09/2018 10:48,20/09/2018 10:48,23/09/2018 22:48
ord_005784,cust_002565,delivered,20/03/2018 22:13,21/03/2018 04:13,27/03/2018 04:13,29/03/2018 04:13,04/04/2018 22:13
ord_005785,cust_000168,delivered,14/07/2018 21:15,16/07/2018 01:15,20/07/2018 01:15,31/07/2018 01:15,27/07/2018 21:15
ord_005786,cust_002005,delivered,18/12/2017 09:15,19/12/2017 13:15,23/12/2017 13:15,28/12/2017 13:15,29/12/2017 09:15
ord_005787,cust_000635,delivered,17/06/2018 19:56,18/06/2018 18:56,19/06/2018 18:56,27/06/2018 18:56,11/07/2018 19:56
ord_005788,cust_001896,delivered,20/02/2017 17:14,20/02/2017 21:14,24/02/2017 21:14,28/02/2017 21:14,12/03/2017 17:14
ord_005789,cust_000291,delivered,06/03/2017 17:30,06/03/2017 22:30,12/03/2017 22:30,24/03/2017 22:30,21/03/2017 17:30
ord_005790,cust_002411,delivered,29/09/2018 15:20,01/10/2018 03:20,07/10/2018 03:20,15/10/2018 03:20,14/10/2018 15:20
ord_005791,cust_001336,delivered,06/06/2017 10:21,06/06/2017 17:21,08/06/2017 17:21,14/06/2017 17:21,20/06/2017 10:21
ord_005792,cust_001301,processing,21/01/2017 21:24,22/01/2017 10:24,,,11/02/2017 21:24
ord_005793,cust_002831,delivered,23/11/2018 08:20,24/11/2018 22:20,28/11/2018 22:20,06/12/2018 22:20,06/12/2018 08:20
ord_005794,cust_000554,delivered,17/10/2017 14:35,18/10/2017 06:35,24/10/2017 06:35,04/11/2017 06:35,28/10/2017 14:35
ord_005795,cust_001981,delivered,24/05/2018 17:25,25/05/2018 09:25,26/05/2018 09:25,29/05/2018 09:25,10/06/2018 17:25
ord_005796,cust_001708,delivered,22/10/2018 10:26,24/10/2018 05:26,26/10/2018 05:26,03/11/2018 05:26,04/11/2018 10:26
ord_005797,cust_002083,delivered,30/08/2018 08:30,31/08/2018 22:30,01/09/2018 22:30,15/09/2018 22:30,22/09/2018 08:30
ord_005798,cust_001965,delivered,07/03/2017 14:21,09/03/2017 00:21,14/03/2017 00:21,27/03/2017 00:21,22/03/2017 14:21
ord_005799,cust_002410,delivered,10/05/2018 17:45,11/05/2018 02:45,14/05/2018 02:45,27/05/2018 02:45,30/05/2018 17:45
ord_005800,cust_001058,canceled,28/04/2018 11:30,29/04/2018 00:30,,,13/05/2018 11:30
ord_005801,cust_000717,delivered,12/12/2017 15:30,13/12/2017 19:30,14/12/2017 19:30,19/12/2017 19:30,24/12/2017 15:30
ord_005802,cust_002035,delivered,04/09/2018 14:12,06/09/2018 06:12,07/09/2018 06:12,11/09/2018 06:12,18/09/2018 14:12
ord_005803,cust_001717,delivered,13/12/2018 10:01,14/12/2018 10:01,18/12/2018 10:01,27/12/2018 10:01,04/01/2019 10:01
ord_005804,cust_002737,delivered,30/06/2017 08:48,01/07/2017 19:48,04/07/2017 19:48,15/07/2017 19:48,11/07/2017 08:48
ord_005805,cust_002138,delivered,28/06/2017 09:51,29/06/2017 00:51,01/07/2017 00:51,07/07/2017 00:51,22/07/2017 09:51
ord_005806,cust_000710,delivered,24/08/2018 21:14,25/08/2018 14:14,27/08/2018 14:14,01/09/2018 14:14,03/09/2018 21:14
ord_005807,cust_000912,delivered,27/02/2018 14:21,28/02/2018 19:21,05/03/2018 19:21,09/03/2018 19:21,19/03/2018 14:21
ord_005808,cust_002074,delivered,27/09/2018 13:21,28/09/2018 16:21,29/09/2018 16:21,07/10/2018 16:21,17/10/2018 13:21
ord_005809,cust_001162,delivered,23/06/2017 13:41,23/06/2017 18:41,29/06/2017 18:41,01/07/2017 18:41,11/07/2017 13:41
ord_005810,cust_002774,delivered,26/02/2017 14:11,27/02/2017 08:11,28/02/2017 08:11,10/03/2017 08:11,09/03/2017 14:11
ord_005811,cust_002104,shipped,03/08/2018 13:58,05/08/2018 06:58,10/08/2018 06:58,,23/08/2018 13:58
ord_005812,cust_001113,delivered,29/12/2018 22:03,30/12/2018 23:03,03/01/2019 23:03,15/01/2019 23:03,09/01/2019 22:03
ord_005813,cust_002425,delivered,04/05/2017 16:58,06/05/2017 03:58,07/05/2017 03:58,12/05/2017 03:58,25/05/2017 16:58
ord_005814,cust_002083,delivered,04/11/2018 10:04,06/11/2018 01:04,11/11/2018 01:04,14/11/2018 01:04,25/11/2018 10:04
ord_005815,cust_001084,delivered,08/01/2018 11:19,09/01/2018 00:19,12/01/2018 00:19,20/01/2018 00:19,30/01/2018 11:19
ord_005816,cust_001272,delivered,25/01/2017 22:15,26/01/2017 09:15,28/01/2017 09:15,08/02/2017 09:15,09/02/2017 22:15
ord_005817,cust_001877,delivered,06/04/2018 12:15,07/04/2018 15:15,08/04/2018 15:15,21/04/2018 15:15,25/04/2018 12:15
ord_005818,cust_000740,delivered,29/10/2017 13:59,30/10/2017 12:59,31/10/2017 12:59,03/11/2017 12:59,10/11/2017 13:59
ord_005819,cust_001992,delivered,31/07/2018 09:27,02/08/2018 04:27,05/08/2018 04:27,07/08/2018 04:27,17/08/2018 09:27
ord_005820,cust_000996,delivered,05/11/2017 17:07,06/11/2017 01:07,08/11/2017 01:07,11/11/2017 01:07,25/11/2017 17:07
ord_005821,cust_002786,delivered,18/03/2018 08:58,19/03/2018 04:58,25/03/2018 04:58,03/04/2018 04:58,30/03/2018 08:58
ord_005822,cust_001720,delivered,21/08/2017 12:14,21/08/2017 14:14,25/08/2017 14:14,29/08/2017 14:14,12/09/2017 12:14
ord_005823,cust_002362,delivered,16/10/2018 13:04,17/10/2018 06:04,18/10/2018 06:04,01/11/2018 06:04,31/10/2018 13:04
ord_005824,cust_001651,delivered,26/11/2018 10:01,27/11/2018 14:01,03/12/2018 14:01,09/12/2018 14:01,19/12/2018 10:01
ord_005825,cust_000583,delivered,21/01/2018 16:27,23/01/2018 06:27,25/01/2018 06:27,06/02/2018 06:27,01/02/2018 16:27
ord_005826,cust_002014,delivered,23/02/2018 12:55,25/02/2018 04:55,01/03/2018 04:55,07/03/2018 04:55,08/03/2018 12:55
ord_005827,cust_001876,delivered,23/12/2018 12:01,23/12/2018 12:01,28/12/2018 12:01,01/01/2019 12:01,12/01/2019 12:01
ord_005828,cust_000445,delivered,24/06/2017 09:43,26/06/2017 02:43,01/07/2017 02:43,04/07/2017 02:43,06/07/2017 09:43
ord_005829,cust_002873,delivered,05/10/2018 15:15,06/10/2018 23:15,09/10/2018 23:15,13/10/2018 23:15,29/10/2018 15:15
ord_005830,cust_000261,delivered,14/05/2018 11:13,14/05/2018 20:13,15/05/2018 20:13,26/05/2018 20:13,07/06/2018 11:13
ord_005831,cust_001134,delivered,13/11/2018 14:42,14/11/2018 00:42,16/11/2018 00:42,27/11/2018 00:42,24/11/2018 14:42
ord_005832,cust_000372,delivered,09/11/2017 17:44,11/11/2017 06:44,15/11/2017 06:44,25/11/2017 06:44,01/12/2017 17:44
ord_005833,cust_002295,delivered,12/11/2017 08:33,13/11/2017 17:33,19/11/2017 17:33,22/11/2017 17:33,28/11/2017 08:33
ord_005834,cust_001289,delivered,26/11/2017 19:12,27/11/2017 04:12,28/11/2017 04:12,04/12/2017 04:12,18/12/2017 19:12
ord_005835,cust_001617,delivered,25/01/2017 16:00,26/01/2017 13:00,27/01/2017 13:00,05/02/2017 13:00,14/02/2017 16:00
ord_005836,cust_002699,delivered,22/07/2017 21:44,24/07/2017 14:44,27/07/2017 14:44,10/08/2017 14:44,05/08/2017 21:44
ord_005837,cust_001313,invoiced,29/12/2018 17:35,29/12/2018 17:35,,,08/01/2019 17:35
ord_005838,cust_001482,delivered,03/10/2017 18:25,04/10/2017 18:25,10/10/2017 18:25,14/10/2017 18:25,17/10/2017 18:25
ord_005839,cust_001710,delivered,30/01/2017 22:12,01/02/2017 15:12,03/02/2017 15:12,15/02/2017 15:12,15/02/2017 22:12
ord_005840,cust_002779,delivered,28/10/2017 20:45,28/10/2017 20:45,01/11/2017 20:45,09/11/2017 20:45,15/11/2017 20:45
ord_005841,cust_001275,delivered,25/01/2018 20:04,26/01/2018 22:04,01/02/2018 22:04,07/02/2018 22:04,15/02/2018 20:04
ord_005842,cust_000748,delivered,02/05/2018 14:38,03/05/2018 16:38,09/05/2018 16:38,15/05/2018 16:38,24/05/2018 14:38
ord_005843,cust_000954,delivered,03/04/2017 17:41,04/04/2017 08:41,09/04/2017 08:41,16/04/2017 08:41,17/04/2017 17:41
ord_005844,cust_001643,delivered,25/09/2018 17:13,26/09/2018 18:13,01/10/2018 18:13,09/10/2018 18:13,07/10/2018 17:13
ord_005845,cust_002283,delivered,14/10/2018 20:28,16/10/2018 05:28,18/10/2018 05:28,30/10/2018 05:28,02/11/2018 20:28
ord_005846,cust_002574,delivered,01/09/2017 22:31,02/09/2017 11:31,04/09/2017 11:31,14/09/2017 11:31,22/09/2017 22:31
ord_005847,cust_001598,delivered,29/09/2018 16:35,30/09/2018 15:35,06/10/2018 15:35,09/10/2018 15:35,18/10/2018 16:35
ord_005848,cust_001434,delivered,20/12/2017 21:54,21/12/2017 22:54,25/12/2017 22:54,28/12/2017 22:54,08/01/2018 21:54
ord_005849,cust_002804,delivered,05/02/2018 16:32,05/02/2018 17:32,06/02/2018 17:32,15/02/2018 17:32,25/02/2018 16:32
ord_005850,cust_002014,delivered,29/11/2018 08:04,29/11/2018 18:04,30/11/2018 18:04,12/12/2018 18:04,15/12/2018 08:04
ord_005851,cust_000026,delivered,19/11/2018 19:20,21/11/2018 02:20,27/11/2018 02:20,11/12/2018 02:20,02/12/2018 19:20
ord_005852,cust_001960,delivered,31/12/2017 14:37,01/01/2018 13:37,02/01/2018 13:37,15/01/2018 13:37,21/01/2018 14:37
ord_005853,cust_002308,delivered,23/03/2018 11:19,25/03/2018 09:19,30/03/2018 09:19,09/04/2018 09:19,04/04/2018 11:19
ord_005854,cust_002316,delivered,04/11/2017 08:46,06/11/2017 00:46,08/11/2017 00:46,13/11/2017 00:46,14/11/2017 08:46
ord_005855,cust_000472,delivered,10/04/2018 15:11,11/04/2018 01:11,13/04/2018 01:11,16/04/2018 01:11,20/04/2018 15:11
ord_005856,cust_001528,delivered,24/07/2018 16:08,26/07/2018 15:08,27/07/2018 15:08,07/08/2018 15:08,08/08/2018 16:08
ord_005857,cust_002283,delivered,02/05/2017 19:13,04/05/2017 12:13,08/05/2017 12:13,21/05/2017 12:13,19/05/2017 19:13
ord_005858,cust_002804,delivered,25/11/2018 12:52,26/11/2018 08:52,01/12/2018 08:52,08/12/2018 08:52,13/12/2018 12:52
ord_005859,cust_002610,delivered,15/08/2018 19:40,17/08/2018 00:40,18/08/2018 00:40,21/08/2018 00:40,27/08/2018 19:40
ord_005860,cust_002367,delivered,06/05/2017 17:31,07/05/2017 06:31,12/05/2017 06:31,23/05/2017 06:31,22/05/2017 17:31
ord_005861,cust_002352,delivered,07/11/2018 10:18,07/11/2018 13:18,11/11/2018 13:18,17/11/2018 13:18,26/11/2018 10:18
ord_005862,cust_001056,delivered,29/08/2018 22:55,30/08/2018 09:55,04/09/2018 09:55,14/09/2018 09:55,12/09/2018 22:55
ord_005863,cust_001781,delivered,22/11/2017 18:53,24/11/2017 05:53,28/11/2017 05:53,02/12/2017 05:53,10/12/2017 18:53
ord_005864,cust_000103,delivered,14/04/2018 20:23,15/04/2018 23:23,16/04/2018 23:23,22/04/2018 23:23,28/04/2018 20:23
ord_005865,cust_000368,delivered,02/11/2018 18:45,03/11/2018 15:45,06/11/2018 15:45,17/11/2018 15:45,24/11/2018 18:45
ord_005866,cust_000760,delivered,15/12/2018 10:54,16/12/2018 09:54,22/12/2018 09:54,04/01/2019 09:54,31/12/2018 10:54
ord_005867,cust_002881,processing,31/10/2017 15:18,02/11/2017 05:18,,,22/11/2017 15:18
ord_005868,cust_000745,delivered,05/07/2018 15:19,07/07/2018 00:19,10/07/2018 00:19,22/07/2018 00:19,20/07/2018 15:19
ord_005869,cust_000979,delivered,02/11/2018 12:32,03/11/2018 18:32,09/11/2018 18:32,14/11/2018 18:32,17/11/2018 12:32
ord_005870,cust_002420,delivered,25/12/2018 22:24,26/12/2018 22:24,27/12/2018 22:24,07/01/2019 22:24,15/01/2019 22:24
ord_005871,cust_000084,invoiced,06/04/2017 11:45,06/04/2017 11:45,,,20/04/2017 11:45
ord_005872,cust_000520,delivered,02/04/2018 12:32,03/04/2018 04:32,08/04/2018 04:32,19/04/2018 04:32,22/04/2018 12:32
ord_005873,cust_000005,delivered,09/11/2018 11:12,09/11/2018 17:12,14/11/2018 17:12,19/11/2018 17:12,20/11/2018 11:12
ord_005874,cust_001797,delivered,05/01/2017 11:21,07/01/2017 00:21,09/01/2017 00:21,12/01/2017 00:21,27/01/2017 11:21
ord_005875,cust_002215,delivered,15/02/2018 22:40,16/02/2018 14:40,17/02/2018 14:40,01/03/2018 14:40,08/03/2018 22:40
ord_005876,cust_002790,delivered,25/05/2018 18:03,26/05/2018 05:03,31/05/2018 05:03,02/06/2018 05:03,12/06/2018 18:03
ord_005877,cust_002499,delivered,18/04/2018 08:20,19/04/2018 07:20,25/04/2018 07:20,03/05/2018 07:20,05/05/2018 08:20
ord_005878,cust_002179,delivered,23/08/2018 21:00,24/08/2018 20:00,29/08/2018 20:00,31/08/2018 20:00,07/09/2018 21:00
ord_005879,cust_002409,shipped,31/03/2017 19:49,02/04/2017 15:49,08/04/2017 15:49,,15/04/2017 19:49
ord_005880,cust_002758,delivered,22/09/2018 12:07,22/09/2018 20:07,28/09/2018 20:07,01/10/2018 20:07,06/10/2018 12:07
ord_005881,cust_001677,delivered,01/11/2017 10:04,03/11/2017 01:04,09/11/2017 01:04,13/11/2017 01:04,21/11/2017 10:04
ord_005882,cust_000379,delivered,13/10/2018 20:47,14/10/2018 06:47,19/10/2018 06:47,02/11/2018 06:47,26/10/2018 20:47
ord_005883,cust_001895,delivered,02/02/2018 18:05,04/02/2018 08:05,09/02/2018 08:05,22/02/2018 08:05,16/02/2018 18:05
ord_005884,cust_000933,delivered,02/03/2017 22:41,03/03/2017 23:41,08/03/2017 23:41,15/03/2017 23:41,17/03/2017 22:41
ord_005885,cust_002720,delivered,13/12/2018 20:22,14/12/2018 21:22,16/12/2018 21:22,22/12/2018 21:22,30/12/2018 20:22
ord_005886,cust_001593,delivered,19/09/2018 10:49,20/09/2018 19:49,24/09/2018 19:49,05/10/2018 19:49,03/10/2018 10:49
ord_005887,cust_001990,delivered,10/12/2017 08:10,10/12/2017 12:10,12/12/2017 12:10,18/12/2017 12:10,26/12/2017 08:10
ord_005888,cust_001546,invoiced,21/10/2017 10:05,23/10/2017 00:05,,,12/11/2017 10:05
ord_005889,cust_001053,delivered,28/05/2018 16:13,30/05/2018 03:13,03/06/2018 03:13,08/06/2018 03:13,11/06/2018 16:13
ord_005890,cust_002738,delivered,25/12/2018 22:55,26/12/2018 07:55,27/12/2018 07:55,06/01/2019 07:55,06/01/2019 22:55
ord_005891,cust_002851,delivered,07/11/2017 10:49,07/11/2017 14:49,08/11/2017 14:49,22/11/2017 14:49,28/11/2017 10:49
ord_005892,cust_002688,delivered,05/12/2018 08:17,06/12/2018 18:17,12/12/2018 18:17,22/12/2018 18:17,19/12/2018 08:17
ord_005893,cust_002896,delivered,28/11/2017 17:12,28/11/2017 21:12,02/12/2017 21:12,11/12/2017 21:12,18/12/2017 17:12
ord_005894,cust_000051,invoiced,06/08/2018 09:09,07/08/2018 12:09,,,30/08/2018 09:09
ord_005895,cust_001883,delivered,05/01/2018 17:13,06/01/2018 05:13,09/01/2018 05:13,11/01/2018 05:13,22/01/2018 17:13
ord_005896,cust_001261,delivered,23/04/2017 11:12,24/04/2017 21:12,30/04/2017 21:12,10/05/2017 21:12,11/05/2017 11:12
ord_005897,cust_001698,delivered,28/11/2018 21:53,30/11/2018 17:53,05/12/2018 17:53,09/12/2018 17:53,18/12/2018 21:53
ord_005898,cust_001359,delivered,17/07/2017 20:01,19/07/2017 12:01,24/07/2017 12:01,31/07/2017 12:01,28/07/2017 20:01
ord_005899,cust_002810,delivered,03/12/2018 11:52,04/12/2018 22:52,08/12/2018 22:52,16/12/2018 22:52,14/12/2018 11:52
ord_005900,cust_002457,delivered,14/05/2017 16:02,15/05/2017 22:02,20/05/2017 22:02,31/05/2017 22:02,26/05/2017 16:02
ord_005901,cust_002334,delivered,19/10/2017 11:49,19/10/2017 14:49,21/10/2017 14:49,25/10/2017 14:49,04/11/2017 11:49
ord_005902,cust_001973,delivered,25/11/2018 21:25,27/11/2018 18:25,03/12/2018 18:25,17/12/2018 18:25,17/12/2018 21:25
ord_005903,cust_000356,delivered,10/07/2018 10:04,12/07/2018 06:04,17/07/2018 06:04,26/07/2018 06:04,29/07/2018 10:04
ord_005904,cust_000539,shipped,10/08/2017 11:47,10/08/2017 13:47,12/08/2017 13:47,,01/09/2017 11:47
ord_005905,cust_002874,delivered,30/05/2018 20:15,01/06/2018 09:15,03/06/2018 09:15,09/06/2018 09:15,14/06/2018 20:15
ord_005906,cust_000133,delivered,02/08/2017 22:52,03/08/2017 03:52,08/08/2017 03:52,11/08/2017 03:52,24/08/2017 22:52
ord_005907,cust_002173,delivered,09/11/2018 22:45,11/11/2018 02:45,13/11/2018 02:45,19/11/2018 02:45,29/11/2018 22:45
ord_005908,cust_001753,delivered,11/03/2017 16:58,12/03/2017 03:58,17/03/2017 03:58,20/03/2017 03:58,22/03/2017 16:58
ord_005909,cust_002217,delivered,20/04/2018 18:49,21/04/2018 00:49,24/04/2018 00:49,06/05/2018 00:49,07/05/2018 18:49
ord_005910,cust_002967,delivered,28/03/2017 14:14,29/03/2017 01:14,31/03/2017 01:14,12/04/2017 01:14,16/04/2017 14:14
ord_005911,cust_001202,delivered,01/08/2018 16:24,02/08/2018 07:24,03/08/2018 07:24,11/08/2018 07:24,16/08/2018 16:24
ord_005912,cust_001773,delivered,28/11/2018 13:41,29/11/2018 05:41,04/12/2018 05:41,18/12/2018 05:41,19/12/2018 13:41
ord_005913,cust_000025,delivered,17/10/2018 17:18,18/10/2018 07:18,20/10/2018 07:18,23/10/2018 07:18,02/11/2018 17:18
ord_005914,cust_001050,delivered,28/12/2017 11:32,29/12/2017 09:32,02/01/2018 09:32,15/01/2018 09:32,17/01/2018 11:32
ord_005915,cust_000815,delivered,23/09/2017 12:14,24/09/2017 18:14,26/09/2017 18:14,02/10/2017 18:14,13/10/2017 12:14
ord_005916,cust_002469,delivered,02/06/2017 11:39,03/06/2017 09:39,04/06/2017 09:39,15/06/2017 09:39,15/06/2017 11:39
ord_005917,cust_000993,delivered,09/11/2018 14:20,10/11/2018 18:20,11/11/2018 18:20,24/11/2018 18:20,19/11/2018 14:20
ord_005918,cust_000913,delivered,18/04/2017 09:03,19/04/2017 03:03,25/04/2017 03:03,28/04/2017 03:03,11/05/2017 09:03
ord_005919,cust_001367,delivered,22/06/2018 18:58,23/06/2018 07:58,25/06/2018 07:58,08/07/2018 07:58,14/07/2018 18:58
ord_005920,cust_001742,delivered,25/12/2017 12:50,25/12/2017 19:50,29/12/2017 19:50,12/01/2018 19:50,18/01/2018 12:50
ord_005921,cust_002103,delivered,29/12/2018 17:18,30/12/2018 07:18,02/01/2019 07:18,13/01/2019 07:18,08/01/2019 17:18
ord_005922,cust_002917,delivered,06/04/2018 16:07,07/04/2018 01:07,10/04/2018 01:07,13/04/2018 01:07,26/04/2018 16:07
ord_005923,cust_001351,delivered,02/05/2018 13:44,03/05/2018 13:44,08/05/2018 13:44,20/05/2018 13:44,13/05/2018 13:44
ord_005924,cust_001829,delivered,25/11/2018 20:13,27/11/2018 03:13,03/12/2018 03:13,08/12/2018 03:13,12/12/2018 20:13
ord_005925,cust_001116,delivered,16/12/2018 21:36,18/12/2018 13:36,20/12/2018 13:36,23/12/2018 13:36,07/01/2019 21:36
ord_005926,cust_001765,delivered,25/05/2018 11:46,26/05/2018 01:46,27/05/2018 01:46,06/06/2018 01:46,07/06/2018 11:46
ord_005927,cust_000744,delivered,28/09/2018 21:16,29/09/2018 03:16,01/10/2018 03:16,04/10/2018 03:16,13/10/2018 21:16
ord_005928,cust_000718,delivered,26/06/2018 09:17,28/06/2018 00:17,29/06/2018 00:17,08/07/2018 00:17,13/07/2018 09:17
ord_005929,cust_002305,invoiced,08/02/2018 19:03,10/02/2018 05:03,,,24/02/2018 19:03
ord_005930,cust_002005,delivered,20/03/2017 12:19,21/03/2017 03:19,26/03/2017 03:19,06/04/2017 03:19,30/03/2017 12:19
ord_005931,cust_002362,delivered,14/08/2018 08:35,16/08/2018 07:35,17/08/2018 07:35,20/08/2018 07:35,29/08/2018 08:35
ord_005932,cust_002172,delivered,04/08/2018 20:09,,07/08/2018 02:09,17/08/2018 02:09,26/08/2018 20:09
ord_005933,cust_001089,delivered,29/05/2017 21:57,31/05/2017 08:57,03/06/2017 08:57,15/06/2017 08:57,09/06/2017 21:57
ord_005934,cust_002346,delivered,17/09/2017 21:43,18/09/2017 13:43,22/09/2017 13:43,25/09/2017 13:43,02/10/2017 21:43
ord_005935,cust_000652,delivered,23/08/2018 14:12,24/08/2018 11:12,27/08/2018 11:12,29/08/2018 11:12,11/09/2018 14:12
ord_005936,cust_000017,delivered,02/07/2017 21:31,03/07/2017 13:31,08/07/2017 13:31,21/07/2017 13:31,17/07/2017 21:31
ord_005937,cust_000660,delivered,30/07/2018 14:23,01/08/2018 01:23,06/08/2018 01:23,14/08/2018 01:23,19/08/2018 14:23
ord_005938,cust_002059,delivered,14/08/2018 11:22,16/08/2018 02:22,17/08/2018 02:22,25/08/2018 02:22,28/08/2018 11:22
ord_005939,cust_001988,delivered,14/12/2017 19:33,16/12/2017 12:33,21/12/2017 12:33,26/12/2017 12:33,26/12/2017 19:33
ord_005940,cust_002208,delivered,11/10/2017 13:06,12/10/2017 04:06,13/10/2017 04:06,21/10/2017 04:06,03/11/2017 13:06
ord_005941,cust_002317,delivered,29/12/2017 14:12,31/12/2017 02:12,06/01/2018 02:12,18/01/2018 02:12,19/01/2018 14:12
ord_005942,cust_000658,delivered,19/12/2017 13:08,20/12/2017 21:08,22/12/2017 21:08,03/01/2018 21:08,02/01/2018 13:08
ord_005943,cust_002354,delivered,08/06/2018 22:10,08/06/2018 22:10,14/06/2018 22:10,26/06/2018 22:10,19/06/2018 22:10
ord_005944,cust_001413,shipped,29/08/2018 09:39,30/08/2018 23:39,05/09/2018 23:39,,14/09/2018 09:39
ord_005945,cust_002611,invoiced,03/11/2018 13:59,03/11/2018 19:59,,,24/11/2018 13:59
ord_005946,cust_000065,delivered,13/02/2017 14:39,13/02/2017 20:39,16/02/2017 20:39,23/02/2017 20:39,04/03/2017 14:39
ord_005947,cust_002263,delivered,20/08/2018 20:59,21/08/2018 01:59,22/08/2018 01:59,28/08/2018 01:59,09/09/2018 20:59
ord_005948,cust_002068,delivered,22/11/2017 20:34,23/11/2017 22:34,29/11/2017 22:34,05/12/2017 22:34,09/12/2017 20:34
ord_005949,cust_001457,delivered,21/10/2018 20:16,21/10/2018 21:16,24/10/2018 21:16,07/11/2018 21:16,13/11/2018 20:16
ord_005950,cust_002611,shipped,12/04/2017 21:52,13/04/2017 21:52,19/04/2017 21:52,,23/04/2017 21:52
ord_005951,cust_000802,delivered,04/05/2018 13:04,05/05/2018 23:04,09/05/2018 23:04,22/05/2018 23:04,26/05/2018 13:04
ord_005952,cust_001106,delivered,02/05/2018 18:06,03/05/2018 19:06,09/05/2018 19:06,22/05/2018 19:06,26/05/2018 18:06
ord_005953,cust_001121,delivered,26/11/2017 08:56,26/11/2017 20:56,30/11/2017 20:56,10/12/2017 20:56,18/12/2017 08:56
ord_005954,cust_001440,delivered,16/12/2018 16:39,17/12/2018 08:39,18/12/2018 08:39,20/12/2018 08:39,30/12/2018 16:39
ord_005955,cust_000851,delivered,18/05/2017 21:55,20/05/2017 07:55,23/05/2017 07:55,01/06/2017 07:55,11/06/2017 21:55
ord_005956,cust_002038,delivered,19/06/2017 22:07,20/06/2017 14:07,24/06/2017 14:07,27/06/2017 14:07,13/07/2017 22:07
ord_005957,cust_000298,delivered,02/07/2018 12:46,03/07/2018 19:46,09/07/2018 19:46,15/07/2018 19:46,24/07/2018 12:46
ord_005958,cust_000099,delivered,09/04/2018 08:14,10/04/2018 17:14,15/04/2018 17:14,17/04/2018 17:14,23/04/2018 08:14
ord_005959,cust_000431,delivered,17/10/2017 15:20,18/10/2017 16:20,22/10/2017 16:20,02/11/2017 16:20,07/11/2017 15:20
ord_005960,cust_001335,canceled,19/11/2017 10:53,20/11/2017 03:53,,,11/12/2017 10:53
ord_005961,cust_000038,delivered,10/07/2017 14:24,10/07/2017 16:24,16/07/2017 16:24,30/07/2017 16:24,22/07/2017 14:24
ord_005962,cust_001900,delivered,06/11/2018 17:40,08/11/2018 04:40,14/11/2018 04:40,24/11/2018 04:40,19/11/2018 17:40
ord_005963,cust_000590,delivered,16/05/2018 15:53,17/05/2018 05:53,23/05/2018 05:53,29/05/2018 05:53,06/06/2018 15:53
ord_005964,cust_002266,delivered,29/09/2017 12:52,30/09/2017 09:52,03/10/2017 09:52,15/10/2017 09:52,21/10/2017 12:52
ord_005965,cust_002505,delivered,14/01/2018 21:00,14/01/2018 22:00,17/01/2018 22:00,22/01/2018 22:00,02/02/2018 21:00
ord_005966,cust_002552,delivered,22/11/2018 19:09,24/11/2018 06:09,25/11/2018 06:09,30/11/2018 06:09,10/12/2018 19:09
ord_005967,cust_001611,delivered,16/11/2018 15:55,18/11/2018 10:55,19/11/2018 10:55,24/11/2018 10:55,10/12/2018 15:55
ord_005968,cust_001594,delivered,04/04/2017 10:33,06/04/2017 04:33,11/04/2017 04:33,22/04/2017 04:33,19/04/2017 10:33
ord_005969,cust_001168,delivered,07/07/2018 19:28,08/07/2018 09:28,10/07/2018 09:28,24/07/2018 09:28,27/07/2018 19:28
ord_005970,cust_000399,delivered,05/07/2017 09:03,05/07/2017 13:03,08/07/2017 13:03,21/07/2017 13:03,29/07/2017 09:03
ord_005971,cust_000712,delivered,30/08/2017 15:01,30/08/2017 19:01,02/09/2017 19:01,11/09/2017 19:01,12/09/2017 15:01
ord_005972,cust_000748,delivered,04/11/2018 08:57,05/11/2018 02:57,11/11/2018 02:57,13/11/2018 02:57,15/11/2018 08:57
ord_005973,cust_001769,delivered,20/11/2018 15:28,20/11/2018 15:28,26/11/2018 15:28,10/12/2018 15:28,02/12/2018 15:28
ord_005974,cust_000054,delivered,20/04/2017 09:47,20/04/2017 17:47,25/04/2017 17:47,01/05/2017 17:47,10/05/2017 09:47
ord_005975,cust_002920,delivered,09/11/2018 15:13,10/11/2018 20:13,16/11/2018 20:13,26/11/2018 20:13,23/11/2018 15:13
ord_005976,cust_000353,delivered,21/08/2018 19:14,21/08/2018 21:14,25/08/2018 21:14,01/09/2018 21:14,10/09/2018 19:14
ord_005977,cust_001043,canceled,17/09/2018 15:33,18/09/2018 20:33,,,04/10/2018 15:33
ord_005978,cust_000999,delivered,26/09/2018 12:52,28/09/2018 05:52,02/10/2018 05:52,07/10/2018 05:52,18/10/2018 12:52
ord_005979,cust_002542,delivered,05/04/2018 18:17,07/04/2018 17:17,08/04/2018 17:17,17/04/2018 17:17,24/04/2018 18:17
ord_005980,cust_001880,delivered,04/12/2018 10:19,06/12/2018 08:19,09/12/2018 08:19,16/12/2018 08:19,22/12/2018 10:19
ord_005981,cust_002817,delivered,21/08/2017 14:33,22/08/2017 03:33,27/08/2017 03:33,31/08/2017 03:33,03/09/2017 14:33
ord_005982,cust_002731,delivered,03/04/2018 14:02,04/04/2018 20:02,06/04/2018 20:02,12/04/2018 20:02,17/04/2018 14:02
ord_005983,cust_002360,delivered,24/11/2017 18:22,24/11/2017 20:22,28/11/2017 20:22,05/12/2017 20:22,07/12/2017 18:22
ord_005984,cust_000442,delivered,12/10/2018 13:33,13/10/2018 00:33,18/10/2018 00:33,28/10/2018 00:33,22/10/2018 13:33
ord_005985,cust_001774,delivered,20/04/2017 20:00,22/04/2017 09:00,27/04/2017 09:00,04/05/2017 09:00,04/05/2017 20:00
ord_005986,cust_001795,shipped,12/02/2018 22:38,13/02/2018 07:38,17/02/2018 07:38,,08/03/2018 22:38
ord_005987,cust_000906,delivered,15/09/2018 16:03,16/09/2018 06:03,18/09/2018 06:03,27/09/2018 06:03,07/10/2018 16:03
ord_005988,cust_000113,delivered,22/11/2017 18:43,23/11/2017 13:43,25/11/2017 13:43,07/12/2017 13:43,05/12/2017 18:43
ord_005989,cust_000100,delivered,26/09/2017 16:48,27/09/2017 07:48,28/09/2017 07:48,05/10/2017 07:48,11/10/2017 16:48
ord_005990,cust_001154,delivered,15/10/2017 20:50,17/10/2017 07:50,22/10/2017 07:50,01/11/2017 07:50,04/11/2017 20:50
ord_005991,cust_002209,delivered,12/08/2018 12:40,14/08/2018 07:40,16/08/2018 07:40,23/08/2018 07:40,23/08/2018 12:40
ord_005992,cust_000504,delivered,04/11/2017 08:33,05/11/2017 09:33,09/11/2017 09:33,14/11/2017 09:33,24/11/2017 08:33
ord_005993,cust_002867,delivered,21/01/2018 10:18,22/01/2018 13:18,23/01/2018 13:18,05/02/2018 13:18,08/02/2018 10:18
ord_005994,cust_000859,delivered,30/04/2018 18:25,02/05/2018 05:25,04/05/2018 05:25,18/05/2018 05:25,20/05/2018 18:25
ord_005995,cust_002067,delivered,01/12/2018 20:05,02/12/2018 15:05,05/12/2018 15:05,09/12/2018 15:05,11/12/2018 20:05
ord_005996,cust_000147,delivered,27/09/2018 22:42,28/09/2018 19:42,03/10/2018 19:42,13/10/2018 19:42,21/10/2018 22:42
ord_005997,cust_000108,delivered,06/08/2017 14:01,08/08/2017 11:01,09/08/2017 11:01,22/08/2017 11:01,26/08/2017 14:01
ord_005998,cust_001517,delivered,14/11/2018 08:24,15/11/2018 02:24,18/11/2018 02:24,26/11/2018 02:24,26/11/2018 08:24
ord_005999,cust_000418,delivered,25/10/2018 16:30,26/10/2018 04:30,29/10/2018 04:30,07/11/2018 04:30,16/11/2018 16:30
ord_006000,cust_001906,shipped,30/08/2018 12:39,30/08/2018 13:39,01/09/2018 13:39,,09/09/2018 12:39
ord_006001,cust_001178,delivered,11/04/2018 17:20,11/04/2018 18:20,16/04/2018 18:20,26/04/2018 18:20,23/04/2018 17:20
ord_006002,cust_000692,delivered,05/04/2017 12:26,07/04/2017 00:26,13/04/2017 00:26,26/04/2017 00:26,26/04/2017 12:26
ord_006003,cust_002967,delivered,11/08/2018 19:35,12/08/2018 06:35,13/08/2018 06:35,16/08/2018 06:35,02/09/2018 19:35
ord_006004,cust_001190,delivered,12/04/2018 09:55,13/04/2018 20:55,19/04/2018 20:55,28/04/2018 20:55,23/04/2018 09:55
ord_006005,cust_000254,delivered,21/11/2017 11:40,21/11/2017 13:40,27/11/2017 13:40,30/11/2017 13:40,11/12/2017 11:40
ord_006006,cust_000422,delivered,15/01/2017 08:15,16/01/2017 22:15,22/01/2017 22:15,26/01/2017 22:15,06/02/2017 08:15
ord_006007,cust_000953,canceled,18/09/2017 16:50,19/09/2017 11:50,,,29/09/2017 16:50
ord_006008,cust_001496,delivered,08/06/2018 16:03,10/06/2018 07:03,13/06/2018 07:03,26/06/2018 07:03,19/06/2018 16:03
ord_006009,cust_001655,delivered,24/05/2017 22:16,26/05/2017 13:16,30/05/2017 13:16,12/06/2017 13:16,06/06/2017 22:16
ord_006010,cust_001339,delivered,08/07/2018 13:06,09/07/2018 16:06,11/07/2018 16:06,22/07/2018 16:06,21/07/2018 13:06
ord_006011,cust_000335,delivered,11/10/2018 18:26,13/10/2018 16:26,15/10/2018 16:26,23/10/2018 16:26,24/10/2018 18:26
ord_006012,cust_000776,processing,23/11/2017 11:38,25/11/2017 08:38,,,14/12/2017 11:38
ord_006013,cust_000352,delivered,19/04/2017 10:31,20/04/2017 19:31,26/04/2017 19:31,30/04/2017 19:31,02/05/2017 10:31
ord_006014,cust_001549,delivered,22/06/2017 17:48,23/06/2017 16:48,24/06/2017 16:48,06/07/2017 16:48,09/07/2017 17:48
ord_006015,cust_000206,delivered,18/12/2017 18:34,20/12/2017 14:34,21/12/2017 14:34,02/01/2018 14:34,02/01/2018 18:34
ord_006016,cust_002324,delivered,08/10/2018 08:13,10/10/2018 06:13,16/10/2018 06:13,19/10/2018 06:13,22/10/2018 08:13
ord_006017,cust_001508,delivered,25/06/2018 16:32,26/06/2018 11:32,29/06/2018 11:32,12/07/2018 11:32,18/07/2018 16:32
ord_006018,cust_000857,delivered,06/11/2018 16:44,07/11/2018 07:44,08/11/2018 07:44,14/11/2018 07:44,20/11/2018 16:44
ord_006019,cust_000859,delivered,28/12/2018 21:30,29/12/2018 11:30,04/01/2019 11:30,14/01/2019 11:30,10/01/2019 21:30
ord_006020,cust_000117,delivered,23/08/2017 10:26,25/08/2017 06:26,27/08/2017 06:26,30/08/2017 06:26,05/09/2017 10:26
ord_006021,cust_000118,delivered,01/08/2018 11:31,01/08/2018 18:31,02/08/2018 18:31,06/08/2018 18:31,24/08/2018 11:31
ord_006022,cust_001972,delivered,08/03/2018 16:32,08/03/2018 16:32,13/03/2018 16:32,22/03/2018 16:32,30/03/2018 16:32
ord_006023,cust_001505,delivered,26/03/2018 16:18,27/03/2018 16:18,01/04/2018 16:18,08/04/2018 16:18,13/04/2018 16:18
ord_006024,cust_000379,delivered,26/11/2017 10:51,28/11/2017 07:51,29/11/2017 07:51,01/12/2017 07:51,14/12/2017 10:51
ord_006025,cust_002191,delivered,06/12/2017 14:12,07/12/2017 05:12,12/12/2017 05:12,26/12/2017 05:12,23/12/2017 14:12
ord_006026,cust_002906,delivered,21/07/2018 22:01,22/07/2018 22:01,25/07/2018 22:01,07/08/2018 22:01,08/08/2018 22:01
ord_006027,cust_002006,delivered,17/06/2018 13:44,17/06/2018 18:44,19/06/2018 18:44,23/06/2018 18:44,07/07/2018 13:44
ord_006028,cust_002654,delivered,24/11/2017 14:50,26/11/2017 05:50,01/12/2017 05:50,11/12/2017 05:50,04/12/2017 14:50
ord_006029,cust_002052,delivered,31/05/2017 13:38,02/06/2017 09:38,03/06/2017 09:38,07/06/2017 09:38,22/06/2017 13:38
ord_006030,cust_002772,delivered,21/05/2018 14:28,22/05/2018 20:28,24/05/2018 20:28,04/06/2018 20:28,11/06/2018 14:28
ord_006031,cust_001651,delivered,27/08/2018 15:58,27/08/2018 20:58,01/09/2018 20:58,12/09/2018 20:58,20/09/2018 15:58
ord_006032,cust_002441,delivered,09/05/2018 19:22,09/05/2018 23:22,15/05/2018 23:22,26/05/2018 23:22,25/05/2018 19:22
ord_006033,cust_002343,delivered,06/01/2017 14:24,08/01/2017 01:24,14/01/2017 01:24,23/01/2017 01:24,16/01/2017 14:24
ord_006034,cust_000998,shipped,01/11/2017 19:35,02/11/2017 01:35,07/11/2017 01:35,,16/11/2017 19:35
ord_006035,cust_000187,delivered,18/09/2018 16:25,18/09/2018 19:25,19/09/2018 19:25,23/09/2018 19:25,03/10/2018 16:25
ord_006036,cust_001266,delivered,29/08/2018 13:33,31/08/2018 07:33,02/09/2018 07:33,16/09/2018 07:33,17/09/2018 13:33
ord_006037,cust_000572,delivered,16/01/2017 20:57,17/01/2017 21:57,23/01/2017 21:57,02/02/2017 21:57,28/01/2017 20:57
ord_006038,cust_002612,delivered,10/03/2018 08:14,11/03/2018 12:14,16/03/2018 12:14,22/03/2018 12:14,21/03/2018 08:14
ord_006039,cust_002109,shipped,15/02/2018 18:08,17/02/2018 02:08,22/02/2018 02:08,,27/02/2018 18:08
ord_006040,cust_002678,delivered,06/07/2018 17:25,07/07/2018 09:25,10/07/2018 09:25,17/07/2018 09:25,26/07/2018 17:25
ord_006041,cust_001007,delivered,06/06/2017 10:30,06/06/2017 21:30,10/06/2017 21:30,23/06/2017 21:30,18/06/2017 10:30
ord_006042,cust_001632,delivered,18/06/2018 15:42,19/06/2018 15:42,24/06/2018 15:42,06/07/2018 15:42,07/07/2018 15:42
ord_006043,cust_000716,delivered,04/12/2018 20:57,04/12/2018 23:57,09/12/2018 23:57,11/12/2018 23:57,24/12/2018 20:57
ord_006044,cust_001431,delivered,28/12/2017 14:41,29/12/2017 04:41,03/01/2018 04:41,17/01/2018 04:41,15/01/2018 14:41
ord_006045,cust_000081,delivered,01/12/2017 19:59,02/12/2017 23:59,03/12/2017 23:59,16/12/2017 23:59,11/12/2017 19:59
ord_006046,cust_001053,delivered,10/02/2017 17:14,12/02/2017 14:14,14/02/2017 14:14,28/02/2017 14:14,21/02/2017 17:14
ord_006047,cust_002605,delivered,21/03/2017 13:12,22/03/2017 17:12,25/03/2017 17:12,04/04/2017 17:12,12/04/2017 13:12
ord_006048,cust_001846,delivered,28/11/2018 10:18,29/11/2018 22:18,04/12/2018 22:18,15/12/2018 22:18,17/12/2018 10:18
ord_006049,cust_002513,delivered,19/12/2018 15:47,20/12/2018 05:47,26/12/2018 05:47,31/12/2018 05:47,09/01/2019 15:47
ord_006050,cust_002300,delivered,09/01/2017 12:11,09/01/2017 14:11,11/01/2017 14:11,14/01/2017 14:11,02/02/2017 12:11
ord_006051,cust_000181,delivered,21/11/2018 09:11,22/11/2018 03:11,27/11/2018 03:11,30/11/2018 03:11,07/12/2018 09:11
ord_006052,cust_001438,delivered,26/07/2017 14:24,27/07/2017 23:24,31/07/2017 23:24,04/08/2017 23:24,18/08/2017 14:24
ord_006053,cust_000913,delivered,10/05/2018 13:19,10/05/2018 15:19,12/05/2018 15:19,26/05/2018 15:19,26/05/2018 13:19
ord_006054,cust_000355,delivered,22/07/2018 14:38,24/07/2018 07:38,26/07/2018 07:38,31/07/2018 07:38,14/08/2018 14:38
ord_006055,cust_000643,delivered,19/12/2017 08:53,19/12/2017 22:53,23/12/2017 22:53,25/12/2017 22:53,08/01/2018 08:53
ord_006056,cust_000029,delivered,19/04/2018 12:08,20/04/2018 21:08,22/04/2018 21:08,02/05/2018 21:08,02/05/2018 12:08
ord_006057,cust_000620,delivered,21/06/2018 10:32,23/06/2018 04:32,25/06/2018 04:32,29/06/2018 04:32,01/07/2018 10:32
ord_006058,cust_002020,delivered,15/08/2017 15:05,16/08/2017 20:05,18/08/2017 20:05,26/08/2017 20:05,07/09/2017 15:05
ord_006059,cust_000774,delivered,28/12/2018 15:13,28/12/2018 23:13,30/12/2018 23:13,09/01/2019 23:13,12/01/2019 15:13
ord_006060,cust_002177,delivered,24/08/2017 21:18,25/08/2017 09:18,26/08/2017 09:18,04/09/2017 09:18,15/09/2017 21:18
ord_006061,cust_000891,delivered,16/01/2017 22:34,17/01/2017 20:34,19/01/2017 20:34,30/01/2017 20:34,28/01/2017 22:34
ord_006062,cust_000162,delivered,03/12/2018 22:33,05/12/2018 20:33,11/12/2018 20:33,13/12/2018 20:33,19/12/2018 22:33
ord_006063,cust_002119,delivered,09/02/2018 09:38,10/02/2018 17:38,12/02/2018 17:38,17/02/2018 17:38,21/02/2018 09:38
ord_006064,cust_000496,delivered,18/01/2018 15:49,19/01/2018 20:49,22/01/2018 20:49,29/01/2018 20:49,29/01/2018 15:49
ord_006065,cust_002909,delivered,26/10/2017 13:11,28/10/2017 03:11,31/10/2017 03:11,11/11/2017 03:11,13/11/2017 13:11
ord_006066,cust_001289,delivered,07/02/2017 09:44,07/02/2017 15:44,12/02/2017 15:44,21/02/2017 15:44,23/02/2017 09:44
ord_006067,cust_000136,delivered,17/10/2017 11:40,17/10/2017 14:40,19/10/2017 14:40,30/10/2017 14:40,30/10/2017 11:40
ord_006068,cust_000713,delivered,14/01/2018 10:04,15/01/2018 14:04,20/01/2018 14:04,31/01/2018 14:04,29/01/2018 10:04
ord_006069,cust_000968,delivered,13/04/2018 18:20,14/04/2018 22:20,19/04/2018 22:20,01/05/2018 22:20,28/04/2018 18:20
ord_006070,cust_001493,delivered,01/03/2018 16:01,02/03/2018 04:01,06/03/2018 04:01,15/03/2018 04:01,14/03/2018 16:01
ord_006071,cust_002002,shipped,12/11/2018 10:05,13/11/2018 16:05,19/11/2018 16:05,,02/12/2018 10:05
ord_006072,cust_000952,delivered,23/11/2018 12:17,23/11/2018 19:17,26/11/2018 19:17,06/12/2018 19:17,07/12/2018 12:17
ord_006073,cust_000917,delivered,23/11/2017 13:14,23/11/2017 22:14,26/11/2017 22:14,28/11/2017 22:14,12/12/2017 13:14
ord_006074,cust_002782,delivered,11/12/2018 14:54,13/12/2018 08:54,17/12/2018 08:54,22/12/2018 08:54,01/01/2019 14:54
ord_006075,cust_000573,delivered,05/11/2018 09:53,05/11/2018 10:53,07/11/2018 10:53,20/11/2018 10:53,19/11/2018 09:53
ord_006076,cust_002197,delivered,27/11/2018 14:34,28/11/2018 16:34,29/11/2018 16:34,02/12/2018 16:34,07/12/2018 14:34
ord_006077,cust_000503,delivered,08/08/2018 18:44,10/08/2018 10:44,16/08/2018 10:44,25/08/2018 10:44,18/08/2018 18:44
ord_006078,cust_000786,delivered,18/08/2017 22:59,20/08/2017 08:59,21/08/2017 08:59,01/09/2017 08:59,05/09/2017 22:59
ord_006079,cust_001793,delivered,16/08/2017 09:24,17/08/2017 06:24,18/08/2017 06:24,25/08/2017 06:24,26/08/2017 09:24
ord_006080,cust_000292,delivered,23/11/2018 16:31,24/11/2018 07:31,25/11/2018 07:31,29/11/2018 07:31,04/12/2018 16:31
ord_006081,cust_000453,delivered,04/04/2018 22:39,05/04/2018 00:39,09/04/2018 00:39,11/04/2018 00:39,21/04/2018 22:39
ord_006082,cust_002557,delivered,18/11/2018 14:55,18/11/2018 19:55,20/11/2018 19:55,30/11/2018 19:55,02/12/2018 14:55
ord_006083,cust_000289,delivered,16/08/2018 18:47,17/08/2018 21:47,19/08/2018 21:47,28/08/2018 21:47,01/09/2018 18:47
ord_006084,cust_000430,delivered,01/09/2017 17:03,02/09/2017 18:03,08/09/2017 18:03,18/09/2017 18:03,21/09/2017 17:03
ord_006085,cust_002249,delivered,07/01/2018 22:42,08/01/2018 16:42,14/01/2018 16:42,18/01/2018 16:42,28/01/2018 22:42
ord_006086,cust_001411,delivered,15/12/2018 10:15,16/12/2018 00:15,22/12/2018 00:15,30/12/2018 00:15,30/12/2018 10:15
ord_006087,cust_001031,delivered,29/01/2017 13:15,29/01/2017 16:15,31/01/2017 16:15,09/02/2017 16:15,09/02/2017 13:15
ord_006088,cust_002468,delivered,13/08/2018 17:32,13/08/2018 22:32,14/08/2018 22:32,26/08/2018 22:32,25/08/2018 17:32
ord_006089,cust_002683,delivered,21/12/2018 11:41,22/12/2018 00:41,28/12/2018 00:41,01/01/2019 00:41,12/01/2019 11:41
ord_006090,cust_000353,canceled,15/05/2017 12:09,17/05/2017 08:09,,,25/05/2017 12:09
ord_006091,cust_001489,delivered,23/10/2017 22:18,24/10/2017 13:18,30/10/2017 13:18,09/11/2017 13:18,05/11/2017 22:18
ord_006092,cust_002773,delivered,01/05/2018 11:42,01/05/2018 16:42,03/05/2018 16:42,12/05/2018 16:42,25/05/2018 11:42
ord_006093,cust_000395,delivered,24/10/2018 19:09,25/10/2018 22:09,31/10/2018 22:09,03/11/2018 22:09,08/11/2018 19:09
ord_006094,cust_001233,shipped,04/04/2018 08:50,04/04/2018 14:50,06/04/2018 14:50,,14/04/2018 08:50
ord_006095,cust_000578,delivered,23/03/2017 15:27,24/03/2017 10:27,29/03/2017 10:27,07/04/2017 10:27,14/04/2017 15:27
ord_006096,cust_000444,delivered,09/06/2017 14:35,11/06/2017 00:35,12/06/2017 00:35,22/06/2017 00:35,30/06/2017 14:35
ord_006097,cust_002644,delivered,01/01/2018 18:04,01/01/2018 23:04,06/01/2018 23:04,16/01/2018 23:04,23/01/2018 18:04
ord_006098,cust_001949,delivered,25/11/2017 11:57,27/11/2017 07:57,30/11/2017 07:57,12/12/2017 07:57,15/12/2017 11:57
ord_006099,cust_000376,delivered,07/09/2017 10:54,08/09/2017 16:54,14/09/2017 16:54,21/09/2017 16:54,24/09/2017 10:54
ord_006100,cust_001018,delivered,22/10/2018 14:11,24/10/2018 09:11,25/10/2018 09:11,30/10/2018 09:11,11/11/2018 14:11
ord_006101,cust_000946,delivered,08/02/2017 16:39,10/02/2017 02:39,12/02/2017 02:39,25/02/2017 02:39,19/02/2017 16:39
ord_006102,cust_002769,delivered,16/10/2018 13:47,18/10/2018 11:47,22/10/2018 11:47,02/11/2018 11:47,27/10/2018 13:47
ord_006103,cust_000910,delivered,26/11/2018 08:07,27/11/2018 08:07,02/12/2018 08:07,10/12/2018 08:07,14/12/2018 08:07
ord_006104,cust_000335,delivered,23/06/2018 17:34,23/06/2018 17:34,29/06/2018 17:34,08/07/2018 17:34,10/07/2018 17:34
ord_006105,cust_002963,delivered,20/06/2018 18:51,20/06/2018 21:51,21/06/2018 21:51,02/07/2018 21:51,11/07/2018 18:51
ord_006106,cust_000189,delivered,01/07/2017 21:30,02/07/2017 05:30,03/07/2017 05:30,09/07/2017 05:30,25/07/2017 21:30
ord_006107,cust_002923,delivered,15/05/2018 15:55,15/05/2018 19:55,18/05/2018 19:55,25/05/2018 19:55,28/05/2018 15:55
ord_006108,cust_000968,delivered,31/12/2017 22:02,02/01/2018 12:02,03/01/2018 12:02,05/01/2018 12:02,14/01/2018 22:02
ord_006109,cust_002076,delivered,16/09/2017 15:55,18/09/2017 12:55,21/09/2017 12:55,03/10/2017 12:55,28/09/2017 15:55
ord_006110,cust_001629,delivered,24/05/2018 08:58,25/05/2018 13:58,28/05/2018 13:58,05/06/2018 13:58,15/06/2018 08:58
ord_006111,cust_000706,delivered,02/01/2017 19:09,03/01/2017 04:09,09/01/2017 04:09,22/01/2017 04:09,19/01/2017 19:09
ord_006112,cust_001635,delivered,27/10/2017 17:25,29/10/2017 15:25,30/10/2017 15:25,04/11/2017 15:25,11/11/2017 17:25
ord_006113,cust_000537,delivered,09/07/2018 13:37,10/07/2018 03:37,12/07/2018 03:37,19/07/2018 03:37,30/07/2018 13:37
ord_006114,cust_001515,delivered,28/02/2018 19:53,02/03/2018 13:53,05/03/2018 13:53,07/03/2018 13:53,16/03/2018 19:53
ord_006115,cust_000180,delivered,28/06/2017 14:09,29/06/2017 23:09,03/07/2017 23:09,17/07/2017 23:09,15/07/2017 14:09
ord_006116,cust_000701,delivered,03/01/2017 20:20,04/01/2017 17:20,06/01/2017 17:20,12/01/2017 17:20,25/01/2017 20:20
ord_006117,cust_000183,delivered,22/10/2017 19:47,24/10/2017 09:47,28/10/2017 09:47,31/10/2017 09:47,04/11/2017 19:47
ord_006118,cust_001876,delivered,02/05/2018 08:24,03/05/2018 15:24,09/05/2018 15:24,18/05/2018 15:24,21/05/2018 08:24
ord_006119,cust_002822,delivered,23/04/2018 09:36,25/04/2018 04:36,30/04/2018 04:36,13/05/2018 04:36,16/05/2018 09:36
ord_006120,cust_000128,delivered,13/06/2017 19:33,15/06/2017 00:33,19/06/2017 00:33,22/06/2017 00:33,06/07/2017 19:33
ord_006121,cust_001810,invoiced,13/06/2018 12:58,14/06/2018 06:58,,,06/07/2018 12:58
ord_006122,cust_001511,delivered,31/12/2018 09:08,31/12/2018 13:08,06/01/2019 13:08,14/01/2019 13:08,13/01/2019 09:08
ord_006123,cust_000594,delivered,25/05/2018 13:56,27/05/2018 12:56,31/05/2018 12:56,03/06/2018 12:56,13/06/2018 13:56
ord_006124,cust_002078,delivered,18/04/2018 21:33,20/04/2018 10:33,21/04/2018 10:33,26/04/2018 10:33,06/05/2018 21:33
ord_006125,cust_002343,delivered,18/06/2018 22:54,19/06/2018 02:54,23/06/2018 02:54,03/07/2018 02:54,29/06/2018 22:54
ord_006126,cust_002784,delivered,12/11/2018 16:07,13/11/2018 21:07,16/11/2018 21:07,30/11/2018 21:07,30/11/2018 16:07
ord_006127,cust_000229,delivered,04/12/2018 21:38,06/12/2018 12:38,12/12/2018 12:38,15/12/2018 12:38,17/12/2018 21:38
ord_006128,cust_000538,delivered,28/02/2017 10:50,01/03/2017 19:50,05/03/2017 19:50,15/03/2017 19:50,17/03/2017 10:50
ord_006129,cust_001567,delivered,25/08/2017 13:47,26/08/2017 02:47,01/09/2017 02:47,14/09/2017 02:47,13/09/2017 13:47
ord_006130,cust_002310,delivered,28/05/2017 11:00,28/05/2017 17:00,03/06/2017 17:00,14/06/2017 17:00,17/06/2017 11:00
ord_006131,cust_000587,delivered,14/09/2018 14:27,16/09/2018 10:27,18/09/2018 10:27,30/09/2018 10:27,05/10/2018 14:27
ord_006132,cust_001065,delivered,06/03/2017 20:06,07/03/2017 13:06,09/03/2017 13:06,22/03/2017 13:06,24/03/2017 20:06
ord_006133,cust_001345,delivered,21/11/2018 21:09,23/11/2018 14:09,25/11/2018 14:09,05/12/2018 14:09,08/12/2018 21:09
ord_006134,cust_001979,delivered,31/01/2017 22:42,01/02/2017 20:42,03/02/2017 20:42,05/02/2017 20:42,24/02/2017 22:42
ord_006135,cust_000687,delivered,06/06/2018 13:57,08/06/2018 01:57,13/06/2018 01:57,18/06/2018 01:57,20/06/2018 13:57
ord_006136,cust_000887,delivered,26/10/2017 13:38,27/10/2017 00:38,02/11/2017 00:38,09/11/2017 00:38,09/11/2017 13:38
ord_006137,cust_000409,delivered,10/03/2018 08:06,11/03/2018 12:06,14/03/2018 12:06,28/03/2018 12:06,02/04/2018 08:06
ord_006138,cust_000634,delivered,18/02/2018 13:14,19/02/2018 15:14,24/02/2018 15:14,28/02/2018 15:14,14/03/2018 13:14
ord_006139,cust_002780,delivered,01/09/2018 11:22,,06/09/2018 21:22,19/09/2018 21:22,16/09/2018 11:22
ord_006140,cust_002249,delivered,28/03/2018 17:07,30/03/2018 01:07,01/04/2018 01:07,11/04/2018 01:07,19/04/2018 17:07
ord_006141,cust_002759,delivered,03/02/2018 19:50,04/02/2018 17:50,10/02/2018 17:50,21/02/2018 17:50,26/02/2018 19:50
ord_006142,cust_002818,delivered,22/08/2018 20:11,24/08/2018 03:11,27/08/2018 03:11,30/08/2018 03:11,13/09/2018 20:11
ord_006143,cust_001479,shipped,26/11/2018 21:07,26/11/2018 22:07,27/11/2018 22:07,,13/12/2018 21:07
ord_006144,cust_000508,delivered,27/09/2018 09:43,27/09/2018 14:43,02/10/2018 14:43,10/10/2018 14:43,18/10/2018 09:43
ord_006145,cust_002358,delivered,25/08/2018 19:07,27/08/2018 05:07,02/09/2018 05:07,10/09/2018 05:07,13/09/2018 19:07
ord_006146,cust_002960,delivered,22/03/2018 14:24,24/03/2018 13:24,26/03/2018 13:24,08/04/2018 13:24,01/04/2018 14:24
ord_006147,cust_000605,delivered,21/11/2018 18:30,21/11/2018 23:30,23/11/2018 23:30,29/11/2018 23:30,02/12/2018 18:30
ord_006148,cust_002299,delivered,21/03/2018 17:04,21/03/2018 18:04,26/03/2018 18:04,08/04/2018 18:04,14/04/2018 17:04
ord_006149,cust_001190,delivered,27/11/2018 22:33,28/11/2018 10:33,04/12/2018 10:33,17/12/2018 10:33,11/12/2018 22:33
ord_006150,cust_002782,delivered,02/10/2018 18:28,02/10/2018 20:28,04/10/2018 20:28,14/10/2018 20:28,14/10/2018 18:28
ord_006151,cust_000676,delivered,03/07/2017 11:40,03/07/2017 22:40,06/07/2017 22:40,12/07/2017 22:40,27/07/2017 11:40
ord_006152,cust_001969,delivered,07/03/2017 12:13,08/03/2017 21:13,13/03/2017 21:13,16/03/2017 21:13,22/03/2017 12:13
ord_006153,cust_000251,delivered,28/08/2018 16:21,30/08/2018 05:21,05/09/2018 05:21,10/09/2018 05:21,17/09/2018 16:21
ord_006154,cust_002787,delivered,26/07/2018 21:39,28/07/2018 03:39,29/07/2018 03:39,07/08/2018 03:39,16/08/2018 21:39
ord_006155,cust_001271,delivered,05/06/2018 13:02,06/06/2018 08:02,08/06/2018 08:02,12/06/2018 08:02,22/06/2018 13:02
ord_006156,cust_001475,delivered,19/12/2018 13:06,19/12/2018 20:06,25/12/2018 20:06,07/01/2019 20:06,07/01/2019 13:06
ord_006157,cust_002234,delivered,30/04/2018 11:17,01/05/2018 12:17,05/05/2018 12:17,12/05/2018 12:17,17/05/2018 11:17
ord_006158,cust_000691,delivered,10/12/2017 17:06,12/12/2017 15:06,17/12/2017 15:06,22/12/2017 15:06,26/12/2017 17:06
ord_006159,cust_002234,delivered,13/05/2018 10:02,13/05/2018 20:02,14/05/2018 20:02,24/05/2018 20:02,24/05/2018 10:02
ord_006160,cust_000346,delivered,10/02/2017 21:59,11/02/2017 23:59,12/02/2017 23:59,16/02/2017 23:59,21/02/2017 21:59
ord_006161,cust_001330,delivered,22/05/2018 12:27,23/05/2018 04:27,28/05/2018 04:27,09/06/2018 04:27,12/06/2018 12:27
ord_006162,cust_001002,delivered,21/11/2018 12:32,22/11/2018 05:32,25/11/2018 05:32,04/12/2018 05:32,13/12/2018 12:32
ord_006163,cust_001338,delivered,07/01/2017 16:15,08/01/2017 16:15,14/01/2017 16:15,28/01/2017 16:15,18/01/2017 16:15
ord_006164,cust_001727,delivered,25/10/2018 17:00,26/10/2018 01:00,29/10/2018 01:00,11/11/2018 01:00,08/11/2018 17:00
ord_006165,cust_001808,delivered,01/10/2018 17:45,02/10/2018 02:45,08/10/2018 02:45,11/10/2018 02:45,16/10/2018 17:45
ord_006166,cust_000622,delivered,17/05/2017 08:43,17/05/2017 09:43,21/05/2017 09:43,03/06/2017 09:43,27/05/2017 08:43
ord_006167,cust_002799,delivered,26/10/2018 19:58,28/10/2018 04:58,02/11/2018 04:58,04/11/2018 04:58,11/11/2018 19:58
ord_006168,cust_001980,delivered,10/09/2018 20:01,12/09/2018 15:01,16/09/2018 15:01,28/09/2018 15:01,04/10/2018 20:01
ord_006169,cust_000450,delivered,25/03/2018 09:08,26/03/2018 06:08,27/03/2018 06:08,02/04/2018 06:08,13/04/2018 09:08
ord_006170,cust_000467,delivered,30/09/2017 16:42,01/10/2017 21:42,06/10/2017 21:42,12/10/2017 21:42,23/10/2017 16:42
ord_006171,cust_001214,delivered,05/11/2017 17:19,07/11/2017 16:19,13/11/2017 16:19,25/11/2017 16:19,21/11/2017 17:19
ord_006172,cust_002915,delivered,12/06/2018 11:03,13/06/2018 23:03,16/06/2018 23:03,21/06/2018 23:03,03/07/2018 11:03
ord_006173,cust_002717,delivered,01/10/2017 13:18,02/10/2017 00:18,05/10/2017 00:18,18/10/2017 00:18,25/10/2017 13:18
ord_006174,cust_000721,delivered,26/11/2017 12:05,28/11/2017 01:05,02/12/2017 01:05,04/12/2017 01:05,14/12/2017 12:05
ord_006175,cust_001646,delivered,27/11/2018 12:50,28/11/2018 07:50,02/12/2018 07:50,06/12/2018 07:50,18/12/2018 12:50
ord_006176,cust_000986,delivered,21/08/2018 11:52,23/08/2018 09:52,26/08/2018 09:52,01/09/2018 09:52,02/09/2018 11:52
ord_006177,cust_002378,delivered,25/08/2018 09:38,27/08/2018 05:38,29/08/2018 05:38,03/09/2018 05:38,18/09/2018 09:38
ord_006178,cust_002223,delivered,09/12/2018 09:23,09/12/2018 10:23,15/12/2018 10:23,28/12/2018 10:23,02/01/2019 09:23
ord_006179,cust_001387,delivered,09/01/2017 22:46,11/01/2017 16:46,16/01/2017 16:46,29/01/2017 16:46,26/01/2017 22:46
ord_006180,cust_001049,delivered,29/09/2017 15:37,30/09/2017 02:37,04/10/2017 02:37,11/10/2017 02:37,10/10/2017 15:37
ord_006181,cust_002763,delivered,10/07/2018 17:47,11/07/2018 16:47,14/07/2018 16:47,23/07/2018 16:47,24/07/2018 17:47
ord_006182,cust_001253,delivered,16/02/2018 16:30,18/02/2018 03:30,21/02/2018 03:30,27/02/2018 03:30,02/03/2018 16:30
ord_006183,cust_002670,processing,24/05/2017 09:57,24/05/2017 14:57,,,17/06/2017 09:57
ord_006184,cust_000089,delivered,20/09/2018 16:17,20/09/2018 16:17,24/09/2018 16:17,30/09/2018 16:17,30/09/2018 16:17
ord_006185,cust_001337,delivered,07/03/2017 10:36,08/03/2017 05:36,09/03/2017 05:36,14/03/2017 05:36,18/03/2017 10:36
ord_006186,cust_001633,delivered,29/04/2018 19:48,30/04/2018 22:48,04/05/2018 22:48,15/05/2018 22:48,21/05/2018 19:48
ord_006187,cust_000015,delivered,11/05/2018 21:53,13/05/2018 01:53,17/05/2018 01:53,20/05/2018 01:53,03/06/2018 21:53
ord_006188,cust_000187,delivered,26/06/2018 17:56,28/06/2018 14:56,29/06/2018 14:56,04/07/2018 14:56,09/07/2018 17:56
ord_006189,cust_001698,delivered,23/11/2017 09:23,23/11/2017 21:23,25/11/2017 21:23,28/11/2017 21:23,04/12/2017 09:23
ord_006190,cust_002245,delivered,04/02/2017 15:41,06/02/2017 01:41,08/02/2017 01:41,15/02/2017 01:41,28/02/2017 15:41
ord_006191,cust_000611,delivered,17/11/2018 12:17,17/11/2018 21:17,23/11/2018 21:17,03/12/2018 21:17,09/12/2018 12:17
ord_006192,cust_002697,delivered,27/11/2018 21:38,28/11/2018 18:38,04/12/2018 18:38,12/12/2018 18:38,17/12/2018 21:38
ord_006193,cust_000721,shipped,18/03/2018 17:11,19/03/2018 18:11,24/03/2018 18:11,,08/04/2018 17:11
ord_006194,cust_000153,delivered,31/01/2017 15:25,01/02/2017 11:25,06/02/2017 11:25,15/02/2017 11:25,24/02/2017 15:25
ord_006195,cust_001289,delivered,23/05/2018 17:55,24/05/2018 01:55,30/05/2018 01:55,05/06/2018 01:55,11/06/2018 17:55
ord_006196,cust_000330,delivered,23/11/2017 12:48,23/11/2017 21:48,28/11/2017 21:48,11/12/2017 21:48,04/12/2017 12:48
ord_006197,cust_001349,delivered,03/08/2017 17:29,05/08/2017 10:29,08/08/2017 10:29,17/08/2017 10:29,24/08/2017 17:29
ord_006198,cust_000107,delivered,21/07/2017 22:08,23/07/2017 19:08,26/07/2017 19:08,28/07/2017 19:08,01/08/2017 22:08
ord_006199,cust_002581,canceled,01/08/2017 18:23,01/08/2017 21:23,,,12/08/2017 18:23
ord_006200,cust_001924,delivered,28/11/2017 18:08,29/11/2017 05:08,02/12/2017 05:08,12/12/2017 05:08,15/12/2017 18:08
ord_006201,cust_000093,delivered,30/10/2017 19:04,01/11/2017 18:04,04/11/2017 18:04,06/11/2017 18:04,14/11/2017 19:04
ord_006202,cust_002760,delivered,20/10/2018 13:54,20/10/2018 18:54,26/10/2018 18:54,30/10/2018 18:54,07/11/2018 13:54
ord_006203,cust_000885,delivered,28/03/2018 17:29,29/03/2018 18:29,04/04/2018 18:29,07/04/2018 18:29,12/04/2018 17:29
ord_006204,cust_001516,delivered,08/02/2018 12:05,09/02/2018 01:05,13/02/2018 01:05,25/02/2018 01:05,02/03/2018 12:05
ord_006205,cust_001896,delivered,28/06/2017 09:43,30/06/2017 08:43,02/07/2017 08:43,05/07/2017 08:43,22/07/2017 09:43
ord_006206,cust_001211,delivered,10/11/2018 12:04,11/11/2018 23:04,14/11/2018 23:04,18/11/2018 23:04,04/12/2018 12:04
ord_006207,cust_001865,delivered,17/03/2017 14:23,19/03/2017 02:23,21/03/2017 02:23,04/04/2017 02:23,03/04/2017 14:23
ord_006208,cust_000479,shipped,25/09/2017 22:13,26/09/2017 01:13,29/09/2017 01:13,,12/10/2017 22:13
ord_006209,cust_000953,delivered,18/06/2018 12:09,18/06/2018 19:09,21/06/2018 19:09,26/06/2018 19:09,28/06/2018 12:09
ord_006210,cust_002031,delivered,05/08/2018 10:32,07/08/2018 00:32,10/08/2018 00:32,22/08/2018 00:32,28/08/2018 10:32
ord_006211,cust_000533,delivered,01/10/2018 11:43,01/10/2018 21:43,04/10/2018 21:43,07/10/2018 21:43,14/10/2018 11:43
ord_006212,cust_000949,delivered,26/01/2018 20:29,27/01/2018 16:29,31/01/2018 16:29,04/02/2018 16:29,08/02/2018 20:29
ord_006213,cust_000831,delivered,09/12/2017 11:49,09/12/2017 16:49,15/12/2017 16:49,27/12/2017 16:49,31/12/2017 11:49
ord_006214,cust_000376,delivered,06/11/2017 22:55,06/11/2017 23:55,10/11/2017 23:55,12/11/2017 23:55,30/11/2017 22:55
ord_006215,cust_002677,delivered,15/05/2018 21:48,17/05/2018 07:48,19/05/2018 07:48,25/05/2018 07:48,07/06/2018 21:48
ord_006216,cust_002949,delivered,11/12/2017 19:57,12/12/2017 03:57,14/12/2017 03:57,19/12/2017 03:57,21/12/2017 19:57
ord_006217,cust_000788,delivered,27/11/2017 13:55,27/11/2017 21:55,01/12/2017 21:55,05/12/2017 21:55,20/12/2017 13:55
ord_006218,cust_002559,delivered,25/01/2017 08:49,27/01/2017 00:49,02/02/2017 00:49,09/02/2017 00:49,10/02/2017 08:49
ord_006219,cust_001475,delivered,05/12/2018 13:17,06/12/2018 23:17,08/12/2018 23:17,12/12/2018 23:17,17/12/2018 13:17
ord_006220,cust_000713,invoiced,24/03/2017 18:10,25/03/2017 04:10,,,05/04/2017 18:10
ord_006221,cust_002826,delivered,22/10/2017 22:43,24/10/2017 15:43,25/10/2017 15:43,28/10/2017 15:43,11/11/2017 22:43
ord_006222,cust_000387,delivered,26/11/2018 08:50,28/11/2018 06:50,30/11/2018 06:50,07/12/2018 06:50,18/12/2018 08:50
ord_006223,cust_000355,canceled,24/08/2018 09:49,25/08/2018 04:49,,,09/09/2018 09:49
ord_006224,cust_001231,delivered,21/05/2018 20:38,22/05/2018 17:38,27/05/2018 17:38,30/05/2018 17:38,09/06/2018 20:38
ord_006225,cust_002612,delivered,12/07/2018 17:49,14/07/2018 00:49,19/07/2018 00:49,29/07/2018 00:49,02/08/2018 17:49
ord_006226,cust_000897,delivered,07/05/2017 20:42,08/05/2017 03:42,10/05/2017 03:42,17/05/2017 03:42,23/05/2017 20:42
ord_006227,cust_002230,delivered,05/10/2018 10:39,07/10/2018 04:39,13/10/2018 04:39,20/10/2018 04:39,27/10/2018 10:39
ord_006228,cust_002622,delivered,04/10/2017 11:02,04/10/2017 17:02,07/10/2017 17:02,12/10/2017 17:02,18/10/2017 11:02
ord_006229,cust_001456,delivered,09/12/2018 10:27,10/12/2018 22:27,13/12/2018 22:27,16/12/2018 22:27,22/12/2018 10:27
ord_006230,cust_000377,delivered,18/09/2017 22:02,20/09/2017 01:02,26/09/2017 01:02,09/10/2017 01:02,05/10/2017 22:02
ord_006231,cust_002846,delivered,20/06/2018 09:05,20/06/2018 15:05,25/06/2018 15:05,07/07/2018 15:05,07/07/2018 09:05
ord_006232,cust_002417,delivered,30/04/2018 10:32,01/05/2018 07:32,03/05/2018 07:32,11/05/2018 07:32,14/05/2018 10:32
ord_006233,cust_000223,delivered,26/06/2017 20:02,27/06/2017 10:02,01/07/2017 10:02,03/07/2017 10:02,10/07/2017 20:02
ord_006234,cust_001742,shipped,22/12/2017 20:54,24/12/2017 16:54,27/12/2017 16:54,,05/01/2018 20:54
ord_006235,cust_002563,delivered,20/09/2018 09:27,21/09/2018 10:27,25/09/2018 10:27,02/10/2018 10:27,06/10/2018 09:27
ord_006236,cust_001701,delivered,01/09/2017 20:41,02/09/2017 13:41,03/09/2017 13:41,07/09/2017 13:41,21/09/2017 20:41
ord_006237,cust_000593,delivered,12/12/2018 10:08,12/12/2018 22:08,13/12/2018 22:08,16/12/2018 22:08,26/12/2018 10:08
ord_006238,cust_002805,shipped,11/11/2017 14:50,11/11/2017 20:50,17/11/2017 20:50,,01/12/2017 14:50
ord_006239,cust_001062,delivered,21/06/2018 22:28,22/06/2018 22:28,23/06/2018 22:28,25/06/2018 22:28,06/07/2018 22:28
ord_006240,cust_000001,delivered,16/06/2018 15:33,17/06/2018 15:33,20/06/2018 15:33,26/06/2018 15:33,28/06/2018 15:33
ord_006241,cust_000367,delivered,11/03/2018 15:38,13/03/2018 12:38,15/03/2018 12:38,24/03/2018 12:38,25/03/2018 15:38
ord_006242,cust_001377,delivered,08/07/2018 12:32,09/07/2018 19:32,10/07/2018 19:32,15/07/2018 19:32,30/07/2018 12:32
ord_006243,cust_001485,delivered,29/08/2018 17:33,30/08/2018 14:33,04/09/2018 14:33,08/09/2018 14:33,12/09/2018 17:33
ord_006244,cust_001867,delivered,16/06/2018 22:44,17/06/2018 15:44,19/06/2018 15:44,29/06/2018 15:44,05/07/2018 22:44
ord_006245,cust_000507,delivered,09/05/2018 19:48,10/05/2018 07:48,15/05/2018 07:48,17/05/2018 07:48,27/05/2018 19:48
ord_006246,cust_000299,delivered,08/06/2018 15:18,09/06/2018 22:18,13/06/2018 22:18,27/06/2018 22:18,28/06/2018 15:18
ord_006247,cust_000765,delivered,20/01/2018 16:55,20/01/2018 23:55,24/01/2018 23:55,01/02/2018 23:55,08/02/2018 16:55
ord_006248,cust_000169,delivered,06/04/2017 21:21,06/04/2017 21:21,11/04/2017 21:21,22/04/2017 21:21,30/04/2017 21:21
ord_006249,cust_000178,canceled,12/07/2017 15:16,14/07/2017 10:16,,,04/08/2017 15:16
ord_006250,cust_001916,delivered,08/06/2018 08:18,08/06/2018 09:18,11/06/2018 09:18,23/06/2018 09:18,22/06/2018 08:18
ord_006251,cust_000915,delivered,27/11/2018 09:21,27/11/2018 20:21,02/12/2018 20:21,10/12/2018 20:21,12/12/2018 09:21
ord_006252,cust_000472,delivered,07/02/2017 08:19,08/02/2017 10:19,10/02/2017 10:19,13/02/2017 10:19,22/02/2017 08:19
ord_006253,cust_000491,delivered,29/04/2018 18:50,30/04/2018 03:50,01/05/2018 03:50,04/05/2018 03:50,18/05/2018 18:50
ord_006254,cust_002399,delivered,06/10/2017 21:33,08/10/2017 05:33,11/10/2017 05:33,17/10/2017 05:33,23/10/2017 21:33
ord_006255,cust_002056,delivered,11/05/2018 16:58,12/05/2018 18:58,18/05/2018 18:58,23/05/2018 18:58,04/06/2018 16:58
ord_006256,cust_000135,shipped,02/09/2018 16:05,02/09/2018 19:05,04/09/2018 19:05,,22/09/2018 16:05
ord_006257,cust_001914,delivered,24/08/2018 22:36,25/08/2018 20:36,28/08/2018 20:36,04/09/2018 20:36,09/09/2018 22:36
ord_006258,cust_001843,delivered,18/08/2018 17:05,20/08/2018 08:05,21/08/2018 08:05,04/09/2018 08:05,01/09/2018 17:05
ord_006259,cust_001996,canceled,18/09/2018 15:27,19/09/2018 09:27,,,09/10/2018 15:27
ord_006260,cust_002366,delivered,08/04/2017 20:22,10/04/2017 04:22,13/04/2017 04:22,27/04/2017 04:22,30/04/2017 20:22
ord_006261,cust_002028,delivered,06/04/2018 13:40,07/04/2018 16:40,09/04/2018 16:40,15/04/2018 16:40,30/04/2018 13:40
ord_006262,cust_002135,delivered,14/10/2017 08:44,15/10/2017 06:44,16/10/2017 06:44,30/10/2017 06:44,01/11/2017 08:44
ord_006263,cust_000309,delivered,25/11/2018 08:14,26/11/2018 11:14,28/11/2018 11:14,06/12/2018 11:14,16/12/2018 08:14
ord_006264,cust_002758,delivered,20/09/2018 15:11,21/09/2018 14:11,23/09/2018 14:11,25/09/2018 14:11,13/10/2018 15:11
ord_006265,cust_000641,delivered,18/05/2017 08:25,18/05/2017 11:25,21/05/2017 11:25,04/06/2017 11:25,29/05/2017 08:25
ord_006266,cust_002272,delivered,28/09/2017 18:14,29/09/2017 14:14,02/10/2017 14:14,06/10/2017 14:14,10/10/2017 18:14
ord_006267,cust_002212,delivered,28/02/2018 12:40,01/03/2018 07:40,04/03/2018 07:40,16/03/2018 07:40,12/03/2018 12:40
ord_006268,cust_001451,delivered,12/12/2018 22:31,14/12/2018 11:31,17/12/2018 11:31,29/12/2018 11:31,25/12/2018 22:31
ord_006269,cust_001446,delivered,21/05/2017 16:49,23/05/2017 02:49,24/05/2017 02:49,28/05/2017 02:49,04/06/2017 16:49
ord_006270,cust_002696,delivered,15/05/2018 08:58,16/05/2018 11:58,21/05/2018 11:58,30/05/2018 11:58,25/05/2018 08:58
ord_006271,cust_001890,delivered,05/12/2017 15:22,06/12/2017 09:22,10/12/2017 09:22,22/12/2017 09:22,25/12/2017 15:22
ord_006272,cust_000775,delivered,03/07/2018 17:54,04/07/2018 23:54,06/07/2018 23:54,20/07/2018 23:54,22/07/2018 17:54
ord_006273,cust_000169,delivered,04/07/2018 22:46,06/07/2018 21:46,07/07/2018 21:46,14/07/2018 21:46,24/07/2018 22:46
ord_006274,cust_000403,delivered,26/09/2017 15:08,28/09/2017 07:08,04/10/2017 07:08,11/10/2017 07:08,17/10/2017 15:08
ord_006275,cust_001158,delivered,22/09/2018 10:50,22/09/2018 21:50,28/09/2018 21:50,10/10/2018 21:50,04/10/2018 10:50
ord_006276,cust_001999,delivered,30/04/2017 09:28,30/04/2017 22:28,02/05/2017 22:28,10/05/2017 22:28,14/05/2017 09:28
ord_006277,cust_001314,delivered,10/10/2018 14:42,11/10/2018 13:42,14/10/2018 13:42,24/10/2018 13:42,26/10/2018 14:42
ord_006278,cust_002287,delivered,31/08/2017 13:42,01/09/2017 20:42,05/09/2017 20:42,08/09/2017 20:42,13/09/2017 13:42
ord_006279,cust_002077,delivered,29/05/2018 15:53,30/05/2018 23:53,02/06/2018 23:53,12/06/2018 23:53,14/06/2018 15:53
ord_006280,cust_002128,delivered,09/12/2017 10:45,10/12/2017 23:45,16/12/2017 23:45,22/12/2017 23:45,25/12/2017 10:45
ord_006281,cust_002736,delivered,10/06/2018 18:49,11/06/2018 20:49,15/06/2018 20:49,21/06/2018 20:49,30/06/2018 18:49
ord_006282,cust_000241,delivered,19/10/2017 15:19,21/10/2017 06:19,23/10/2017 06:19,05/11/2017 06:19,01/11/2017 15:19
ord_006283,cust_001723,delivered,15/05/2018 15:58,15/05/2018 16:58,20/05/2018 16:58,31/05/2018 16:58,28/05/2018 15:58
ord_006284,cust_001025,delivered,13/01/2017 10:39,13/01/2017 20:39,19/01/2017 20:39,28/01/2017 20:39,27/01/2017 10:39
ord_006285,cust_002283,delivered,30/12/2017 11:46,31/12/2017 11:46,01/01/2018 11:46,10/01/2018 11:46,12/01/2018 11:46
ord_006286,cust_002423,delivered,15/10/2018 14:51,16/10/2018 15:51,22/10/2018 15:51,04/11/2018 15:51,06/11/2018 14:51
ord_006287,cust_001930,delivered,05/03/2018 10:07,07/03/2018 08:07,12/03/2018 08:07,22/03/2018 08:07,23/03/2018 10:07
ord_006288,cust_002215,delivered,30/03/2018 22:20,01/04/2018 05:20,07/04/2018 05:20,11/04/2018 05:20,21/04/2018 22:20
ord_006289,cust_002729,delivered,18/06/2018 09:50,19/06/2018 04:50,25/06/2018 04:50,04/07/2018 04:50,29/06/2018 09:50
ord_006290,cust_001669,delivered,13/02/2018 14:55,,15/02/2018 18:55,25/02/2018 18:55,05/03/2018 14:55
ord_006291,cust_002432,delivered,06/11/2018 14:45,06/11/2018 19:45,09/11/2018 19:45,11/11/2018 19:45,26/11/2018 14:45
ord_006292,cust_000313,delivered,21/01/2018 16:28,22/01/2018 10:28,23/01/2018 10:28,26/01/2018 10:28,11/02/2018 16:28
ord_006293,cust_000741,delivered,02/12/2018 15:15,02/12/2018 16:15,03/12/2018 16:15,11/12/2018 16:15,18/12/2018 15:15
ord_006294,cust_002723,delivered,11/11/2018 19:31,,18/11/2018 02:31,27/11/2018 02:31,02/12/2018 19:31
ord_006295,cust_000666,delivered,03/02/2018 08:23,04/02/2018 03:23,06/02/2018 03:23,08/02/2018 03:23,21/02/2018 08:23
ord_006296,cust_000028,canceled,24/12/2017 14:53,24/12/2017 14:53,,,15/01/2018 14:53
ord_006297,cust_002735,delivered,21/07/2018 14:34,21/07/2018 22:34,27/07/2018 22:34,31/07/2018 22:34,12/08/2018 14:34
ord_006298,cust_001074,delivered,05/09/2018 09:23,07/09/2018 03:23,10/09/2018 03:23,20/09/2018 03:23,27/09/2018 09:23
ord_006299,cust_001792,delivered,07/08/2017 12:29,09/08/2017 04:29,10/08/2017 04:29,18/08/2017 04:29,19/08/2017 12:29
ord_006300,cust_002311,delivered,26/09/2017 21:56,28/09/2017 00:56,30/09/2017 00:56,03/10/2017 00:56,16/10/2017 21:56
ord_006301,cust_001348,delivered,29/06/2017 12:36,01/07/2017 09:36,02/07/2017 09:36,09/07/2017 09:36,12/07/2017 12:36
ord_006302,cust_000061,delivered,08/09/2018 22:13,08/09/2018 23:13,13/09/2018 23:13,27/09/2018 23:13,25/09/2018 22:13
ord_006303,cust_002100,shipped,12/08/2018 14:30,14/08/2018 11:30,20/08/2018 11:30,,04/09/2018 14:30
ord_006304,cust_001960,delivered,10/08/2017 08:27,11/08/2017 07:27,14/08/2017 07:27,21/08/2017 07:27,21/08/2017 08:27
ord_006305,cust_000845,delivered,24/04/2018 09:18,25/04/2018 02:18,01/05/2018 02:18,04/05/2018 02:18,15/05/2018 09:18
ord_006306,cust_001977,delivered,10/09/2018 09:44,11/09/2018 22:44,14/09/2018 22:44,27/09/2018 22:44,24/09/2018 09:44
ord_006307,cust_002425,delivered,04/12/2018 20:16,05/12/2018 17:16,08/12/2018 17:16,16/12/2018 17:16,17/12/2018 20:16
ord_006308,cust_002946,delivered,31/07/2017 08:29,01/08/2017 12:29,03/08/2017 12:29,13/08/2017 12:29,10/08/2017 08:29
ord_006309,cust_001583,delivered,19/11/2017 09:26,20/11/2017 00:26,21/11/2017 00:26,05/12/2017 00:26,09/12/2017 09:26
ord_006310,cust_000199,canceled,10/12/2017 16:28,11/12/2017 17:28,,,01/01/2018 16:28
ord_006311,cust_002612,delivered,20/06/2018 15:34,20/06/2018 21:34,24/06/2018 21:34,02/07/2018 21:34,06/07/2018 15:34
ord_006312,cust_001302,delivered,19/06/2017 10:40,19/06/2017 20:40,20/06/2017 20:40,22/06/2017 20:40,01/07/2017 10:40
ord_006313,cust_001931,delivered,14/08/2017 18:08,15/08/2017 20:08,20/08/2017 20:08,01/09/2017 20:08,02/09/2017 18:08
ord_006314,cust_002663,delivered,19/09/2018 14:17,21/09/2018 11:17,27/09/2018 11:17,06/10/2018 11:17,13/10/2018 14:17
ord_006315,cust_000780,delivered,28/04/2018 13:46,28/04/2018 21:46,30/04/2018 21:46,07/05/2018 21:46,19/05/2018 13:46
ord_006316,cust_000010,delivered,13/07/2017 16:54,14/07/2017 19:54,16/07/2017 19:54,21/07/2017 19:54,03/08/2017 16:54
ord_006317,cust_002896,delivered,10/01/2018 16:02,10/01/2018 18:02,12/01/2018 18:02,16/01/2018 18:02,20/01/2018 16:02
ord_006318,cust_000483,delivered,16/06/2017 18:04,17/06/2017 18:04,20/06/2017 18:04,03/07/2017 18:04,09/07/2017 18:04
ord_006319,cust_001207,delivered,21/12/2017 13:56,23/12/2017 05:56,29/12/2017 05:56,31/12/2017 05:56,09/01/2018 13:56
ord_006320,cust_002370,delivered,19/01/2018 22:08,20/01/2018 14:08,23/01/2018 14:08,26/01/2018 14:08,07/02/2018 22:08
ord_006321,cust_002297,delivered,24/05/2017 22:58,26/05/2017 12:58,31/05/2017 12:58,06/06/2017 12:58,08/06/2017 22:58
ord_006322,cust_000495,delivered,24/03/2017 21:49,25/03/2017 15:49,27/03/2017 15:49,03/04/2017 15:49,16/04/2017 21:49
ord_006323,cust_000766,delivered,13/11/2018 09:07,15/11/2018 05:07,18/11/2018 05:07,01/12/2018 05:07,30/11/2018 09:07
ord_006324,cust_002066,delivered,16/11/2018 17:06,17/11/2018 23:06,20/11/2018 23:06,26/11/2018 23:06,29/11/2018 17:06
ord_006325,cust_001251,delivered,04/01/2017 11:58,05/01/2017 02:58,11/01/2017 02:58,17/01/2017 02:58,19/01/2017 11:58
ord_006326,cust_001510,delivered,30/06/2018 21:15,01/07/2018 09:15,04/07/2018 09:15,09/07/2018 09:15,13/07/2018 21:15
ord_006327,cust_002214,delivered,03/05/2017 16:32,05/05/2017 09:32,09/05/2017 09:32,15/05/2017 09:32,27/05/2017 16:32
ord_006328,cust_002581,delivered,06/10/2018 11:14,07/10/2018 10:14,13/10/2018 10:14,18/10/2018 10:14,28/10/2018 11:14
ord_006329,cust_002088,delivered,12/11/2018 14:36,13/11/2018 09:36,19/11/2018 09:36,30/11/2018 09:36,30/11/2018 14:36
ord_006330,cust_000518,delivered,14/06/2018 20:50,16/06/2018 00:50,22/06/2018 00:50,04/07/2018 00:50,05/07/2018 20:50
ord_006331,cust_002816,delivered,12/06/2018 08:39,12/06/2018 11:39,13/06/2018 11:39,24/06/2018 11:39,04/07/2018 08:39
ord_006332,cust_001688,canceled,28/12/2017 17:02,29/12/2017 01:02,,,12/01/2018 17:02
ord_006333,cust_002393,delivered,04/10/2017 20:35,05/10/2017 17:35,08/10/2017 17:35,17/10/2017 17:35,17/10/2017 20:35
ord_006334,cust_001837,delivered,30/03/2018 18:39,31/03/2018 07:39,03/04/2018 07:39,13/04/2018 07:39,22/04/2018 18:39
ord_006335,cust_000972,delivered,16/06/2017 13:12,17/06/2017 15:12,22/06/2017 15:12,28/06/2017 15:12,01/07/2017 13:12
ord_006336,cust_001952,canceled,18/07/2018 13:45,19/07/2018 05:45,,,28/07/2018 13:45
ord_006337,cust_002589,delivered,10/03/2018 17:37,11/03/2018 13:37,14/03/2018 13:37,28/03/2018 13:37,31/03/2018 17:37
ord_006338,cust_002475,delivered,30/07/2017 09:00,31/07/2017 22:00,01/08/2017 22:00,03/08/2017 22:00,12/08/2017 09:00
ord_006339,cust_002763,delivered,28/05/2018 18:57,30/05/2018 07:57,02/06/2018 07:57,08/06/2018 07:57,10/06/2018 18:57
ord_006340,cust_000163,delivered,27/09/2018 13:26,28/09/2018 03:26,02/10/2018 03:26,13/10/2018 03:26,17/10/2018 13:26
ord_006341,cust_002862,delivered,28/05/2018 22:13,29/05/2018 14:13,03/06/2018 14:13,08/06/2018 14:13,21/06/2018 22:13
ord_006342,cust_000981,delivered,20/04/2018 15:05,21/04/2018 21:05,23/04/2018 21:05,01/05/2018 21:05,01/05/2018 15:05
ord_006343,cust_002701,delivered,26/10/2018 11:22,28/10/2018 07:22,01/11/2018 07:22,13/11/2018 07:22,14/11/2018 11:22
ord_006344,cust_001581,delivered,17/01/2017 18:18,18/01/2017 20:18,22/01/2017 20:18,04/02/2017 20:18,31/01/2017 18:18
ord_006345,cust_002086,canceled,14/06/2018 14:17,14/06/2018 17:17,,,07/07/2018 14:17
ord_006346,cust_002346,delivered,26/01/2018 10:47,27/01/2018 14:47,02/02/2018 14:47,12/02/2018 14:47,18/02/2018 10:47
ord_006347,cust_002387,delivered,14/08/2017 18:38,16/08/2017 04:38,19/08/2017 04:38,02/09/2017 04:38,25/08/2017 18:38
ord_006348,cust_000959,delivered,21/12/2018 16:07,23/12/2018 12:07,25/12/2018 12:07,04/01/2019 12:07,31/12/2018 16:07
ord_006349,cust_001943,delivered,22/01/2018 15:42,24/01/2018 11:42,29/01/2018 11:42,06/02/2018 11:42,07/02/2018 15:42
ord_006350,cust_001693,delivered,30/11/2017 15:43,02/12/2017 00:43,04/12/2017 00:43,08/12/2017 00:43,10/12/2017 15:43
ord_006351,cust_000959,delivered,21/07/2017 12:30,22/07/2017 14:30,26/07/2017 14:30,08/08/2017 14:30,05/08/2017 12:30
ord_006352,cust_000113,delivered,30/12/2018 13:59,30/12/2018 21:59,04/01/2019 21:59,09/01/2019 21:59,11/01/2019 13:59
ord_006353,cust_002448,invoiced,31/10/2018 10:17,02/11/2018 04:17,,,24/11/2018 10:17
ord_006354,cust_001268,delivered,05/04/2017 18:03,06/04/2017 16:03,08/04/2017 16:03,19/04/2017 16:03,25/04/2017 18:03
ord_006355,cust_000682,delivered,13/05/2018 15:01,15/05/2018 00:01,17/05/2018 00:01,30/05/2018 00:01,25/05/2018 15:01
ord_006356,cust_001010,delivered,30/06/2017 15:19,02/07/2017 02:19,04/07/2017 02:19,18/07/2017 02:19,19/07/2017 15:19
ord_006357,cust_001293,delivered,13/08/2018 10:29,13/08/2018 10:29,14/08/2018 10:29,25/08/2018 10:29,03/09/2018 10:29
ord_006358,cust_002986,delivered,20/03/2018 12:04,21/03/2018 05:04,27/03/2018 05:04,10/04/2018 05:04,11/04/2018 12:04
ord_006359,cust_001030,delivered,22/05/2017 15:33,23/05/2017 23:33,29/05/2017 23:33,05/06/2017 23:33,10/06/2017 15:33
ord_006360,cust_000399,delivered,08/05/2018 17:54,09/05/2018 15:54,13/05/2018 15:54,16/05/2018 15:54,26/05/2018 17:54
ord_006361,cust_000516,delivered,23/11/2018 18:47,25/11/2018 01:47,30/11/2018 01:47,05/12/2018 01:47,15/12/2018 18:47
ord_006362,cust_002756,delivered,05/12/2017 17:40,06/12/2017 19:40,10/12/2017 19:40,14/12/2017 19:40,18/12/2017 17:40
ord_006363,cust_002396,delivered,12/03/2017 19:39,12/03/2017 19:39,16/03/2017 19:39,27/03/2017 19:39,05/04/2017 19:39
ord_006364,cust_000010,delivered,03/12/2018 15:43,04/12/2018 05:43,09/12/2018 05:43,16/12/2018 05:43,16/12/2018 15:43
ord_006365,cust_001415,delivered,24/06/2017 22:29,25/06/2017 17:29,29/06/2017 17:29,06/07/2017 17:29,16/07/2017 22:29
ord_006366,cust_000807,canceled,14/03/2018 11:24,15/03/2018 05:24,,,07/04/2018 11:24
ord_006367,cust_001580,delivered,30/04/2018 08:18,30/04/2018 09:18,01/05/2018 09:18,15/05/2018 09:18,13/05/2018 08:18
ord_006368,cust_001800,delivered,23/09/2017 21:05,23/09/2017 21:05,27/09/2017 21:05,30/09/2017 21:05,12/10/2017 21:05
ord_006369,cust_001506,delivered,30/07/2017 21:33,31/07/2017 11:33,03/08/2017 11:33,16/08/2017 11:33,21/08/2017 21:33
ord_006370,cust_001461,delivered,25/05/2017 12:28,27/05/2017 04:28,29/05/2017 04:28,08/06/2017 04:28,08/06/2017 12:28
ord_006371,cust_002068,delivered,05/04/2017 21:07,07/04/2017 20:07,10/04/2017 20:07,22/04/2017 20:07,22/04/2017 21:07
ord_006372,cust_002135,delivered,05/04/2018 16:16,07/04/2018 08:16,13/04/2018 08:16,27/04/2018 08:16,27/04/2018 16:16
ord_006373,cust_000527,delivered,23/10/2018 16:47,25/10/2018 13:47,28/10/2018 13:47,03/11/2018 13:47,11/11/2018 16:47
ord_006374,cust_002060,delivered,08/06/2017 21:15,10/06/2017 17:15,13/06/2017 17:15,25/06/2017 17:15,30/06/2017 21:15
ord_006375,cust_001502,delivered,04/08/2018 17:25,06/08/2018 01:25,08/08/2018 01:25,19/08/2018 01:25,18/08/2018 17:25
ord_006376,cust_001226,delivered,28/01/2018 15:09,28/01/2018 20:09,02/02/2018 20:09,12/02/2018 20:09,14/02/2018 15:09
ord_006377,cust_000780,delivered,20/02/2017 20:10,21/02/2017 13:10,22/02/2017 13:10,05/03/2017 13:10,14/03/2017 20:10
ord_006378,cust_001660,delivered,24/04/2018 08:45,25/04/2018 19:45,01/05/2018 19:45,12/05/2018 19:45,07/05/2018 08:45
ord_006379,cust_002914,delivered,06/10/2017 14:04,07/10/2017 09:04,13/10/2017 09:04,20/10/2017 09:04,22/10/2017 14:04
ord_006380,cust_001399,delivered,07/06/2018 18:17,08/06/2018 06:17,10/06/2018 06:17,24/06/2018 06:17,24/06/2018 18:17
ord_006381,cust_000180,delivered,11/12/2017 22:58,11/12/2017 23:58,15/12/2017 23:58,18/12/2017 23:58,02/01/2018 22:58
ord_006382,cust_000730,delivered,15/07/2018 16:28,16/07/2018 08:28,20/07/2018 08:28,24/07/2018 08:28,05/08/2018 16:28
ord_006383,cust_002785,delivered,25/11/2018 14:36,26/11/2018 06:36,02/12/2018 06:36,13/12/2018 06:36,11/12/2018 14:36
ord_006384,cust_002406,delivered,29/09/2017 21:38,01/10/2017 12:38,03/10/2017 12:38,10/10/2017 12:38,23/10/2017 21:38
ord_006385,cust_000179,delivered,30/11/2018 09:11,01/12/2018 22:11,06/12/2018 22:11,11/12/2018 22:11,19/12/2018 09:11
ord_006386,cust_002416,delivered,24/08/2017 17:22,24/08/2017 22:22,25/08/2017 22:22,02/09/2017 22:22,12/09/2017 17:22
ord_006387,cust_000327,delivered,06/04/2017 15:24,07/04/2017 15:24,12/04/2017 15:24,15/04/2017 15:24,17/04/2017 15:24
ord_006388,cust_000901,delivered,13/08/2017 16:13,15/08/2017 11:13,20/08/2017 11:13,22/08/2017 11:13,26/08/2017 16:13
ord_006389,cust_002718,delivered,08/10/2018 09:14,09/10/2018 07:14,11/10/2018 07:14,13/10/2018 07:14,19/10/2018 09:14
ord_006390,cust_001944,delivered,22/07/2018 18:36,24/07/2018 15:36,25/07/2018 15:36,07/08/2018 15:36,01/08/2018 18:36
ord_006391,cust_001943,delivered,17/12/2018 20:06,18/12/2018 00:06,19/12/2018 00:06,25/12/2018 00:06,10/01/2019 20:06
ord_006392,cust_000643,delivered,10/08/2018 10:07,11/08/2018 01:07,16/08/2018 01:07,29/08/2018 01:07,24/08/2018 10:07
ord_006393,cust_000973,canceled,28/01/2018 16:34,30/01/2018 12:34,,,17/02/2018 16:34
ord_006394,cust_000279,delivered,19/11/2018 10:26,20/11/2018 20:26,23/11/2018 20:26,28/11/2018 20:26,06/12/2018 10:26
ord_006395,cust_001765,delivered,10/12/2018 08:36,10/12/2018 21:36,14/12/2018 21:36,16/12/2018 21:36,22/12/2018 08:36
ord_006396,cust_001458,delivered,25/09/2018 16:01,27/09/2018 10:01,01/10/2018 10:01,04/10/2018 10:01,17/10/2018 16:01
ord_006397,cust_000498,delivered,07/05/2018 09:42,08/05/2018 03:42,09/05/2018 03:42,18/05/2018 03:42,25/05/2018 09:42
ord_006398,cust_000875,delivered,14/10/2018 21:50,16/10/2018 11:50,19/10/2018 11:50,29/10/2018 11:50,04/11/2018 21:50
ord_006399,cust_000194,delivered,31/07/2017 16:31,01/08/2017 07:31,05/08/2017 07:31,18/08/2017 07:31,21/08/2017 16:31
ord_006400,cust_000191,delivered,21/11/2018 20:50,22/11/2018 12:50,26/11/2018 12:50,30/11/2018 12:50,13/12/2018 20:50
ord_006401,cust_000147,delivered,31/12/2018 21:23,01/01/2019 12:23,03/01/2019 12:23,12/01/2019 12:23,18/01/2019 21:23
ord_006402,cust_000968,delivered,14/07/2018 15:04,15/07/2018 08:04,21/07/2018 08:04,24/07/2018 08:04,26/07/2018 15:04
ord_006403,cust_000810,delivered,16/08/2017 10:22,17/08/2017 14:22,18/08/2017 14:22,26/08/2017 14:22,01/09/2017 10:22
ord_006404,cust_000565,canceled,27/06/2017 20:26,29/06/2017 10:26,,,18/07/2017 20:26
ord_006405,cust_000538,delivered,11/12/2018 16:51,12/12/2018 22:51,18/12/2018 22:51,23/12/2018 22:51,02/01/2019 16:51
ord_006406,cust_002848,delivered,08/11/2018 15:20,08/11/2018 16:20,13/11/2018 16:20,20/11/2018 16:20,25/11/2018 15:20
ord_006407,cust_001209,delivered,01/09/2018 18:18,02/09/2018 22:18,06/09/2018 22:18,13/09/2018 22:18,11/09/2018 18:18
ord_006408,cust_001556,delivered,05/12/2018 13:53,06/12/2018 09:53,08/12/2018 09:53,11/12/2018 09:53,29/12/2018 13:53
ord_006409,cust_002630,delivered,02/04/2018 14:15,02/04/2018 17:15,04/04/2018 17:15,13/04/2018 17:15,21/04/2018 14:15
ord_006410,cust_002992,delivered,17/11/2018 20:38,18/11/2018 11:38,22/11/2018 11:38,29/11/2018 11:38,05/12/2018 20:38
ord_006411,cust_001135,delivered,15/07/2017 19:19,17/07/2017 17:19,18/07/2017 17:19,31/07/2017 17:19,01/08/2017 19:19
ord_006412,cust_002304,delivered,04/08/2017 19:57,05/08/2017 11:57,10/08/2017 11:57,19/08/2017 11:57,20/08/2017 19:57
ord_006413,cust_001195,delivered,08/04/2018 10:11,09/04/2018 20:11,15/04/2018 20:11,28/04/2018 20:11,27/04/2018 10:11
ord_006414,cust_000804,delivered,28/11/2017 16:43,29/11/2017 01:43,04/12/2017 01:43,06/12/2017 01:43,17/12/2017 16:43
ord_006415,cust_000362,delivered,12/02/2018 08:33,14/02/2018 02:33,20/02/2018 02:33,27/02/2018 02:33,26/02/2018 08:33
ord_006416,cust_001045,delivered,29/09/2018 09:58,01/10/2018 00:58,04/10/2018 00:58,16/10/2018 00:58,14/10/2018 09:58
ord_006417,cust_002966,delivered,15/03/2017 18:59,16/03/2017 01:59,18/03/2017 01:59,22/03/2017 01:59,27/03/2017 18:59
ord_006418,cust_000507,delivered,16/08/2018 11:47,17/08/2018 20:47,18/08/2018 20:47,22/08/2018 20:47,30/08/2018 11:47
ord_006419,cust_000435,delivered,27/04/2017 13:06,29/04/2017 09:06,02/05/2017 09:06,13/05/2017 09:06,21/05/2017 13:06
ord_006420,cust_000767,delivered,26/10/2018 15:28,28/10/2018 10:28,29/10/2018 10:28,31/10/2018 10:28,08/11/2018 15:28
ord_006421,cust_001014,delivered,22/08/2017 15:51,24/08/2017 01:51,28/08/2017 01:51,11/09/2017 01:51,13/09/2017 15:51
ord_006422,cust_001144,delivered,24/08/2018 12:38,25/08/2018 23:38,30/08/2018 23:38,13/09/2018 23:38,09/09/2018 12:38
ord_006423,cust_002837,delivered,30/05/2018 10:52,31/05/2018 10:52,01/06/2018 10:52,15/06/2018 10:52,22/06/2018 10:52
ord_006424,cust_002790,delivered,08/01/2018 14:47,08/01/2018 21:47,12/01/2018 21:47,24/01/2018 21:47,26/01/2018 14:47
ord_006425,cust_001364,delivered,19/10/2017 12:18,19/10/2017 13:18,23/10/2017 13:18,06/11/2017 13:18,09/11/2017 12:18
ord_006426,cust_002661,delivered,21/03/2017 22:11,22/03/2017 12:11,24/03/2017 12:11,07/04/2017 12:11,05/04/2017 22:11
ord_006427,cust_001014,delivered,14/12/2017 16:19,15/12/2017 04:19,17/12/2017 04:19,22/12/2017 04:19,24/12/2017 16:19
ord_006428,cust_001182,delivered,21/08/2017 13:41,23/08/2017 08:41,28/08/2017 08:41,01/09/2017 08:41,05/09/2017 13:41
ord_006429,cust_002145,delivered,18/06/2017 19:28,20/06/2017 11:28,22/06/2017 11:28,04/07/2017 11:28,07/07/2017 19:28
ord_006430,cust_002603,delivered,26/08/2018 17:02,27/08/2018 08:02,28/08/2018 08:02,04/09/2018 08:02,08/09/2018 17:02
ord_006431,cust_000099,delivered,01/09/2017 11:44,02/09/2017 05:44,06/09/2017 05:44,08/09/2017 05:44,16/09/2017 11:44
ord_006432,cust_001764,delivered,10/09/2017 17:02,12/09/2017 04:02,13/09/2017 04:02,20/09/2017 04:02,20/09/2017 17:02
ord_006433,cust_000963,delivered,04/12/2017 21:24,06/12/2017 05:24,08/12/2017 05:24,10/12/2017 05:24,19/12/2017 21:24
ord_006434,cust_001173,delivered,05/03/2018 12:27,07/03/2018 06:27,08/03/2018 06:27,17/03/2018 06:27,16/03/2018 12:27
ord_006435,cust_001740,delivered,09/04/2018 13:30,11/04/2018 00:30,15/04/2018 00:30,25/04/2018 00:30,22/04/2018 13:30
ord_006436,cust_001539,delivered,14/07/2018 10:08,15/07/2018 19:08,17/07/2018 19:08,19/07/2018 19:08,29/07/2018 10:08
ord_006437,cust_002973,delivered,28/05/2018 22:44,30/05/2018 11:44,01/06/2018 11:44,04/06/2018 11:44,09/06/2018 22:44
ord_006438,cust_001325,delivered,18/03/2018 13:50,20/03/2018 07:50,23/03/2018 07:50,05/04/2018 07:50,29/03/2018 13:50
ord_006439,cust_002902,delivered,14/01/2018 19:41,15/01/2018 13:41,18/01/2018 13:41,25/01/2018 13:41,26/01/2018 19:41
ord_006440,cust_002037,delivered,18/10/2017 18:57,19/10/2017 06:57,24/10/2017 06:57,26/10/2017 06:57,06/11/2017 18:57
ord_006441,cust_001878,delivered,10/08/2018 20:15,12/08/2018 15:15,18/08/2018 15:15,20/08/2018 15:15,21/08/2018 20:15
ord_006442,cust_001604,delivered,23/11/2017 18:09,24/11/2017 01:09,28/11/2017 01:09,05/12/2017 01:09,03/12/2017 18:09
ord_006443,cust_001020,delivered,27/10/2018 15:04,28/10/2018 05:04,31/10/2018 05:04,03/11/2018 05:04,16/11/2018 15:04
ord_006444,cust_001759,delivered,26/05/2018 10:43,26/05/2018 16:43,30/05/2018 16:43,02/06/2018 16:43,11/06/2018 10:43
ord_006445,cust_001650,delivered,25/06/2018 13:09,27/06/2018 05:09,01/07/2018 05:09,05/07/2018 05:09,18/07/2018 13:09
ord_006446,cust_000319,delivered,06/04/2018 22:56,08/04/2018 18:56,09/04/2018 18:56,20/04/2018 18:56,21/04/2018 22:56
ord_006447,cust_002801,canceled,27/11/2018 11:35,28/11/2018 07:35,,,12/12/2018 11:35
ord_006448,cust_002661,delivered,04/02/2018 12:48,04/02/2018 16:48,09/02/2018 16:48,21/02/2018 16:48,14/02/2018 12:48
ord_006449,cust_002001,delivered,07/02/2018 18:26,08/02/2018 05:26,14/02/2018 05:26,20/02/2018 05:26,18/02/2018 18:26
ord_006450,cust_002007,delivered,19/11/2018 21:44,21/11/2018 00:44,22/11/2018 00:44,25/11/2018 00:44,11/12/2018 21:44
ord_006451,cust_000447,delivered,07/06/2018 10:26,08/06/2018 02:26,13/06/2018 02:26,22/06/2018 02:26,20/06/2018 10:26
ord_006452,cust_001790,delivered,23/02/2018 20:32,25/02/2018 08:32,26/02/2018 08:32,12/03/2018 08:32,06/03/2018 20:32
ord_006453,cust_002914,invoiced,15/10/2017 09:46,16/10/2017 23:46,,,05/11/2017 09:46
ord_006454,cust_000369,delivered,30/09/2017 15:14,01/10/2017 11:14,02/10/2017 11:14,07/10/2017 11:14,24/10/2017 15:14
ord_006455,cust_002706,delivered,01/10/2018 20:53,03/10/2018 01:53,04/10/2018 01:53,06/10/2018 01:53,16/10/2018 20:53
ord_006456,cust_001054,delivered,29/10/2017 16:42,29/10/2017 19:42,30/10/2017 19:42,02/11/2017 19:42,13/11/2017 16:42
ord_006457,cust_000650,delivered,09/01/2017 11:44,09/01/2017 17:44,13/01/2017 17:44,26/01/2017 17:44,28/01/2017 11:44
ord_006458,cust_002705,shipped,29/01/2017 21:14,30/01/2017 13:14,05/02/2017 13:14,,09/02/2017 21:14
ord_006459,cust_001970,delivered,20/12/2018 22:05,21/12/2018 03:05,26/12/2018 03:05,28/12/2018 03:05,02/01/2019 22:05
ord_006460,cust_002404,delivered,09/05/2018 14:04,09/05/2018 14:04,14/05/2018 14:04,20/05/2018 14:04,01/06/2018 14:04
ord_006461,cust_002634,canceled,23/03/2018 14:38,24/03/2018 22:38,,,13/04/2018 14:38
ord_006462,cust_000032,delivered,25/11/2018 21:09,25/11/2018 22:09,01/12/2018 22:09,08/12/2018 22:09,07/12/2018 21:09
ord_006463,cust_000661,delivered,13/12/2017 21:59,14/12/2017 08:59,18/12/2017 08:59,01/01/2018 08:59,01/01/2018 21:59
ord_006464,cust_000709,delivered,27/09/2018 08:57,28/09/2018 18:57,29/09/2018 18:57,07/10/2018 18:57,21/10/2018 08:57
ord_006465,cust_002770,delivered,17/08/2018 21:01,18/08/2018 07:01,22/08/2018 07:01,04/09/2018 07:01,30/08/2018 21:01
ord_006466,cust_001578,delivered,15/03/2018 08:43,15/03/2018 18:43,20/03/2018 18:43,24/03/2018 18:43,28/03/2018 08:43
ord_006467,cust_000540,delivered,16/09/2018 14:15,18/09/2018 01:15,21/09/2018 01:15,30/09/2018 01:15,09/10/2018 14:15
ord_006468,cust_002095,delivered,14/12/2018 14:20,14/12/2018 15:20,19/12/2018 15:20,27/12/2018 15:20,07/01/2019 14:20
ord_006469,cust_001071,delivered,21/08/2017 22:14,22/08/2017 13:14,27/08/2017 13:14,08/09/2017 13:14,07/09/2017 22:14
ord_006470,cust_001731,delivered,26/01/2017 09:49,27/01/2017 10:49,31/01/2017 10:49,03/02/2017 10:49,12/02/2017 09:49
ord_006471,cust_002829,delivered,12/10/2018 20:53,12/10/2018 23:53,15/10/2018 23:53,19/10/2018 23:53,25/10/2018 20:53
ord_006472,cust_000809,delivered,21/01/2018 22:02,23/01/2018 05:02,29/01/2018 05:02,02/02/2018 05:02,31/01/2018 22:02
ord_006473,cust_002839,delivered,29/04/2018 19:16,30/04/2018 15:16,04/05/2018 15:16,18/05/2018 15:16,17/05/2018 19:16
ord_006474,cust_002227,delivered,10/09/2017 14:26,11/09/2017 04:26,14/09/2017 04:26,27/09/2017 04:26,22/09/2017 14:26
ord_006475,cust_000069,delivered,23/10/2018 22:31,25/10/2018 01:31,30/10/2018 01:31,01/11/2018 01:31,08/11/2018 22:31
ord_006476,cust_001183,delivered,16/08/2018 11:05,16/08/2018 12:05,18/08/2018 12:05,25/08/2018 12:05,09/09/2018 11:05
ord_006477,cust_002599,delivered,07/12/2018 16:49,08/12/2018 20:49,14/12/2018 20:49,23/12/2018 20:49,30/12/2018 16:49
ord_006478,cust_002569,delivered,14/03/2018 18:56,15/03/2018 16:56,20/03/2018 16:56,02/04/2018 16:56,30/03/2018 18:56
ord_006479,cust_002081,delivered,19/12/2018 08:24,19/12/2018 10:24,23/12/2018 10:24,30/12/2018 10:24,02/01/2019 08:24
ord_006480,cust_002071,delivered,07/04/2018 17:51,09/04/2018 06:51,11/04/2018 06:51,23/04/2018 06:51,01/05/2018 17:51
ord_006481,cust_002615,delivered,18/06/2018 12:40,19/06/2018 09:40,22/06/2018 09:40,04/07/2018 09:40,11/07/2018 12:40
ord_006482,cust_000426,delivered,19/07/2018 11:35,19/07/2018 14:35,25/07/2018 14:35,02/08/2018 14:35,07/08/2018 11:35
ord_006483,cust_001385,delivered,24/03/2018 19:49,25/03/2018 12:49,30/03/2018 12:49,10/04/2018 12:49,14/04/2018 19:49
ord_006484,cust_001053,delivered,11/05/2018 14:28,13/05/2018 01:28,14/05/2018 01:28,16/05/2018 01:28,27/05/2018 14:28
ord_006485,cust_002944,delivered,11/09/2017 21:32,12/09/2017 18:32,17/09/2017 18:32,23/09/2017 18:32,01/10/2017 21:32
ord_006486,cust_002300,delivered,21/12/2017 13:16,22/12/2017 07:16,23/12/2017 07:16,05/01/2018 07:16,08/01/2018 13:16
ord_006487,cust_002244,delivered,05/08/2018 18:42,05/08/2018 20:42,08/08/2018 20:42,12/08/2018 20:42,17/08/2018 18:42
ord_006488,cust_000286,delivered,25/02/2017 16:09,25/02/2017 19:09,28/02/2017 19:09,08/03/2017 19:09,08/03/2017 16:09
ord_006489,cust_002278,canceled,04/08/2018 10:14,05/08/2018 00:14,,,15/08/2018 10:14
ord_006490,cust_002508,delivered,18/11/2017 08:28,18/11/2017 21:28,21/11/2017 21:28,29/11/2017 21:28,09/12/2017 08:28
ord_006491,cust_001280,delivered,23/10/2017 14:23,24/10/2017 20:23,25/10/2017 20:23,08/11/2017 20:23,14/11/2017 14:23
ord_006492,cust_002590,delivered,31/07/2018 22:14,01/08/2018 20:14,05/08/2018 20:14,18/08/2018 20:14,17/08/2018 22:14
ord_006493,cust_001176,delivered,03/09/2017 20:11,04/09/2017 02:11,09/09/2017 02:11,12/09/2017 02:11,21/09/2017 20:11
ord_006494,cust_001959,delivered,12/12/2018 17:51,14/12/2018 00:51,20/12/2018 00:51,28/12/2018 00:51,04/01/2019 17:51
ord_006495,cust_000616,delivered,27/12/2018 20:35,29/12/2018 18:35,01/01/2019 18:35,12/01/2019 18:35,20/01/2019 20:35
ord_006496,cust_001533,delivered,02/03/2018 11:22,04/03/2018 04:22,08/03/2018 04:22,19/03/2018 04:22,22/03/2018 11:22
ord_006497,cust_000174,delivered,20/01/2018 14:50,22/01/2018 13:50,23/01/2018 13:50,31/01/2018 13:50,06/02/2018 14:50
ord_006498,cust_000357,delivered,16/04/2017 13:49,17/04/2017 12:49,20/04/2017 12:49,27/04/2017 12:49,02/05/2017 13:49
ord_006499,cust_002704,delivered,18/09/2018 22:06,19/09/2018 15:06,23/09/2018 15:06,29/09/2018 15:06,06/10/2018 22:06
ord_006500,cust_002104,delivered,15/07/2017 22:34,16/07/2017 00:34,19/07/2017 00:34,25/07/2017 00:34,05/08/2017 22:34
ord_006501,cust_001772,delivered,28/11/2018 17:18,30/11/2018 01:18,06/12/2018 01:18,08/12/2018 01:18,22/12/2018 17:18
ord_006502,cust_001213,delivered,27/12/2018 13:32,28/12/2018 10:32,30/12/2018 10:32,12/01/2019 10:32,15/01/2019 13:32
ord_006503,cust_001674,delivered,04/06/2017 10:43,05/06/2017 16:43,06/06/2017 16:43,17/06/2017 16:43,24/06/2017 10:43
ord_006504,cust_002118,delivered,25/07/2018 18:00,26/07/2018 08:00,01/08/2018 08:00,06/08/2018 08:00,04/08/2018 18:00
ord_006505,cust_001014,canceled,07/03/2018 11:30,07/03/2018 19:30,,,22/03/2018 11:30
ord_006506,cust_000970,delivered,27/04/2018 19:17,29/04/2018 04:17,30/04/2018 04:17,08/05/2018 04:17,11/05/2018 19:17
ord_006507,cust_002219,delivered,01/08/2017 21:32,02/08/2017 15:32,08/08/2017 15:32,21/08/2017 15:32,23/08/2017 21:32
ord_006508,cust_001620,processing,18/08/2018 16:06,19/08/2018 17:06,,,31/08/2018 16:06
ord_006509,cust_001220,delivered,19/07/2017 17:49,21/07/2017 16:49,27/07/2017 16:49,01/08/2017 16:49,02/08/2017 17:49
ord_006510,cust_001341,delivered,15/11/2018 11:32,16/11/2018 00:32,19/11/2018 00:32,26/11/2018 00:32,04/12/2018 11:32
ord_006511,cust_002427,delivered,27/02/2018 08:12,27/02/2018 14:12,02/03/2018 14:12,11/03/2018 14:12,16/03/2018 08:12
ord_006512,cust_001553,delivered,26/06/2018 09:46,27/06/2018 19:46,29/06/2018 19:46,08/07/2018 19:46,12/07/2018 09:46
ord_006513,cust_000239,delivered,26/11/2018 22:02,28/11/2018 01:02,30/11/2018 01:02,05/12/2018 01:02,09/12/2018 22:02
ord_006514,cust_002486,delivered,26/08/2018 18:35,27/08/2018 13:35,01/09/2018 13:35,13/09/2018 13:35,18/09/2018 18:35
ord_006515,cust_000742,delivered,27/04/2018 18:30,28/04/2018 22:30,01/05/2018 22:30,12/05/2018 22:30,21/05/2018 18:30
ord_006516,cust_000221,delivered,21/01/2018 22:02,23/01/2018 18:02,27/01/2018 18:02,08/02/2018 18:02,31/01/2018 22:02
ord_006517,cust_000850,delivered,05/03/2018 10:14,05/03/2018 18:14,07/03/2018 18:14,10/03/2018 18:14,29/03/2018 10:14
ord_006518,cust_000357,delivered,05/12/2017 19:04,07/12/2017 08:04,10/12/2017 08:04,20/12/2017 08:04,27/12/2017 19:04
ord_006519,cust_000069,delivered,04/12/2018 09:43,05/12/2018 10:43,08/12/2018 10:43,14/12/2018 10:43,27/12/2018 09:43
ord_006520,cust_002098,delivered,06/10/2017 14:42,08/10/2017 04:42,10/10/2017 04:42,21/10/2017 04:42,22/10/2017 14:42
ord_006521,cust_001990,delivered,26/01/2018 13:05,28/01/2018 09:05,01/02/2018 09:05,09/02/2018 09:05,11/02/2018 13:05
ord_006522,cust_000924,delivered,18/09/2018 16:06,18/09/2018 23:06,21/09/2018 23:06,29/09/2018 23:06,07/10/2018 16:06
ord_006523,cust_002104,delivered,23/12/2017 15:52,23/12/2017 20:52,28/12/2017 20:52,06/01/2018 20:52,12/01/2018 15:52
ord_006524,cust_000113,delivered,16/11/2018 10:12,16/11/2018 10:12,21/11/2018 10:12,25/11/2018 10:12,10/12/2018 10:12
ord_006525,cust_001240,delivered,28/09/2017 22:18,29/09/2017 07:18,03/10/2017 07:18,12/10/2017 07:18,11/10/2017 22:18
ord_006526,cust_001726,delivered,15/02/2017 13:41,16/02/2017 05:41,17/02/2017 05:41,02/03/2017 05:41,11/03/2017 13:41
ord_006527,cust_002386,delivered,22/06/2018 09:03,22/06/2018 21:03,28/06/2018 21:03,01/07/2018 21:03,07/07/2018 09:03
ord_006528,cust_000819,delivered,05/04/2018 20:56,07/04/2018 11:56,12/04/2018 11:56,16/04/2018 11:56,24/04/2018 20:56
ord_006529,cust_002861,delivered,28/11/2018 22:01,30/11/2018 10:01,05/12/2018 10:01,07/12/2018 10:01,20/12/2018 22:01
ord_006530,cust_001117,delivered,05/02/2018 15:50,06/02/2018 07:50,10/02/2018 07:50,18/02/2018 07:50,24/02/2018 15:50
ord_006531,cust_002210,delivered,18/06/2017 20:21,19/06/2017 23:21,23/06/2017 23:21,28/06/2017 23:21,28/06/2017 20:21
ord_006532,cust_000538,delivered,27/11/2017 15:09,28/11/2017 06:09,02/12/2017 06:09,11/12/2017 06:09,20/12/2017 15:09
ord_006533,cust_002019,delivered,14/01/2018 10:22,15/01/2018 10:22,16/01/2018 10:22,18/01/2018 10:22,24/01/2018 10:22
ord_006534,cust_001684,delivered,24/05/2018 11:58,25/05/2018 00:58,31/05/2018 00:58,03/06/2018 00:58,11/06/2018 11:58
ord_006535,cust_001348,delivered,25/10/2017 09:31,26/10/2017 23:31,31/10/2017 23:31,04/11/2017 23:31,13/11/2017 09:31
ord_006536,cust_000760,delivered,03/05/2018 16:03,04/05/2018 02:03,10/05/2018 02:03,20/05/2018 02:03,16/05/2018 16:03
ord_006537,cust_001660,delivered,23/11/2018 14:56,25/11/2018 12:56,30/11/2018 12:56,02/12/2018 12:56,14/12/2018 14:56
ord_006538,cust_001232,delivered,05/02/2018 09:08,07/02/2018 05:08,09/02/2018 05:08,17/02/2018 05:08,23/02/2018 09:08
ord_006539,cust_000864,delivered,06/07/2018 10:03,06/07/2018 19:03,09/07/2018 19:03,17/07/2018 19:03,21/07/2018 10:03
ord_006540,cust_001577,delivered,15/09/2017 21:02,17/09/2017 00:02,23/09/2017 00:02,29/09/2017 00:02,27/09/2017 21:02
ord_006541,cust_000732,delivered,01/10/2018 12:49,03/10/2018 02:49,05/10/2018 02:49,08/10/2018 02:49,21/10/2018 12:49
ord_006542,cust_001962,delivered,21/10/2017 22:09,23/10/2017 14:09,27/10/2017 14:09,07/11/2017 14:09,01/11/2017 22:09
ord_006543,cust_000078,delivered,22/05/2018 13:10,23/05/2018 06:10,27/05/2018 06:10,03/06/2018 06:10,14/06/2018 13:10
ord_006544,cust_000733,delivered,15/11/2017 10:56,16/11/2017 12:56,18/11/2017 12:56,27/11/2017 12:56,26/11/2017 10:56
ord_006545,cust_001442,delivered,02/04/2017 13:36,02/04/2017 20:36,03/04/2017 20:36,15/04/2017 20:36,13/04/2017 13:36
ord_006546,cust_000383,delivered,24/11/2017 10:17,24/11/2017 22:17,25/11/2017 22:17,27/11/2017 22:17,07/12/2017 10:17
ord_006547,cust_000675,delivered,31/08/2017 13:35,01/09/2017 01:35,06/09/2017 01:35,18/09/2017 01:35,22/09/2017 13:35
ord_006548,cust_001273,delivered,19/11/2018 21:14,20/11/2018 10:14,22/11/2018 10:14,25/11/2018 10:14,11/12/2018 21:14
ord_006549,cust_001402,delivered,18/10/2017 17:29,19/10/2017 12:29,21/10/2017 12:29,30/10/2017 12:29,05/11/2017 17:29
ord_006550,cust_001023,delivered,18/12/2018 19:20,20/12/2018 04:20,26/12/2018 04:20,29/12/2018 04:20,08/01/2019 19:20
ord_006551,cust_002437,delivered,26/03/2018 14:37,28/03/2018 09:37,01/04/2018 09:37,03/04/2018 09:37,11/04/2018 14:37
ord_006552,cust_001533,delivered,08/09/2017 14:45,09/09/2017 17:45,10/09/2017 17:45,17/09/2017 17:45,02/10/2017 14:45
ord_006553,cust_001101,delivered,12/01/2018 08:20,13/01/2018 06:20,15/01/2018 06:20,23/01/2018 06:20,22/01/2018 08:20
ord_006554,cust_001540,delivered,04/08/2017 10:08,05/08/2017 19:08,08/08/2017 19:08,14/08/2017 19:08,23/08/2017 10:08
ord_006555,cust_000965,delivered,19/10/2018 08:21,20/10/2018 13:21,23/10/2018 13:21,28/10/2018 13:21,03/11/2018 08:21
ord_006556,cust_000152,delivered,01/06/2017 11:45,02/06/2017 08:45,07/06/2017 08:45,11/06/2017 08:45,16/06/2017 11:45
ord_006557,cust_001340,delivered,09/11/2018 15:47,09/11/2018 16:47,14/11/2018 16:47,23/11/2018 16:47,30/11/2018 15:47
ord_006558,cust_001086,delivered,06/03/2017 21:47,07/03/2017 23:47,08/03/2017 23:47,15/03/2017 23:47,27/03/2017 21:47
ord_006559,cust_001486,delivered,15/11/2017 14:58,15/11/2017 17:58,17/11/2017 17:58,30/11/2017 17:58,03/12/2017 14:58
ord_006560,cust_001544,delivered,22/06/2017 13:49,23/06/2017 18:49,27/06/2017 18:49,04/07/2017 18:49,15/07/2017 13:49
ord_006561,cust_000818,delivered,26/07/2018 10:58,28/07/2018 07:58,29/07/2018 07:58,07/08/2018 07:58,07/08/2018 10:58
ord_006562,cust_001364,delivered,08/04/2018 12:37,10/04/2018 02:37,14/04/2018 02:37,28/04/2018 02:37,19/04/2018 12:37
ord_006563,cust_001799,delivered,30/11/2018 13:13,02/12/2018 05:13,03/12/2018 05:13,17/12/2018 05:13,13/12/2018 13:13
ord_006564,cust_000724,delivered,24/12/2017 12:36,25/12/2017 10:36,29/12/2017 10:36,06/01/2018 10:36,04/01/2018 12:36
ord_006565,cust_000086,delivered,27/02/2017 09:11,28/02/2017 08:11,01/03/2017 08:11,05/03/2017 08:11,21/03/2017 09:11
ord_006566,cust_000556,delivered,09/09/2018 21:05,10/09/2018 22:05,15/09/2018 22:05,22/09/2018 22:05,26/09/2018 21:05
ord_006567,cust_001458,delivered,22/05/2018 18:18,23/05/2018 03:18,26/05/2018 03:18,31/05/2018 03:18,07/06/2018 18:18
ord_006568,cust_002072,delivered,15/10/2018 12:21,17/10/2018 11:21,23/10/2018 11:21,31/10/2018 11:21,01/11/2018 12:21
ord_006569,cust_001947,delivered,07/02/2018 13:42,07/02/2018 14:42,08/02/2018 14:42,11/02/2018 14:42,18/02/2018 13:42
ord_006570,cust_002322,delivered,26/08/2018 20:21,28/08/2018 19:21,03/09/2018 19:21,10/09/2018 19:21,14/09/2018 20:21
ord_006571,cust_001398,delivered,24/07/2017 10:00,26/07/2017 08:00,29/07/2017 08:00,01/08/2017 08:00,17/08/2017 10:00
ord_006572,cust_002633,delivered,31/12/2018 18:55,02/01/2019 15:55,05/01/2019 15:55,19/01/2019 15:55,12/01/2019 18:55
ord_006573,cust_002934,shipped,26/07/2017 08:35,26/07/2017 08:35,31/07/2017 08:35,,08/08/2017 08:35
ord_006574,cust_000052,delivered,16/10/2018 11:12,18/10/2018 08:12,22/10/2018 08:12,04/11/2018 08:12,06/11/2018 11:12
ord_006575,cust_000465,delivered,01/09/2017 20:15,02/09/2017 07:15,08/09/2017 07:15,22/09/2017 07:15,22/09/2017 20:15
ord_006576,cust_001197,processing,20/09/2018 12:07,21/09/2018 00:07,,,04/10/2018 12:07
ord_006577,cust_001359,delivered,02/11/2018 21:54,04/11/2018 05:54,06/11/2018 05:54,13/11/2018 05:54,12/11/2018 21:54
ord_006578,cust_000617,delivered,11/11/2018 21:13,12/11/2018 16:13,14/11/2018 16:13,26/11/2018 16:13,01/12/2018 21:13
ord_006579,cust_000875,delivered,14/03/2018 10:56,16/03/2018 07:56,22/03/2018 07:56,05/04/2018 07:56,27/03/2018 10:56
ord_006580,cust_000134,delivered,09/02/2018 17:15,10/02/2018 16:15,15/02/2018 16:15,27/02/2018 16:15,03/03/2018 17:15
ord_006581,cust_002709,delivered,19/10/2018 08:47,19/10/2018 13:47,25/10/2018 13:47,07/11/2018 13:47,03/11/2018 08:47
ord_006582,cust_002360,delivered,22/05/2018 20:00,23/05/2018 07:00,29/05/2018 07:00,06/06/2018 07:00,15/06/2018 20:00
ord_006583,cust_000538,delivered,17/06/2018 15:28,19/06/2018 04:28,23/06/2018 04:28,04/07/2018 04:28,09/07/2018 15:28
ord_006584,cust_001201,delivered,22/09/2017 14:22,23/09/2017 17:22,29/09/2017 17:22,03/10/2017 17:22,03/10/2017 14:22
ord_006585,cust_001564,delivered,21/02/2018 12:20,22/02/2018 03:20,27/02/2018 03:20,12/03/2018 03:20,14/03/2018 12:20
ord_006586,cust_001338,delivered,27/12/2017 21:59,28/12/2017 07:59,03/01/2018 07:59,11/01/2018 07:59,16/01/2018 21:59
ord_006587,cust_001272,delivered,14/07/2018 09:43,15/07/2018 17:43,18/07/2018 17:43,23/07/2018 17:43,28/07/2018 09:43
ord_006588,cust_001656,delivered,17/08/2017 16:15,18/08/2017 04:15,24/08/2017 04:15,29/08/2017 04:15,09/09/2017 16:15
ord_006589,cust_002751,delivered,23/01/2018 10:45,23/01/2018 14:45,24/01/2018 14:45,06/02/2018 14:45,13/02/2018 10:45
ord_006590,cust_001576,delivered,27/10/2018 13:07,28/10/2018 15:07,03/11/2018 15:07,07/11/2018 15:07,09/11/2018 13:07
ord_006591,cust_001672,delivered,01/05/2018 22:55,03/05/2018 15:55,09/05/2018 15:55,19/05/2018 15:55,23/05/2018 22:55
ord_006592,cust_000778,delivered,20/11/2018 14:25,21/11/2018 04:25,26/11/2018 04:25,01/12/2018 04:25,10/12/2018 14:25
ord_006593,cust_001396,delivered,19/09/2017 14:11,20/09/2017 23:11,26/09/2017 23:11,05/10/2017 23:11,06/10/2017 14:11
ord_006594,cust_002025,delivered,17/02/2018 09:16,18/02/2018 06:16,21/02/2018 06:16,01/03/2018 06:16,12/03/2018 09:16
ord_006595,cust_001759,shipped,31/03/2018 13:09,02/04/2018 10:09,04/04/2018 10:09,,17/04/2018 13:09
ord_006596,cust_001459,delivered,19/01/2018 08:55,20/01/2018 13:55,21/01/2018 13:55,25/01/2018 13:55,02/02/2018 08:55
ord_006597,cust_002134,delivered,26/07/2018 21:18,27/07/2018 21:18,29/07/2018 21:18,11/08/2018 21:18,12/08/2018 21:18
ord_006598,cust_000654,delivered,01/07/2017 17:08,02/07/2017 03:08,08/07/2017 03:08,21/07/2017 03:08,18/07/2017 17:08
ord_006599,cust_000095,delivered,13/04/2018 21:48,15/04/2018 15:48,16/04/2018 15:48,30/04/2018 15:48,25/04/2018 21:48
ord_006600,cust_000935,delivered,21/06/2017 10:12,21/06/2017 12:12,23/06/2017 12:12,01/07/2017 12:12,09/07/2017 10:12
ord_006601,cust_000740,delivered,22/06/2018 12:05,23/06/2018 13:05,26/06/2018 13:05,30/06/2018 13:05,14/07/2018 12:05
ord_006602,cust_002739,delivered,17/10/2018 13:40,18/10/2018 01:40,21/10/2018 01:40,30/10/2018 01:40,09/11/2018 13:40
ord_006603,cust_000707,delivered,30/01/2017 18:00,31/01/2017 18:00,06/02/2017 18:00,09/02/2017 18:00,19/02/2017 18:00
ord_006604,cust_002733,delivered,01/03/2018 13:49,03/03/2018 12:49,04/03/2018 12:49,15/03/2018 12:49,18/03/2018 13:49
ord_006605,cust_001246,delivered,26/03/2018 21:33,27/03/2018 01:33,28/03/2018 01:33,02/04/2018 01:33,17/04/2018 21:33
ord_006606,cust_002144,delivered,16/08/2018 19:14,16/08/2018 21:14,18/08/2018 21:14,22/08/2018 21:14,08/09/2018 19:14
ord_006607,cust_001729,delivered,11/04/2017 21:28,13/04/2017 12:28,17/04/2017 12:28,29/04/2017 12:28,03/05/2017 21:28
ord_006608,cust_000016,delivered,23/01/2018 18:15,25/01/2018 03:15,28/01/2018 03:15,07/02/2018 03:15,13/02/2018 18:15
ord_006609,cust_002747,delivered,22/09/2018 10:31,23/09/2018 05:31,29/09/2018 05:31,02/10/2018 05:31,13/10/2018 10:31
ord_006610,cust_001426,delivered,21/04/2018 15:34,22/04/2018 01:34,23/04/2018 01:34,06/05/2018 01:34,08/05/2018 15:34
ord_006611,cust_001697,delivered,02/09/2018 20:46,04/09/2018 00:46,07/09/2018 00:46,17/09/2018 00:46,23/09/2018 20:46
ord_006612,cust_000791,delivered,22/12/2017 12:27,23/12/2017 00:27,27/12/2017 00:27,01/01/2018 00:27,06/01/2018 12:27
ord_006613,cust_000544,delivered,25/11/2018 09:47,26/11/2018 16:47,30/11/2018 16:47,07/12/2018 16:47,19/12/2018 09:47
ord_006614,cust_000116,delivered,14/04/2017 10:04,15/04/2017 05:04,19/04/2017 05:04,26/04/2017 05:04,07/05/2017 10:04
ord_006615,cust_001577,delivered,30/04/2017 15:55,02/05/2017 04:55,05/05/2017 04:55,18/05/2017 04:55,19/05/2017 15:55
ord_006616,cust_000938,delivered,19/04/2018 13:11,20/04/2018 20:11,21/04/2018 20:11,30/04/2018 20:11,09/05/2018 13:11
ord_006617,cust_001285,delivered,11/03/2018 10:50,12/03/2018 13:50,13/03/2018 13:50,25/03/2018 13:50,02/04/2018 10:50
ord_006618,cust_002945,delivered,28/06/2018 17:29,28/06/2018 21:29,29/06/2018 21:29,01/07/2018 21:29,16/07/2018 17:29
ord_006619,cust_001937,delivered,16/09/2017 21:06,18/09/2017 02:06,22/09/2017 02:06,30/09/2017 02:06,08/10/2017 21:06
ord_006620,cust_002211,delivered,13/09/2017 17:21,15/09/2017 02:21,21/09/2017 02:21,24/09/2017 02:21,04/10/2017 17:21
ord_006621,cust_001910,delivered,01/09/2018 11:55,02/09/2018 11:55,03/09/2018 11:55,09/09/2018 11:55,15/09/2018 11:55
ord_006622,cust_000524,delivered,08/11/2017 22:50,10/11/2017 02:50,11/11/2017 02:50,20/11/2017 02:50,20/11/2017 22:50
ord_006623,cust_001980,delivered,20/08/2018 10:43,21/08/2018 15:43,26/08/2018 15:43,07/09/2018 15:43,07/09/2018 10:43
ord_006624,cust_002661,delivered,29/06/2018 13:22,30/06/2018 00:22,04/07/2018 00:22,09/07/2018 00:22,09/07/2018 13:22
ord_006625,cust_002991,delivered,21/04/2017 10:35,22/04/2017 07:35,24/04/2017 07:35,29/04/2017 07:35,11/05/2017 10:35
ord_006626,cust_000142,shipped,10/08/2018 20:13,11/08/2018 02:13,12/08/2018 02:13,,30/08/2018 20:13
ord_006627,cust_000082,delivered,12/11/2018 16:38,14/11/2018 05:38,19/11/2018 05:38,28/11/2018 05:38,23/11/2018 16:38
ord_006628,cust_002936,delivered,09/10/2018 17:15,09/10/2018 23:15,13/10/2018 23:15,24/10/2018 23:15,23/10/2018 17:15
ord_006629,cust_002286,delivered,14/01/2017 08:49,15/01/2017 22:49,19/01/2017 22:49,02/02/2017 22:49,31/01/2017 08:49
ord_006630,cust_000048,delivered,26/04/2018 16:42,27/04/2018 22:42,29/04/2018 22:42,01/05/2018 22:42,16/05/2018 16:42
ord_006631,cust_002564,delivered,24/11/2018 15:23,25/11/2018 15:23,01/12/2018 15:23,10/12/2018 15:23,04/12/2018 15:23
ord_006632,cust_002822,delivered,03/06/2018 11:39,04/06/2018 11:39,05/06/2018 11:39,07/06/2018 11:39,21/06/2018 11:39
ord_006633,cust_000735,delivered,07/11/2017 20:19,08/11/2017 03:19,13/11/2017 03:19,27/11/2017 03:19,20/11/2017 20:19
ord_006634,cust_000641,delivered,15/08/2017 08:09,16/08/2017 15:09,21/08/2017 15:09,28/08/2017 15:09,30/08/2017 08:09
ord_006635,cust_002272,delivered,26/07/2018 16:14,27/07/2018 09:14,01/08/2018 09:14,08/08/2018 09:14,12/08/2018 16:14
ord_006636,cust_000907,delivered,14/09/2018 20:16,16/09/2018 09:16,20/09/2018 09:16,24/09/2018 09:16,26/09/2018 20:16
ord_006637,cust_000314,delivered,23/11/2018 15:13,25/11/2018 07:13,27/11/2018 07:13,07/12/2018 07:13,07/12/2018 15:13
ord_006638,cust_002085,delivered,22/11/2018 14:40,24/11/2018 10:40,27/11/2018 10:40,06/12/2018 10:40,08/12/2018 14:40
ord_006639,cust_001627,delivered,03/12/2017 19:44,05/12/2017 15:44,08/12/2017 15:44,22/12/2017 15:44,24/12/2017 19:44
ord_006640,cust_000830,delivered,06/06/2018 15:27,08/06/2018 03:27,14/06/2018 03:27,16/06/2018 03:27,20/06/2018 15:27
ord_006641,cust_000967,delivered,12/05/2017 12:59,13/05/2017 00:59,18/05/2017 00:59,29/05/2017 00:59,31/05/2017 12:59
ord_006642,cust_001408,delivered,04/05/2017 19:53,,08/05/2017 08:53,22/05/2017 08:53,19/05/2017 19:53
ord_006643,cust_000683,canceled,07/04/2017 19:05,09/04/2017 16:05,,,21/04/2017 19:05
ord_006644,cust_000156,canceled,27/11/2018 11:27,29/11/2018 09:27,,,08/12/2018 11:27
ord_006645,cust_001941,delivered,05/07/2017 12:54,06/07/2017 01:54,11/07/2017 01:54,23/07/2017 01:54,15/07/2017 12:54
ord_006646,cust_000877,delivered,19/03/2018 15:13,20/03/2018 22:13,23/03/2018 22:13,25/03/2018 22:13,03/04/2018 15:13
ord_006647,cust_001207,delivered,12/02/2018 16:22,14/02/2018 12:22,15/02/2018 12:22,18/02/2018 12:22,25/02/2018 16:22
ord_006648,cust_000928,delivered,26/11/2017 09:56,28/11/2017 01:56,04/12/2017 01:56,15/12/2017 01:56,17/12/2017 09:56
ord_006649,cust_000498,delivered,25/04/2018 22:46,27/04/2018 18:46,28/04/2018 18:46,03/05/2018 18:46,12/05/2018 22:46
ord_006650,cust_001631,delivered,05/01/2017 12:49,06/01/2017 04:49,10/01/2017 04:49,21/01/2017 04:49,15/01/2017 12:49
ord_006651,cust_001819,canceled,04/01/2018 12:52,05/01/2018 12:52,,,25/01/2018 12:52
ord_006652,cust_001502,delivered,16/03/2018 21:10,18/03/2018 01:10,24/03/2018 01:10,03/04/2018 01:10,31/03/2018 21:10
ord_006653,cust_001520,delivered,02/10/2018 12:41,04/10/2018 09:41,05/10/2018 09:41,18/10/2018 09:41,21/10/2018 12:41
ord_006654,cust_002144,delivered,04/08/2018 11:48,06/08/2018 10:48,11/08/2018 10:48,15/08/2018 10:48,15/08/2018 11:48
ord_006655,cust_000126,delivered,27/10/2018 18:13,28/10/2018 20:13,02/11/2018 20:13,14/11/2018 20:13,06/11/2018 18:13
ord_006656,cust_002321,delivered,01/01/2018 19:02,03/01/2018 11:02,08/01/2018 11:02,20/01/2018 11:02,12/01/2018 19:02
ord_006657,cust_002462,delivered,23/06/2017 13:10,24/06/2017 07:10,28/06/2017 07:10,04/07/2017 07:10,09/07/2017 13:10
ord_006658,cust_000455,delivered,19/01/2018 08:44,20/01/2018 12:44,24/01/2018 12:44,28/01/2018 12:44,11/02/2018 08:44
ord_006659,cust_002960,delivered,12/12/2018 10:41,14/12/2018 00:41,18/12/2018 00:41,28/12/2018 00:41,05/01/2019 10:41
ord_006660,cust_001369,delivered,02/09/2017 09:53,04/09/2017 03:53,09/09/2017 03:53,22/09/2017 03:53,24/09/2017 09:53
ord_006661,cust_001026,delivered,27/07/2017 22:19,28/07/2017 03:19,29/07/2017 03:19,08/08/2017 03:19,19/08/2017 22:19
ord_006662,cust_000890,delivered,03/12/2018 15:37,03/12/2018 18:37,09/12/2018 18:37,12/12/2018 18:37,24/12/2018 15:37
ord_006663,cust_002961,delivered,06/12/2018 16:01,07/12/2018 02:01,12/12/2018 02:01,19/12/2018 02:01,27/12/2018 16:01
ord_006664,cust_001647,delivered,02/07/2017 22:56,03/07/2017 02:56,09/07/2017 02:56,16/07/2017 02:56,18/07/2017 22:56
ord_006665,cust_002987,delivered,13/09/2018 15:33,14/09/2018 01:33,15/09/2018 01:33,24/09/2018 01:33,27/09/2018 15:33
ord_006666,cust_002150,delivered,09/02/2018 10:44,11/02/2018 07:44,13/02/2018 07:44,22/02/2018 07:44,28/02/2018 10:44
ord_006667,cust_001393,delivered,26/03/2018 15:17,27/03/2018 20:17,29/03/2018 20:17,12/04/2018 20:17,05/04/2018 15:17
ord_006668,cust_000086,delivered,30/03/2018 12:04,30/03/2018 16:04,02/04/2018 16:04,14/04/2018 16:04,11/04/2018 12:04
ord_006669,cust_002762,delivered,15/12/2018 19:03,17/12/2018 05:03,22/12/2018 05:03,31/12/2018 05:03,31/12/2018 19:03
ord_006670,cust_000683,delivered,06/08/2017 16:48,08/08/2017 13:48,13/08/2017 13:48,16/08/2017 13:48,25/08/2017 16:48
ord_006671,cust_002346,delivered,15/09/2018 08:09,17/09/2018 00:09,22/09/2018 00:09,26/09/2018 00:09,30/09/2018 08:09
ord_006672,cust_000383,delivered,09/01/2017 19:49,11/01/2017 12:49,14/01/2017 12:49,18/01/2017 12:49,30/01/2017 19:49
ord_006673,cust_002503,delivered,22/06/2018 09:15,24/06/2018 04:15,25/06/2018 04:15,03/07/2018 04:15,12/07/2018 09:15
ord_006674,cust_000081,shipped,06/07/2018 17:32,08/07/2018 05:32,13/07/2018 05:32,,19/07/2018 17:32
ord_006675,cust_000367,delivered,04/09/2018 15:15,06/09/2018 09:15,07/09/2018 09:15,11/09/2018 09:15,15/09/2018 15:15
ord_006676,cust_000891,delivered,26/11/2018 16:03,28/11/2018 06:03,30/11/2018 06:03,03/12/2018 06:03,10/12/2018 16:03
ord_006677,cust_002340,delivered,04/09/2018 21:32,,09/09/2018 05:32,19/09/2018 05:32,27/09/2018 21:32
ord_006678,cust_002991,delivered,23/08/2018 13:22,23/08/2018 22:22,28/08/2018 22:22,02/09/2018 22:22,05/09/2018 13:22
ord_006679,cust_000709,delivered,07/10/2017 13:26,09/10/2017 08:26,13/10/2017 08:26,26/10/2017 08:26,28/10/2017 13:26
ord_006680,cust_001728,delivered,28/12/2018 10:36,28/12/2018 14:36,29/12/2018 14:36,06/01/2019 14:36,17/01/2019 10:36
ord_006681,cust_002242,delivered,09/03/2018 10:18,09/03/2018 23:18,11/03/2018 23:18,21/03/2018 23:18,02/04/2018 10:18
ord_006682,cust_002671,delivered,01/02/2018 21:33,03/02/2018 07:33,09/02/2018 07:33,17/02/2018 07:33,24/02/2018 21:33
ord_006683,cust_000707,delivered,01/04/2018 21:39,03/04/2018 07:39,07/04/2018 07:39,20/04/2018 07:39,23/04/2018 21:39
ord_006684,cust_000334,canceled,14/01/2018 19:05,16/01/2018 13:05,,,28/01/2018 19:05
ord_006685,cust_002351,delivered,31/05/2018 15:21,31/05/2018 18:21,03/06/2018 18:21,14/06/2018 18:21,16/06/2018 15:21
ord_006686,cust_000100,delivered,11/12/2017 08:05,12/12/2017 21:05,17/12/2017 21:05,26/12/2017 21:05,28/12/2017 08:05
ord_006687,cust_002681,delivered,25/09/2017 10:00,25/09/2017 16:00,29/09/2017 16:00,06/10/2017 16:00,14/10/2017 10:00
ord_006688,cust_001206,delivered,27/11/2018 14:03,28/11/2018 19:03,29/11/2018 19:03,10/12/2018 19:03,09/12/2018 14:03
ord_006689,cust_001505,canceled,27/11/2018 20:35,28/11/2018 06:35,,,19/12/2018 20:35
ord_006690,cust_001488,delivered,28/03/2018 22:05,30/03/2018 01:05,01/04/2018 01:05,11/04/2018 01:05,16/04/2018 22:05
ord_006691,cust_001299,delivered,12/12/2018 09:52,12/12/2018 13:52,18/12/2018 13:52,26/12/2018 13:52,25/12/2018 09:52
ord_006692,cust_000037,delivered,30/01/2018 13:45,30/01/2018 14:45,03/02/2018 14:45,06/02/2018 14:45,09/02/2018 13:45
ord_006693,cust_000437,delivered,09/01/2018 10:00,11/01/2018 08:00,13/01/2018 08:00,20/01/2018 08:00,19/01/2018 10:00
ord_006694,cust_001059,delivered,24/11/2018 15:34,25/11/2018 15:34,26/11/2018 15:34,10/12/2018 15:34,09/12/2018 15:34
ord_006695,cust_000707,delivered,25/06/2018 09:00,26/06/2018 07:00,27/06/2018 07:00,30/06/2018 07:00,09/07/2018 09:00
ord_006696,cust_002448,invoiced,09/09/2018 11:06,10/09/2018 05:06,,,21/09/2018 11:06
ord_006697,cust_002976,delivered,28/01/2018 22:59,30/01/2018 17:59,31/01/2018 17:59,11/02/2018 17:59,13/02/2018 22:59
ord_006698,cust_000617,delivered,24/01/2018 08:27,25/01/2018 21:27,29/01/2018 21:27,01/02/2018 21:27,03/02/2018 08:27
ord_006699,cust_002192,delivered,21/04/2017 13:01,22/04/2017 11:01,23/04/2017 11:01,25/04/2017 11:01,10/05/2017 13:01
ord_006700,cust_001518,delivered,14/12/2018 17:51,14/12/2018 22:51,17/12/2018 22:51,28/12/2018 22:51,30/12/2018 17:51
ord_006701,cust_002307,delivered,15/09/2017 17:55,17/09/2017 02:55,19/09/2017 02:55,23/09/2017 02:55,28/09/2017 17:55
ord_006702,cust_002289,delivered,27/03/2018 17:32,28/03/2018 02:32,01/04/2018 02:32,05/04/2018 02:32,12/04/2018 17:32
ord_006703,cust_002442,delivered,26/05/2017 22:42,27/05/2017 13:42,28/05/2017 13:42,04/06/2017 13:42,11/06/2017 22:42
ord_006704,cust_002886,delivered,03/07/2018 19:46,05/07/2018 02:46,08/07/2018 02:46,20/07/2018 02:46,25/07/2018 19:46
ord_006705,cust_001750,canceled,12/01/2018 08:44,14/01/2018 05:44,,,31/01/2018 08:44
ord_006706,cust_002772,delivered,12/09/2018 19:29,13/09/2018 05:29,15/09/2018 05:29,20/09/2018 05:29,25/09/2018 19:29
ord_006707,cust_001323,delivered,19/04/2018 16:49,19/04/2018 17:49,25/04/2018 17:49,30/04/2018 17:49,11/05/2018 16:49
ord_006708,cust_000145,delivered,11/06/2017 10:31,12/06/2017 06:31,14/06/2017 06:31,22/06/2017 06:31,25/06/2017 10:31
ord_006709,cust_001044,delivered,17/01/2017 19:15,19/01/2017 04:15,24/01/2017 04:15,05/02/2017 04:15,30/01/2017 19:15
ord_006710,cust_002078,delivered,01/09/2017 11:00,02/09/2017 18:00,04/09/2017 18:00,06/09/2017 18:00,21/09/2017 11:00
ord_006711,cust_000081,delivered,18/08/2018 12:21,20/08/2018 09:21,23/08/2018 09:21,30/08/2018 09:21,08/09/2018 12:21
ord_006712,cust_002481,delivered,16/10/2018 22:04,17/10/2018 07:04,21/10/2018 07:04,24/10/2018 07:04,26/10/2018 22:04
ord_006713,cust_002429,delivered,05/12/2017 17:03,07/12/2017 06:03,12/12/2017 06:03,16/12/2017 06:03,29/12/2017 17:03
ord_006714,cust_000696,delivered,24/04/2018 19:28,26/04/2018 08:28,30/04/2018 08:28,10/05/2018 08:28,13/05/2018 19:28
ord_006715,cust_002594,delivered,25/09/2017 14:56,27/09/2017 05:56,01/10/2017 05:56,03/10/2017 05:56,11/10/2017 14:56
ord_006716,cust_002326,canceled,13/11/2018 19:06,15/11/2018 14:06,,,04/12/2018 19:06
ord_006717,cust_001028,delivered,14/12/2018 11:16,15/12/2018 01:16,19/12/2018 01:16,22/12/2018 01:16,01/01/2019 11:16
ord_006718,cust_002774,delivered,04/09/2018 17:49,05/09/2018 07:49,06/09/2018 07:49,18/09/2018 07:49,28/09/2018 17:49
ord_006719,cust_001545,delivered,27/04/2017 17:24,28/04/2017 14:24,29/04/2017 14:24,06/05/2017 14:24,07/05/2017 17:24
ord_006720,cust_001339,delivered,15/02/2018 19:45,16/02/2018 11:45,17/02/2018 11:45,26/02/2018 11:45,05/03/2018 19:45
ord_006721,cust_001734,invoiced,27/12/2018 09:32,27/12/2018 15:32,,,16/01/2019 09:32
ord_006722,cust_002956,delivered,16/09/2017 18:36,17/09/2017 09:36,21/09/2017 09:36,27/09/2017 09:36,26/09/2017 18:36
ord_006723,cust_001972,delivered,17/07/2018 11:09,18/07/2018 05:09,21/07/2018 05:09,31/07/2018 05:09,09/08/2018 11:09
ord_006724,cust_001540,delivered,30/11/2018 12:21,02/12/2018 00:21,06/12/2018 00:21,12/12/2018 00:21,15/12/2018 12:21
ord_006725,cust_001949,delivered,15/09/2018 21:37,15/09/2018 21:37,17/09/2018 21:37,19/09/2018 21:37,25/09/2018 21:37
ord_006726,cust_002209,delivered,10/06/2018 20:01,12/06/2018 08:01,17/06/2018 08:01,19/06/2018 08:01,25/06/2018 20:01
ord_006727,cust_000590,processing,04/04/2018 19:11,06/04/2018 08:11,,,26/04/2018 19:11
ord_006728,cust_001592,delivered,27/11/2018 16:23,27/11/2018 22:23,01/12/2018 22:23,05/12/2018 22:23,21/12/2018 16:23
ord_006729,cust_002060,delivered,15/01/2018 20:40,17/01/2018 17:40,19/01/2018 17:40,21/01/2018 17:40,27/01/2018 20:40
ord_006730,cust_000576,delivered,21/11/2018 14:30,23/11/2018 00:30,24/11/2018 00:30,27/11/2018 00:30,06/12/2018 14:30
ord_006731,cust_002257,delivered,10/02/2018 18:43,12/02/2018 03:43,18/02/2018 03:43,03/03/2018 03:43,04/03/2018 18:43
ord_006732,cust_000031,delivered,06/09/2018 16:43,08/09/2018 04:43,12/09/2018 04:43,20/09/2018 04:43,16/09/2018 16:43
ord_006733,cust_000051,delivered,24/11/2018 19:01,26/11/2018 09:01,30/11/2018 09:01,07/12/2018 09:01,12/12/2018 19:01
ord_006734,cust_001174,delivered,03/05/2018 13:54,04/05/2018 08:54,08/05/2018 08:54,21/05/2018 08:54,21/05/2018 13:54
ord_006735,cust_001853,delivered,21/11/2017 12:49,22/11/2017 12:49,28/11/2017 12:49,07/12/2017 12:49,06/12/2017 12:49
ord_006736,cust_000355,delivered,13/03/2017 16:16,14/03/2017 21:16,15/03/2017 21:16,18/03/2017 21:16,27/03/2017 16:16
ord_006737,cust_001250,delivered,05/10/2018 13:29,05/10/2018 22:29,11/10/2018 22:29,22/10/2018 22:29,29/10/2018 13:29
ord_006738,cust_000557,delivered,18/06/2018 09:18,18/06/2018 11:18,21/06/2018 11:18,02/07/2018 11:18,03/07/2018 09:18
ord_006739,cust_002655,delivered,15/10/2017 18:54,17/10/2017 04:54,21/10/2017 04:54,26/10/2017 04:54,03/11/2017 18:54
ord_006740,cust_002200,delivered,11/11/2018 22:22,12/11/2018 09:22,18/11/2018 09:22,28/11/2018 09:22,02/12/2018 22:22
ord_006741,cust_002831,delivered,25/11/2018 19:23,26/11/2018 09:23,01/12/2018 09:23,04/12/2018 09:23,05/12/2018 19:23
ord_006742,cust_001114,delivered,16/11/2018 20:54,17/11/2018 00:54,20/11/2018 00:54,04/12/2018 00:54,08/12/2018 20:54
ord_006743,cust_001751,delivered,05/06/2018 14:36,06/06/2018 12:36,12/06/2018 12:36,21/06/2018 12:36,26/06/2018 14:36
ord_006744,cust_001076,invoiced,19/12/2018 21:08,21/12/2018 00:08,,,31/12/2018 21:08
ord_006745,cust_001198,delivered,10/11/2018 11:37,12/11/2018 06:37,13/11/2018 06:37,26/11/2018 06:37,22/11/2018 11:37
ord_006746,cust_001642,delivered,15/05/2017 10:47,16/05/2017 09:47,18/05/2017 09:47,26/05/2017 09:47,02/06/2017 10:47
ord_006747,cust_002814,delivered,22/12/2018 11:20,23/12/2018 04:20,25/12/2018 04:20,07/01/2019 04:20,14/01/2019 11:20
ord_006748,cust_002614,delivered,02/05/2018 20:31,04/05/2018 10:31,09/05/2018 10:31,12/05/2018 10:31,25/05/2018 20:31
ord_006749,cust_000809,delivered,25/11/2018 19:37,26/11/2018 08:37,29/11/2018 08:37,05/12/2018 08:37,07/12/2018 19:37
ord_006750,cust_000925,delivered,08/09/2018 15:30,08/09/2018 15:30,14/09/2018 15:30,21/09/2018 15:30,27/09/2018 15:30
ord_006751,cust_001477,delivered,04/07/2018 20:59,04/07/2018 21:59,08/07/2018 21:59,13/07/2018 21:59,21/07/2018 20:59
ord_006752,cust_002279,delivered,26/11/2017 08:30,28/11/2017 00:30,02/12/2017 00:30,10/12/2017 00:30,16/12/2017 08:30
ord_006753,cust_001059,delivered,09/02/2017 19:38,11/02/2017 04:38,16/02/2017 04:38,22/02/2017 04:38,26/02/2017 19:38
ord_006754,cust_000199,delivered,27/10/2017 15:47,27/10/2017 23:47,30/10/2017 23:47,12/11/2017 23:47,14/11/2017 15:47
ord_006755,cust_000460,delivered,26/07/2018 15:08,27/07/2018 01:08,30/07/2018 01:08,04/08/2018 01:08,13/08/2018 15:08
ord_006756,cust_001197,delivered,03/11/2018 12:02,05/11/2018 04:02,06/11/2018 04:02,10/11/2018 04:02,13/11/2018 12:02
ord_006757,cust_002682,delivered,04/01/2017 18:58,06/01/2017 00:58,12/01/2017 00:58,26/01/2017 00:58,21/01/2017 18:58
ord_006758,cust_002082,delivered,28/08/2017 13:43,29/08/2017 12:43,31/08/2017 12:43,11/09/2017 12:43,09/09/2017 13:43
ord_006759,cust_000751,delivered,19/07/2018 22:23,20/07/2018 15:23,24/07/2018 15:23,26/07/2018 15:23,04/08/2018 22:23
ord_006760,cust_001777,delivered,02/11/2017 21:01,03/11/2017 15:01,08/11/2017 15:01,21/11/2017 15:01,20/11/2017 21:01
ord_006761,cust_002386,delivered,24/06/2017 18:09,26/06/2017 07:09,29/06/2017 07:09,03/07/2017 07:09,14/07/2017 18:09
ord_006762,cust_000839,delivered,19/04/2017 19:00,20/04/2017 04:00,21/04/2017 04:00,01/05/2017 04:00,11/05/2017 19:00
ord_006763,cust_002259,canceled,28/06/2018 20:23,30/06/2018 14:23,,,10/07/2018 20:23
ord_006764,cust_001932,shipped,01/06/2018 11:33,01/06/2018 22:33,03/06/2018 22:33,,19/06/2018 11:33
ord_006765,cust_002000,delivered,01/11/2018 22:09,02/11/2018 09:09,08/11/2018 09:09,21/11/2018 09:09,22/11/2018 22:09
ord_006766,cust_000399,delivered,22/11/2017 12:38,23/11/2017 06:38,26/11/2017 06:38,28/11/2017 06:38,06/12/2017 12:38
ord_006767,cust_000326,delivered,19/06/2017 09:57,20/06/2017 23:57,23/06/2017 23:57,01/07/2017 23:57,29/06/2017 09:57
ord_006768,cust_001366,delivered,30/09/2018 15:59,30/09/2018 15:59,05/10/2018 15:59,12/10/2018 15:59,23/10/2018 15:59
ord_006769,cust_001201,delivered,25/12/2018 14:49,25/12/2018 21:49,28/12/2018 21:49,01/01/2019 21:49,16/01/2019 14:49
ord_006770,cust_000922,shipped,20/12/2017 12:26,21/12/2017 06:26,26/12/2017 06:26,,09/01/2018 12:26
ord_006771,cust_002780,delivered,05/11/2018 13:32,05/11/2018 19:32,10/11/2018 19:32,17/11/2018 19:32,26/11/2018 13:32
ord_006772,cust_000739,delivered,09/09/2018 11:30,10/09/2018 05:30,16/09/2018 05:30,22/09/2018 05:30,23/09/2018 11:30
ord_006773,cust_001097,processing,23/11/2018 20:09,24/11/2018 16:09,,,14/12/2018 20:09
ord_006774,cust_000145,delivered,06/02/2018 19:51,08/02/2018 00:51,09/02/2018 00:51,20/02/2018 00:51,02/03/2018 19:51
ord_006775,cust_000060,delivered,11/05/2017 08:40,11/05/2017 23:40,13/05/2017 23:40,16/05/2017 23:40,25/05/2017 08:40
ord_006776,cust_000979,delivered,30/05/2017 15:38,31/05/2017 16:38,01/06/2017 16:38,07/06/2017 16:38,16/06/2017 15:38
ord_006777,cust_002176,delivered,10/09/2018 12:13,12/09/2018 11:13,18/09/2018 11:13,02/10/2018 11:13,02/10/2018 12:13
ord_006778,cust_001788,delivered,04/11/2018 12:09,05/11/2018 10:09,07/11/2018 10:09,13/11/2018 10:09,17/11/2018 12:09
ord_006779,cust_002062,delivered,01/03/2018 14:52,03/03/2018 04:52,05/03/2018 04:52,16/03/2018 04:52,21/03/2018 14:52
ord_006780,cust_002253,delivered,23/03/2017 19:10,24/03/2017 08:10,28/03/2017 08:10,05/04/2017 08:10,02/04/2017 19:10
ord_006781,cust_001740,delivered,01/04/2017 16:04,03/04/2017 10:04,05/04/2017 10:04,15/04/2017 10:04,25/04/2017 16:04
ord_006782,cust_001342,delivered,03/06/2018 08:37,04/06/2018 11:37,10/06/2018 11:37,22/06/2018 11:37,14/06/2018 08:37
ord_006783,cust_001088,delivered,25/11/2018 12:42,25/11/2018 18:42,01/12/2018 18:42,09/12/2018 18:42,05/12/2018 12:42
ord_006784,cust_000118,delivered,18/01/2018 10:07,20/01/2018 05:07,23/01/2018 05:07,02/02/2018 05:07,03/02/2018 10:07
ord_006785,cust_000968,canceled,05/07/2018 18:12,07/07/2018 04:12,,,26/07/2018 18:12
ord_006786,cust_001496,processing,28/04/2018 08:47,29/04/2018 00:47,,,11/05/2018 08:47
ord_006787,cust_000688,delivered,18/11/2018 18:55,19/11/2018 23:55,22/11/2018 23:55,04/12/2018 23:55,07/12/2018 18:55
ord_006788,cust_000428,delivered,18/10/2018 16:28,20/10/2018 13:28,23/10/2018 13:28,30/10/2018 13:28,02/11/2018 16:28
ord_006789,cust_001775,shipped,20/08/2017 18:47,20/08/2017 22:47,23/08/2017 22:47,,13/09/2017 18:47
ord_006790,cust_001447,delivered,22/07/2018 17:19,22/07/2018 18:19,25/07/2018 18:19,30/07/2018 18:19,08/08/2018 17:19
ord_006791,cust_002988,delivered,26/10/2018 21:42,28/10/2018 11:42,30/10/2018 11:42,09/11/2018 11:42,11/11/2018 21:42
ord_006792,cust_002459,delivered,27/11/2018 21:33,28/11/2018 10:33,02/12/2018 10:33,12/12/2018 10:33,07/12/2018 21:33
ord_006793,cust_002350,delivered,29/05/2018 14:50,31/05/2018 06:50,01/06/2018 06:50,10/06/2018 06:50,12/06/2018 14:50
ord_006794,cust_001495,delivered,28/07/2017 17:46,30/07/2017 06:46,05/08/2017 06:46,12/08/2017 06:46,07/08/2017 17:46
ord_006795,cust_001964,delivered,08/05/2018 21:17,10/05/2018 16:17,16/05/2018 16:17,21/05/2018 16:17,31/05/2018 21:17
ord_006796,cust_002653,delivered,15/07/2018 10:08,16/07/2018 22:08,18/07/2018 22:08,20/07/2018 22:08,01/08/2018 10:08
ord_006797,cust_001708,delivered,23/10/2017 16:48,25/10/2017 13:48,26/10/2017 13:48,30/10/2017 13:48,06/11/2017 16:48
ord_006798,cust_000761,delivered,18/12/2018 22:01,20/12/2018 03:01,23/12/2018 03:01,06/01/2019 03:01,31/12/2018 22:01
ord_006799,cust_002115,delivered,16/09/2017 08:40,16/09/2017 13:40,17/09/2017 13:40,30/09/2017 13:40,06/10/2017 08:40
ord_006800,cust_000359,delivered,23/11/2018 12:28,23/11/2018 22:28,26/11/2018 22:28,29/11/2018 22:28,12/12/2018 12:28
ord_006801,cust_001505,delivered,06/02/2018 09:04,08/02/2018 03:04,13/02/2018 03:04,27/02/2018 03:04,20/02/2018 09:04
ord_006802,cust_002564,delivered,01/01/2017 15:41,02/01/2017 04:41,04/01/2017 04:41,16/01/2017 04:41,15/01/2017 15:41
ord_006803,cust_002542,delivered,29/04/2018 21:28,01/05/2018 18:28,07/05/2018 18:28,10/05/2018 18:28,23/05/2018 21:28
ord_006804,cust_002322,delivered,22/06/2018 17:51,24/06/2018 10:51,25/06/2018 10:51,02/07/2018 10:51,02/07/2018 17:51
ord_006805,cust_001745,delivered,07/11/2018 14:12,08/11/2018 23:12,13/11/2018 23:12,17/11/2018 23:12,24/11/2018 14:12
ord_006806,cust_001043,delivered,27/04/2018 20:00,28/04/2018 02:00,02/05/2018 02:00,13/05/2018 02:00,21/05/2018 20:00
ord_006807,cust_000742,delivered,03/05/2017 12:07,03/05/2017 20:07,05/05/2017 20:07,15/05/2017 20:07,17/05/2017 12:07
ord_006808,cust_001497,delivered,27/11/2018 17:16,29/11/2018 04:16,02/12/2018 04:16,06/12/2018 04:16,07/12/2018 17:16
ord_006809,cust_001689,delivered,13/05/2018 13:39,14/05/2018 08:39,16/05/2018 08:39,28/05/2018 08:39,04/06/2018 13:39
ord_006810,cust_000959,canceled,23/10/2017 12:21,24/10/2017 07:21,,,15/11/2017 12:21
ord_006811,cust_000736,delivered,21/11/2018 15:07,21/11/2018 19:07,27/11/2018 19:07,05/12/2018 19:07,01/12/2018 15:07
ord_006812,cust_002306,delivered,02/06/2017 22:58,03/06/2017 20:58,07/06/2017 20:58,10/06/2017 20:58,17/06/2017 22:58
ord_006813,cust_001607,delivered,07/05/2017 18:06,07/05/2017 18:06,12/05/2017 18:06,26/05/2017 18:06,18/05/2017 18:06
ord_006814,cust_001452,delivered,23/04/2018 15:21,23/04/2018 21:21,27/04/2018 21:21,01/05/2018 21:21,16/05/2018 15:21
ord_006815,cust_002413,delivered,20/06/2018 10:52,22/06/2018 06:52,27/06/2018 06:52,10/07/2018 06:52,12/07/2018 10:52
ord_006816,cust_002909,delivered,07/04/2018 14:39,09/04/2018 02:39,13/04/2018 02:39,25/04/2018 02:39,29/04/2018 14:39
ord_006817,cust_002182,canceled,27/11/2018 18:19,29/11/2018 16:19,,,11/12/2018 18:19
ord_006818,cust_002341,delivered,15/10/2017 13:58,17/10/2017 08:58,18/10/2017 08:58,21/10/2017 08:58,04/11/2017 13:58
ord_006819,cust_000811,delivered,26/12/2018 20:30,28/12/2018 16:30,02/01/2019 16:30,05/01/2019 16:30,07/01/2019 20:30
ord_006820,cust_002580,processing,29/01/2017 16:00,30/01/2017 11:00,,,10/02/2017 16:00
ord_006821,cust_002187,delivered,31/05/2017 11:00,31/05/2017 23:00,06/06/2017 23:00,09/06/2017 23:00,18/06/2017 11:00
ord_006822,cust_001684,delivered,07/08/2017 20:56,09/08/2017 04:56,14/08/2017 04:56,23/08/2017 04:56,31/08/2017 20:56
ord_006823,cust_000371,delivered,17/04/2017 10:16,18/04/2017 15:16,21/04/2017 15:16,04/05/2017 15:16,30/04/2017 10:16
ord_006824,cust_001563,delivered,16/02/2018 13:48,17/02/2018 09:48,22/02/2018 09:48,27/02/2018 09:48,05/03/2018 13:48
ord_006825,cust_001936,delivered,05/11/2018 14:02,06/11/2018 13:02,08/11/2018 13:02,17/11/2018 13:02,29/11/2018 14:02
ord_006826,cust_000598,delivered,11/10/2018 16:08,12/10/2018 01:08,18/10/2018 01:08,21/10/2018 01:08,27/10/2018 16:08
ord_006827,cust_000944,delivered,30/08/2018 17:51,31/08/2018 16:51,01/09/2018 16:51,15/09/2018 16:51,21/09/2018 17:51
ord_006828,cust_002348,delivered,12/01/2017 09:59,14/01/2017 07:59,20/01/2017 07:59,29/01/2017 07:59,01/02/2017 09:59
ord_006829,cust_001851,delivered,05/11/2018 17:03,06/11/2018 13:03,11/11/2018 13:03,22/11/2018 13:03,28/11/2018 17:03
ord_006830,cust_000713,delivered,16/01/2018 11:10,17/01/2018 11:10,23/01/2018 11:10,28/01/2018 11:10,31/01/2018 11:10
ord_006831,cust_002587,delivered,22/08/2018 21:43,24/08/2018 18:43,26/08/2018 18:43,06/09/2018 18:43,13/09/2018 21:43
ord_006832,cust_002533,delivered,20/08/2018 13:31,22/08/2018 05:31,26/08/2018 05:31,05/09/2018 05:31,11/09/2018 13:31
ord_006833,cust_000401,delivered,30/07/2017 13:24,01/08/2017 02:24,03/08/2017 02:24,06/08/2017 02:24,22/08/2017 13:24
ord_006834,cust_000197,delivered,10/04/2018 17:11,10/04/2018 17:11,15/04/2018 17:11,24/04/2018 17:11,03/05/2018 17:11
ord_006835,cust_002089,delivered,26/11/2018 19:56,28/11/2018 11:56,02/12/2018 11:56,05/12/2018 11:56,11/12/2018 19:56
ord_006836,cust_000220,delivered,15/10/2017 22:10,16/10/2017 01:10,21/10/2017 01:10,31/10/2017 01:10,06/11/2017 22:10
ord_006837,cust_002049,delivered,13/08/2018 14:15,13/08/2018 15:15,18/08/2018 15:15,01/09/2018 15:15,02/09/2018 14:15
ord_006838,cust_001617,delivered,10/12/2018 17:19,11/12/2018 09:19,12/12/2018 09:19,25/12/2018 09:19,21/12/2018 17:19
ord_006839,cust_002270,invoiced,20/12/2017 13:08,21/12/2017 08:08,,,12/01/2018 13:08
ord_006840,cust_000095,delivered,09/01/2018 16:32,09/01/2018 21:32,11/01/2018 21:32,24/01/2018 21:32,29/01/2018 16:32
ord_006841,cust_002907,delivered,26/02/2018 16:20,27/02/2018 20:20,05/03/2018 20:20,19/03/2018 20:20,18/03/2018 16:20
ord_006842,cust_000277,delivered,05/10/2018 19:36,07/10/2018 15:36,11/10/2018 15:36,18/10/2018 15:36,16/10/2018 19:36
ord_006843,cust_001448,delivered,16/02/2018 10:22,17/02/2018 17:22,18/02/2018 17:22,24/02/2018 17:22,12/03/2018 10:22
ord_006844,cust_002437,delivered,21/03/2018 17:06,23/03/2018 15:06,26/03/2018 15:06,30/03/2018 15:06,14/04/2018 17:06
ord_006845,cust_000408,delivered,10/09/2017 13:52,12/09/2017 07:52,16/09/2017 07:52,26/09/2017 07:52,02/10/2017 13:52
ord_006846,cust_002249,delivered,26/12/2018 14:30,28/12/2018 05:30,30/12/2018 05:30,05/01/2019 05:30,10/01/2019 14:30
ord_006847,cust_002087,delivered,19/11/2018 18:19,20/11/2018 02:19,24/11/2018 02:19,03/12/2018 02:19,30/11/2018 18:19
ord_006848,cust_002631,delivered,04/06/2018 20:00,06/06/2018 02:00,11/06/2018 02:00,25/06/2018 02:00,25/06/2018 20:00
ord_006849,cust_001635,delivered,11/12/2018 15:35,11/12/2018 19:35,15/12/2018 19:35,17/12/2018 19:35,28/12/2018 15:35
ord_006850,cust_000927,delivered,27/07/2018 11:46,29/07/2018 00:46,02/08/2018 00:46,07/08/2018 00:46,09/08/2018 11:46
ord_006851,cust_002435,delivered,11/12/2018 09:39,13/12/2018 03:39,17/12/2018 03:39,25/12/2018 03:39,25/12/2018 09:39
ord_006852,cust_000460,delivered,14/07/2017 17:47,14/07/2017 22:47,16/07/2017 22:47,27/07/2017 22:47,03/08/2017 17:47
ord_006853,cust_002378,delivered,12/09/2017 11:09,13/09/2017 11:09,17/09/2017 11:09,01/10/2017 11:09,05/10/2017 11:09
ord_006854,cust_000497,delivered,15/11/2018 16:58,15/11/2018 22:58,16/11/2018 22:58,29/11/2018 22:58,03/12/2018 16:58
ord_006855,cust_002199,delivered,02/02/2018 19:12,03/02/2018 20:12,08/02/2018 20:12,15/02/2018 20:12,26/02/2018 19:12
ord_006856,cust_000124,delivered,28/12/2017 14:16,29/12/2017 11:16,01/01/2018 11:16,10/01/2018 11:16,15/01/2018 14:16
ord_006857,cust_001191,shipped,04/09/2018 19:30,06/09/2018 13:30,11/09/2018 13:30,,22/09/2018 19:30
ord_006858,cust_002649,delivered,23/06/2018 14:00,24/06/2018 03:00,26/06/2018 03:00,29/06/2018 03:00,08/07/2018 14:00
ord_006859,cust_001427,canceled,07/12/2017 17:26,09/12/2017 04:26,,,17/12/2017 17:26
ord_006860,cust_000083,delivered,17/01/2018 08:11,18/01/2018 15:11,22/01/2018 15:11,03/02/2018 15:11,30/01/2018 08:11
ord_006861,cust_002748,delivered,25/01/2018 18:44,27/01/2018 05:44,02/02/2018 05:44,14/02/2018 05:44,09/02/2018 18:44
ord_006862,cust_001796,delivered,08/06/2017 15:45,10/06/2017 13:45,12/06/2017 13:45,18/06/2017 13:45,27/06/2017 15:45
ord_006863,cust_001307,delivered,16/09/2017 19:36,17/09/2017 03:36,21/09/2017 03:36,03/10/2017 03:36,28/09/2017 19:36
ord_006864,cust_002659,delivered,25/04/2018 11:25,25/04/2018 11:25,30/04/2018 11:25,04/05/2018 11:25,12/05/2018 11:25
ord_006865,cust_001759,delivered,20/09/2018 20:18,22/09/2018 01:18,27/09/2018 01:18,04/10/2018 01:18,07/10/2018 20:18
ord_006866,cust_001796,delivered,02/02/2018 17:49,02/02/2018 22:49,04/02/2018 22:49,09/02/2018 22:49,19/02/2018 17:49
ord_006867,cust_002050,delivered,06/01/2018 15:30,07/01/2018 12:30,10/01/2018 12:30,17/01/2018 12:30,30/01/2018 15:30
ord_006868,cust_000523,delivered,05/07/2018 10:29,06/07/2018 11:29,08/07/2018 11:29,22/07/2018 11:29,17/07/2018 10:29
ord_006869,cust_000347,delivered,10/07/2017 08:06,11/07/2017 13:06,15/07/2017 13:06,23/07/2017 13:06,25/07/2017 08:06
ord_006870,cust_001822,delivered,04/01/2018 16:13,04/01/2018 16:13,07/01/2018 16:13,18/01/2018 16:13,19/01/2018 16:13
ord_006871,cust_002308,delivered,28/08/2017 13:21,29/08/2017 16:21,30/08/2017 16:21,13/09/2017 16:21,18/09/2017 13:21
ord_006872,cust_002882,delivered,06/07/2018 15:41,08/07/2018 04:41,10/07/2018 04:41,13/07/2018 04:41,25/07/2018 15:41
ord_006873,cust_000044,delivered,24/05/2017 14:50,24/05/2017 15:50,27/05/2017 15:50,10/06/2017 15:50,15/06/2017 14:50
ord_006874,cust_000231,delivered,22/02/2018 15:59,23/02/2018 09:59,27/02/2018 09:59,02/03/2018 09:59,11/03/2018 15:59
ord_006875,cust_002946,delivered,02/06/2018 22:25,03/06/2018 14:25,09/06/2018 14:25,19/06/2018 14:25,24/06/2018 22:25
ord_006876,cust_000521,delivered,18/10/2018 19:27,19/10/2018 11:27,25/10/2018 11:27,01/11/2018 11:27,28/10/2018 19:27
ord_006877,cust_001705,delivered,18/08/2018 21:45,19/08/2018 18:45,24/08/2018 18:45,29/08/2018 18:45,30/08/2018 21:45
ord_006878,cust_001416,shipped,02/12/2018 13:19,02/12/2018 19:19,08/12/2018 19:19,,21/12/2018 13:19
ord_006879,cust_000504,delivered,23/07/2018 21:32,24/07/2018 21:32,25/07/2018 21:32,07/08/2018 21:32,05/08/2018 21:32
ord_006880,cust_002306,delivered,11/12/2017 18:40,11/12/2017 21:40,17/12/2017 21:40,19/12/2017 21:40,25/12/2017 18:40
ord_006881,cust_002352,delivered,18/09/2017 10:14,18/09/2017 14:14,22/09/2017 14:14,26/09/2017 14:14,01/10/2017 10:14
ord_006882,cust_000844,delivered,20/03/2017 21:16,21/03/2017 22:16,24/03/2017 22:16,01/04/2017 22:16,01/04/2017 21:16
ord_006883,cust_002533,delivered,27/10/2017 21:21,29/10/2017 16:21,01/11/2017 16:21,04/11/2017 16:21,10/11/2017 21:21
ord_006884,cust_001815,canceled,19/06/2017 20:34,21/06/2017 05:34,,,12/07/2017 20:34
ord_006885,cust_000614,delivered,26/12/2017 09:16,27/12/2017 01:16,01/01/2018 01:16,08/01/2018 01:16,05/01/2018 09:16
ord_006886,cust_000801,delivered,06/08/2018 22:12,07/08/2018 14:12,10/08/2018 14:12,17/08/2018 14:12,30/08/2018 22:12
ord_006887,cust_000123,delivered,30/07/2018 11:08,31/07/2018 10:08,01/08/2018 10:08,11/08/2018 10:08,17/08/2018 11:08
ord_006888,cust_001692,delivered,23/11/2017 17:48,23/11/2017 18:48,29/11/2017 18:48,07/12/2017 18:48,14/12/2017 17:48
ord_006889,cust_001573,delivered,05/04/2018 22:53,07/04/2018 05:53,11/04/2018 05:53,13/04/2018 05:53,26/04/2018 22:53
ord_006890,cust_000540,invoiced,05/09/2017 21:54,06/09/2017 03:54,,,15/09/2017 21:54
ord_006891,cust_001921,delivered,02/04/2018 16:49,04/04/2018 02:49,09/04/2018 02:49,15/04/2018 02:49,15/04/2018 16:49
ord_006892,cust_000911,shipped,06/04/2018 17:08,07/04/2018 10:08,10/04/2018 10:08,,29/04/2018 17:08
ord_006893,cust_000504,delivered,16/11/2017 08:05,17/11/2017 02:05,21/11/2017 02:05,03/12/2017 02:05,05/12/2017 08:05
ord_006894,cust_000553,delivered,12/10/2017 13:29,13/10/2017 10:29,14/10/2017 10:29,21/10/2017 10:29,27/10/2017 13:29
ord_006895,cust_001684,delivered,21/12/2018 17:31,21/12/2018 23:31,23/12/2018 23:31,02/01/2019 23:31,08/01/2019 17:31
ord_006896,cust_002777,delivered,25/04/2018 13:43,26/04/2018 00:43,29/04/2018 00:43,09/05/2018 00:43,11/05/2018 13:43
ord_006897,cust_001579,delivered,11/05/2018 20:13,12/05/2018 05:13,17/05/2018 05:13,20/05/2018 05:13,22/05/2018 20:13
ord_006898,cust_001862,delivered,12/01/2017 11:55,14/01/2017 03:55,19/01/2017 03:55,31/01/2017 03:55,05/02/2017 11:55
ord_006899,cust_002590,delivered,03/08/2017 22:18,04/08/2017 05:18,09/08/2017 05:18,13/08/2017 05:18,16/08/2017 22:18
ord_006900,cust_001953,delivered,17/12/2017 15:34,17/12/2017 21:34,20/12/2017 21:34,31/12/2017 21:34,08/01/2018 15:34
ord_006901,cust_002447,delivered,14/12/2018 17:51,15/12/2018 04:51,18/12/2018 04:51,29/12/2018 04:51,27/12/2018 17:51
ord_006902,cust_001611,delivered,28/07/2017 09:31,29/07/2017 05:31,02/08/2017 05:31,05/08/2017 05:31,16/08/2017 09:31
ord_006903,cust_000395,delivered,18/11/2017 11:45,19/11/2017 15:45,21/11/2017 15:45,24/11/2017 15:45,05/12/2017 11:45
ord_006904,cust_001978,delivered,26/12/2018 16:44,27/12/2018 12:44,31/12/2018 12:44,13/01/2019 12:44,18/01/2019 16:44
ord_006905,cust_002121,delivered,18/03/2018 21:47,19/03/2018 22:47,23/03/2018 22:47,25/03/2018 22:47,06/04/2018 21:47
ord_006906,cust_001342,delivered,24/11/2017 20:48,25/11/2017 20:48,01/12/2017 20:48,05/12/2017 20:48,12/12/2017 20:48
ord_006907,cust_001508,delivered,25/06/2018 17:23,26/06/2018 01:23,29/06/2018 01:23,13/07/2018 01:23,09/07/2018 17:23
ord_006908,cust_000278,delivered,28/03/2018 13:21,28/03/2018 13:21,29/03/2018 13:21,01/04/2018 13:21,19/04/2018 13:21
ord_006909,cust_001398,delivered,10/12/2018 17:48,12/12/2018 01:48,15/12/2018 01:48,24/12/2018 01:48,21/12/2018 17:48
ord_006910,cust_002766,delivered,21/04/2017 13:34,23/04/2017 10:34,28/04/2017 10:34,04/05/2017 10:34,08/05/2017 13:34
ord_006911,cust_000487,delivered,25/09/2018 14:36,25/09/2018 17:36,28/09/2018 17:36,05/10/2018 17:36,09/10/2018 14:36
ord_006912,cust_001921,delivered,29/10/2017 20:24,31/10/2017 16:24,03/11/2017 16:24,06/11/2017 16:24,14/11/2017 20:24
ord_006913,cust_002242,delivered,04/10/2018 13:12,06/10/2018 08:12,09/10/2018 08:12,18/10/2018 08:12,14/10/2018 13:12
ord_006914,cust_002143,delivered,26/10/2018 15:27,28/10/2018 04:27,30/10/2018 04:27,05/11/2018 04:27,15/11/2018 15:27
ord_006915,cust_002605,delivered,27/10/2018 10:58,28/10/2018 13:58,02/11/2018 13:58,12/11/2018 13:58,17/11/2018 10:58
ord_006916,cust_000599,delivered,05/11/2018 20:17,06/11/2018 12:17,11/11/2018 12:17,23/11/2018 12:17,25/11/2018 20:17
ord_006917,cust_000616,delivered,15/08/2018 22:16,17/08/2018 02:16,23/08/2018 02:16,31/08/2018 02:16,04/09/2018 22:16
ord_006918,cust_001005,delivered,25/06/2017 14:07,25/06/2017 14:07,26/06/2017 14:07,28/06/2017 14:07,05/07/2017 14:07
ord_006919,cust_000088,delivered,14/03/2017 17:28,15/03/2017 06:28,20/03/2017 06:28,30/03/2017 06:28,03/04/2017 17:28
ord_006920,cust_000017,delivered,04/12/2017 12:17,05/12/2017 06:17,06/12/2017 06:17,14/12/2017 06:17,18/12/2017 12:17
ord_006921,cust_001827,delivered,27/03/2018 22:41,28/03/2018 22:41,29/03/2018 22:41,09/04/2018 22:41,15/04/2018 22:41
ord_006922,cust_000895,delivered,17/11/2017 10:08,17/11/2017 23:08,23/11/2017 23:08,05/12/2017 23:08,06/12/2017 10:08
ord_006923,cust_002943,delivered,28/08/2018 09:14,29/08/2018 05:14,01/09/2018 05:14,05/09/2018 05:14,11/09/2018 09:14
ord_006924,cust_002565,delivered,17/08/2018 19:03,19/08/2018 05:03,21/08/2018 05:03,24/08/2018 05:03,29/08/2018 19:03
ord_006925,cust_002036,canceled,17/12/2018 11:02,19/12/2018 08:02,,,28/12/2018 11:02
ord_006926,cust_002460,delivered,19/01/2018 17:48,21/01/2018 08:48,22/01/2018 08:48,04/02/2018 08:48,04/02/2018 17:48
ord_006927,cust_000758,delivered,22/09/2018 15:54,22/09/2018 18:54,26/09/2018 18:54,01/10/2018 18:54,10/10/2018 15:54
ord_006928,cust_002101,delivered,28/08/2018 18:45,29/08/2018 22:45,02/09/2018 22:45,09/09/2018 22:45,07/09/2018 18:45
ord_006929,cust_002618,delivered,26/12/2018 12:51,27/12/2018 10:51,31/12/2018 10:51,12/01/2019 10:51,15/01/2019 12:51
ord_006930,cust_000474,delivered,15/09/2018 17:05,16/09/2018 18:05,17/09/2018 18:05,29/09/2018 18:05,28/09/2018 17:05
ord_006931,cust_001614,delivered,02/11/2017 09:53,03/11/2017 22:53,09/11/2017 22:53,21/11/2017 22:53,24/11/2017 09:53
ord_006932,cust_002970,delivered,23/01/2017 12:27,24/01/2017 03:27,25/01/2017 03:27,08/02/2017 03:27,12/02/2017 12:27
ord_006933,cust_001529,delivered,15/12/2018 19:46,16/12/2018 21:46,19/12/2018 21:46,31/12/2018 21:46,04/01/2019 19:46
ord_006934,cust_002449,delivered,13/08/2018 08:36,15/08/2018 02:36,19/08/2018 02:36,23/08/2018 02:36,26/08/2018 08:36
ord_006935,cust_000171,delivered,07/10/2018 21:20,09/10/2018 00:20,10/10/2018 00:20,17/10/2018 00:20,26/10/2018 21:20
ord_006936,cust_001037,delivered,26/09/2018 16:15,27/09/2018 18:15,01/10/2018 18:15,13/10/2018 18:15,16/10/2018 16:15
ord_006937,cust_000182,delivered,25/08/2018 18:07,27/08/2018 13:07,31/08/2018 13:07,09/09/2018 13:07,16/09/2018 18:07
ord_006938,cust_002149,delivered,03/09/2018 15:24,03/09/2018 16:24,07/09/2018 16:24,10/09/2018 16:24,21/09/2018 15:24
ord_006939,cust_001737,delivered,27/11/2018 17:29,28/11/2018 11:29,01/12/2018 11:29,12/12/2018 11:29,18/12/2018 17:29
ord_006940,cust_000589,delivered,24/11/2018 22:58,25/11/2018 21:58,01/12/2018 21:58,05/12/2018 21:58,10/12/2018 22:58
ord_006941,cust_002420,delivered,03/01/2018 12:02,03/01/2018 12:02,05/01/2018 12:02,11/01/2018 12:02,27/01/2018 12:02
ord_006942,cust_001624,delivered,14/02/2017 15:35,15/02/2017 13:35,20/02/2017 13:35,06/03/2017 13:35,06/03/2017 15:35
ord_006943,cust_002259,invoiced,24/02/2017 19:31,26/02/2017 15:31,,,06/03/2017 19:31
ord_006944,cust_002139,delivered,22/02/2018 16:01,24/02/2018 05:01,27/02/2018 05:01,01/03/2018 05:01,15/03/2018 16:01
ord_006945,cust_002822,delivered,19/10/2018 19:19,19/10/2018 20:19,21/10/2018 20:19,27/10/2018 20:19,31/10/2018 19:19
ord_006946,cust_000688,canceled,26/10/2018 13:25,28/10/2018 07:25,,,05/11/2018 13:25
ord_006947,cust_001508,delivered,22/01/2018 09:29,23/01/2018 23:29,25/01/2018 23:29,02/02/2018 23:29,09/02/2018 09:29
ord_006948,cust_000486,delivered,16/11/2017 13:14,18/11/2017 07:14,21/11/2017 07:14,03/12/2017 07:14,03/12/2017 13:14
ord_006949,cust_001862,delivered,04/04/2018 11:02,04/04/2018 17:02,07/04/2018 17:02,19/04/2018 17:02,20/04/2018 11:02
ord_006950,cust_001090,delivered,18/10/2018 21:17,20/10/2018 16:17,21/10/2018 16:17,24/10/2018 16:17,03/11/2018 21:17
ord_006951,cust_001881,delivered,27/06/2018 21:50,27/06/2018 21:50,02/07/2018 21:50,13/07/2018 21:50,12/07/2018 21:50
ord_006952,cust_000223,delivered,22/06/2017 14:48,22/06/2017 15:48,24/06/2017 15:48,26/06/2017 15:48,15/07/2017 14:48
ord_006953,cust_001140,delivered,21/12/2017 11:10,22/12/2017 04:10,28/12/2017 04:10,05/01/2018 04:10,11/01/2018 11:10
ord_006954,cust_001386,delivered,07/05/2018 21:38,09/05/2018 12:38,13/05/2018 12:38,22/05/2018 12:38,28/05/2018 21:38
ord_006955,cust_000008,delivered,25/04/2018 18:55,27/04/2018 11:55,29/04/2018 11:55,06/05/2018 11:55,13/05/2018 18:55
ord_006956,cust_000400,delivered,17/10/2018 08:10,18/10/2018 14:10,22/10/2018 14:10,04/11/2018 14:10,07/11/2018 08:10
ord_006957,cust_002516,delivered,28/11/2018 22:07,28/11/2018 23:07,01/12/2018 23:07,11/12/2018 23:07,15/12/2018 22:07
ord_006958,cust_001465,delivered,11/05/2017 14:01,13/05/2017 07:01,16/05/2017 07:01,30/05/2017 07:01,03/06/2017 14:01
ord_006959,cust_000201,delivered,12/09/2017 12:10,13/09/2017 00:10,19/09/2017 00:10,26/09/2017 00:10,22/09/2017 12:10
ord_006960,cust_000420,delivered,13/01/2018 11:48,14/01/2018 22:48,18/01/2018 22:48,25/01/2018 22:48,03/02/2018 11:48
ord_006961,cust_002877,delivered,12/11/2017 12:48,13/11/2017 01:48,19/11/2017 01:48,28/11/2017 01:48,28/11/2017 12:48
ord_006962,cust_000512,delivered,25/01/2018 21:32,27/01/2018 00:32,02/02/2018 00:32,07/02/2018 00:32,08/02/2018 21:32
ord_006963,cust_002531,delivered,27/02/2017 16:20,27/02/2017 20:20,05/03/2017 20:20,17/03/2017 20:20,18/03/2017 16:20
ord_006964,cust_000738,delivered,31/03/2017 18:48,02/04/2017 17:48,05/04/2017 17:48,10/04/2017 17:48,23/04/2017 18:48
ord_006965,cust_000311,delivered,21/10/2018 20:11,22/10/2018 00:11,25/10/2018 00:11,28/10/2018 00:11,04/11/2018 20:11
ord_006966,cust_002515,delivered,13/05/2017 18:08,15/05/2017 15:08,21/05/2017 15:08,29/05/2017 15:08,30/05/2017 18:08
ord_006967,cust_000366,delivered,13/10/2018 15:05,15/10/2018 10:05,21/10/2018 10:05,01/11/2018 10:05,26/10/2018 15:05
ord_006968,cust_002448,delivered,20/11/2017 16:51,20/11/2017 23:51,23/11/2017 23:51,01/12/2017 23:51,12/12/2017 16:51
ord_006969,cust_002211,delivered,21/11/2017 20:42,23/11/2017 05:42,28/11/2017 05:42,30/11/2017 05:42,09/12/2017 20:42
ord_006970,cust_002969,delivered,11/05/2017 16:37,12/05/2017 08:37,16/05/2017 08:37,18/05/2017 08:37,25/05/2017 16:37
ord_006971,cust_001630,delivered,20/01/2017 09:43,20/01/2017 23:43,21/01/2017 23:43,01/02/2017 23:43,12/02/2017 09:43
ord_006972,cust_002785,delivered,16/12/2017 18:08,17/12/2017 09:08,18/12/2017 09:08,01/01/2018 09:08,29/12/2017 18:08
ord_006973,cust_001946,delivered,19/10/2018 17:23,20/10/2018 04:23,21/10/2018 04:23,25/10/2018 04:23,30/10/2018 17:23
ord_006974,cust_000055,delivered,25/11/2018 15:48,27/11/2018 13:48,29/11/2018 13:48,13/12/2018 13:48,08/12/2018 15:48
ord_006975,cust_000869,delivered,26/03/2017 12:55,26/03/2017 14:55,01/04/2017 14:55,09/04/2017 14:55,09/04/2017 12:55
ord_006976,cust_000042,delivered,14/02/2017 14:30,15/02/2017 07:30,17/02/2017 07:30,20/02/2017 07:30,27/02/2017 14:30
ord_006977,cust_002651,canceled,11/07/2017 08:07,12/07/2017 01:07,,,21/07/2017 08:07
ord_006978,cust_001219,delivered,11/09/2018 12:58,12/09/2018 08:58,15/09/2018 08:58,29/09/2018 08:58,05/10/2018 12:58
ord_006979,cust_001628,delivered,25/08/2017 11:23,26/08/2017 01:23,29/08/2017 01:23,04/09/2017 01:23,08/09/2017 11:23
ord_006980,cust_002412,delivered,17/09/2017 20:19,19/09/2017 03:19,21/09/2017 03:19,03/10/2017 03:19,11/10/2017 20:19
ord_006981,cust_001696,delivered,17/11/2018 20:07,19/11/2018 16:07,23/11/2018 16:07,03/12/2018 16:07,07/12/2018 20:07
ord_006982,cust_002766,delivered,10/11/2018 09:00,11/11/2018 17:00,15/11/2018 17:00,27/11/2018 17:00,02/12/2018 09:00
ord_006983,cust_002971,delivered,17/07/2018 09:36,17/07/2018 19:36,19/07/2018 19:36,26/07/2018 19:36,31/07/2018 09:36
ord_006984,cust_000605,delivered,17/07/2017 09:36,19/07/2017 08:36,24/07/2017 08:36,27/07/2017 08:36,05/08/2017 09:36
ord_006985,cust_002314,delivered,04/01/2018 16:14,05/01/2018 11:14,10/01/2018 11:14,18/01/2018 11:14,19/01/2018 16:14
ord_006986,cust_000567,delivered,22/09/2017 08:09,22/09/2017 22:09,27/09/2017 22:09,11/10/2017 22:09,07/10/2017 08:09
ord_006987,cust_002066,delivered,18/07/2018 10:31,19/07/2018 18:31,22/07/2018 18:31,05/08/2018 18:31,11/08/2018 10:31
ord_006988,cust_001613,delivered,19/09/2018 21:26,21/09/2018 19:26,25/09/2018 19:26,02/10/2018 19:26,11/10/2018 21:26
ord_006989,cust_002599,delivered,24/06/2017 17:18,25/06/2017 08:18,28/06/2017 08:18,01/07/2017 08:18,09/07/2017 17:18
ord_006990,cust_000537,canceled,20/11/2018 09:13,20/11/2018 18:13,,,30/11/2018 09:13
ord_006991,cust_002972,delivered,05/03/2018 15:51,07/03/2018 04:51,10/03/2018 04:51,16/03/2018 04:51,23/03/2018 15:51
ord_006992,cust_001522,delivered,27/09/2018 11:59,28/09/2018 09:59,30/09/2018 09:59,14/10/2018 09:59,21/10/2018 11:59
ord_006993,cust_002437,delivered,13/03/2017 17:21,15/03/2017 03:21,18/03/2017 03:21,26/03/2017 03:21,06/04/2017 17:21
ord_006994,cust_002437,delivered,20/12/2017 17:41,21/12/2017 14:41,27/12/2017 14:41,04/01/2018 14:41,06/01/2018 17:41
ord_006995,cust_002419,delivered,23/01/2017 18:51,23/01/2017 19:51,29/01/2017 19:51,10/02/2017 19:51,09/02/2017 18:51
ord_006996,cust_000729,delivered,15/08/2018 17:01,16/08/2018 10:01,19/08/2018 10:01,23/08/2018 10:01,06/09/2018 17:01
ord_006997,cust_000574,delivered,16/04/2017 13:54,18/04/2017 06:54,24/04/2017 06:54,29/04/2017 06:54,28/04/2017 13:54
ord_006998,cust_000275,delivered,02/12/2017 11:29,04/12/2017 07:29,06/12/2017 07:29,17/12/2017 07:29,16/12/2017 11:29
ord_006999,cust_002620,delivered,20/09/2018 15:33,21/09/2018 08:33,23/09/2018 08:33,30/09/2018 08:33,02/10/2018 15:33